sector,industry,longName,quoteType,currency,financialCurrency,marketCap,enterpriseValue,sharesOutstanding,floatShares,trailingPE,forwardPE,priceToBook,priceToSalesTrailing12Months,enterpriseToEbitda,enterpriseToRevenue,bookValue,trailingEps,forwardEps,returnOnEquity,returnOnAssets,profitMargins,grossMargins,operatingMargins,ebitdaMargins,revenueGrowth,earningsGrowth,earningsQuarterlyGrowth,debtToEquity,currentRatio,quickRatio,totalCash,totalDebt,freeCashflow,operatingCashflow,totalRevenue,ebitda,dividendYield,payoutRatio,beta,heldPercentInsiders,heldPercentInstitutions,numberOfAnalystOpinions,targetMeanPrice,recommendationKey,ticker,fetched_at,schema_version,status
Financial Services,Asset Management,360 One Wam Limited,EQUITY,INR,INR,444652879872.0,589635321856.0,407564504.0,278637196.0,36.23381,26.636711,4.498357,9.321198,19.533,12.36,242.533,30.33,40.95851,,,0.26455998,0.72869,0.6107,0.6328,0.299,0.128,0.161,161.977,,,14815899648.0,159313100800.0,,,47703400448.0,30186725376.0,1.66,0.3989,0.47,0.15212,0.65601,10.0,1310.1,none,360ONE.NS,2026-09-11,1,ok
Industrials,Conglomerates,3M India Limited,EQUITY,INR,INR,368480452608.0,363070390272.0,11265070.0,2649544.0,63.900444,42.08698,20.83989,6.9302325,36.453,6.828,1569.586,511.89,777.2,,,0.10865,0.40658,0.15554,0.18732001,0.19,0.312,0.312,9.6,,,8121399808.0,1697500032.0,,,53169999872.0,9959950336.0,0.49,0.312,0.265,0.7648,0.0953,1.0,37500.0,buy,3MINDIA.NS,2026-09-11,1,ok
Financial Services,Mortgage Finance,Aadhar Housing Finance Limited,EQUITY,INR,INR,200172830720.0,386416115712.0,438206717.0,109853976.0,17.726038,12.35087,2.6393332,8.4476795,,16.308,173.074,25.77,36.98525,,,0.48151,0.98473,0.61723,0.0,0.196,0.184,0.19,255.574,,,7909499904.0,192725499904.0,,,23695599616.0,,,0.0,0.381,0.74632,0.11066,13.0,610.38464,none,AADHARHFC.NS,2026-09-11,1,ok
Basic Materials,Specialty Chemicals,Aarti Industries Limited,EQUITY,INR,INR,178715443200.0,226538962944.0,362726695.0,205739813.0,33.700413,24.538967,2.9907553,1.9861685,17.485,2.518,164.741,14.87,20.07827,,,0.05901,0.35997,0.08881,0.14399,0.425,2.58,2.605,83.392,,,6089999872.0,49659998208.0,,,89980002304.0,12955950080.0,0.2,0.0684,0.636,0.42150003,0.25090998,24.0,535.375,buy,AARTIIND.NS,2026-09-11,1,ok
Financial Services,Mortgage Finance,Aavas Financiers Limited,EQUITY,INR,INR,101108195328.0,240398598144.0,79294327.0,39196608.0,14.794059,11.095676,1.9992411,6.2620845,,14.889,637.792,86.19,114.91863,,,0.42543998,0.99343,0.54527,0.0,0.169,0.233,0.23,310.553,,,18432993280.0,156855713792.0,,,16146093056.0,,,0.0,0.525,0.50767,0.30604,20.0,1705.45,none,AAVAS.NS,2026-09-11,1,ok
Industrials,Specialty Industrial Machinery,ABB India Limited,EQUITY,INR,INR,1541421531136.0,1481803694080.0,211908375.0,51771377.0,98.270744,69.35508,16.511143,11.013993,76.813,10.588,440.551,74.02,104.88056,0.19131,0.07907,0.21349001,0.37280998,0.11459,0.13784,0.121,0.03,0.03,1.547,2.193,1.691,73355198464.0,1445200000.0,10823799808.0,14709600256.0,139951194112.0,19291000832.0,0.53,0.5273,0.483,0.76342005,0.13886,28.0,7041.6787,hold,ABB.NS,2026-09-11,1,ok
Healthcare,Drug Manufacturers - Specialty & Generic,Abbott India Limited,EQUITY,INR,INR,542919655424.0,516153966592.0,21249302.0,5193117.0,33.65074,28.195896,11.371977,7.751145,26.816,7.369,2246.751,759.27,906.1602,,,0.23052,0.47241002,0.27719998,0.27479,0.043,0.171,0.171,3.602,,,22323300352.0,1719900032.0,,,70043803648.0,19247675392.0,2.08,0.62509996,0.043,0.75539,0.07697,8.0,33030.125,buy,ABBOTINDIA.NS,2026-09-11,1,ok
Financial Services,Financial Conglomerates,Aditya Birla Capital Limited,EQUITY,INR,INR,1081331548160.0,2723509698560.0,2737548382.0,868739969.0,25.516796,15.570147,3.005951,3.14995,,7.934,131.406,15.48,25.36906,,,0.119449995,0.28106,0.17869,0.0,0.314,0.391,0.407,495.936,,,171203493888.0,1823427919872.0,,,343285301248.0,,,0.0,0.681,0.68723,0.15899,14.0,462.2143,none,ABCAPITAL.NS,2026-09-11,1,ok
Consumer Defensive,Beverages - Wineries & Distilleries,Allied Blenders and Distillers Limited,EQUITY,INR,INR,176916660224.0,181418164224.0,279710151.0,53388277.0,79.962074,40.71889,10.640624,4.446418,33.504,4.56,59.442,7.91,15.53333,,,0.05554,0.45597,0.09467,0.13609,0.061,-0.129,-0.13,68.251,,,1346532992.0,11505278976.0,,,39788580864.0,5414838784.0,0.89,0.6834,0.805,0.80926,0.042919997,12.0,728.1667,strong_buy,ABDL.NS,2026-09-11,1,ok
Consumer Cyclical,Apparel Manufacturing,Aditya Birla Fashion and Retail Limited,EQUITY,INR,INR,61374242816.0,116742455296.0,1216777241.0,550769881.0,,-8.836116,1.0512713,0.7331752,-36.894,1.395,47.98,-6.41,-5.70839,,,-0.09308,0.54804003,-0.114930004,-0.0378,0.106,,,98.822,,,11319300096.0,61891100672.0,,,83710197760.0,-3164250112.0,,0.0,0.006,0.58687,0.10151,15.0,66.33333,none,ABFRL.NS,2026-09-11,1,ok
Consumer Cyclical,Apparel Retail,Aditya Birla Lifestyle Brands Limited,EQUITY,INR,INR,101555904512.0,131626319872.0,1214638186.0,692585010.0,57.662067,26.970968,7.226448,1.1807494,15.849,1.53,11.57,1.45,3.1,,,0.02046,0.57197,0.050819997,0.09656,0.111,0.2,0.206,213.719,,,1078499968.0,30180999168.0,,,86009700352.0,8304824832.0,0.59,0.0,,0.57171,0.23127002,10.0,138.7,none,ABLBL.NS,2026-09-11,1,ok
Real Estate,Real Estate Services,Aditya Birla Real Estate Limited,EQUITY,INR,INR,141716553728.0,180771045376.0,110577844.0,58695698.0,,21.928476,3.83052,30.970201,-49.368,39.505,334.576,-31.83,58.44455,,,-0.25416002,0.58744997,-0.38474998,-0.80021006,0.297,,,152.371,,,23729299456.0,56364900352.0,,,4575900160.0,-3661675008.0,0.19,0.4016,0.417,0.55161,0.21225001,12.0,1872.5834,none,ABREL.NS,2026-09-11,1,ok
Financial Services,Asset Management,Aditya Birla Sun Life AMC Limited,EQUITY,INR,INR,321159004160.0,276882849792.0,289358498.0,152824687.0,31.967165,25.454329,7.93103,15.172053,20.893,13.08,139.944,34.77,43.60359,,,0.47594002,0.76512,0.65116,0.62608004,0.106,0.113,0.117,1.577,,,38120001536.0,637299968.0,,,21167800320.0,13252649984.0,2.39,0.6904,0.364,0.44804,0.44553003,13.0,1149.5385,none,ABSLAMC.NS,2026-09-11,1,ok
Basic Materials,Building Materials,ACC Limited,EQUITY,INR,INR,234076831744.0,234491166720.0,187787263.0,71115036.0,12.2989645,12.692744,1.1390302,0.92734176,9.685,0.929,1094.352,101.35,98.20571,,,0.07563,0.40609002,0.03375,0.09591,-0.038,-0.606,-0.608,2.085,,,5376000000.0,4286099968.0,,,252416999424.0,24210575360.0,0.6,0.074,0.349,0.57512003,0.22963,24.0,1518.4584,hold,ACC.NS,2026-09-11,1,ok
Industrials,Farm & Heavy Construction Machinery,Action Construction Equipment Limited,EQUITY,INR,INR,134382485504.0,127143534592.0,119027888.0,37460829.0,30.729448,23.970276,6.6809473,3.936172,23.998,3.724,168.988,36.74,47.1,,,0.12796,0.32229,0.13842,0.15519,0.205,0.223,0.223,0.393,,,6374600192.0,79000000.0,,,34140399616.0,5298179584.0,0.18,0.0545,0.387,0.66807,0.07108,2.0,1339.5,none,ACE.NS,2026-09-11,1,ok
Utilities,Utilities - Renewable,ACME Solar Holdings Limited,EQUITY,INR,INR,284141060096.0,389349605376.0,706291446.0,180265317.0,42.037617,16.160494,4.814447,9.957298,15.313,13.644,83.561,9.57,24.89404,,,0.21146,0.98635,0.67576,0.89101,0.468,0.715,0.799,393.194,,,61580910592.0,198962937856.0,,,28535959552.0,25425899520.0,0.05,0.020599999,,0.71656,0.19952999,11.0,423.18182,strong_buy,ACMESOLAR.NS,2026-09-11,1,ok
Basic Materials,Specialty Chemicals,Acutaas Chemicals Limited,EQUITY,INR,INR,277027291136.0,281260883968.0,81871122.0,49433319.0,72.08564,46.20252,16.757212,18.95105,51.759,19.241,201.925,46.94,73.23627,,,0.26421,0.58419997,0.31319,0.37173,0.591,0.671,0.677,2.081,,,2248343040.0,355959008.0,,,14618044416.0,5434001408.0,0.07,0.0319,0.024,0.38311002,0.29279,10.0,2973.4,none,ACUTAAS.NS,2026-09-11,1,ok
Utilities,Utilities - Independent Power Producers,Adani Energy Solutions Limited,EQUITY,INR,INR,1679116468224.0,2150144147456.0,1222954468.0,322616466.0,57.68908,37.97552,6.486512,5.508943,22.299,7.054,211.67,23.8,36.15487,,,0.095769994,0.43660998,0.24952,0.31635,0.424,1.241,1.242,194.5,,,48825597952.0,515923509248.0,,,304798302208.0,96423428096.0,,0.0,0.652,0.7467,0.18601,9.0,1747.6666,none,ADANIENSOL.NS,2026-09-11,1,ok
Energy,Thermal Coal,Adani Enterprises Limited,EQUITY,INR,INR,4354298609664.0,5028499161088.0,1352949234.0,352889373.0,53.180397,46.476307,4.8879366,3.9076052,33.625,4.513,626.031,56.93,65.84,,,0.06546,0.43306,0.09395,0.1342,0.499,,,119.56,,,98084003840.0,1066217897984.0,,,1114313850880.0,149545844736.0,0.04,0.0226,0.797,0.74998003,0.1839,4.0,3773.0,strong_buy,ADANIENT.NS,2026-09-11,1,ok
Utilities,Utilities - Renewable,Adani Green Energy Limited,EQUITY,INR,INR,2110526980096.0,3233706672128.0,1647176155.0,334607364.0,124.88304,42.950077,10.940996,15.491243,27.623,23.735,117.11,10.26,29.83231,,,0.13095,0.94693,0.6678,0.85926,0.166,0.185,0.185,346.548,,,40730001408.0,1035449991168.0,,,136239996928.0,117064998912.0,,0.0,1.056,0.82274,0.16975,10.0,1577.3,none,ADANIGREEN.NS,2026-09-11,1,ok
Industrials,Marine Shipping,Adani Ports and Special Economic Zone Limited,EQUITY,INR,INR,4065566130176.0,4664769642496.0,2303959098.0,872601469.0,30.153793,22.573994,4.2367854,10.055709,20.026,11.538,416.495,58.34,78.16959,,,0.32431,0.64402,0.4463,0.57613,0.186,0.024,0.092,64.051,,,72847302656.0,633989890048.0,,,404304297984.0,232933670912.0,0.42,0.128,0.493,0.66060996,0.235,24.0,2037.0834,strong_buy,ADANIPORTS.NS,2026-09-11,1,ok
Utilities,Utilities - Independent Power Producers,Adani Power Limited,EQUITY,INR,INR,4049207558144.0,4654273921024.0,19284694705.0,5437512519.0,28.41272,26.73265,6.2355595,6.8591967,21.167,7.884,33.673,7.39,7.85444,,,0.24148001,0.43477002,0.35876998,0.37247002,0.34,0.444,0.42,82.332,,,24361900032.0,546702884864.0,,,590332624896.0,219879030784.0,,0.0,0.455,0.71742994,0.18933001,10.0,252.3,buy,ADANIPOWER.NS,2026-09-11,1,ok
Energy,Oil & Gas Refining & Marketing,Aegis Logistics Limited,EQUITY,INR,INR,475113586688.0,483621339136.0,351000000.0,122039190.0,39.064934,32.187725,7.846593,5.2963085,25.408,5.391,172.508,34.65,42.0533,,,0.13949001,0.26479998,0.28032,0.21219,0.371,2.69,2.689,47.243,,,44138561536.0,41499369472.0,,,89706553344.0,19034546176.0,1.0,0.1683,0.54,0.67539,0.15005,5.0,1330.8,none,AEGISLOG.NS,2026-09-11,1,ok
Energy,Oil & Gas Equipment & Services,Aegis Vopak Terminals Limited,EQUITY,INR,INR,326968311808.0,358932742144.0,1107991489.0,139363169.0,106.5343,38.999985,7.6205974,34.38016,54.869,37.741,38.724,2.77,7.56667,,,0.32126,0.98737,0.53026,0.68784,0.425,0.304,0.385,84.438,,,3023527936.0,37309267968.0,,,9510377472.0,6541597184.0,0.07,0.0,,0.87346,0.048779998,3.0,327.0,none,AEGISVOPAK.NS,2026-09-11,1,ok
Industrials,Engineering & Construction,Afcons Infrastructure Limited,EQUITY,INR,INR,93343744000.0,124008620032.0,367784631.0,162079009.0,68.5946,17.345284,1.7127934,0.82979596,11.972,1.102,148.179,3.7,14.63222,,,0.01286,0.3222,0.06288,0.092080005,-0.208,-0.781,-0.777,66.542,,,8204899840.0,36269101056.0,,,112489996288.0,10358200320.0,0.73,0.641,,0.58603,0.25629,10.0,318.2,buy,AFCONS.NS,2026-09-11,1,ok
Communication Services,Advertising Agencies,Affle 3i Limited,EQUITY,INR,INR,220624715776.0,210101796864.0,140740451.0,61449550.0,46.39242,31.643225,6.027932,7.780165,31.971,7.409,260.056,33.79,49.53983,,,0.16849001,0.28415,0.17857,0.23174,0.204,0.203,0.217,0.405,,,14286999552.0,148090000.0,,,28357330944.0,6571592704.0,,0.0,0.104,0.74458003,0.28226998,12.0,1983.9166,strong_buy,AFFLE.NS,2026-09-11,1,ok
Industrials,Specialty Industrial Machinery,AIA Engineering Limited,EQUITY,INR,INR,382296227840.0,340445659136.0,93320370.0,30040274.0,30.213144,26.808456,4.762752,8.404073,27.016,7.484,860.133,135.59,152.81,,,0.27836,0.54664004,0.23876,0.27702,0.124,-0.013,-0.013,0.128,,,43838373888.0,102667000.0,,,45489397760.0,12601645056.0,0.38,0.1179,0.248,0.58527,0.3473,14.0,4787.857,buy,AIAENG.NS,2026-09-11,1,ok
Financial Services,Capital Markets,Authum Investment & Infrastructure Limited,EQUITY,INR,INR,462275870720.0,467775946752.0,849225500.0,166101455.0,28.470186,,2.868049,18.074596,,18.29,189.798,19.12,,,,0.82054,0.9786,0.92406,0.0,0.141,0.175,0.178,24.59,,,4867500032.0,36309700608.0,,,25575999488.0,,0.04,0.0,-0.022,0.8307,0.071329996,,,none,AIIL.NS,2026-09-11,1,ok
Healthcare,Drug Manufacturers - Specialty & Generic,Ajanta Pharma Limited,EQUITY,INR,INR,441530187776.0,435801391104.0,124959024.0,42047084.0,38.90124,30.306757,9.751237,7.6439953,27.871,7.545,362.354,90.83,116.58786,,,0.19648,0.77218,0.25195998,0.27071,0.248,0.308,0.309,5.874,,,6631099904.0,2659099904.0,,,57761701888.0,15636575232.0,1.81,0.3084,0.218,0.54292,0.24423,14.0,3761.0,none,AJANTPHARM.NS,2026-09-11,1,ok
Healthcare,Drug Manufacturers - Specialty & Generic,Alkem Laboratories Limited,EQUITY,INR,INR,608286932992.0,599470374912.0,119565000.0,46141329.0,28.210604,22.78218,4.4014654,4.0333905,20.485,3.975,1155.865,180.34,223.31049,,,0.14306,0.64803004,0.17803,0.19404,0.109,-0.217,-0.217,14.267,,,40614498304.0,20471599104.0,,,150812803072.0,29263699968.0,0.39,0.28260002,0.281,0.62444,0.27578,20.0,5948.55,none,ALKEM.NS,2026-09-11,1,ok
Consumer Cyclical,"Furnishings, Fixtures & Appliances",Amber Enterprises India Limited,EQUITY,INR,INR,255514984448.0,292373561344.0,35267767.0,20532325.0,276.42123,38.084766,5.8320374,2.02387,29.268,2.316,1242.276,26.21,190.23355,,,0.0076099997,0.19223,0.05243,0.07912,0.127,-0.793,-0.786,46.566,,,4660511232.0,27015864320.0,,,126250688512.0,9989389312.0,,0.0,0.195,0.39236,0.40638,24.0,8414.417,buy,AMBER.NS,2026-09-11,1,ok
Basic Materials,Building Materials,Ambuja Cements Limited,EQUITY,INR,INR,973675626496.0,1102412382208.0,2484817186.0,810263736.0,22.063625,27.003393,1.6320623,2.4423294,17.695,2.765,240.095,17.76,14.51114,,,0.11128,0.5682,0.07947,0.15627,-0.077,-0.275,-0.268,1.205,,,9089500160.0,8659300352.0,,,398666792960.0,62299123712.0,0.5,0.1121,0.208,0.69352996,0.22941,38.0,489.92105,buy,AMBUJACEM.NS,2026-09-11,1,ok
Financial Services,Asset Management,Anand Rathi Wealth Limited,EQUITY,INR,INR,367117238272.0,362129653760.0,166041268.0,78838054.0,79.84832,65.69604,36.779507,26.199245,56.08,25.843,60.115,27.69,33.655,,,0.33193,0.57806,0.48529997,0.46083,0.521,0.71,0.738,8.25,,,4548030976.0,834769984.0,,,14012512256.0,6457329664.0,0.32,0.2356,0.337,0.29163998,0.31078,2.0,1615.0,none,ANANDRATHI.NS,2026-09-11,1,ok
Real Estate,Real Estate - Development,Anant Raj Limited,EQUITY,INR,INR,215332356096.0,217210404864.0,359876930.0,112209627.0,36.93518,20.496119,3.719879,8.442452,32.025,8.516,160.852,16.32,29.19333,,,0.22770001,0.3104,0.26478,0.26591998,0.066,0.134,0.189,11.703,,,9010909184.0,6809587200.0,,,25505900544.0,6782597632.0,0.16,0.0448,0.352,0.6339,0.11288,3.0,720.0,none,ANANTRAJ.NS,2026-09-11,1,ok
Financial Services,Capital Markets,Angel One Limited,EQUITY,INR,INR,278781132800.0,346824474624.0,914036506.0,489869202.0,27.502254,17.266348,4.5410557,5.5888877,,6.956,67.165,11.09,17.66442,,,0.20698,0.84823,0.24655001,0.0,0.23,1.0,1.022,129.314,,,3799470080.0,79514091520.0,,,49862279168.0,,1.7,0.3655,0.278,0.49023998,0.24693,11.0,368.54544,buy,ANGELONE.NS,2026-09-11,1,ok
Healthcare,Biotechnology,Anthem Biosciences Limited,EQUITY,INR,INR,528516579328.0,520457256960.0,561713851.0,71876904.0,93.25075,62.2479,17.370996,26.329332,64.509,25.928,54.165,10.09,15.11537,,,0.28691998,0.61659,0.28832,0.40193,-0.226,-0.128,-0.117,1.772,,,9384960000.0,539240000.0,,,20073299968.0,8067987456.0,0.21,0.1976,,0.84134,0.12771,8.0,905.125,none,ANTHEM.NS,2026-09-11,1,ok
Basic Materials,Specialty Chemicals,Anupam Rasayan India Ltd,EQUITY,INR,INR,138828496896.0,197268209664.0,113849841.0,28661613.0,79.33637,32.56075,4.160071,5.477316,35.952,7.783,293.12,15.37,37.45,,,0.06894,0.46181,0.16231,0.21648,0.348,-0.094,0.135,41.317,,,4106160128.0,19129450496.0,,,25346080768.0,5486935040.0,0.12,0.048800003,0.11,0.83936,0.0072399997,7.0,1215.7142,none,ANURAS.NS,2026-09-11,1,ok
Industrials,Electrical Equipment & Parts,APAR Industries Limited,EQUITY,INR,INR,732765880320.0,698408960000.0,41872337.0,17726706.0,59.710663,46.53513,13.034032,3.0044909,31.974,2.864,1342.639,293.08,376.06,,,0.04844,0.21587999,0.108009994,0.08956,0.291,0.774,0.778,17.716,,,7761900032.0,9555099648.0,,,243890192384.0,21842974720.0,0.35,0.17379999,0.178,0.55689,0.27882,8.0,15160.625,none,APARINDS.NS,2026-09-11,1,ok
Basic Materials,Steel,APL Apollo Tubes Limited,EQUITY,INR,INR,597937356800.0,605263822848.0,277658405.0,177935076.0,48.101406,33.84165,11.291067,2.5426896,32.816,2.574,190.726,44.77,63.63461,,,0.052259997,0.15608,0.06276,0.07843,0.085,0.11,0.109,9.396,,,8862300160.0,4976500224.0,,,235159404544.0,18443950080.0,0.39,0.1299,0.332,0.3691,0.53061,19.0,2249.1052,strong_buy,APLAPOLLO.NS,2026-09-11,1,ok
Healthcare,Medical Care Facilities,Apollo Hospitals Enterprise Limited,EQUITY,INR,INR,1270481158144.0,1350997508096.0,143784657.0,99601070.0,60.82467,40.553112,13.401565,4.8069844,36.572,5.112,659.326,145.27,217.8871,,,0.07906,0.35206002,0.12167,0.13977,0.206,0.341,0.342,85.146,,,18559000576.0,84929003520.0,,,264299003904.0,36941250560.0,0.22,0.1377,0.197,0.2839,0.49815,31.0,9790.387,strong_buy,APOLLOHOSP.NS,2026-09-11,1,ok
Consumer Cyclical,Auto Parts,Apollo Tyres Limited,EQUITY,INR,INR,264197586944.0,291100557312.0,632581334.0,302203081.0,15.479985,12.454913,1.5805886,0.9014635,7.9,0.993,264.237,26.98,33.53295,,,0.05829,0.43162,0.06451,0.12572,0.128,26.6,26.091,21.987,,,11051230208.0,36752297984.0,,,293076303872.0,36846092288.0,2.61,0.3152,0.149,0.4966,0.34172,24.0,498.08334,none,APOLLOTYRE.NS,2026-09-11,1,ok
Financial Services,Mortgage Finance,Aptus Value Housing Finance India Limited,EQUITY,INR,INR,124761825280.0,198025707520.0,500830236.0,352312574.0,12.664464,9.53087,2.465191,7.8255267,,12.421,101.051,19.67,26.13717,,,0.61761004,0.99819,0.78450996,0.0,0.168,0.19,0.19,156.2,,,7299293184.0,79037685760.0,,,15942531072.0,,1.98,0.2289,0.692,0.26596,0.49585998,16.0,340.125,strong_buy,APTUS.NS,2026-09-11,1,ok
Industrials,Electrical Equipment & Parts,Amara Raja Energy & Mobility Limited,EQUITY,INR,INR,148964343808.0,150360080384.0,183025364.0,103500843.0,16.15522,13.9073105,1.8393012,1.0183883,10.099,1.028,442.505,49.56,58.52318,,,0.06303,0.3152,0.05862,0.101789996,0.239,0.159,0.159,5.015,,,3635899904.0,4061600000.0,,,146274598912.0,14888625152.0,1.27,0.21040002,0.814,0.33269,0.29451,13.0,1014.53845,none,ARE&M.NS,2026-09-11,1,ok
Consumer Cyclical,Auto Parts,Asahi India Glass Limited,EQUITY,INR,INR,251307229184.0,268319768576.0,254927192.0,83163704.0,56.72037,42.49138,6.387238,4.8565726,25.138,5.185,154.339,17.38,23.2,,,0.08457,0.57389,0.17254,0.20627001,0.15,1.532,1.654,55.868,,,2453100032.0,21979600896.0,,,51745800192.0,10673699840.0,0.2,0.115200005,0.373,0.67443,0.09972999,1.0,1050.0,none,ASAHIINDIA.NS,2026-09-11,1,ok
Industrials,Farm & Heavy Construction Machinery,Ashok Leyland Limited,EQUITY,INR,INR,961843691520.0,1488109305856.0,5873854552.0,3370828912.0,27.707277,19.986353,6.753691,1.6663054,12.01,2.578,24.246,5.91,8.19309,,,0.06021,0.40061,0.19645001,0.21465,0.116,0.01,0.008,344.737,,,170057891840.0,639357026304.0,,,577231323136.0,123903451136.0,2.1,0.5912,0.45,0.36363998,0.34375,33.0,189.69698,buy,ASHOKLEY.NS,2026-09-11,1,ok
Basic Materials,Specialty Chemicals,Asian Paints Limited,EQUITY,INR,INR,2370248114176.0,2355878690816.0,958644295.0,442967131.0,49.66854,40.809208,11.097048,6.373874,34.203,6.335,222.807,49.78,60.58682,,,0.12813,0.43533,0.17687,0.18521999,0.179,0.399,0.4,17.847,,,86016401408.0,39289298944.0,,,371869286400.0,68878925824.0,1.1,0.5534,0.282,0.52902,0.27098,34.0,3021.4412,buy,ASIANPAINT.NS,2026-09-11,1,ok
Healthcare,Medical Care Facilities,Aster DM Quality Care Limited,EQUITY,INR,INR,665129648128.0,408603754496.0,871672439.0,346155168.0,123.87176,38.07093,8.5933895,13.640803,42.095,8.38,88.795,6.16,20.04285,,,0.065359995,0.58616,0.1488,0.19906999,0.216,-0.814,-0.812,45.921,,,13267699712.0,22196600832.0,,,48760299520.0,9706699776.0,0.52,0.6494,-0.076,0.64261,0.20181999,11.0,931.5455,none,ASTERDM.NS,2026-09-11,1,ok
Industrials,Building Products & Equipment,Astral Limited,EQUITY,INR,INR,379172880384.0,385017577472.0,268650163.0,120124234.0,65.79953,41.91251,9.344049,5.5880694,35.743,5.674,151.048,21.45,33.67491,,,0.084809996,0.39638,0.09873,0.15875,0.159,0.48,0.48,6.168,,,9445999616.0,2503000064.0,,,67854000128.0,10771749888.0,0.27,0.1751,0.173,0.85907,0.28558,29.0,1733.138,none,ASTRAL.NS,2026-09-11,1,ok
Utilities,Utilities - Regulated Gas,Adani Total Gas Limited,EQUITY,INR,INR,654166982656.0,685938638848.0,1099810083.0,222370601.0,103.804535,,13.446973,10.43435,59.634,10.941,44.233,5.73,,,,0.100839995,0.28245002,0.11602,0.18347,0.272,-0.14,-0.142,58.65,,,5449200128.0,28532299776.0,,,62693601280.0,11502499840.0,0.04,0.0435,0.596,0.79767996,0.07382,,,none,ATGL.NS,2026-09-11,1,ok
Consumer Cyclical,Auto Manufacturers,Ather Energy Limited,EQUITY,INR,INR,655973416960.0,616338882560.0,396119200.0,168923415.0,,400.36942,24.632595,15.456126,-157.157,14.522,67.228,-10.12,4.13618,,,-0.0919,0.20903,-0.059359998,-0.09241,0.888,,,25.819,,,24890200064.0,6642200064.0,,,42440998912.0,-3921799936.0,,0.0,,0.50633997,0.26407,10.0,1662.6,strong_buy,ATHERENERG.NS,2026-09-11,1,ok
Basic Materials,Specialty Chemicals,Atul Ltd,EQUITY,INR,INR,183849041920.0,172308594688.0,29441755.0,14964950.0,23.116648,20.133944,2.9548404,2.7673564,14.383,2.594,2113.312,270.01,310.1479,,,0.119729996,0.35047,0.1707,0.18033001,0.25,0.92,0.92,2.907,,,17399099392.0,1830200064.0,,,66434899968.0,11980274688.0,0.48,0.0925,0.187,0.46166,0.28035,12.0,7904.25,none,ATUL.NS,2026-09-11,1,ok
Financial Services,Banks - Regional,AU Small Finance Bank Limited,EQUITY,INR,INR,793556484096.0,843219402752.0,749415850.0,188550235.0,28.050331,17.505682,3.9624155,74.77907,,79.459,267.236,37.75,60.48893,,,0.21372999,0.0,0.35311002,0.0,0.298,0.351,0.37,,,,85234098176.0,138715447296.0,,,10612014080.0,,0.09,0.0,,0.31424,0.49780998,29.0,1119.3793,buy,AUBANK.NS,2026-09-11,1,ok
Healthcare,Drug Manufacturers - Specialty & Generic,Aurobindo Pharma Limited,EQUITY,INR,INR,966519881728.0,943807004672.0,575377895.0,276089860.0,26.705883,18.06618,2.5748363,2.7666006,13.443,2.702,652.391,62.9,92.98037,,,0.10627,0.58852,0.15237,0.20097,0.163,0.258,0.252,21.31,,,105849200640.0,80728399872.0,,,349352886272.0,70208126976.0,0.24,0.0625,0.033,0.54785,0.3068,28.0,1678.3214,buy,AUROPHARMA.NS,2026-09-11,1,ok
Consumer Defensive,Packaged Foods,AWL Agri Business Limited,EQUITY,INR,INR,239012102144.0,227966271488.0,1291817635.0,442661010.0,20.718925,17.416597,2.2919507,0.3075291,8.981,0.293,80.726,8.93,10.6232,,,0.01487,0.107250005,0.02875,0.03266,0.175,0.473,0.482,10.621,,,23330600960.0,11092700160.0,,,777201582080.0,25383925760.0,0.54,0.111999996,-0.158,0.68683,0.1489,6.0,269.83334,none,AWL.NS,2026-09-11,1,ok
Financial Services,Banks - Regional,Axis Bank Limited,EQUITY,INR,INR,3879329071104.0,5378639134720.0,3113426136.0,2809560567.0,13.946721,9.849802,1.7364717,5.032772,,6.978,717.547,89.34,126.5,0.13352999,0.01535,0.36031,0.0,0.49181998,0.0,0.14,0.218,0.222,,,,1355972476928.0,2852579704832.0,,,770813591552.0,,0.08,0.0,0.42,0.033269998,0.71164,41.0,1585.9512,strong_buy,AXISBANK.NS,2026-09-11,1,ok
Consumer Cyclical,Auto Manufacturers,Bajaj Auto Limited,EQUITY,INR,INR,3209159245824.0,3421633511424.0,274803838.0,109331169.0,27.79682,24.520351,8.405381,4.431233,20.515,4.729,1389.348,420.12,476.25745,,,0.16251,0.34187,0.21514,0.2305,0.64,0.458,0.459,56.352,,,108031000576.0,226649604096.0,,,723617710080.0,166790643712.0,1.27,0.3566,0.635,0.60964,0.18062,40.0,11616.125,buy,BAJAJ-AUTO.NS,2026-09-11,1,ok
Financial Services,Financial Conglomerates,Bajaj Finserv Ltd.,EQUITY,INR,INR,3062068412416.0,7256459968512.0,1600244726.0,558629413.0,30.27211,20.15821,3.9263203,1.9533389,12.354,4.629,487.352,63.21,94.9241,,,0.06471,0.51478,0.40222,0.37471,0.193,0.127,0.123,256.404,,,90790502400.0,3614400839680.0,,,1567607357440.0,587394580480.0,0.07,0.020599999,0.371,0.63866,0.14887,14.0,2362.2144,buy,BAJAJFINSV.NS,2026-09-11,1,ok
Financial Services,Mortgage Finance,Bajaj Housing Finance Limited,EQUITY,INR,INR,700523741184.0,1737218981888.0,8328662006.0,1100466111.0,25.643293,19.212187,3.1102319,16.43816,,40.765,27.043,3.28,4.37795,0.12679,,0.63176996,0.99292,0.80913,0.0,0.196,0.229,0.226,460.74,,,1936400000.0,1037715505152.0,,,42615701504.0,,,0.0,,0.86740994,0.0099,17.0,94.47059,none,BAJAJHFL.NS,2026-09-11,1,ok
Financial Services,Asset Management,Bajaj Holdings & Investment Limited,EQUITY,INR,INR,1239141974016.0,1315108028416.0,111293510.0,42748950.0,14.107422,,1.6939605,102.78389,131.338,109.085,6572.762,789.23,,0.11598,,7.34641,0.98983,0.84845,0.83055997,0.242,-0.224,-0.224,0.012,,,1005600000.0,96200000.0,,,12055799808.0,10013124608.0,1.44,0.1822,0.151,0.61588,0.13078,,,none,BAJAJHLDNG.NS,2026-09-11,1,ok
Financial Services,Credit Services,Bajaj Finance Limited,EQUITY,INR,INR,6435534536704.0,10153900376064.0,6220913102.0,2665479228.0,31.674831,20.47806,5.6424913,13.7864685,,21.752,183.341,32.66,50.51748,,,0.43495,0.91551,0.61552,0.0,0.261,0.272,0.274,314.833,,,47410601984.0,3683091742720.0,,,466800803840.0,,0.52,0.1658,0.308,0.56525004,0.27164,36.0,1158.3889,buy,BAJFINANCE.NS,2026-09-11,1,ok
Consumer Cyclical,Auto Parts,Balkrishna Industries Limited,EQUITY,INR,INR,418454405120.0,433821974528.0,193317190.0,80102661.0,29.790806,21.472902,3.8196578,3.9318666,19.521,4.076,566.7,72.66,100.80612,,,0.1233,0.50171,0.16359,0.20881,0.069,-0.15,-0.15,35.269,,,14258400256.0,36819701760.0,,,106426400768.0,22223400960.0,0.75,0.2357,0.321,0.58559,0.30794,19.0,2408.8948,hold,BALKRISIND.NS,2026-09-11,1,ok
Consumer Defensive,Confectioners,Balrampur Chini Mills Limited,EQUITY,INR,INR,146298519552.0,180633403392.0,211597496.0,117692736.0,37.719585,18.511381,3.3747904,2.2982442,25.031,2.838,204.872,18.33,37.35,,,0.05829,0.2626,0.042529996,0.11337,0.061,-0.154,-0.144,76.606,,,42020000.0,31700359168.0,,,63656648704.0,7216493568.0,0.99,0.19229999,0.374,0.45901,0.33431,6.0,692.1667,none,BALRAMCHIN.NS,2026-09-11,1,ok
Financial Services,Banks - Regional,Bandhan Bank Limited,EQUITY,INR,INR,284399730688.0,292437590016.0,1611147348.0,1006321602.0,20.742655,8.6442585,1.1104401,2.8616774,,2.943,158.964,8.51,20.42049,,,0.13617,0.0,0.23771,0.0,0.216,0.346,0.349,,,,131266928640.0,143028125696.0,,,99382173696.0,,0.87,0.17879999,0.792,0.41349,0.39259997,24.0,199.66667,hold,BANDHANBNK.NS,2026-09-11,1,ok
Financial Services,Banks - Regional,Bank of Baroda Limited,EQUITY,INR,INR,1231456567296.0,2470004129792.0,5171362179.0,1853329361.0,6.6815376,5.5477033,0.73049825,1.8574595,,3.726,325.983,35.64,42.92407,0.113170005,0.0093,0.27392,0.0,0.45536998,0.0,0.18,-0.486,-0.486,,,,506651410432.0,1732858085376.0,,,662978953216.0,,3.58,0.24200001,0.422,0.66462,0.20191999,34.0,290.2647,buy,BANKBARODA.NS,2026-09-11,1,ok
Financial Services,Banks - Regional,Bank of India,EQUITY,INR,INR,637373448192.0,775284391936.0,4552667866.0,852202298.0,5.185185,5.377583,0.70089364,1.8934112,,2.303,199.745,27.0,26.034,0.13697,,0.34992,0.0,0.48535,0.0,0.185,0.803,0.805,,,,1022474977280.0,1153757478912.0,,,336627073024.0,,3.3,0.1722,0.775,0.73383003,0.15262,5.0,158.4,hold,BANKINDIA.NS,2026-09-11,1,ok
Consumer Cyclical,Footwear & Accessories,Bata India Limited,EQUITY,INR,INR,83369385984.0,92562251776.0,128527540.0,63645553.0,57.70908,30.791485,5.224939,2.3467226,19.962,2.605,124.145,11.24,21.06589,,,0.041149996,0.55102,0.10557,0.13053,0.039,0.23,0.23,86.9,,,5264059904.0,13865700352.0,,,35525881856.0,4637022720.0,5.14,0.79160005,0.376,0.50471,0.30629998,16.0,743.4375,none,BATAINDIA.NS,2026-09-11,1,ok
Basic Materials,Agricultural Inputs,Bayer CropScience Limited,EQUITY,INR,INR,178604376064.0,164895621120.0,44942092.0,12242675.0,24.422935,21.181711,6.022331,3.1919858,20.243,2.947,659.894,162.72,187.61942,,,0.13084,0.41763002,0.17302,0.14558,-0.042,0.154,0.154,2.758,,,14720000000.0,818000000.0,,,55954001920.0,8145999872.0,3.77,0.7673,0.223,0.71707,0.119169995,7.0,5126.4287,none,BAYERCROP.NS,2026-09-11,1,ok
Consumer Defensive,Packaged Foods,The Bombay Burmah Trading Corporation Limited,EQUITY,INR,INR,99320307712.0,117191442432.0,69771900.0,15278651.0,7.6975074,3.811245,1.410403,0.49142122,3.059,0.58,1009.286,184.93,373.5,,,0.063829996,0.42672002,0.15586,0.18955,0.078,0.197,0.197,16.57,,,24376899584.0,15904300032.0,,,202108305408.0,38309523456.0,2.37,0.0919,0.607,0.75236,0.0696,,,none,BBTC.NS,2026-09-11,1,ok
Industrials,Aerospace & Defense,Bharat Dynamics Limited,EQUITY,INR,INR,436209385472.0,391043842048.0,366562500.0,91927446.0,85.121605,38.866203,10.277847,15.769816,111.344,14.137,115.783,13.98,30.61786,,,0.18827,0.47917,0.109799996,0.12697,1.308,5.48,5.474,0.007,,,47093149696.0,3152000.0,,,27661031424.0,3512030208.0,0.4,0.36240003,0.321,0.74926,0.112270005,14.0,1333.3572,hold,BDL.NS,2026-09-11,1,ok
Industrials,Aerospace & Defense,Bharat Electronics Limited,EQUITY,INR,INR,2955709251584.0,2875591491584.0,7309778829.0,3488821344.0,48.25179,35.83078,12.321358,10.292417,35.118,10.013,32.817,8.38,11.28499,,,0.21403,0.47842997,0.22135,0.28514,0.249,0.083,0.087,0.273,,,85720301568.0,654600000.0,,,287173509120.0,81883824128.0,0.62,0.3393,0.284,0.53424,0.28853,31.0,490.4516,strong_buy,BEL.NS,2026-09-11,1,ok
Consumer Cyclical,Auto Parts,Belrise Industries Limited,EQUITY,INR,INR,220510633984.0,228045848576.0,967151919.0,304875299.0,40.070297,24.896048,3.8821726,2.251634,20.257,2.329,58.73,5.69,9.15808,,,0.05175,0.1903,0.07637,0.11495,0.126,-0.087,0.089,29.1,,,8060080128.0,15208429568.0,,,97933606912.0,11257787392.0,0.24,0.0967,,0.62196,0.17349,6.0,264.83334,none,BELRISE.NS,2026-09-11,1,ok
Industrials,Conglomerates,BEML Limited,EQUITY,INR,INR,168526970880.0,170304651264.0,83289000.0,37817304.0,97.74879,27.96683,5.744281,3.7151904,48.502,3.754,352.246,20.7,72.35,,,0.03934,0.46852002,-0.02615,0.077410005,0.293,,,10.529,,,370900000.0,3088399872.0,,,45361598464.0,3511266816.0,0.87,0.2517,0.685,0.54218,0.22212,3.0,2101.0,none,BEML.NS,2026-09-11,1,ok
Basic Materials,Specialty Chemicals,Berger Paints India Limited,EQUITY,INR,INR,534087565312.0,534481403904.0,1166002812.0,115142778.0,43.874523,35.343227,7.72233,4.355191,29.321,4.358,59.315,10.44,12.96005,,,0.099209994,0.40889,0.14074,0.14864,0.12,0.285,0.285,9.165,,,12799399936.0,6351300096.0,,,122632396800.0,18228525056.0,0.86,0.3643,0.441,0.75604,0.15564,22.0,576.2727,hold,BERGEPAINT.NS,2026-09-11,1,ok
Industrials,Metal Fabrication,Bharat Forge Limited,EQUITY,INR,INR,929834598400.0,983616585728.0,478088632.0,256341563.0,130.9697,40.36444,9.706155,5.3003635,34.544,5.607,200.378,14.85,48.1835,,,0.040260002,0.53261,0.09616,0.16231,0.187,,,76.475,,,23854880768.0,73086148608.0,,,175428452352.0,28474011648.0,0.43,0.5755,0.524,0.4773,0.37873,24.0,1990.7084,hold,BHARATFORG.NS,2026-09-11,1,ok
Communication Services,Telecom Services,Bharti Airtel Limited,EQUITY,INR,INR,11423606374400.0,13287326482432.0,6238008259.0,3330048078.0,38.219578,22.273615,7.056833,5.191385,11.582,6.038,259.479,47.91,82.20937,0.20151,0.08163,0.1314,0.67856,0.32573003,0.52137,0.184,0.351,0.373,100.415,0.57,0.358,584093007872.0,2014801952768.0,630565896192.0,1251744022528.0,2200493096960.0,1147266007040.0,1.32,0.3344,-0.004,0.53145003,0.36408,33.0,2320.6365,strong_buy,BHARTIARTL.NS,2026-09-11,1,ok
Communication Services,Telecom Services,Bharti Hexacom Limited,EQUITY,INR,INR,772500029440.0,824331010048.0,500000000.0,75000000.0,42.375206,24.272253,10.781276,8.0462885,17.821,8.586,143.304,36.46,63.65293,,,0.18999,0.59927,0.31945,0.48179,0.109,0.232,0.232,85.654,,,6641999872.0,61373001728.0,,,96006995968.0,46255251456.0,1.17,0.2741,0.073,0.86517996,0.11097,14.0,1852.8572,none,BHARTIHEXA.NS,2026-09-11,1,ok
Industrials,Specialty Industrial Machinery,Bharat Heavy Electricals Limited,EQUITY,INR,INR,1500769288192.0,1465399246848.0,3482063355.0,1420020257.0,62.373375,31.269657,5.739856,4.1696153,51.195,4.071,75.089,6.91,13.78333,,,0.06758,0.31469,0.054819997,0.07953,0.403,,,31.312,,,112016498688.0,81869496320.0,,,359929905152.0,28623699968.0,0.33,0.0715,0.845,0.59821,0.23971,20.0,397.7,hold,BHEL.NS,2026-09-11,1,ok
Consumer Defensive,Packaged Foods,Bikaji Foods International Limited,EQUITY,INR,INR,137466232832.0,143528607744.0,250736400.0,211172703.0,53.279884,39.262684,8.554243,4.4697843,35.616,4.667,64.091,10.29,13.96364,,,0.08406,0.34814999,0.09911,0.13103,0.125,0.004,0.004,17.531,,,2423301888.0,2993338112.0,,,30754557952.0,4029867008.0,0.22,0.096999995,0.23,0.73877996,0.19487,11.0,746.8182,none,BIKAJI.NS,2026-09-11,1,ok
Healthcare,Biotechnology,Biocon Limited,EQUITY,INR,INR,636092940288.0,775687045120.0,1628293737.0,801818101.0,113.23188,35.496628,1.8590254,3.672359,21.648,4.478,210.137,3.45,11.00527,,,0.0286,0.61185,0.06914,0.20687,0.1,2.346,3.494,42.145,,,38831001600.0,154340999168.0,,,173210992640.0,35831750656.0,0.13,0.1458,0.303,0.48115003,0.32512,19.0,446.89474,buy,BIOCON.NS,2026-09-11,1,ok
Industrials,Specialty Business Services,BLS International Services Limited,EQUITY,INR,INR,95300321280.0,89320120320.0,411522253.0,117186797.0,13.558548,10.771163,3.8689523,2.998585,10.235,2.81,59.856,17.1,21.5,,,0.22207001,0.38274,0.24783,0.27458,0.253,0.108,0.112,15.468,,,15125404672.0,4305752064.0,,,31781763072.0,8726685696.0,1.06,0.17549999,-0.213,0.72652,0.054840002,1.0,330.0,strong_buy,BLS.NS,2026-09-11,1,ok
Industrials,Integrated Freight & Logistics,Blue Dart Express Limited,EQUITY,INR,INR,114627272704.0,,23727934.0,5614808.0,40.007454,26.202675,6.450454,1.803257,,,748.924,120.75,184.36667,,,0.04516,0.25156,0.13491,0.16992001,0.08,1.891,1.891,,,,,,,,63566798848.0,10801049600.0,0.51,0.2067,0.219,0.76188004,0.16633,5.0,5944.0,none,BLUEDART.NS,2026-09-11,1,ok
Healthcare,Biotechnology,Blue Jet Healthcare Limited,EQUITY,INR,INR,98623766528.0,96982286336.0,173465425.0,44908464.0,42.052513,29.1645,7.25219,11.135423,35.839,10.95,78.397,13.52,19.49459,,,0.26523,0.54899,0.31172,0.30552998,-0.174,-0.143,-0.142,3.102,,,3234210048.0,421840000.0,,,8856760320.0,2706030080.0,0.21,0.088599995,0.616,0.76015997,0.05889,5.0,568.0,none,BLUEJET.NS,2026-09-11,1,ok
Industrials,Building Products & Equipment,Blue Star Limited,EQUITY,INR,INR,320313327616.0,311057940480.0,205592636.0,129572913.0,60.528362,40.369522,9.334764,2.5029094,37.31,2.431,166.903,25.74,38.59347,,,0.03979,0.21934,0.03503,0.06514,0.133,-0.151,-0.153,23.588,,,8334199808.0,8099899904.0,,,127976603648.0,8337025024.0,0.58,0.3635,0.146,0.36986,0.33990002,25.0,1655.08,hold,BLUESTARCO.NS,2026-09-11,1,ok
Consumer Cyclical,Auto Parts,Bosch Limited,EQUITY,INR,INR,1427168821248.0,1376581320704.0,29496100.0,8651664.0,60.45631,42.40857,9.612871,6.841325,49.161,6.599,5033.356,800.33,1140.925,,,0.11328,0.33551,0.12362,0.13423,0.22,-0.367,-0.367,0.8,,,63159001088.0,1188000000.0,,,208610000896.0,28001748992.0,0.55,0.639,0.673,0.70666003,0.17979,5.0,51439.0,none,BOSCHLTD.NS,2026-09-11,1,ok
Energy,Oil & Gas Refining & Marketing,Bharat Petroleum Corporation Limited,EQUITY,INR,INR,1301002059776.0,1638056067072.0,4272584874.0,1852391039.0,7.5954103,7.6750865,1.299211,0.26338547,5.572,0.332,234.373,40.09,39.67382,,,0.034679998,0.12755,-0.04048,0.059520002,0.344,,,54.332,,,201686106112.0,544244203520.0,,,4939535876096.0,293982961664.0,6.6,0.5611,0.87,0.56657004,0.29274,31.0,345.74194,hold,BPCL.NS,2026-09-11,1,ok
Real Estate,Real Estate - Development,Brigade Enterprises Limited,EQUITY,INR,INR,208303603712.0,2166684909568.0,326162379.0,1710719296.0,32.33671,17.09183,30.538422,3.7656822,146.393,39.169,20.913,19.75,37.36581,,,0.12562999,0.52987,0.25834,0.26756,-0.129,0.338,0.337,84.316,,,27353100288.0,63439499264.0,,,55316299776.0,14800449536.0,0.3,0.0949,0.177,0.46712002,0.36929,15.0,783.5,strong_buy,BRIGADE.NS,2026-09-11,1,ok
Consumer Defensive,Packaged Foods,Britannia Industries Limited,EQUITY,INR,INR,1195188420608.0,1202020155392.0,240868296.0,117582267.0,46.727562,38.12533,23.404999,6.139101,33.133,6.174,212.006,106.19,130.14969,,,0.13376,0.41423,0.15212,0.18634,0.082,0.136,0.136,26.875,,,18585200640.0,13802800128.0,,,194684600320.0,36278124544.0,1.78,0.6937,0.413,0.51183,0.28583,33.0,6318.121,buy,BRITANNIA.NS,2026-09-11,1,ok
Financial Services,Financial Data & Stock Exchanges,BSE Limited,EQUITY,INR,INR,1374340775936.0,1294656077824.0,406129077.0,385258747.0,48.972504,37.798206,17.428116,23.742851,27.734,22.366,194.169,69.1,89.52806,,,0.48918,0.99595,0.80109,0.80646,0.64,0.621,0.62,0.0,,,55033798656.0,200000.0,,,57884401664.0,46681673728.0,0.3,0.0,0.443,0.0,0.23739,18.0,3728.111,hold,BSE.NS,2026-09-11,1,ok
Technology,Information Technology Services,Birlasoft Limited,EQUITY,INR,INR,78762590208.0,54067806208.0,279647056.0,165512444.0,13.799608,11.621223,1.9139682,1.4573638,6.084,1.0,147.155,20.41,24.23583,,,0.10601,0.39511,0.14749,0.16444,0.074,0.508,0.513,3.422,,,24427440128.0,1407410048.0,,,54044561408.0,8887132160.0,2.36,0.3183,0.369,0.40948,0.28294,14.0,334.57144,hold,BSOFT.NS,2026-09-11,1,ok
Technology,Information Technology Services,Computer Age Management Services Limited,EQUITY,INR,INR,176625467392.0,168685256704.0,248418378.0,247595162.0,35.800602,27.211853,13.348103,11.3375225,25.491,10.833,53.266,19.86,26.12832,,,0.31785,0.66453004,0.40046,0.42497003,0.115,0.17,0.173,4.863,,,8521589760.0,642350016.0,,,15571265536.0,6617330688.0,1.8,0.62880003,0.206,0.03361,0.59774,19.0,920.421,none,CAMS.NS,2026-09-11,1,ok
Financial Services,Banks - Regional,Canara Bank,EQUITY,INR,INR,1124760813568.0,1128129232896.0,9070651260.0,3093727025.0,5.638927,5.326202,0.95558083,2.4425871,,2.45,129.764,21.99,23.28113,,,0.43126,0.0,0.44137,0.0,-0.129,0.622,0.622,,,,1555679936512.0,1552876830720.0,,,460479299584.0,,3.38,0.1918,0.498,0.64359003,0.18254,21.0,150.7143,buy,CANBK.NS,2026-09-11,1,ok
Financial Services,Mortgage Finance,Can Fin Homes Limited,EQUITY,INR,INR,103827292160.0,484843061248.0,133154591.0,89993547.0,9.187581,8.225893,1.7361188,6.1332097,,28.64,449.134,84.87,94.79214,,,0.66733,0.98933,0.79907995,0.0,0.225,0.196,0.196,636.585,,,13604000.0,380703506432.0,,,16928704512.0,,2.05,0.2475,0.409,0.38682,0.31812,15.0,1055.8667,none,CANFINHOME.NS,2026-09-11,1,ok
Financial Services,Insurance - Life,Canara HSBC Life Insurance Company Limited,EQUITY,INR,INR,143941910528.0,124664397824.0,947484925.0,237500000.0,109.29496,79.95789,8.834613,1.1778898,78.186,1.02,17.196,1.39,1.9,0.08276,0.00198,0.01075,0.12434,0.00847,0.013049999,0.183,0.202,0.202,15.304,2.911,2.21,22577600512.0,2500000000.0,,,122203201536.0,1594450048.0,0.27,0.0,,0.75327003,0.20583001,8.0,192.75,none,CANHLIFE.NS,2026-09-11,1,ok
Healthcare,Drug Manufacturers - Specialty & Generic,Caplin Point Laboratories Limited,EQUITY,INR,INR,209404608512.0,203688280064.0,76011696.0,20349591.0,31.585644,24.886179,5.962677,9.15498,25.653,8.905,462.024,87.22,110.7,,,0.29089,0.59969,0.31434,0.34714,0.196,0.159,0.158,0.127,,,10067500032.0,46100000.0,,,22873300992.0,7940225024.0,0.29,0.0802,0.368,0.73437,0.05708,2.0,2765.0,none,CAPLIPOINT.NS,2026-09-11,1,ok
Industrials,Conglomerates,Carborundum Universal Limited,EQUITY,INR,INR,204831375360.0,205885243392.0,190505384.0,119528330.0,97.30316,35.61051,5.251974,3.767918,34.359,3.787,204.723,11.05,30.19333,,,0.03849,0.56515,0.0675,0.11023,0.194,0.235,0.234,10.292,,,6999849984.0,4125339904.0,,,54361948160.0,5992217600.0,0.37,0.36169997,0.346,0.40932,0.38654998,6.0,1033.8334,underperform,CARBORUNIV.NS,2026-09-11,1,ok
Consumer Cyclical,Auto & Truck Dealerships,CarTrade Tech Limited,EQUITY,INR,INR,149800304640.0,138775904256.0,48512035.0,44197198.0,66.23552,38.912144,5.9506283,18.553633,49.371,17.188,518.92,46.62,79.35569,,,0.28656,0.60944,0.25952,0.34814,0.163,0.224,0.195,5.363,,,9444602880.0,1404294016.0,,,8073907200.0,2810888448.0,,0.0,0.017,0.06397,0.63945997,10.0,3276.0,none,CARTRADE.NS,2026-09-11,1,ok
Energy,Oil & Gas Refining & Marketing,Castrol India Limited,EQUITY,INR,INR,185984679936.0,178194612224.0,989122384.0,469097820.0,17.523766,15.909183,9.757654,2.9877057,11.812,2.863,19.27,10.73,11.81896,0.56996,0.24879,0.17066,0.49339,0.24779,0.24235001,0.25,0.421,0.425,2.784,1.511,0.852,8628799488.0,531500000.0,7049650176.0,9854600192.0,62250000384.0,15086499840.0,6.61,0.8155,0.311,0.51304,0.17422001,5.0,220.8,none,CASTROLIND.NS,2026-09-11,1,ok
Consumer Defensive,Packaged Foods,CCL Products (India) Limited,EQUITY,INR,INR,144135503872.0,157235740672.0,133335339.0,67777645.0,33.6341,22.77969,6.140371,3.1256652,20.033,3.41,176.048,32.14,47.45455,,,0.0938,0.35567,0.13101,0.17021,0.138,0.61,0.613,56.487,,,2165156096.0,13243601920.0,,,46113546240.0,7848937472.0,0.52,0.239,0.033,0.49153,0.26002002,11.0,1346.3636,buy,CCL.NS,2026-09-11,1,ok
Financial Services,Capital Markets,Central Depository Services (India) Limited,EQUITY,INR,INR,284239986688.0,275549978624.0,209000000.0,175781540.0,60.47132,45.702793,14.503728,23.00874,42.372,22.305,93.769,22.49,29.75748,0.23913,0.16639,0.36923,1.0,0.3809,0.52641,0.042,-0.199,-0.2,0.11,2.917,2.464,8091618816.0,21998000.0,2601876224.0,4666216960.0,12353566720.0,6503099904.0,0.94,0.5546,0.391,0.0,0.14615,15.0,1308.8667,hold,CDSL.NS,2026-09-11,1,ok
Consumer Cyclical,Auto Parts,CEAT Limited,EQUITY,INR,INR,132615626752.0,155571830784.0,40450092.0,19916635.0,22.455479,13.796465,2.2540128,0.8053418,7.572,0.945,1454.517,146.0,237.63333,,,0.03583,0.38511002,0.04145,0.12477,0.223,-0.962,-0.964,64.742,,,433000000.0,32720900096.0,,,164669997056.0,20546349056.0,1.06,0.2054,0.464,0.48628,0.36341,18.0,3895.3333,none,CEATLTD.NS,2026-09-11,1,ok
Industrials,Engineering & Construction,Cemindia Projects Limited,EQUITY,INR,INR,213755297792.0,217772179456.0,171787584.0,49689559.0,36.014473,21.814516,8.907964,2.094593,20.857,2.134,139.684,34.55,57.04,,,0.058920003,0.26770002,0.08524,0.10231,0.07,0.026,0.026,37.711,,,6337800192.0,9049100288.0,,,102050996224.0,10441050112.0,0.24,0.1429,0.82,0.72423,0.06802,5.0,1564.6,strong_buy,CEMPRO.NS,2026-09-11,1,ok
Financial Services,Banks - Regional,Central Bank of India,EQUITY,INR,INR,278240067584.0,197363712000.0,9051401274.0,423039099.0,6.0511813,,0.68016374,1.6968254,,1.204,45.195,5.08,,0.115600005,0.00878,0.27839002,0.0,0.39668998,0.0,-0.032,0.028,0.032,,,,371055984640.0,288185712640.0,,,163976839168.0,,4.5,0.23809999,0.371,0.81189,0.0943,,,none,CENTRALBK.NS,2026-09-11,1,ok
Utilities,Utilities - Regulated Electric,CESC Limited,EQUITY,INR,INR,192698171392.0,362389209088.0,1325570430.0,658324752.0,12.56439,10.289904,1.5387301,1.0221088,9.839,1.922,94.474,11.57,14.12744,,,0.08243,0.3836,0.11778,0.19537,0.054,0.038,0.039,164.311,,,56710000640.0,216710004736.0,,,188529999872.0,36832624640.0,4.07,0.5111,0.367,0.06339,0.77398,12.0,213.25,strong_buy,CESC.NS,2026-09-11,1,ok
Financial Services,Credit Services,Capri Global Capital Limited,EQUITY,INR,INR,255932956672.0,481155153920.0,962153962.0,301875960.0,22.676897,13.74677,3.5600524,7.9343143,,14.917,74.718,11.73,19.35,,,0.34958,0.94764,0.50395,0.0,0.858,0.794,1.02,334.728,,,22112890880.0,241120985088.0,,,32256468992.0,,0.07,0.017,-0.017,0.63725,0.21934,6.0,243.33333,strong_buy,CGCL.NS,2026-09-11,1,ok
Industrials,Electrical Equipment & Parts,CG Power and Industrial Solutions Limited,EQUITY,INR,INR,1432084152320.0,1413968297984.0,1575450059.0,684854505.0,114.19598,65.2704,17.961231,11.170084,89.236,11.029,50.609,7.96,13.92668,,,0.0975,0.30722,0.104490004,0.12359,0.14,0.131,0.163,1.446,,,29838700544.0,1185100032.0,,,128207101952.0,15845225472.0,0.14,0.16389999,0.42,0.60003,0.20245,20.0,934.15,buy,CGPOWER.NS,2026-09-11,1,ok
Consumer Cyclical,Lodging,Chalet Hotels Limited,EQUITY,INR,INR,192112590848.0,212367458304.0,218994127.0,71332687.0,36.385315,27.83339,5.19132,,19.819,8.895,168.984,24.11,31.5179,,,0.2212,0.69152,0.33731,0.44881,-0.427,-0.577,-0.576,64.041,,,3231089920.0,23676780544.0,,,23874750464.0,10715294720.0,0.22,0.041500002,-0.045,0.67401004,0.28122,21.0,1015.8095,strong_buy,CHALET.NS,2026-09-11,1,ok
Basic Materials,Agricultural Inputs,Chambal Fertilisers and Chemicals Limited,EQUITY,INR,INR,167793180672.0,167246692352.0,400652297.0,197942207.0,8.703242,8.57611,1.6101066,0.8338349,6.038,0.831,260.107,48.12,48.83333,,,0.09581,0.37515998,0.15151,0.13765,-0.118,-0.046,-0.046,10.274,,,10606600192.0,10675000320.0,,,201230696448.0,27698475008.0,2.87,0.2078,0.292,0.63238996,0.121149994,3.0,549.6667,none,CHAMBLFERT.NS,2026-09-11,1,ok
Energy,Oil & Gas Refining & Marketing,Chennai Petroleum Corporation Limited,EQUITY,INR,INR,234222731264.0,248406867968.0,148911400.0,44605962.0,5.535846,3.9224439,2.1084309,0.3073906,3.998,0.326,746.005,284.13,401.0,,,0.054780003,0.1165,0.051149998,0.08154,0.848,,,17.68,,,13421800448.0,19641600000.0,,,761971015680.0,62129623040.0,3.86,0.0464,0.042,0.69061,0.065630004,1.0,1540.0,none,CHENNPETRO.NS,2026-09-11,1,ok
Financial Services,Capital Markets,Choice International Limited,EQUITY,INR,INR,169265577984.0,161788608512.0,222776500.0,54484856.0,71.47695,50.55223,8.987992,14.980209,,14.318,84.535,10.66,15.03,,,0.20173,0.65199995,0.27432,0.0,0.344,0.154,0.153,49.768,,,5428152832.0,9076511744.0,,,11299279872.0,,,0.0,-0.29,0.67323995,0.10702,,,none,CHOICEIN.NS,2026-09-11,1,ok
Financial Services,Credit Services,Cholamandalam Investment and Finance Company Limited,EQUITY,INR,INR,1576520384512.0,3601499947008.0,854065996.0,433133095.0,27.277967,18.800514,5.163689,11.115595,,25.393,357.477,67.67,98.18349,,,0.40549,0.99932,0.56586,0.0,0.346,0.437,0.456,695.283,,,100159102976.0,2117722046464.0,,,141829603328.0,,0.11,0.0296,0.473,0.51972,0.38548002,32.0,1995.5,buy,CHOLAFIN.NS,2026-09-11,1,ok
Financial Services,Credit Services,Cholamandalam Financial Holdings Limited,EQUITY,INR,INR,287036604416.0,2481421549568.0,187777462.0,99377466.0,10.750404,8.003141,1.8573444,1.2779379,,11.048,823.003,142.19,191.0,,,0.11882,0.75665003,0.38779998,0.0,0.139,0.393,0.393,623.156,,,101760696320.0,2111249186816.0,,,224609206272.0,,0.08,0.0091,0.401,0.47050998,0.34102002,3.0,2258.3333,none,CHOLAHLDNG.NS,2026-09-11,1,ok
Consumer Cyclical,Auto Parts,CIE Automotive India Limited,EQUITY,INR,INR,144024928256.0,140539215872.0,379362377.0,89545082.0,16.073242,13.321053,1.8601085,2.1690893,16.043,2.117,204.101,23.62,28.5,,,0.05728,0.53404,0.11165,0.13193,0.106,0.159,0.158,6.63,,,9454249984.0,5133879808.0,,,66398801920.0,8760250368.0,1.83,0.2962,,0.66418,0.22566,5.0,500.2,none,CIEINDIA.NS,2026-09-11,1,ok
Healthcare,Drug Manufacturers - Specialty & Generic,Cipla Limited,EQUITY,INR,INR,1103534620672.0,1016159797248.0,807858447.0,569736213.0,32.508327,21.521269,3.2046697,3.9316719,19.607,3.62,426.253,42.02,63.47209,,,0.12009,0.6328,0.12549,0.18465,0.035,-0.392,-0.392,1.778,,,100281196544.0,6137699840.0,,,280678203392.0,51826348032.0,0.95,0.3118,0.078,0.31134,0.44311002,36.0,1509.0834,buy,CIPLA.NS,2026-09-11,1,ok
Basic Materials,Specialty Chemicals,Clean Science and Technology Limited,EQUITY,INR,INR,89496543232.0,86461636608.0,106284121.0,52259217.0,37.45774,26.034693,5.653581,9.11268,24.592,8.804,148.941,22.48,32.34338,,,0.23719,0.61482,0.28083,0.35799,0.105,0.047,0.047,0.135,,,3753679872.0,21390000.0,,,9821100032.0,3515827456.0,0.73,0.2738,0.27,0.55212003,0.24201,14.0,965.2857,none,CLEAN.NS,2026-09-11,1,ok
Energy,Thermal Coal,Coal India Limited,EQUITY,INR,INR,2627787292672.0,2255163752448.0,6162728327.0,2395740968.0,8.415236,7.5333066,2.2061257,1.5301328,5.499,1.313,193.28,50.67,56.60197,,,0.18138,0.74757004,0.21113001,0.23878,0.451,0.012,0.014,11.629,,,567618371584.0,140721799168.0,,,1717358952448.0,410073661440.0,4.87,0.5223,-0.047,0.61136,0.26368,25.0,462.56,buy,COALINDIA.NS,2026-09-11,1,ok
Industrials,Aerospace & Defense,Cochin Shipyard Limited,EQUITY,INR,INR,363314577408.0,392432517120.0,263080780.0,96401794.0,54.71474,30.894854,6.1861396,7.197927,50.402,7.775,223.241,25.24,44.7,,,0.13479,0.33388,0.14696,0.15426,0.024,-0.193,-0.194,28.466,,,24059408384.0,16717533184.0,,,50474889216.0,7786084864.0,0.72,0.377,0.582,0.63335,0.10059,4.0,1499.0,none,COCHINSHIP.NS,2026-09-11,1,ok
Technology,Information Technology Services,Coforge Limited,EQUITY,INR,INR,817959010304.0,768093388800.0,442978090.0,329621992.0,38.15871,25.843508,6.5026073,4.487869,21.351,4.214,283.963,48.39,71.44928,,,0.0964,0.37247002,0.1596,0.19738,0.499,0.309,0.634,7.518,,,10992000000.0,7278000128.0,,,182260006912.0,35974000640.0,0.87,0.2459,0.314,0.21808,0.59037995,34.0,1932.3235,buy,COFORGE.NS,2026-09-11,1,ok
Healthcare,Drug Manufacturers - Specialty & Generic,Cohance Lifesciences Limited,EQUITY,INR,INR,168419360768.0,172456787968.0,382597330.0,138065943.0,159.49275,44.749825,4.3142486,7.864551,54.425,8.053,102.034,2.76,9.83691,,,0.04961,0.70359004,-0.11457,0.14797,-0.231,-0.968,,9.928,,,3259800064.0,4004900096.0,,,21415000064.0,3168724992.0,,0.0,0.613,0.6396,0.23055,9.0,508.33334,none,COHANCE.NS,2026-09-11,1,ok
Consumer Defensive,Household & Personal Products,Colgate-Palmolive (India) Limited,EQUITY,INR,INR,488866971648.0,478099734528.0,271985634.0,132122461.0,36.31111,30.749754,30.860891,7.879512,25.43,7.706,58.242,49.5,58.4525,,,0.21722999,0.68931997,0.27678,0.30302998,0.118,0.07,0.07,2.993,,,14260400128.0,474100000.0,,,62042800128.0,18800525312.0,2.67,0.96870005,0.503,0.51410997,0.22734,26.0,2240.0,hold,COLPAL.NS,2026-09-11,1,ok
Industrials,Railroads,Container Corporation of India Limited,EQUITY,INR,INR,380237742080.0,356827299840.0,761617935.0,340762239.0,30.572565,21.399487,2.93794,4.1852894,17.688,3.928,169.932,16.13,23.33,,,0.13670999,0.39472,0.13638,0.22205,0.003,0.006,0.001,7.39,,,34873200640.0,9645700096.0,,,90851000320.0,20173275136.0,1.69,0.4655,0.223,0.574,0.41070998,15.0,563.26666,none,CONCOR.NS,2026-09-11,1,ok
Healthcare,Biotechnology,Concord Biotech Limited,EQUITY,INR,INR,157520625664.0,147671515136.0,104616204.0,26622732.0,51.92069,35.395412,7.809404,14.211634,36.685,13.323,192.806,29.0,42.53941,,,0.24844,0.64565,0.24962999,0.36317003,0.262,0.311,0.328,0.115,,,4318821888.0,23156000.0,,,11083921408.0,4025351680.0,0.52,0.3686,0.353,0.72482,0.13193,5.0,1550.6,none,CONCORDBIO.NS,2026-09-11,1,ok
Basic Materials,Agricultural Inputs,Coromandel International Limited,EQUITY,INR,INR,568169791488.0,575640305664.0,294541099.0,117918678.0,31.112904,19.964352,4.5236983,1.7427447,17.568,1.766,426.421,62.0,96.62222,,,0.05619,0.23989001,0.067719996,0.1005,0.159,-0.245,-0.246,11.469,,,22944000000.0,15061900288.0,,,326020104192.0,32765650944.0,0.56,0.24149999,0.127,0.59559,0.25804,9.0,2333.6667,none,COROMANDEL.NS,2026-09-11,1,ok
Industrials,Building Products & Equipment,Aditya Infotech Limited,EQUITY,INR,INR,452558290944.0,450181595136.0,118300435.0,22457588.0,94.55018,50.736073,24.010218,9.26767,64.86,9.219,159.328,40.46,75.4,,,0.09774,0.30196,0.13607,0.14214,0.895,3.037,3.325,9.604,,,2882299904.0,1802599936.0,,,48831938560.0,6940792320.0,0.04,0.0,,0.768,0.14907,6.0,3984.3333,none,CPPLUS.NS,2026-09-11,1,ok
Consumer Cyclical,Auto Parts,Craftsman Automation Limited,EQUITY,INR,INR,305196072960.0,317365616640.0,26154433.0,12849094.0,60.038074,32.979115,8.528362,3.5012197,23.808,3.641,1368.258,193.62,353.83,,,0.053340003,0.42793,0.10836001,0.15293,0.363,1.133,1.163,111.011,,,1581699968.0,36234801152.0,,,87168499712.0,13330424832.0,0.09,0.025799999,0.339,0.42414,0.39694,8.0,11371.125,none,CRAFTSMAN.NS,2026-09-11,1,ok
Financial Services,Credit Services,CreditAccess Grameen Limited,EQUITY,INR,INR,228241620992.0,440767086592.0,160259533.0,57510375.0,18.901127,11.011757,2.9092557,7.504566,,14.492,489.541,75.39,129.33449,0.16364999,,0.39812002,0.97994006,0.64591,0.0,1.495,7.152,7.197,302.872,,,21539899392.0,237519896576.0,,,30413699072.0,,,0.0,0.087,0.66117996,0.20737,15.0,1776.1333,strong_buy,CREDITACC.NS,2026-09-11,1,ok
Financial Services,Financial Data & Stock Exchanges,CRISIL Limited,EQUITY,INR,INR,343557505024.0,339473760256.0,73130017.0,20557850.0,38.864162,31.21124,10.501738,8.326931,28.963,8.228,447.345,120.88,150.51949,0.29052,0.14866,0.21434,0.47004002,0.24679,0.28408,0.276,0.262,0.262,10.23,1.868,1.402,9163100160.0,3346599936.0,5070512640.0,8651100160.0,41258598400.0,11720800256.0,0.85,0.5127,0.181,0.71884,0.15531,2.0,5092.0,strong_buy,CRISIL.NS,2026-09-11,1,ok
Consumer Cyclical,"Furnishings, Fixtures & Appliances",Crompton Greaves Consumer Electricals Limited,EQUITY,INR,INR,148744339456.0,143293513728.0,643914875.0,640785449.0,,20.612669,5.0144353,1.7851834,18.3,1.72,46.067,-3.43,11.2067,,,-0.02688,0.31544,0.08019,0.09398,0.118,0.147,0.149,5.797,,,11492200448.0,1991699968.0,,,83321602048.0,7830349824.0,1.29,0.41900003,0.333,0.0,0.81084,33.0,336.30304,strong_buy,CROMPTON.NS,2026-09-11,1,ok
Financial Services,Banks - Regional,City Union Bank Limited,EQUITY,INR,INR,225225768960.0,241138581504.0,990787237.0,929556586.0,16.460535,11.74563,2.131718,6.067143,,6.496,106.637,13.81,19.35358,,,0.37791002,0.0,0.50985,0.0,0.233,0.252,0.251,,,,36493160448.0,53267980288.0,,,37122211840.0,,0.88,0.10609999,0.357,0.089949995,0.54710996,23.0,255.6087,buy,CUB.NS,2026-09-11,1,ok
Industrials,Specialty Industrial Machinery,Cummins India Limited,EQUITY,INR,INR,1405404053504.0,1390260387840.0,277200000.0,135062928.0,59.430313,42.950027,16.58261,11.099051,50.457,10.979,305.742,85.31,118.04417,,,0.18694,0.35457,0.20458001,0.2176,0.179,0.009,0.009,0.431,,,39070699520.0,365100000.0,,,126623801344.0,27553599488.0,1.28,0.6265,0.527,0.5129,0.28771,22.0,5903.091,buy,CUMMINSIND.NS,2026-09-11,1,ok
Industrials,Conglomerates,Cyient Limited,EQUITY,INR,INR,110285283328.0,111690113024.0,104101639.0,83618405.0,31.04924,14.910327,2.0598233,1.4450189,13.284,1.463,514.316,34.12,71.05143,,,0.04955,0.29849002,0.09014,0.11017,0.213,-0.324,-0.323,7.528,,,16679000064.0,4640000000.0,,,76320997376.0,8408000000.0,2.97,0.4699,0.657,0.2533,0.47186002,21.0,1006.5238,buy,CYIENT.NS,2026-09-11,1,ok
Consumer Defensive,Household & Personal Products,Dabur India Limited,EQUITY,INR,INR,667007844352.0,632932597760.0,1773957026.0,589911614.0,33.39254,28.532618,5.8400507,4.9217024,25.385,4.67,64.383,11.26,13.1779,,,0.14551,0.47741002,0.16476,0.18398,0.106,0.153,0.15,10.907,,,51478601728.0,12873199616.0,,,135523803136.0,24933449728.0,2.19,0.7207,0.413,0.67667997,0.22873,38.0,506.26315,buy,DABUR.NS,2026-09-11,1,ok
Basic Materials,Building Materials,Dalmia Bharat Limited,EQUITY,INR,INR,327887126528.0,349868851200.0,187565953.0,74139194.0,34.98798,23.958366,1.8221405,2.1774945,12.261,2.323,958.543,49.92,72.90147,,,0.062030002,0.61489,0.11414,0.1895,0.07,-0.521,-0.522,40.987,,,53210001408.0,74280001536.0,,,150580002816.0,28534999040.0,0.58,0.18040001,0.189,0.61146,0.3024,34.0,2150.5,buy,DALBHARAT.NS,2026-09-11,1,ok
Industrials,Aerospace & Defense,Data Patterns (India) Limited,EQUITY,INR,INR,270357790720.0,263272824832.0,55983969.0,23685698.0,100.90263,59.652893,15.5738945,28.716558,70.472,27.964,310.083,47.86,80.955,,,0.28459,0.62248003,0.21934,0.39681,0.168,-0.134,-0.135,0.304,,,4226500096.0,52700000.0,,,9414700032.0,3735824896.0,0.2,0.16510001,0.538,0.53234,0.19427,10.0,4550.3,none,DATAPATTNS.NS,2026-09-11,1,ok
Industrials,Conglomerates,DCM Shriram Limited,EQUITY,INR,INR,154854817792.0,181534605312.0,154854814.0,39206118.0,10.883761,23.337223,2.0726504,1.1188543,11.94,1.312,482.474,91.88,42.85,,,0.103520006,0.33099997,0.05841,0.10985,0.093,5.11,5.11,37.802,,,8946799616.0,29231699968.0,,,138404806656.0,15203675136.0,1.6,0.1154,-0.377,0.77972,0.09231,,,none,DCMSHRIRAM.NS,2026-09-11,1,ok
Basic Materials,Chemicals,Deepak Fertilisers And Petrochemicals Corporation Limited,EQUITY,INR,INR,166852788224.0,224871202816.0,126237825.0,65313420.0,16.928205,10.577304,2.4356906,1.3785454,11.063,1.858,542.105,78.0,124.83333,,,0.08131,0.32618,0.22732,0.16792999,0.225,1.016,1.015,75.969,,,6623699968.0,56702799872.0,,,121035399168.0,20325875712.0,0.75,0.1283,0.049,0.47094002,0.19150999,3.0,1896.6666,none,DEEPAKFERT.NS,2026-09-11,1,ok
Basic Materials,Chemicals,Deepak Nitrite Limited,EQUITY,INR,INR,216564875264.0,236556369920.0,136393041.0,68433844.0,27.565973,25.592379,3.7103162,2.5255997,17.764,2.759,427.942,57.6,62.04191,,,0.091359995,0.26048002,0.18486999,0.15529999,0.364,2.074,2.075,27.903,,,4621000192.0,16377199616.0,,,85747900416.0,13316525056.0,0.46,0.1306,0.454,0.49805,0.25433,18.0,1892.5,none,DEEPAKNTR.NS,2026-09-11,1,ok
Industrials,Integrated Freight & Logistics,Delhivery Limited,EQUITY,INR,INR,328940257280.0,326994198528.0,749294369.0,616728140.0,362.8099,39.884075,3.382413,2.9514508,116.916,2.934,129.789,1.21,11.0069,,,0.00839,0.84918,-0.01606,0.025090002,0.278,-0.65,-0.65,15.098,,,19824910336.0,14625710080.0,,,111450357760.0,2796822528.0,,0.0,0.166,0.19861001,0.56577,20.0,550.65,strong_buy,DELHIVERY.NS,2026-09-11,1,ok
Consumer Cyclical,Restaurants,Devyani International Limited,EQUITY,INR,INR,170108698624.0,204397494272.0,1232939791.0,461267435.0,,133.08832,11.033187,2.9153032,33.524,3.503,12.505,-0.22,1.03668,,,-0.0047400002,0.50776,0.04709,0.104490004,0.165,3.0,2.972,203.327,,,4949009920.0,38331461632.0,,,58350260224.0,6097107456.0,,0.0,0.348,0.65422994,0.20465,23.0,153.47826,buy,DEVYANI.NS,2026-09-11,1,ok
Industrials,Specialty Industrial Machinery,Diamond Power Infrastructure Limited,EQUITY,INR,INR,220688220160.0,218299924480.0,598071060.0,136801687.0,96.850395,,-32.182106,9.60284,81.77,9.499,-11.466,3.81,,,,0.08712,0.19163,0.09458999,0.11617,1.272,2.083,2.049,,,,358076992.0,25365014528.0,,,22981556224.0,2669690624.0,,0.0,0.495,0.78655,0.1016,,,none,DIACABS.NS,2026-09-21,1,ok
Healthcare,Drug Manufacturers - Specialty & Generic,Divi's Laboratories Limited,EQUITY,INR,INR,2474698080256.0,2473365078016.0,265468580.0,117281364.0,84.69926,61.95091,14.764624,22.036493,62.372,22.025,631.374,110.06,150.47398,,,0.26046,0.61237997,0.36655998,0.35312,0.278,0.657,0.655,0.042,,,32330000384.0,70000000.0,,,112299999232.0,39654998016.0,0.32,0.2722,0.245,0.51992,0.30361998,29.0,8447.0,hold,DIVISLAB.NS,2026-09-11,1,ok
Technology,Consumer Electronics,Dixon Technologies (India) Limited,EQUITY,INR,INR,816265428992.0,763625930752.0,60801893.0,36671383.0,44.794792,47.731304,14.954469,1.5823759,40.7,1.48,897.725,299.7,281.26196,,,0.03639,0.06866,0.022909999,0.03637,0.211,1.546,1.949,18.457,,,12413700096.0,9942200320.0,,,515848011776.0,18762149888.0,0.07,0.025999999,-0.151,0.40137002,0.35811,28.0,14694.893,buy,DIXON.NS,2026-09-11,1,ok
Real Estate,Real Estate - Development,DLF Limited,EQUITY,INR,INR,1595338391552.0,1530623950848.0,2475311706.0,603403881.0,35.865334,25.353544,3.508285,23.60786,125.312,22.65,183.708,17.97,25.42051,0.10102,,0.65791,0.46511,0.089940004,0.18075001,-0.529,0.042,0.041,0.673,,,95860482048.0,3058931968.0,,,67576578048.0,12214516736.0,1.22,0.3341,0.39,0.7414,0.14581001,22.0,815.9545,strong_buy,DLF.NS,2026-09-11,1,ok
Consumer Defensive,Discount Stores,Avenue Supermarts Limited,EQUITY,INR,INR,2405483151360.0,2426971357184.0,652245977.0,149472309.0,79.32889,53.51984,9.809919,3.3758528,44.683,3.406,375.946,46.49,68.90903,,,0.042919997,0.15192,0.06447,0.076230004,0.149,0.114,0.113,9.913,,,3057799936.0,24249899008.0,,,712555692032.0,54315651072.0,,0.0,0.225,0.78910005,0.12946,31.0,4258.2905,hold,DMART.NS,2026-09-11,1,ok
Industrials,Business Equipment & Supplies,DOMS Industries Limited,EQUITY,INR,INR,128719962112.0,133058576384.0,60688336.0,22221486.0,60.084988,40.47646,10.5516615,5.2871175,33.985,5.465,201.011,35.3,52.40083,,,0.08929,0.42471,0.08826,0.16082,0.192,-0.225,-0.223,10.849,,,617854976.0,1412615040.0,,,24345962496.0,3915261696.0,0.17,0.0883,-0.291,0.63388,0.29171,12.0,2694.25,buy,DOMS.NS,2026-09-11,1,ok
Healthcare,Drug Manufacturers - Specialty & Generic,Dr. Reddy's Laboratories Limited,EQUITY,INR,INR,970847748096.0,945932861440.0,832988250.0,599973487.0,29.387293,19.658901,2.5320113,2.9314275,17.302,2.856,460.306,39.66,59.28612,0.088369995,0.040149998,0.09996,0.50176,0.04251,0.16508,-0.056,-0.687,-0.687,18.605,1.902,1.161,81426997248.0,71951998976.0,-3909625088.0,41199001600.0,331186012160.0,54671998976.0,0.7,0.2014,0.242,0.30129,0.52501,39.0,1265.7726,none,DRREDDY.NS,2026-09-11,1,ok
Technology,Information Technology Services,eClerx Services Limited,EQUITY,INR,INR,174811201536.0,168310226944.0,92025272.0,39362025.0,24.87364,19.343615,6.8606095,4.032714,15.267,3.883,276.885,76.37,98.20295,,,0.16814,0.36074,0.18712,0.25432,0.233,0.188,0.16,15.012,,,10381179904.0,3849520128.0,,,43348279296.0,11024149504.0,0.05,0.0064999997,0.404,0.58169997,0.3224,10.0,1943.7,buy,ECLERX.NS,2026-09-11,1,ok
Consumer Cyclical,Auto Manufacturers,Eicher Motors Limited,EQUITY,INR,INR,2067148308480.0,2055753564160.0,274521706.0,134265830.0,35.966755,27.720856,8.229373,8.31224,35.639,8.266,915.015,210.13,271.63663,,,0.23211999,0.42308998,0.19798,0.23195,0.315,0.213,0.213,2.048,,,60782301184.0,5139500032.0,,,248687296512.0,57683476480.0,1.07,0.33310002,0.224,0.51333,0.28702,37.0,8363.135,buy,EICHERMOT.NS,2026-09-11,1,ok
Basic Materials,Agricultural Inputs,E.I.D.- Parry (India) Limited,EQUITY,INR,INR,128314949632.0,193892270080.0,177955692.0,94163758.0,27.70073,9.626836,1.4588033,0.3304374,5.838,0.499,494.275,26.03,74.9,,,0.01197,0.22572,0.0563,0.08554,0.034,-0.424,-0.425,23.647,,,33091198976.0,35280699392.0,,,388318494720.0,33214900224.0,,0.0,0.028,0.48033002,0.24929,1.0,1052.0,none,EIDPARRY.NS,2026-09-11,1,ok
Consumer Cyclical,Lodging,EIH Limited,EQUITY,INR,INR,179135578112.0,171733925888.0,625364182.0,197715140.0,25.193493,20.757248,3.4041617,5.8259034,15.991,5.585,84.147,11.37,13.8,,,0.23142,0.65660006,0.19716999,0.34928,0.145,2.463,2.46,4.666,,,10520620032.0,2524229888.0,,,30748119040.0,10739652608.0,0.52,0.1318,-0.296,0.70523,0.15559,1.0,350.0,none,EIHOTEL.NS,2026-09-11,1,ok
Industrials,Specialty Industrial Machinery,Elecon Engineering Company Limited,EQUITY,INR,INR,94719213568.0,88686272512.0,224399930.0,82305406.0,40.085472,19.273973,4.1077895,3.9531567,19.935,3.701,102.756,10.53,21.9,,,0.09852,0.41751,0.15245,0.18566999,0.061,-0.598,-0.599,11.824,,,8400399872.0,2726500096.0,,,23960399872.0,4448699904.0,0.48,0.1901,0.519,0.63161,0.112440005,2.0,500.5,none,ELECON.NS,2026-09-11,1,ok
Industrials,Specialty Industrial Machinery,Elgi Equipments Limited,EQUITY,INR,INR,194724659200.0,192420102144.0,315241478.0,189239459.0,43.5921,33.7541,8.724576,4.6964607,33.08,4.641,70.8,14.17,18.3,,,0.10803001,0.49808997,0.12295,0.14029,0.226,0.211,0.207,23.885,,,8865000448.0,5330999808.0,,,41462001664.0,5816750080.0,0.43,0.1551,0.104,0.45028,0.19899,5.0,690.8,none,ELGIEQUIP.NS,2026-09-11,1,ok
Consumer Defensive,Household & Personal Products,Emami Limited,EQUITY,INR,INR,158798692352.0,154446888960.0,436500000.0,190877085.0,21.102087,18.182508,5.4309044,4.05654,16.032,3.945,66.987,17.24,20.00824,,,0.19117,0.67927,0.1765,0.24609,0.149,-0.162,-0.164,5.541,,,9032932352.0,1619223040.0,,,39146340352.0,9633434624.0,3.24,0.5831,0.143,0.59402,0.30016002,22.0,524.4091,none,EMAMILTD.NS,2026-09-11,1,ok
Healthcare,Drug Manufacturers - Specialty & Generic,Emcure Pharmaceuticals Limited,EQUITY,INR,INR,375395844096.0,386277113856.0,189699247.0,41752747.0,37.064995,25.498571,7.578392,3.876284,20.281,3.989,261.124,53.39,77.60827,,,0.104449995,0.59433997,0.15443,0.19668,0.228,0.419,0.421,30.567,,,1475209984.0,15212409856.0,,,96834502656.0,19045789696.0,0.19,0.056199998,-0.068,0.81759,0.09438,8.0,2225.625,strong_buy,EMCURE.NS,2026-09-11,1,ok
Technology,Solar,Emmvee Photovoltaic Power Limited,EQUITY,INR,INR,239551381504.0,237113573376.0,692345033.0,138316226.0,18.030224,12.010286,6.48025,4.294906,12.302,4.251,53.393,19.19,28.80864,,,0.22844,0.44522998,0.29843,0.34555998,0.513,0.737,1.026,9.745,,,3837068032.0,3600599040.0,,,55775698944.0,19273814016.0,,0.0,,0.80031997,0.0863,5.0,404.4,none,EMMVEE.NS,2026-09-11,1,ok
Consumer Cyclical,Auto Parts,Endurance Technologies Limited,EQUITY,INR,INR,378748796928.0,376399134720.0,140662848.0,25648464.0,39.034504,26.177378,5.5366044,2.4291413,18.721,2.414,486.327,68.98,102.85981,,,0.0622,0.4143,0.07275,0.12895,0.3,0.08,0.08,19.393,,,18893699072.0,13266599936.0,,,155918794752.0,20106100736.0,0.42,0.145,0.724,0.75001,0.20023,16.0,3157.25,none,ENDURANCE.NS,2026-09-11,1,ok
Industrials,Engineering & Construction,Engineers India Limited,EQUITY,INR,INR,151161307136.0,138599825408.0,562042373.0,273133385.0,19.26576,19.703299,4.8177342,3.8982577,18.336,3.574,55.825,13.96,13.65,,,0.20222001,0.28517,0.14229,0.19494,-0.058,1.422,1.415,0.534,,,14473662464.0,168019008.0,,,38776631296.0,7559081472.0,1.84,0.3225,0.939,0.51366,0.18542999,6.0,287.33334,strong_buy,ENGINERSIN.NS,2026-09-11,1,ok
Utilities,Utilities - Renewable,Siemens Energy India Limited,EQUITY,INR,INR,1132926205952.0,1101349650432.0,356120505.0,275882994.0,76.38175,56.480015,23.544779,12.0060425,55.117,11.671,135.117,41.65,56.32612,,,0.15769,0.40712002,0.21937999,0.21176,0.393,0.678,0.678,4.483,,,32949999616.0,2156999936.0,,,94363000832.0,19981875200.0,0.13,0.095699996,,0.27528998,0.55801,15.0,3855.6,buy,ENRIN.NS,2026-09-11,1,ok
Healthcare,Drug Manufacturers - Specialty & Generic,Eris Lifesciences Limited,EQUITY,INR,INR,187849687040.0,210748030976.0,138583305.0,44168602.0,28.87729,23.429035,4.7480936,5.847716,18.61,6.561,285.483,46.94,57.85556,,,0.20045,0.73533,0.25792998,0.35252,0.126,0.188,0.207,60.545,,,673000000.0,23586199552.0,,,32123600896.0,11324149760.0,1.06,0.1538,-0.048,0.69915,0.22473,10.0,1661.2,none,ERIS.NS,2026-09-11,1,ok
Industrials,Farm & Heavy Construction Machinery,Escorts Kubota Limited,EQUITY,INR,INR,319046418432.0,265265643520.0,110027390.0,31510369.0,23.337626,20.866037,2.6219704,2.6049368,18.07,2.166,1105.924,124.25,138.96745,,,0.11291,0.28816,0.09024999,0.11986,0.283,-0.724,-0.724,1.309,,,67292999680.0,1618899968.0,,,122477600768.0,14679799808.0,1.1,0.2626,0.28,0.76064,0.12572,17.0,3330.2942,hold,ESCORTS.NS,2026-09-11,1,ok
Consumer Cyclical,Internet Retail,Eternal Limited,EQUITY,INR,INR,2977944829952.0,2943029870592.0,9205393097.0,6838544000.0,718.8889,86.00841,9.562801,4.4177914,169.456,4.366,33.829,0.45,3.76126,,,0.00642,0.35189,0.0023700001,0.02576,1.82,2.333,2.68,14.826,,,66140000256.0,45920002048.0,,,674080030720.0,17367500800.0,,0.0,0.234,0.23399,0.51942,32.0,362.0625,buy,ETERNAL.NS,2026-09-11,1,ok
Consumer Cyclical,Auto Parts,Exide Industries Limited,EQUITY,INR,INR,350752505856.0,362919985152.0,850000000.0,416882500.0,36.712635,22.286564,2.5225263,1.8628699,18.716,1.927,163.586,11.24,18.51564,,,0.04948,0.3141,0.08672,0.10298,0.177,0.283,0.284,11.308,,,10820200448.0,15754000384.0,,,188286107648.0,19390500864.0,0.49,0.365,0.542,0.50942004,0.24757999,16.0,438.1875,none,EXIDEIND.NS,2026-09-11,1,ok
Basic Materials,Agricultural Inputs,The Fertilisers and Chemicals Travancore Limited,EQUITY,INR,INR,504457330688.0,532829896704.0,647071974.0,6658550.0,,,36.487877,21.626732,121.15,22.843,21.366,-1.65,,,,0.07694,0.47467998,-0.029140001,0.18855,0.202,,,295.147,,,16706942976.0,39854510080.0,,,23325638656.0,4398117888.0,0.05,0.8864,,0.0,0.00093999994,,,none,FACT.NS,2026-09-11,1,ok
Financial Services,Banks - Regional,The Federal Bank Limited,EQUITY,INR,INR,850940329984.0,927497584640.0,2470073625.0,1917548474.0,18.373333,12.763987,2.1207178,5.582184,,6.084,162.445,18.75,26.99,,,0.30721,0.0,0.42963,0.0,0.214,0.327,0.368,,,,268973195264.0,331932499968.0,,,152438603776.0,,0.35,0.0642,0.27,0.109069996,0.60409,35.0,364.97144,buy,FEDERALBNK.NS,2026-09-11,1,ok
Industrials,Electrical Equipment & Parts,Finolex Cables Limited,EQUITY,INR,INR,217785630720.0,196474257408.0,152939345.0,66139394.0,27.206726,19.587345,3.5796251,3.1387365,27.141,2.832,397.807,54.89,72.7,,,0.11532,0.1869,0.11058,0.104329996,0.443,0.532,0.531,0.314,,,20693999616.0,191400000.0,,,69386403840.0,7239099904.0,0.66,0.1529,0.619,0.58698004,0.21142,6.0,1440.1666,strong_buy,FINCABLES.NS,2026-09-11,1,ok
Consumer Cyclical,Internet Retail,Brainbees Solutions Limited,EQUITY,INR,INR,81922457600.0,90770186240.0,485236384.0,198058646.0,,50.071476,1.6827302,0.9318255,89.14,1.032,100.331,-2.57,3.37178,,,-0.01422,0.26999,-0.01646,0.01158,0.131,,,29.762,,,14025589760.0,15939040256.0,,,87916093440.0,1018289984.0,,0.0,0.409,0.58809,0.23448,7.0,243.14285,none,FIRSTCRY.NS,2026-09-11,1,ok
Financial Services,Credit Services,Five-Star Business Finance Limited,EQUITY,INR,INR,162663333888.0,217134301184.0,295187968.0,206286195.0,14.726083,11.151598,2.2039707,7.043377,,9.402,250.026,37.42,49.41444,,,0.47797,0.99611,0.59126,0.0,0.08,0.018,0.019,111.929,,,22106103808.0,82605637632.0,,,23094558720.0,,0.38,0.0535,0.577,0.26321,0.50431997,9.0,663.0,none,FIVESTAR.NS,2026-09-11,1,ok
Basic Materials,Specialty Chemicals,Gujarat Fluorochemicals Limited,EQUITY,INR,INR,524336037888.0,541878517760.0,109850000.0,36759192.0,85.06862,43.426655,6.851126,9.887536,42.175,10.218,696.703,56.0,109.91407,,,0.11635,0.52367,0.19709998,0.24229,0.24,0.204,0.201,28.94,,,5920000000.0,22900000768.0,,,53029998592.0,12848374784.0,0.06,0.053600002,0.003,0.66445,0.14829999,17.0,4715.8823,none,FLUOROCHEM.NS,2026-09-11,1,ok
Consumer Cyclical,Auto Manufacturers,Force Motors Limited,EQUITY,INR,INR,233285713920.0,231181680640.0,13176262.0,4664683.0,18.626059,,5.6608596,2.5357666,15.684,2.513,3127.617,950.55,,,,0.13607,0.31094,0.10262,0.16022,0.062,0.228,0.228,,,,8315899904.0,0.0,,,91998101504.0,14740249600.0,0.28,0.0421,0.647,0.63240004,0.062329996,,,none,FORCEMOT.NS,2026-09-11,1,ok
Healthcare,Medical Care Facilities,Fortis Healthcare Limited,EQUITY,INR,INR,670251810816.0,713180643328.0,754958148.0,489311024.0,64.70845,38.943447,6.773273,7.0507164,35.38,7.502,131.074,13.72,22.79716,,,0.11023,0.59387,0.16316,0.21205,0.175,0.023,0.023,34.15,,,5586745856.0,34725834752.0,,,95061516288.0,20157665280.0,0.11,0.072,0.652,0.35187,0.50292,20.0,1114.05,strong_buy,FORTIS.NS,2026-09-11,1,ok
Technology,Information Technology Services,Firstsource Solutions Limited,EQUITY,INR,INR,170976542720.0,199876411392.0,690535266.0,310095021.0,25.981113,15.603948,3.8985372,1.7003099,14.591,1.986,63.511,9.53,15.86778,,,0.06668,0.41073,0.12355,0.13612,0.229,-0.017,-0.02,67.135,,,3087399936.0,29438369792.0,,,100636188672.0,13698459648.0,2.19,0.5777,0.166,0.54999,0.31246,15.0,314.26666,buy,FSL.NS,2026-09-11,1,ok
Consumer Cyclical,Auto Parts,Gabriel India Limited,EQUITY,INR,INR,238622490624.0,235460395008.0,177230023.0,69243761.0,76.110794,33.58803,14.151776,4.9116874,52.438,4.847,95.14,17.69,40.08571,,,0.052360002,0.25731,0.06444,0.09242,0.298,0.406,0.732,10.642,,,3509349888.0,1481170048.0,,,48582590464.0,4490232320.0,0.37,0.2745,0.711,0.64338994,0.16541,7.0,1570.4286,none,GABRIEL.NS,2026-09-11,1,ok
Utilities,Utilities - Regulated Gas,GAIL (India) Limited,EQUITY,INR,INR,1141565292544.0,1376030425088.0,6575079643.0,2694869638.0,11.559254,9.491602,1.2808652,0.7740231,9.084,0.933,135.549,15.02,18.29196,,,0.06698,0.18752001,0.14834,0.1027,0.167,0.972,0.969,27.809,,,21266599936.0,248314904576.0,,,1474846523392.0,151472226304.0,3.14,0.3992,0.507,0.63735,0.28561002,31.0,194.58064,buy,GAIL.NS,2026-09-11,1,ok
Basic Materials,Steel,Gallantt Ispat Limited,EQUITY,INR,INR,131835912192.0,,241280945.0,51470051.0,27.238287,,3.976074,3.0757837,,,137.422,20.06,,,,0.11146,0.27563,0.13781,0.16658,,,,,,,,,,,42862542848.0,7139936256.0,0.14,0.0631,0.88,1.07481,0.00064000004,,,none,GALLANTT.NS,2026-09-11,1,ok
Industrials,Marine Shipping,The Great Eastern Shipping Company Limited,EQUITY,INR,INR,200473264128.0,127721676800.0,141958132.0,98833423.0,5.390899,7.3763385,1.1885974,3.2266846,3.616,2.056,1188.123,261.96,191.45,,,0.60307,0.66672,0.54431,0.56858003,0.669,1.594,1.594,6.409,,,83052396544.0,10871499776.0,,,62129799168.0,35326025728.0,4.13,0.134,0.416,0.30766,0.2754,2.0,1866.5,none,GESHIP.NS,2026-09-11,1,ok
Financial Services,Insurance - Reinsurance,General Insurance Corporation of India,EQUITY,INR,INR,612987371520.0,306822381568.0,1754400000.0,396500735.0,7.030181,6.105786,0.62067336,1.161577,,0.581,562.937,49.7,57.22441,0.091079995,0.03032,0.16819,0.20671,0.15095,0.0,-0.008,-0.311,-0.311,,0.518,0.248,296094498816.0,0.0,,,527719989248.0,,3.79,0.1976,0.334,0.77397,0.16896999,6.0,458.16666,buy,GICRE.NS,2026-09-11,1,ok
Consumer Defensive,Household & Personal Products,Gillette India Limited,EQUITY,INR,INR,238100168704.0,237981614080.0,32585217.0,7183560.0,35.65434,,25.157253,7.497258,24.756,7.494,290.453,204.94,,,,0.21035999,0.61847,0.26795998,0.3027,0.108,0.094,0.094,0.002,,,2692600064.0,200000.0,,,31758299136.0,9613150208.0,2.41,0.8146,0.27,0.77949,0.10396,,,none,GILLETTE.NS,2026-09-11,1,ok
Healthcare,Drug Manufacturers - Specialty & Generic,Gland Pharma Limited,EQUITY,INR,INR,482082062336.0,454765543424.0,164966661.0,79466966.0,42.74243,30.307436,4.6482887,7.1681876,26.435,6.762,628.683,68.37,96.42188,,,0.16784,0.59157,0.21003,0.2558,0.196,0.469,0.471,2.738,,,33591060480.0,2835899904.0,,,67252989952.0,17203404800.0,0.66,0.2631,0.587,0.51765996,0.32773998,14.0,2856.0715,none,GLAND.NS,2026-09-11,1,ok
Healthcare,Drug Manufacturers - General,GlaxoSmithKline Pharmaceuticals Limited,EQUITY,INR,INR,479148015616.0,454030327808.0,169406034.0,41291027.0,44.84541,35.723396,21.131905,12.115163,34.136,11.48,133.845,61.93,79.175,,,0.27008,0.64199996,0.29801,0.33630002,0.166,0.157,0.157,1.467,,,27567996928.0,332721984.0,,,39549448192.0,13300615168.0,1.97,0.90400004,0.079,0.75626,0.09247,4.0,3081.0,buy,GLAXO.NS,2026-09-11,1,ok
Healthcare,Drug Manufacturers - Specialty & Generic,Glenmark Pharmaceuticals Limited,EQUITY,INR,INR,682757914624.0,675795173376.0,282224672.0,141617251.0,37.942284,24.769888,6.494932,3.8494396,13.987,3.81,372.475,63.76,97.66697,,,0.10137,0.71935,0.15718001,0.27241,0.231,9.307,9.303,5.646,,,11762570240.0,5935269888.0,,,177365532672.0,48316526592.0,0.31,0.0785,0.26,0.48958,0.27844998,11.0,2497.7273,buy,GLENMARK.NS,2026-09-11,1,ok
Energy,Thermal Coal,Gujarat Mineral Development Corporation Limited,EQUITY,INR,INR,182961291264.0,182306258944.0,318000000.0,82509893.0,18.957165,16.774052,2.5883203,6.4709625,39.711,6.448,222.287,30.35,34.3,,,0.33823,0.88782996,0.17395,0.16237,0.238,-0.002,-0.002,4.475,,,5401200128.0,3165100032.0,,,28274200576.0,4590850048.0,1.64,0.3359,0.34,0.74050003,0.02646,1.0,274.0,none,GMDCLTD.NS,2026-09-11,1,ok
Industrials,Airports & Air Services,GMR Airports Limited,EQUITY,INR,INR,1034568531968.0,1375158009856.0,10558975952.0,2747081422.0,244.95001,63.644043,-41.202694,6.6462626,22.227,8.834,-2.378,0.4,1.5395,,,0.030720001,0.5735,0.25013,0.39745998,0.237,,,,,,52835098624.0,432825204736.0,,,155661697024.0,61869924352.0,,0.0,0.549,0.71444,0.16994,8.0,119.0,strong_buy,GMRAIRPORT.NS,2026-09-11,1,ok
Consumer Defensive,Tobacco,Godfrey Phillips India Limited,EQUITY,INR,INR,300576866304.0,303986278400.0,155981760.0,46342469.0,21.960114,17.19001,4.8381467,4.919087,21.233,4.975,398.293,87.65,112.1,,,0.22389999,0.43605998,0.12206,0.2343,-0.189,-0.443,-0.443,3.757,,,5983799808.0,2336800000.0,,,61104201728.0,14316769280.0,2.54,0.42200002,0.32,0.73544,0.11594,,,none,GODFRYPHLP.NS,2026-09-11,1,ok
Financial Services,Insurance - Property & Casualty,Go Digit General Insurance Limited,EQUITY,INR,INR,236856655872.0,232377434112.0,924499031.0,248986079.0,48.157894,29.043966,5.0546503,2.3223815,33.749,2.278,50.686,5.27,8.82111,,,0.04828,0.14884,0.047399998,0.06751,0.086,-0.376,-0.375,7.469,,,2940699904.0,3500000000.0,,,101988696064.0,6885550080.0,,0.0,0.23,0.74514,0.17317,9.0,332.0,none,GODIGIT.NS,2026-09-11,1,ok
Consumer Defensive,Household & Personal Products,Godrej Consumer Products Limited,EQUITY,INR,INR,885158772736.0,905998630912.0,1023304953.0,389876650.0,46.035122,31.943207,6.9978724,5.59093,28.072,5.723,123.609,18.79,27.07931,,,0.12086,0.49717999,0.17186001,0.20385,0.154,0.115,0.115,34.899,,,28327000064.0,44158099456.0,,,158320492544.0,32273750016.0,2.32,1.0695,0.341,0.65711,0.2331,34.0,1180.8235,buy,GODREJCP.NS,2026-09-11,1,ok
Industrials,Conglomerates,Godrej Industries Limited,EQUITY,INR,INR,379563769856.0,901438701568.0,336851055.0,53211797.0,32.286533,,3.3956227,1.5372387,23.786,3.651,331.839,34.91,,,,0.04761,0.40589002,0.081,0.15349,-0.047,-0.186,-0.186,222.411,,,112279003136.0,515644096512.0,,,246912696320.0,37897973760.0,,0.0,0.608,0.87194,0.066810004,,,none,GODREJIND.NS,2026-09-11,1,ok
Real Estate,Real Estate - Development,Godrej Properties Limited,EQUITY,INR,INR,526543912960.0,640618266624.0,301226497.0,130109696.0,32.881866,15.667205,2.748609,10.119928,-130.954,12.312,635.958,53.11,111.57063,,,0.30754998,0.42856,-0.6225,-0.09402,0.165,-0.417,-0.417,82.119,,,84177002496.0,158940905472.0,,,52030398464.0,-4891950080.0,0.54,0.0,0.467,0.57581,0.23858,23.0,2326.2173,buy,GODREJPROP.NS,2026-09-11,1,ok
Basic Materials,Steel,Godawari Power & Ispat Limited,EQUITY,INR,INR,159038537728.0,175832186880.0,650597430.0,242138630.0,19.540367,10.864445,2.5851312,2.7383282,13.929,3.027,94.56,12.51,22.5,,,0.13887,0.47529,0.16206,0.21735,0.323,-0.039,0.027,7.582,,,11787200512.0,4434800128.0,,,58078699520.0,12623667200.0,0.4,0.0796,0.721,0.63362,0.067140006,1.0,290.0,none,GPIL.NS,2026-09-11,1,ok
Healthcare,Drug Manufacturers - Specialty & Generic,Granules India Limited,EQUITY,INR,INR,225321746432.0,228607836160.0,247796921.0,150380517.0,33.702744,22.89604,4.4311137,4.000521,18.031,4.059,205.208,26.98,39.71429,,,0.1176,0.62004,0.17556,0.22511,0.22,0.534,0.598,29.735,,,9343949824.0,15120409600.0,,,56323100672.0,12678649856.0,0.19,0.0557,0.134,0.39311,0.2018,8.0,919.125,none,GRANULES.NS,2026-09-11,1,ok
Industrials,Electrical Equipment & Parts,Graphite India Limited,EQUITY,INR,INR,161341161472.0,135670087680.0,195375594.0,66470685.0,77.61278,16.244179,2.7537131,5.327041,44.821,4.479,299.886,10.64,50.83667,,,0.07044,0.51773,0.14371,0.09994,0.266,0.284,0.284,6.295,,,29133299712.0,3686700032.0,,,30287200256.0,3026949888.0,0.85,1.0073,0.972,0.65963995,0.13497,3.0,905.3333,strong_buy,GRAPHITE.NS,2026-09-11,1,ok
Basic Materials,Building Materials,Grasim Industries Limited,EQUITY,INR,INR,2225957502976.0,4979298402304.0,678196497.0,361135680.0,39.084194,21.73056,2.1513093,1.2095698,13.148,2.706,1525.536,83.97,151.02693,,,0.03093,0.56365,0.18809,0.20579,0.214,0.513,0.513,135.044,,,229705793536.0,2293929869312.0,,,1840288628736.0,378708262912.0,0.3,0.1193,0.365,0.48814,0.23947,10.0,3837.5,none,GRASIM.NS,2026-09-11,1,ok
Industrials,Metal Fabrication,Gravita India Limited,EQUITY,INR,INR,121506529280.0,125306732544.0,72832753.0,29597152.0,31.018967,21.836273,4.9539847,2.5850308,23.412,2.666,336.739,53.78,76.39582,,,0.083380006,0.19192,0.09678,0.11387,0.418,0.14,0.141,29.934,,,5847600128.0,7359000064.0,,,47003901952.0,5352200192.0,0.64,0.0,0.475,0.59365004,0.103719994,9.0,2061.889,none,GRAVITA.NS,2026-09-11,1,ok
Financial Services,Capital Markets,Billionbrains Garage Ventures Limited,EQUITY,INR,INR,1239801397248.0,1129199697920.0,6191576922.0,2202958117.0,50.822334,31.505777,12.826032,23.04788,,20.992,15.612,3.94,6.35566,,,0.45354,1.0,0.64422995,0.0,0.652,0.857,0.943,3.028,,,83388416000.0,2922249984.0,,,53792428032.0,,,0.0,,0.49278998,0.36106998,10.0,236.5,strong_buy,GROWW.NS,2026-09-11,1,ok
Industrials,Aerospace & Defense,Garden Reach Shipbuilders & Engineers Limited,EQUITY,INR,INR,278074982400.0,245427044352.0,114552000.0,29207149.0,35.59906,27.326456,10.588138,3.7042563,29.45,3.269,229.266,68.19,88.83333,,,0.10665,0.18496001,0.0748,0.11101,0.385,0.439,0.438,1.424,,,33880936448.0,373977984.0,,,75069046784.0,8333623296.0,0.8,0.2547,0.676,0.745,0.03915,7.0,3069.2856,none,GRSE.NS,2026-09-11,1,ok
Industrials,Specialty Industrial Machinery,GE Vernova T&D India Limited,EQUITY,INR,INR,1164525174784.0,1148425076736.0,256046535.0,123539474.0,91.80662,56.61948,43.281437,17.349072,65.294,17.109,105.082,49.54,80.32748,,,0.19442,0.43567002,0.24438,0.26203,0.38,0.247,0.247,0.892,,,15277200384.0,240000000.0,,,67123200000.0,17588459520.0,0.22,0.09810001,0.62,0.51738,0.29914,17.0,5391.4707,buy,GVT&D.NS,2026-09-11,1,ok
Industrials,Aerospace & Defense,Hindustan Aeronautics Limited,EQUITY,INR,INR,3280341303296.0,2849171570688.0,668775000.0,183217599.0,35.138622,28.519903,7.992817,9.709466,35.623,8.433,613.676,139.59,171.98515,,,0.27591,0.51704,0.15674,0.23673001,0.144,0.149,0.149,0.16,,,461957791744.0,658200000.0,,,337849810944.0,79980478464.0,0.4,0.35869998,0.499,0.71639,0.15922,26.0,5467.885,buy,HAL.NS,2026-09-11,1,ok
Industrials,Electrical Equipment & Parts,Havells India Limited,EQUITY,INR,INR,697220988928.0,679384449024.0,627561652.0,246744024.0,42.74721,34.054142,7.37016,2.955502,32.929,2.88,150.743,25.99,32.62452,,,0.06923,0.32028,0.05302,0.087460004,0.195,-0.166,-0.165,2.801,,,23418200064.0,2652000000.0,,,235906105344.0,20631500800.0,1.08,0.3843,0.296,0.6352,0.23865,36.0,1376.2778,buy,HAVELLS.NS,2026-09-11,1,ok
Industrials,Electrical Equipment & Parts,HBL Engineering Limited,EQUITY,INR,INR,200190197760.0,192814710784.0,277194946.0,105200066.0,25.950415,,8.962411,5.9953523,18.142,5.774,80.581,28.19,,,,0.23381001,0.57153,0.21051,0.31829,0.06,-0.235,-0.239,3.021,,,6924299776.0,668700032.0,,,33390899200.0,10627825664.0,0.55,0.1065,0.066,0.080690004,0.55397,,,none,HBLENGINE.NS,2026-09-11,1,ok
Technology,Information Technology Services,HCL Technologies Limited,EQUITY,INR,USD,3263425150976.0,3263911165952.0,2705766714.0,1038826534.0,19.141407,15.05717,4.4215255,220.96452,1168.186,220.997,272.77914,63.01,80.10137,0.24067,0.13305001,0.12966,0.34004003,0.16877002,0.18917999,0.03,0.084,0.084,7.058,2.222,2.033,2590000128.0,548000000.0,1812999936.0,2135000064.0,14769000448.0,2793999872.0,4.88,0.9339,0.001,0.62789,0.28325,39.0,1263.5897,hold,HCLTECH.NS,2026-09-11,1,ok
Financial Services,Credit Services,HDB Financial Services Limited,EQUITY,INR,INR,554401792000.0,1537643511808.0,828454614.0,204970179.0,19.988052,14.163683,2.6889973,5.9803376,,16.587,248.866,33.48,47.2476,,,0.29786,0.99791,0.42416,0.0,0.21,0.326,0.383,484.313,,,25889400832.0,1000786690048.0,,,92704096256.0,,0.59,0.1196,,0.7444,0.13121,15.0,823.4667,buy,HDBFS.NS,2026-09-11,1,ok
Financial Services,Asset Management,HDFC Asset Management Company Limited,EQUITY,INR,INR,1030817579008.0,953131728896.0,428810534.0,203065970.0,35.149876,27.396505,11.158975,21.550705,24.777,19.927,215.423,68.39,87.74477,,,0.61625,0.88846,0.80197996,0.80421996,0.134,0.118,0.12,2.364,,,91690598400.0,2182000128.0,,,47832199168.0,38467649536.0,2.22,0.78769994,0.55,0.56709,0.27311,27.0,3108.074,strong_buy,HDFCAMC.NS,2026-09-11,1,ok
Financial Services,Banks - Regional,HDFC Bank Limited,EQUITY,INR,INR,10917006802944.0,14193426169856.0,15414058726.0,15337571997.0,15.491032,11.313898,1.7984425,3.7003925,,4.812,393.813,45.72,62.6,0.13838,0.0175,0.26787,0.0,0.33291999,0.0,0.166,0.181,0.184,,,,2377666265088.0,5658713784320.0,,,2949644288000.0,,1.87,0.24040002,0.404,0.00153,0.61055,41.0,994.4878,strong_buy,HDFCBANK.NS,2026-09-11,1,ok
Financial Services,Insurance - Life,HDFC Life Insurance Company Limited,EQUITY,INR,INR,1151186108416.0,1147070971904.0,2172049147.0,1001206820.0,56.5635,44.3616,5.901873,1.1060699,46.995,1.102,89.802,9.37,11.94727,0.10828,0.00377,0.019,0.10196,0.02187,0.02345,0.143,0.119,0.119,15.885,1.235,0.411,26966700032.0,30990000128.0,,,1040789667840.0,24408524800.0,0.41,0.22950001,0.499,0.5742,0.2918,33.0,745.24243,strong_buy,HDFCLIFE.NS,2026-09-11,1,ok
Industrials,Electrical Equipment & Parts,HEG Advanced Materials Limited,EQUITY,INR,INR,45774270464.0,49772056576.0,192977530.0,50847649.0,12.704874,7.7600865,0.962065,1.7361659,8.641,1.888,246.553,18.67,30.56667,,,0.13612,0.59701,0.14834,0.21847999,0.104,0.168,0.167,16.73,,,6364993024.0,7960208896.0,,,26365147136.0,5760147968.0,1.36,0.0964,0.688,0.59376997,0.12087,3.0,710.0,none,HEG.NS,2026-09-11,1,ok
Consumer Cyclical,Auto Manufacturers,Hero MotoCorp Limited,EQUITY,INR,INR,1045037252608.0,936845705216.0,200141207.0,129518113.0,18.981062,16.035471,4.834387,2.0567615,13.126,1.844,1080.075,275.09,325.62186,,,0.10724,0.31653,0.116280004,0.14047,0.349,-0.172,-0.172,3.57,,,129412702208.0,7786100224.0,,,508098412544.0,71372652544.0,3.5,0.6432,0.468,0.37236,0.39009,35.0,6258.857,buy,HEROMOTOCO.NS,2026-09-11,1,ok
Technology,Information Technology Services,Hexaware Technologies Limited,EQUITY,INR,INR,303097118720.0,296965242880.0,609791999.0,136259066.0,22.77956,17.806087,4.515968,2.1019216,12.747,2.059,110.065,21.82,27.91461,0.21473,0.11841,0.09318,0.40672,0.13739,0.16155,0.179,-0.125,-0.132,10.18,1.432,1.121,16538999808.0,6830000128.0,14712625152.0,16753999872.0,144200007680.0,23296000000.0,2.83,0.65370005,,0.7521,0.19178,17.0,594.1177,hold,HEXT.NS,2026-09-11,1,ok
Technology,Communication Equipment,HFCL Limited,EQUITY,INR,INR,357607309312.0,372410712064.0,1530263663.0,1243875503.0,60.698704,44.940388,7.0488343,5.9668546,32.36,6.214,33.153,3.85,5.2,,,0.09554,0.37623,0.18948999,0.19203,1.199,,,38.321,,,5097099776.0,18963300352.0,,,59932299264.0,11508500480.0,0.08,0.025999999,0.962,0.34232,0.18587999,1.0,150.0,none,HFCL.NS,2026-09-11,1,ok
Basic Materials,Aluminum,Hindalco Industries Limited,EQUITY,INR,INR,2178770141184.0,3014634766336.0,2219837078.0,1418897662.0,13.31389,8.830986,1.5951983,0.73722416,7.275,1.02,615.284,72.81,111.14274,,,0.05549,0.31314,0.13668999,0.14022,0.321,0.751,0.752,72.598,,,228049993728.0,991649988608.0,,,2955370037248.0,414397497344.0,0.49,0.0678,0.925,0.37572,0.40303,29.0,1161.5518,none,HINDALCO.NS,2026-09-11,1,ok
Basic Materials,Copper,Hindustan Copper Limited,EQUITY,INR,INR,497533845504.0,503465279488.0,967024020.0,327607295.0,43.75,24.855072,14.900087,14.223177,28.674,14.393,34.53,11.76,20.7,,,0.32494,0.91080004,0.48891997,0.50195,0.814,1.619,1.625,3.319,,,8096500224.0,1109200000.0,,,34980499456.0,17558503424.0,0.82,0.2094,1.512,0.60141,0.07335,1.0,715.0,none,HINDCOPPER.NS,2026-09-11,1,ok
Energy,Oil & Gas Refining & Marketing,Hindustan Petroleum Corporation Limited,EQUITY,INR,INR,748993511424.0,1277237133312.0,2127822517.0,956214443.0,44.3884,6.1915846,1.1427051,0.15958332,13.403,0.272,308.041,7.93,56.85136,,,0.00356,0.06473,-0.12848,0.020299999,0.269,,,85.369,,,32777699328.0,559644278784.0,,,4693432467456.0,95291326464.0,6.95,1.9745,0.896,0.54997003,0.28244,31.0,407.48386,hold,HINDPETRO.NS,2026-09-11,1,ok
Consumer Defensive,Household & Personal Products,Hindustan Unilever Limited,EQUITY,INR,INR,4527662563328.0,4511151161344.0,2349591262.0,886289320.0,42.7652,36.158607,9.289612,6.8546944,30.383,6.83,207.436,44.87,53.29298,,,0.22644,0.50369,0.20725,0.22479,0.05,0.084,-0.03,3.016,,,69930000384.0,14780000256.0,,,660519976960.0,148477493248.0,2.26,0.91089994,0.321,0.62274,0.20788999,38.0,2419.158,buy,HINDUNILVR.NS,2026-09-11,1,ok
Basic Materials,Other Industrial Metals & Mining,Hindustan Zinc Limited,EQUITY,INR,INR,2435685023744.0,2459969257472.0,4225319000.0,479573707.0,14.560495,13.005208,10.7635,5.432795,9.352,5.487,53.556,39.59,44.32455,,,0.38068,0.75795,0.54707,0.58674,0.717,1.446,1.448,39.034,,,136509997056.0,88330002432.0,,,448330006528.0,263054999552.0,3.47,0.2723,0.673,0.8865,0.05256,15.0,644.4,buy,HINDZINC.NS,2026-09-11,1,ok
Financial Services,Mortgage Finance,Home First Finance Company India Limited,EQUITY,INR,INR,123850686464.0,222137335808.0,104559461.0,92448186.0,21.431156,15.051221,2.8365755,10.956408,,19.651,417.581,55.31,78.69794,,,0.51428,0.99942,0.66038,0.0,0.297,0.323,0.345,243.944,,,10311910400.0,106274947072.0,,,11303950336.0,,0.43,0.094,0.57,0.093389995,0.66862,23.0,1430.5652,strong_buy,HOMEFIRST.NS,2026-09-11,1,ok
Consumer Defensive,Household & Personal Products,Honasa Consumer Limited,EQUITY,INR,INR,153606307840.0,151665360896.0,326024216.0,147878036.0,61.749672,44.463005,10.840504,6.017561,56.654,5.942,43.462,7.63,10.59645,,,0.09749,0.69754,0.13189,0.10487001,0.27,1.19,1.184,9.586,,,4658990080.0,1353459968.0,,,25526339584.0,2677050112.0,0.63,0.0,0.617,0.38729998,0.46117002,16.0,556.75,buy,HONASA.NS,2026-09-11,1,ok
Industrials,Electrical Equipment & Parts,Honeywell Automation India Limited,EQUITY,INR,INR,305941676032.0,264993013760.0,8841523.0,2195615.0,55.332424,41.657635,6.8510056,6.504968,43.011,5.634,5047.434,624.95,830.1,,,0.117180005,0.38952,0.13202,0.131,0.018,0.209,0.209,2.476,,,38050000896.0,1104999936.0,,,47032000512.0,6160999936.0,0.32,0.0,0.499,0.75148004,0.13918,4.0,39925.0,none,HONAUT.NS,2026-09-11,1,ok
Basic Materials,Specialty Chemicals,Himadri Speciality Chemical Limited,EQUITY,INR,INR,335491366912.0,339630030848.0,504574175.0,192688730.0,41.712677,32.2767,7.1275434,6.744509,31.826,6.828,93.286,15.94,20.6,,,0.16066,0.36823002,0.2038,0.21452999,0.28,0.247,0.263,16.169,,,3485694976.0,7699798016.0,,,49742888960.0,10671304704.0,0.12,0.050300002,0.234,0.59911996,0.0647,1.0,720.0,none,HSCL.NS,2026-09-11,1,ok
Financial Services,Credit Services,Housing and Urban Development Corporation Limited,EQUITY,INR,INR,345848250368.0,1743925018624.0,2001900000.0,500632915.0,8.187677,7.1983333,1.5733345,7.3700304,,37.163,109.805,21.1,24.0,,,0.90679,0.99961,0.90609,0.0,0.098,0.349,0.35,645.775,,,23809900544.0,1419120214016.0,,,46926299136.0,,3.45,0.2635,0.818,0.75,0.105500005,1.0,255.0,none,HUDCO.NS,2026-09-11,1,ok
Consumer Cyclical,Auto Manufacturers,Hyundai Motor India Limited,EQUITY,INR,INR,1766464421888.0,1696512475136.0,812541100.0,133691612.0,35.72133,23.785557,8.827495,2.4990623,21.48,2.4,246.276,60.89,91.4,,,0.07004,0.28218,0.05844,0.11174,-0.005,-0.351,-0.351,5.484,,,105519783936.0,10975620096.0,,,706850914304.0,78981103616.0,0.95,0.3446,,0.825,0.13307999,27.0,2318.1482,buy,HYUNDAI.NS,2026-09-11,1,ok
Financial Services,Asset Management,ICICI Prudential Asset Management Company Limited,EQUITY,INR,INR,1503287312384.0,1461123678208.0,494258520.0,61327597.0,42.850098,32.54808,36.040146,23.981916,31.213,23.309,84.392,70.98,93.44637,,,0.55504,0.82325,0.73660004,0.74677,0.181,0.231,0.231,4.066,,,39905501184.0,1696000000.0,,,62684200960.0,46810775552.0,0.82,0.3872,,0.34592,0.59426,18.0,3676.7222,buy,ICICIAMC.NS,2026-09-11,1,ok
Financial Services,Banks - Regional,ICICI Bank Limited,EQUITY,INR,INR,9900202655744.0,11631792750592.0,7177700492.0,7144351019.0,17.885115,14.673405,2.600603,4.859432,,5.709,530.377,77.12,94.0,0.16073999,0.021070002,0.27531,0.0,0.38509998,0.0,0.114,0.138,0.139,,,,740090773504.0,2263177232384.0,,,2037316714496.0,,0.87,0.14220001,0.26,0.0353,0.59346,42.0,1745.5476,strong_buy,ICICIBANK.NS,2026-09-11,1,ok
Financial Services,Insurance - Diversified,ICICI Lombard General Insurance Company Limited,EQUITY,INR,INR,729314033664.0,723232489472.0,499598582.0,243354011.0,30.380856,21.009403,4.275159,2.632369,22.35,2.61,341.461,48.05,69.48318,0.1463,0.026500002,0.08764,0.21542,0.07438,0.11679,0.109,-0.462,-0.46,,0.283,0.013,7762599936.0,0.0,,,277058486272.0,32358799360.0,0.96,0.2792,0.445,0.02498,0.83191,24.0,1933.0416,buy,ICICIGI.NS,2026-09-11,1,ok
Financial Services,Insurance - Life,ICICI Prudential Life Insurance Company Limited,EQUITY,INR,INR,684043730944.0,708374102016.0,1450782117.0,349100913.0,39.89002,33.112164,5.0130243,1.0330191,38.898,1.07,94.055,11.82,14.23948,0.12571,0.0034400001,0.02555,0.10228,0.0164,0.0275,0.125,0.285,0.283,18.052,1.04,0.022,1375800064.0,25949999104.0,,,662179217408.0,18211174400.0,0.35,0.1419,0.47,0.23643999,0.69708997,33.0,673.30304,strong_buy,ICICIPRULI.NS,2026-09-11,1,ok
Financial Services,Banks - Regional,IDBI Bank Limited,EQUITY,INR,INR,897072955392.0,941185892352.0,10752402175.0,559985105.0,9.622837,17.026531,1.2698631,4.677853,,4.908,65.7,8.67,4.9,0.13874,0.02199,0.48589,0.0,0.15577,0.0,,,,,,,304949592064.0,367488598016.0,,,191770230784.0,,2.43,0.24219999,0.838,0.45554,0.49776,,,none,IDBI.NS,2026-09-11,1,ok
Communication Services,Telecom Services,Vodafone Idea Limited,EQUITY,INR,INR,1621895282688.0,3502440710144.0,108343035001.0,26747719840.0,4.468657,-10.204708,-4.5363636,3.5675058,28.5,7.704,-3.3,3.35,-1.46697,,,0.82278,0.45202,-0.03766,0.27031,0.061,,,,,,37149999104.0,1925280038912.0,,,454630014976.0,122892500992.0,,0.0,0.446,0.74638003,0.09658,22.0,12.24818,hold,IDEA.NS,2026-09-11,1,ok
Financial Services,Banks - Regional,IDFC First Bank Limited,EQUITY,INR,INR,743277527040.0,,8621709523.0,1310884925.0,33.03065,12.763607,1.5643258,24.550512,,,55.11,2.61,6.75436,,,0.32775003,0.0,0.33398,0.0,-0.011,-0.232,-0.236,,,,,,,,30275438592.0,,0.29,0.096499994,,0.12866999,0.45114,21.0,89.28571,buy,IDFCFIRSTB.NS,2026-09-11,1,ok
Financial Services,Capital Markets,Indian Energy Exchange Limited,EQUITY,INR,INR,101273518080.0,85461352448.0,889300290.0,788530602.0,20.227352,18.172329,7.4690104,13.228312,12.688,11.163,15.247,5.63,6.26667,,,0.66222,1.0,0.83748,0.87982005,0.101,0.118,0.116,0.818,,,18049376256.0,111559000.0,,,7655816192.0,6735766528.0,3.39,0.614,0.341,0.13441,0.35259998,12.0,140.83333,hold,IEX.NS,2026-09-11,1,ok
Financial Services,Credit Services,IFCI Limited,EQUITY,INR,INR,221715120128.0,,2694314331.0,735829257.0,124.681816,23.377842,2.4788387,-37.406387,,,33.197,0.63,3.52,,,0.0,0.0,1.1794,0.0,,,,,,,,,,,-5927199744.0,,,0.0,1.38,0.73140997,0.03559,,,none,IFCI.NS,2026-09-11,1,ok
Basic Materials,Other Precious Metals & Mining,International Gemological Institute Limited,EQUITY,INR,INR,135827783680.0,129924300800.0,432159696.0,95602368.0,26.545607,17.747154,9.128137,9.967248,16.358,9.534,34.432,11.84,17.70988,,,0.44739,0.77012,0.56596,0.58283,0.232,0.32,0.31,9.594,,,5991399936.0,1427600000.0,,,13627410432.0,7942419968.0,1.64,0.41689998,,0.76555,0.09547,4.0,495.5,none,IGIL.NS,2026-09-11,1,ok
Utilities,Utilities - Regulated Gas,Indraprastha Gas Limited,EQUITY,INR,INR,212772225024.0,172375736320.0,1400001600.0,628462490.0,16.646221,11.093099,1.8480283,1.263469,10.541,1.024,82.239,9.13,13.70041,,,0.080819994,0.21212,0.03411,0.09711,0.172,-0.438,-0.44,0.848,,,43097800704.0,977500032.0,,,168403206144.0,16352950272.0,1.95,0.5203,0.522,0.50036,0.41721,30.0,184.03333,buy,IGL.NS,2026-09-11,1,ok
Financial Services,Credit Services,IIFL Finance Limited,EQUITY,INR,INR,255428902912.0,886730391552.0,425289575.0,223944732.0,12.1875,7.9264326,1.8349857,2.9368353,,10.195,327.305,49.28,75.77179,,,0.24174,0.99682,0.42165002,0.0,0.318,1.895,1.893,447.421,,,87518298112.0,698830225408.0,,,86974201856.0,,0.66,0.081499994,0.298,0.49556,0.18132,5.0,712.0,none,IIFL.NS,2026-09-11,1,ok
Healthcare,Health Information Services,Inventurus Knowledge Solutions Limited,EQUITY,INR,INR,291998629888.0,300376621056.0,167757449.0,40950412.0,38.85268,25.710487,10.400272,8.723351,26.035,8.974,167.361,44.8,67.7,,,0.22817,0.49585,0.29167998,0.34467998,0.207,0.279,0.278,26.873,,,6089560064.0,7525150208.0,,,33473220608.0,11537555456.0,,0.0,,0.70976996,0.09835,9.0,1977.2222,buy,IKS.NS,2026-09-11,1,ok
Healthcare,Health Information Services,Indegene Limited,EQUITY,INR,INR,139271274496.0,125853392896.0,240807964.0,102228899.0,34.77751,21.279373,4.438944,3.6527295,21.238,3.301,130.29,16.63,27.1789,,,0.10515001,0.9796,0.122379996,0.15542,0.397,-0.002,-0.002,5.043,,,14814000128.0,1583000064.0,,,38128001024.0,5925749760.0,0.39,0.0,0.745,0.55667,0.21927999,8.0,620.625,buy,INDGN.NS,2026-09-11,1,ok
Consumer Cyclical,Lodging,The Indian Hotels Company Limited,EQUITY,INR,INR,1039386214400.0,1022723817472.0,1446605715.0,853114790.0,47.58278,38.42579,7.8356743,10.108155,29.702,9.946,91.696,14.96,18.69838,,,0.20868999,0.63007,0.24399,0.33486,0.151,0.207,0.208,18.987,,,43310501888.0,28365500416.0,,,102826500096.0,34432323584.0,0.45,0.2157,-0.162,0.39348,0.37465,29.0,830.5517,buy,INDHOTEL.NS,2026-09-11,1,ok
Basic Materials,Building Materials,The India Cements Limited,EQUITY,INR,INR,161254801408.0,120254578688.0,309896036.0,71759796.0,116.020065,20.64881,1.061837,3.5999417,25.88,2.685,326.698,2.99,16.8,,,0.020650001,0.35979,0.08218,0.10373,-0.005,,,12.888,,,622187008.0,13048031232.0,,,44793724928.0,4646666752.0,,0.0,0.22,0.7523,0.13944,4.0,440.0,none,INDIACEM.NS,2026-09-11,1,ok
Consumer Cyclical,Internet Retail,IndiaMART InterMESH Limited,EQUITY,INR,INR,1019418771456.0,64810426368.0,601426988.0,25164090.0,20.698498,16.292442,4.5921144,63.265594,12.195,4.022,369.111,81.89,104.03597,0.23146,0.072459996,0.30618998,0.55625,0.33808997,0.32983002,0.114,0.119,0.122,0.974,1.996,1.975,33886580736.0,216280000.0,9051123712.0,6966859776.0,16113319936.0,5314650112.0,1.83,0.3667,0.254,0.57910997,0.14784999,18.0,2093.7222,none,INDIAMART.NS,2026-09-11,1,ok
Financial Services,Banks - Regional,Indian Bank,EQUITY,INR,INR,1149633691648.0,1036803178496.0,1346963981.0,352405741.0,8.993677,7.7787905,1.3701752,3.2744374,,2.953,622.913,94.9,109.72143,0.16171,0.0134000005,0.36413,0.0,0.48043,0.0,0.103,0.475,0.475,,,,599759978496.0,482530000896.0,,,351093489664.0,,2.13,0.19229999,0.285,0.76411,0.17171,16.0,1013.375,none,INDIANB.NS,2026-09-11,1,ok
Industrials,Airlines,InterGlobe Aviation Limited,EQUITY,INR,INR,1922892955648.0,1868310380544.0,386666597.0,214356271.0,,21.379889,27.579973,2.270899,16.418,2.206,180.312,-123.63,232.60178,,,0.03793,0.34529,0.15758,0.13439,0.062,-0.776,-0.775,866.462,,,496290988032.0,748138004480.0,,,846754021376.0,113799249920.0,0.24,0.1205,0.606,0.41576,0.44324002,24.0,5615.75,strong_buy,INDIGO.NS,2026-09-11,1,ok
Financial Services,Banks - Regional,IndusInd Bank Limited,EQUITY,INR,INR,762159366144.0,712499134464.0,779144712.0,704360308.0,58.260868,12.375846,1.1587411,4.4074564,,4.12,844.192,16.79,79.04106,,,0.076469995,0.0,0.27308,0.0,0.01,0.717,0.717,,,,489323495424.0,427891884032.0,,,172924993536.0,,0.15,0.0884,0.491,0.16339001,0.54276,37.0,996.6486,hold,INDUSINDBK.NS,2026-09-11,1,ok
Communication Services,Telecom Services,Indus Towers Limited,EQUITY,INR,INR,1023234539520.0,1121805402112.0,2637202542.0,1284080290.0,14.36505,12.697814,2.4725816,3.113296,7.466,3.413,156.921,27.01,30.55644,0.18912001,0.09729,0.21776,0.55942,0.31208,0.45716998,0.046,0.006,0.007,51.79,1.845,1.319,73557999616.0,214324002816.0,37768249344.0,155129004032.0,328665989120.0,150254993408.0,3.75,0.0,0.046,0.51313996,0.32790002,24.0,436.45834,hold,INDUSTOWER.NS,2026-09-11,1,ok
Technology,Information Technology Services,Infosys Limited,EQUITY,INR,USD,4202995384320.0,4195311943680.0,4050299443.0,3886809553.0,13.529335,12.971913,4.623991,207.0543,936.036,206.676,224.41652,76.7,79.9959,0.32,0.15297,0.16370001,0.29676,0.21173,0.2208,0.029,0.053,0.012,9.541,1.862,1.594,3124000000.0,923000000.0,3165625088.0,4092000000.0,20298999808.0,4481999872.0,4.83,0.64599997,0.108,0.16540001,0.523,42.0,1203.8572,buy,INFY.NS,2026-09-11,1,ok
Industrials,Specialty Industrial Machinery,Inox Wind Limited,EQUITY,INR,INR,132210196480.0,113254563840.0,1728237822.0,337384865.0,37.5,15.937499,1.7930808,3.0150764,13.219,2.583,42.664,2.01,4.8,,,0.078260005,0.37368,0.11532,0.19539,-0.015,-0.383,-0.584,20.631,,,6117199872.0,15869500416.0,,,43849699328.0,8567876096.0,,0.0,0.447,0.47226003,0.21229,6.0,111.66667,none,INOXWIND.NS,2026-09-11,1,ok
Technology,Software - Application,Intellect Design Arena Limited,EQUITY,INR,INR,95807397888.0,88404434944.0,140356571.0,79633736.0,27.457762,16.099056,2.9872952,3.0112383,21.512,2.779,228.501,24.86,42.4,,,0.11095,0.39659,0.1285,0.12917,0.204,0.081,0.08,4.961,,,8514050048.0,1587049984.0,,,31816609792.0,4109607424.0,0.58,0.161,0.632,0.43490002,0.14513,4.0,958.0,none,INTELLECT.NS,2026-09-11,1,ok
Financial Services,Banks - Regional,Indian Overseas Bank,EQUITY,INR,INR,636815409152.0,908719292416.0,19256589795.0,1396558672.0,11.097315,36.744446,1.637453,3.9088273,,5.578,20.196,2.98,0.9,0.16525999,0.0133299995,0.36560002,0.0,0.37078997,0.0,0.481,0.459,0.456,,,,197357092864.0,472398987264.0,,,162917253120.0,,,0.0,0.243,0.92438006,0.04318,,,none,IOB.NS,2026-09-11,1,ok
Energy,Oil & Gas Refining & Marketing,Indian Oil Corporation Limited,EQUITY,INR,INR,1907920601088.0,3127855546368.0,14121238383.0,3400645693.0,5.55551,7.228636,0.84749913,0.2222435,4.594,0.364,159.422,24.32,18.69094,,,0.0392,0.1663,-0.0013,0.07931,0.385,,,58.446,,,115512000512.0,1318223872000.0,,,8584820686848.0,680896495616.0,6.11,0.40919998,0.77,0.73394996,0.14296,31.0,160.0,buy,IOC.NS,2026-09-11,1,ok
Healthcare,Drug Manufacturers - Specialty & Generic,Ipca Laboratories Limited,EQUITY,INR,INR,499416760320.0,510759927808.0,253704218.0,139308986.0,38.119675,27.99814,6.1933093,4.9318295,22.648,5.044,317.843,51.83,70.30824,,,0.12935,0.67734003,0.20039,0.22271,0.208,0.724,0.723,8.492,,,11955800064.0,8087600128.0,,,101263998976.0,22552524800.0,0.3,0.0387,0.055,0.45058,0.45430002,18.0,1972.2778,none,IPCALAB.NS,2026-09-11,1,ok
Industrials,Infrastructure Operations,IRB Infrastructure Developers Limited,EQUITY,INR,INR,237211910144.0,419822043136.0,12078000000.0,7993461960.0,25.179487,13.873681,1.1109854,3.848048,16.003,6.81,17.678,0.81,1.41563,,,0.15478,0.57896,0.22489999,0.42556,-0.089,0.471,0.513,95.6,,,20921569280.0,200270626816.0,,,61644738560.0,26233438208.0,1.0,0.19870001,-0.087,0.67996,0.14765,5.0,27.9,none,IRB.NS,2026-09-11,1,ok
Industrials,Engineering & Construction,Ircon International Limited,EQUITY,INR,INR,106522812416.0,113739603968.0,940515740.0,326285549.0,17.238964,14.709091,1.6023655,1.1527694,14.659,1.231,70.683,6.57,7.7,,,0.05667,0.120349996,0.08193,0.08396,0.095,-0.434,-0.436,85.833,,,51762200576.0,57256300544.0,,,92405997568.0,7758824960.0,1.65,0.33490002,0.625,0.65169,0.03366,1.0,136.0,none,IRCON.NS,2026-09-11,1,ok
Consumer Cyclical,Travel Services,Indian Railway Catering & Tourism Corporation Limited,EQUITY,INR,INR,370319982592.0,346058850304.0,800000000.0,300604391.0,26.680115,20.665178,8.594983,6.826538,20.839,6.379,53.857,17.4,22.4,,,0.25677,0.35081002,0.2733,0.30612,0.181,0.0,-0.002,1.874,,,28675233792.0,807259008.0,,,54247112704.0,16606381056.0,1.92,0.5454,0.167,0.62397,0.16771,8.0,629.5,none,IRCTC.NS,2026-09-11,1,ok
Financial Services,Credit Services,Indian Renewable Energy Development Agency Limited,EQUITY,INR,INR,313819234304.0,1082620903424.0,2809231268.0,,15.689607,11.341116,2.2764509,44.992397,,155.216,49.072,7.12,9.85,,,0.45951,0.9928,0.85359,0.0,0.237,0.33,0.371,565.671,89.346,89.346,15521999872.0,779800805376.0,,,6974939136.0,,1.32,0.0853,,0.71757007,0.04235,2.0,145.0,none,IREDA.NS,2026-09-11,1,ok
Financial Services,Credit Services,Indian Railway Finance Corporation Limited,EQUITY,INR,INR,1059725115392.0,5417089368064.0,13068506000.0,2241987633.0,14.770492,11.108218,1.8657247,14.335313,,73.279,43.463,5.49,7.3,,,0.97271,1.0,0.97759,0.0,0.103,0.097,0.104,773.347,,,34541801472.0,4388650483712.0,,,73924100096.0,,3.56,0.3825,0.313,0.82899004,0.04792,1.0,60.0,none,IRFC.NS,2026-09-11,1,ok
Consumer Defensive,Tobacco,ITC Limited,EQUITY,INR,INR,3255863869440.0,3031432167424.0,12529782031.0,9596319718.0,16.508896,15.436719,4.4903145,4.2567,11.897,3.963,57.869,15.74,16.83324,,,0.25937998,0.58284,0.24867001,0.33312,-0.111,-0.16,-0.162,3.293,,,245109702656.0,23993600000.0,,,764879831040.0,254798675968.0,6.13,0.9154,-0.093,0.2949,0.52144,33.0,327.0,buy,ITC.NS,2026-09-11,1,ok
Consumer Cyclical,Resorts & Casinos,ITC Hotels Limited,EQUITY,INR,INR,320137166848.0,306280923136.0,2083005769.0,1082960213.0,37.033733,26.377396,2.7460825,7.515168,20.821,7.19,55.967,4.15,5.82658,,,0.20283002,0.61827,0.20086999,0.34530997,0.148,0.359,0.354,0.634,,,15916999680.0,741900032.0,,,42598801408.0,14709999616.0,0.64,0.241,,0.46352002,0.3181,14.0,212.5,none,ITCHOTELS.NS,2026-09-11,1,ok
Technology,Communication Equipment,ITI Limited,EQUITY,INR,INR,253085646848.0,257853800448.0,962851967.0,96092626.0,77.99704,,13.271901,11.990375,483.034,12.216,19.805,3.37,,,,0.15359001,0.1666,-0.025220001,0.025290001,-0.147,,,40.144,,,3507599872.0,7649900032.0,,,21107400704.0,533821760.0,,0.0,0.064,0.97900003,0.00066,,,none,ITI.NS,2026-09-11,1,ok
Financial Services,Banks - Regional,Jammu and Kashmir Bank Limited,EQUITY,INR,INR,159968788480.0,,1101182463.0,150701352.0,6.950718,5.764683,0.9695202,2.3759024,,,149.837,20.9,25.2,0.14609,0.01248,0.34216,0.0,0.23302999,0.0,,,,,,,,,,,67329699840.0,,1.43,0.1028,0.46,0.64322996,0.12242,1.0,218.0,none,J&KBANK.NS,2026-09-11,1,ok
Basic Materials,Other Industrial Metals & Mining,Jain Resource Recycling Limited,EQUITY,INR,INR,98245935104.0,109378535424.0,345085814.0,59851729.0,26.657303,18.412289,6.4338984,0.91661686,18.937,1.02,44.25,10.68,15.4625,,,0.03126,0.07768,0.038599998,0.05389,0.759,0.141,0.197,81.887,,,3652489984.0,12758859776.0,,,107183210496.0,5775782400.0,,0.0,,0.81683,0.07393,4.0,391.5,strong_buy,JAINREC.NS,2026-09-11,1,ok
Consumer Cyclical,Auto Parts,JBM Auto Limited,EQUITY,INR,INR,146697388032.0,172782469120.0,236494264.0,40286775.0,65.36354,31.296669,12.848502,2.3370843,23.654,2.753,48.278,9.49,19.82,,,0.03571,0.31952,0.08274,0.11637,0.15,0.141,0.147,190.282,,,1295000064.0,30287998976.0,,,62769401856.0,7304581120.0,0.14,0.08979999,0.126,0.83002,0.01561,,,none,JBMA.NS,2026-09-11,1,ok
Basic Materials,Steel,Jindal Saw Limited,EQUITY,INR,INR,198905921536.0,240884072448.0,637621094.0,221123050.0,29.96638,13.388413,1.5808625,1.0891318,12.816,1.319,197.329,10.41,23.3,,,0.03578,0.41217998,0.05233,0.102919996,0.09,-0.754,-0.754,38.19,,,5426617856.0,46907392000.0,,,182627958784.0,18796179456.0,0.63,0.19549999,0.466,0.75518996,0.13633001,2.0,360.0,strong_buy,JINDALSAW.NS,2026-09-11,1,ok
Basic Materials,Steel,Jindal Steel Limited,EQUITY,INR,INR,1140095451136.0,1330290884608.0,1017488097.0,375911194.0,41.934883,12.729106,2.239468,2.0209954,14.431,2.358,500.342,26.71,88.0266,,,0.04818,0.508,0.111999996,0.1634,0.259,-0.437,-0.435,43.613,,,62485598208.0,226095497216.0,,,564125696000.0,92180348928.0,0.17,0.0749,0.673,0.63857,0.2275,32.0,1222.2188,buy,JINDALSTEL.NS,2026-09-11,1,ok
Financial Services,Asset Management,Jio Financial Services Limited,EQUITY,INR,INR,1518062272512.0,1702379520000.0,6603141623.0,3474044017.0,71.84375,51.547085,1.0873266,40.408173,,45.314,211.436,3.2,4.46,,,0.55006003,1.0,0.63313997,0.0,2.082,1.702,1.557,16.286,,,35982901248.0,217989398528.0,,,37568200704.0,,0.26,0.15529999,0.49,0.50187,0.19791001,3.0,295.33334,none,JIOFIN.NS,2026-09-11,1,ok
Basic Materials,Building Materials,J.K. Cement Limited,EQUITY,INR,INR,374248767488.0,431863595008.0,77268251.0,34163384.0,39.57108,24.86822,5.3181095,2.5960562,18.596,2.996,910.756,122.4,194.76666,,,0.06559,0.6285,0.1193,0.1611,0.28,-0.145,-0.173,87.522,,,10534800384.0,62055698432.0,,,144160505856.0,23223775232.0,0.4,0.122600004,0.399,0.54271,0.38146,28.0,6262.4644,none,JKCEMENT.NS,2026-09-11,1,ok
Consumer Cyclical,Auto Parts,JK Tyre & Industries Limited,EQUITY,INR,INR,102040076288.0,149435351040.0,288289511.0,131854974.0,15.369083,10.337324,1.6836003,0.62204576,8.164,0.911,210.234,23.03,34.24,,,0.04003,0.35891998,0.03359,0.111590005,0.02,-0.743,-0.734,80.551,,,2480199936.0,48815398912.0,,,164039507968.0,18304450560.0,1.12,0.1302,0.488,0.61147,0.14542,6.0,496.66666,none,JKTYRE.NS,2026-09-11,1,ok
Financial Services,Capital Markets,JM Financial Limited,EQUITY,INR,INR,119112802304.0,159666765824.0,956959936.0,385781075.0,11.419267,8.298,1.116964,3.535134,,4.739,111.436,10.9,15.0,,,0.30868,0.87609,0.47229,0.0,-0.103,-0.357,-0.357,102.435,,,85386797056.0,116346298368.0,,,33693999104.0,,1.38,0.29930001,0.407,0.24583,0.49780998,1.0,165.0,none,JMFINANCIL.NS,2026-09-11,1,ok
Utilities,Utilities - Independent Power Producers,Jaiprakash Power Ventures Limited,EQUITY,INR,INR,109792411648.0,175648243712.0,6853458827.0,2772018492.0,23.217392,-9.42353,1.2299424,1.9074429,11.481,3.052,13.025,0.69,-1.7,,,0.111420006,0.36722,0.36141,0.2658,0.122,0.677,0.686,26.634,,,7549499904.0,33910800384.0,,,57559998464.0,15299699712.0,,0.0,0.308,0.32986,0.11198,,,none,JPPOWER.NS,2026-09-11,1,ok
Basic Materials,Steel,Jindal Stainless Limited,EQUITY,INR,INR,622988427264.0,390100942848.0,823949824.0,189590205.0,19.762154,14.566998,13.841141,1.4150447,7.008,0.886,54.627,38.26,51.905,,,0.07379,0.2199,0.09104,0.12644,0.105,0.076,0.077,37.523,,,29351499776.0,74603298816.0,,,440260591616.0,55666176000.0,0.51,0.0762,0.539,0.64682,0.16316,15.0,883.26666,strong_buy,JSL.NS,2026-09-11,1,ok
Basic Materials,Building Materials,JSW Cement Limited,EQUITY,INR,INR,160515506176.0,201926246400.0,1350345020.0,221910607.0,21.076242,20.922329,2.4339654,2.294111,15.402,2.886,48.838,5.64,5.68149,,,0.10869,0.59103,0.106000006,0.18738002,0.199,,,68.39,,,4475400192.0,44643901440.0,,,69968502784.0,13110375424.0,0.41,0.0,,0.7612,0.19275999,15.0,149.26666,buy,JSWCEMENT.NS,2026-09-11,1,ok
,,JSW Dulux Limited,EQUITY,INR,,143684239360.0,,45540314.0,,7.3229666,31.821484,5.860838,,,,538.336,,,,,,,,,,,,,,,,,,,,,,,,,,2.0,3399.0,none,JSWDULUX.NS,2026-09-11,1,ok
Utilities,Utilities - Independent Power Producers,JSW Energy Limited,EQUITY,INR,INR,964652761088.0,1649499439104.0,1832372944.0,584176536.0,41.71553,31.036896,3.006499,5.0865192,15.964,8.698,175.104,12.62,16.96207,,,0.10373,0.66886,0.38092,0.54482,0.012,-0.395,-0.366,229.16,,,79783903232.0,769457782784.0,,,189648896000.0,103324024832.0,0.37,0.157,0.122,0.66706,0.2148,23.0,614.0,buy,JSWENERGY.NS,2026-09-11,1,ok
Industrials,Marine Shipping,JSW Infrastructure Limited,EQUITY,INR,INR,794447773696.0,768076218368.0,2315161753.0,487135489.0,48.39915,30.63552,6.578039,14.216397,28.881,13.744,52.166,7.09,11.20105,,,0.26578,0.52823,0.35162997,0.4759,0.181,-0.103,-0.099,59.002,,,23128999936.0,68989198336.0,,,55882498048.0,26594725888.0,0.26,0.1269,0.563,0.74142,0.1554,17.0,374.58823,buy,JSWINFRA.NS,2026-09-11,1,ok
Basic Materials,Steel,JSW Steel Limited,EQUITY,INR,INR,3087837429760.0,3752938438656.0,2440978228.0,891951400.0,12.533439,17.36253,3.086013,1.6278592,10.829,1.978,409.914,100.93,72.85805,,,0.13065,0.42285,0.15299,0.18270999,0.098,1.13,1.13,95.374,,,490080010240.0,1005959970816.0,,,1896870051840.0,346572488704.0,0.54,0.09770001,0.627,0.63598996,0.18157,35.0,1379.8286,buy,JSWSTEEL.NS,2026-09-11,1,ok
Consumer Cyclical,Restaurants,Jubilant FoodWorks Limited,EQUITY,INR,INR,309271461888.0,310572580864.0,657674557.0,388626472.0,83.08304,51.668842,13.492769,3.1462088,21.844,3.159,34.852,5.66,9.10123,,,0.04415,0.52591,0.080299996,0.14463,0.203,,-0.184,2.655,,,1179687040.0,146060000.0,,,98299723776.0,14217537536.0,0.25,0.2116,0.172,0.40717998,0.45416,29.0,568.2759,none,JUBLFOOD.NS,2026-09-11,1,ok
Basic Materials,Specialty Chemicals,Jubilant Ingrevia Limited,EQUITY,INR,INR,103840579584.0,111301804032.0,157716549.0,70899400.0,34.18484,21.781384,3.32811,2.232905,17.944,2.393,197.83,19.26,30.22765,,,0.06637,0.38496,0.113900006,0.13338,0.253,0.406,0.409,25.328,,,1899299968.0,7918099968.0,,,46504701952.0,6202614784.0,0.75,0.2572,0.27,0.50889,0.27617002,6.0,967.1667,none,JUBLINGREA.NS,2026-09-11,1,ok
Healthcare,Drug Manufacturers - Specialty & Generic,Jubilant Pharmova Limited,EQUITY,INR,INR,162378514432.0,185953796096.0,158387168.0,64959329.0,45.849728,20.280909,2.2893434,1.8863018,17.456,2.16,447.814,22.36,50.55,,,0.040900003,0.64978,0.05414,0.12375,0.173,-0.45,-0.451,50.943,,,12670999552.0,36146999296.0,,,86083002368.0,10652749824.0,0.49,0.22549999,0.494,0.58125997,0.21892,2.0,1088.5,none,JUBLPHARMA.NS,2026-09-11,1,ok
Industrials,Railroads,Jupiter Wagons Limited,EQUITY,INR,INR,102389399552.0,106945380352.0,427370389.0,135557865.0,61.430767,25.419628,3.4608886,3.274265,28.969,3.42,69.225,3.9,9.425,,,0.05329,0.26788,0.06895,0.11805,0.46,-0.143,-0.136,33.365,,,6511984128.0,9964552192.0,,,31270957056.0,3691686400.0,0.69,0.0,0.328,0.7243,0.06495,4.0,263.25,none,JWL.NS,2026-09-11,1,ok
Industrials,Specialty Industrial Machinery,Jyoti CNC Automation Limited,EQUITY,INR,INR,224011763712.0,235693539328.0,227423096.0,74357124.0,69.61131,40.702477,11.200055,10.222173,43.884,10.755,87.946,14.13,24.2,,,0.14681,0.55678004,0.18441999,0.24509001,0.24,-0.201,-0.2,42.609,,,1371200000.0,8527499776.0,,,21914300416.0,5370874880.0,,0.0,-0.42,0.67688006,0.16527,3.0,985.3333,none,JYOTICNC.NS,2026-09-11,1,ok
Industrials,Building Products & Equipment,Kajaria Ceramics Limited,EQUITY,INR,INR,192720240640.0,193682194432.0,157143050.0,82577874.0,35.589092,28.514685,6.371009,3.8119397,20.453,3.831,192.497,34.46,43.00942,,,0.107980005,0.38839,0.16424999,0.18731001,0.204,0.554,0.555,7.302,,,7551200256.0,2285900032.0,,,50557001728.0,9469750272.0,0.96,0.35009998,0.475,0.48789,0.31856,27.0,1371.4075,buy,KAJARIACER.NS,2026-09-11,1,ok
Consumer Cyclical,Luxury Goods,Kalyan Jewellers India Limited,EQUITY,INR,INR,620838256640.0,687175827456.0,1032750972.0,365138905.0,42.847473,31.531883,9.828977,1.5893129,28.952,1.759,61.161,14.03,19.06483,,,0.036730003,0.12697,0.04887,0.060760003,0.457,0.316,0.32,96.966,,,8609130496.0,61173379072.0,,,390633127936.0,23735027712.0,0.41,0.1082,-0.225,0.62861997,0.19567,10.0,730.5,none,KALYANKJIL.NS,2026-09-11,1,ok
Financial Services,Banks - Regional,The Karur Vysya Bank Limited,EQUITY,INR,INR,322673508352.0,341420605440.0,966667248.0,920318465.0,11.749384,10.132675,2.2871315,4.8563833,,5.139,145.947,28.41,32.94293,,,0.41307,0.0,0.56661,0.0,0.26,0.45,0.449,,,,8922755072.0,26225606656.0,,,66443173888.0,,0.78,0.0763,-0.13,0.00532,0.42488,20.0,363.7,none,KARURVYSYA.NS,2026-09-11,1,ok
Technology,Electronic Components,Kaynes Technology India Limited,EQUITY,INR,INR,235614814208.0,235767037952.0,67222491.0,30111513.0,70.53733,38.992954,5.055276,6.0431023,38.987,6.047,693.335,49.69,89.88803,,,0.08866999,0.33398,0.11689,0.1551,0.405,-0.004,-0.244,19.168,,,7985909760.0,9128729600.0,,,38989049856.0,6047300096.0,,0.0,-0.16,0.54909,0.15607001,23.0,3715.261,hold,KAYNES.NS,2026-09-11,1,ok
Industrials,Engineering & Construction,KEC International Limited,EQUITY,INR,INR,108183674880.0,159693389824.0,266200000.0,158743046.0,18.582533,11.100156,1.7563193,0.46023464,10.61,0.679,231.393,21.87,36.6121,,,0.02355,0.23653999,0.04777,0.06403,0.0,-0.417,-0.417,87.306,,,4144600064.0,53777600512.0,,,235062001664.0,15051350016.0,1.4,0.2644,0.062,0.04555,0.76035005,25.0,548.88,buy,KEC.NS,2026-09-11,1,ok
Industrials,Electrical Equipment & Parts,KEI Industries Limited,EQUITY,INR,INR,437659500544.0,430921809920.0,95600595.0,61923332.0,44.24471,31.202183,6.5664907,3.5458713,31.535,3.491,697.176,103.47,146.7205,,,0.08076,0.23875,0.1153,0.11071,0.23,0.4,0.4,3.796,,,15126429696.0,2530240000.0,,,123427913728.0,13664789504.0,0.1,0.0432,0.54,0.35994,0.43935,25.0,5751.48,buy,KEI.NS,2026-09-11,1,ok
Technology,Software - Application,KFin Technologies Limited,EQUITY,INR,INR,155584872448.0,150084501504.0,172872079.0,129253296.0,45.685276,32.354702,9.280647,11.111435,30.507,10.719,96.976,19.7,27.81667,,,0.24400999,0.58879,0.26553,0.35134998,0.301,-0.025,-0.026,3.314,,,5569050112.0,554430016.0,,,14002230272.0,4919660032.0,1.32,0.3807,-0.242,0.14502,0.64853996,17.0,1100.7648,none,KFINTECH.NS,2026-09-11,1,ok
Healthcare,Medical Care Facilities,Krishna Institute of Medical Sciences Limited,EQUITY,INR,INR,307686834176.0,354162376704.0,400138935.0,249038470.0,150.77452,45.044067,13.69091,7.304138,46.574,8.407,56.165,5.1,17.07106,,,0.048499998,0.59316003,0.10394,0.18052,0.353,-0.469,-0.472,166.226,,,705000000.0,42529001472.0,,,42125000704.0,7604250112.0,,0.0,0.287,0.41736,0.41881,17.0,869.58826,strong_buy,KIMS.NS,2026-09-11,1,ok
Industrials,Specialty Industrial Machinery,Kirloskar Oil Engines Limited,EQUITY,INR,INR,315574386688.0,360410906624.0,145519854.0,83023400.0,57.798508,38.01227,8.706895,3.9683013,26.495,4.532,249.067,37.52,57.05,,,0.06868,0.41307998,0.12594,0.17106001,0.134,-0.199,-0.199,154.864,,,15692999680.0,55365898240.0,,,79523799040.0,13602974720.0,0.32,0.1736,0.724,0.42834,0.30651,6.0,2471.0,none,KIRLOSENG.NS,2026-09-11,1,ok
Financial Services,Banks - Regional,Kotak Mahindra Bank Limited,EQUITY,INR,INR,4168067842048.0,4529168842752.0,9947656028.0,7328555375.0,20.39922,16.399218,2.299658,5.8461213,,6.353,182.201,20.54,25.55,,,0.28467,0.0,0.34761003,0.0,0.21,0.225,0.225,,,,729322225664.0,1115291254784.0,,,712962932736.0,,0.16,0.024500001,0.285,0.30534,0.47432,37.0,464.72974,buy,KOTAKBANK.NS,2026-09-11,1,ok
Industrials,Engineering & Construction,Kalpataru Projects International Limited,EQUITY,INR,INR,245178138624.0,259651485696.0,170772546.0,113182920.0,21.241308,15.641612,3.152786,0.89546895,11.845,0.948,455.375,67.59,91.78721,,,0.04151,0.27784002,0.066360004,0.08006,0.038,0.452,0.451,45.814,,,19881500672.0,35426201600.0,,,273798594560.0,21920575488.0,0.78,0.16530001,0.46,0.337,0.49347,20.0,1608.0,strong_buy,KPIL.NS,2026-09-11,1,ok
Technology,Software - Application,KPIT Technologies Limited,EQUITY,INR,INR,150745825280.0,144701538304.0,272227219.0,151571105.0,26.03432,17.589466,4.2572575,2.2870896,10.753,2.195,130.072,21.27,31.48191,,,0.08839,0.36762002,0.122530006,0.20417,0.089,-0.318,-0.318,23.624,,,13899740160.0,8383869952.0,,,65911640064.0,13457147904.0,1.36,0.3877,-0.007,0.45286998,0.30189,21.0,655.9048,none,KPITTECH.NS,2026-09-11,1,ok
Consumer Cyclical,Textile Manufacturing,K.P.R. Mill Limited,EQUITY,INR,INR,379891777536.0,376989417472.0,341814000.0,110918643.0,41.508232,30.25818,6.653788,5.570571,27.875,5.528,166.687,26.68,36.65455,,,0.13378,0.38662997,0.16448,0.19830999,0.096,0.215,0.216,10.463,,,14298900480.0,5961399808.0,,,68196200448.0,13524150272.0,0.44,0.1873,0.297,0.6754,0.22559999,11.0,1203.0,none,KPRMILL.NS,2026-09-11,1,ok
Healthcare,Diagnostics & Research,Dr. Lal PathLabs Limited,EQUITY,INR,INR,318760583168.0,309060173824.0,166977774.0,75712732.0,58.937946,43.85065,12.709044,11.046084,39.125,10.691,150.208,32.39,43.53413,,,0.18745,0.60204,0.25461,0.27326,0.191,0.278,0.28,7.83,,,13307490304.0,1989939968.0,,,28908109824.0,7899339776.0,1.04,0.4321,0.188,0.5471,0.33201998,26.0,1951.7307,buy,LALPATHLAB.NS,2026-09-11,1,ok
Industrials,Consulting Services,Latent View Analytics Limited,EQUITY,INR,INR,52278161408.0,46352637952.0,207083230.0,59159852.0,26.742586,19.569767,2.9761975,4.6913505,19.563,4.16,84.823,9.44,12.9,,,0.17536,0.33273,0.15856,0.21263,0.215,-0.053,-0.053,1.863,,,7198099968.0,332409984.0,,,11143520256.0,2369447424.0,,0.0,0.434,0.71347,0.0346,5.0,317.0,none,LATENTVIEW.NS,2026-09-11,1,ok
Healthcare,Drug Manufacturers - Specialty & Generic,Laurus Labs Limited,EQUITY,INR,INR,1063874723840.0,1075381862400.0,540312218.0,363426052.0,97.330696,68.03257,20.056023,14.63449,52.688,14.793,98.175,20.23,28.94202,,,0.1504,0.59445,0.25386,0.28076,0.291,1.252,1.255,46.369,,,1136999936.0,25184800768.0,,,72696397824.0,20410300416.0,0.12,0.098900005,0.361,0.32031,0.33161998,13.0,1561.3846,hold,LAURUSLABS.NS,2026-09-11,1,ok
Consumer Cyclical,Lodging,Lemon Tree Hotels Limited,EQUITY,INR,INR,82969788416.0,108965994496.0,791847623.0,614964605.0,35.398647,21.212372,5.9608603,5.5984716,15.233,7.353,17.578,2.96,4.93957,,,0.15843001,0.71756,0.33394,0.48269,0.092,0.208,0.201,96.367,,,1641208064.0,20036470784.0,,,14820078592.0,7153481728.0,,0.0,-0.18,0.22326,0.43694,22.0,150.04546,strong_buy,LEMONTREE.NS,2026-09-11,1,ok
Healthcare,Medical Instruments & Supplies,Lenskart Solutions Limited,EQUITY,INR,INR,1180409266176.0,1199215214592.0,1731440176.0,720230631.0,178.93701,96.16375,13.546945,12.256985,92.125,12.448,50.325,3.81,7.08947,,,0.06803,0.6897,0.10458,0.13512,0.433,2.581,2.692,34.983,,,36740300800.0,30965960704.0,,,96337600512.0,13017294848.0,,0.0,,0.42353,0.3575,22.0,677.2727,buy,LENSKART.NS,2026-09-11,1,ok
Technology,Consumer Electronics,LG Electronics India Limited,EQUITY,INR,INR,1111014768640.0,1079803379712.0,678772392.0,101815859.0,60.870216,40.918987,14.49355,4.3440886,41.027,4.222,112.933,26.89,40.00099,,,0.07135,0.29937,0.109560005,0.102910005,0.155,0.272,0.272,5.99,,,44762648576.0,4591560192.0,,,255753240576.0,26319532032.0,,0.0,,0.85,0.07904,29.0,1875.8276,buy,LGEINDIA.NS,2026-09-11,1,ok
Financial Services,Mortgage Finance,LIC Housing Finance Limited,EQUITY,INR,INR,309630468096.0,2952504279040.0,550063000.0,299803002.0,5.39538,5.1643786,0.7474836,3.5166657,,33.533,753.06,104.33,108.99666,,,0.65177,0.98489,0.82443,0.0,0.145,0.099,0.099,642.522,,,13484000256.0,2662161973248.0,,,88046600192.0,,1.81,0.0959,0.228,0.02342,0.75553,25.0,587.08,hold,LICHSGFIN.NS,2026-09-11,1,ok
Financial Services,Insurance - Life,Life Insurance Corporation of India,EQUITY,INR,INR,5111863050240.0,4409792659456.0,12649995402.0,1265126040.0,8.507368,6.8716145,2.8945127,0.25650355,6.505,0.443,139.609,47.5,58.80714,,,0.06515,0.11083999,0.06426,0.06803,0.068,0.4,0.19,0.431,,,731417477120.0,7619200000.0,,,9964507627520.0,677869846528.0,2.45,0.3368,0.539,0.89999,0.01043,23.0,528.0,strong_buy,LICI.NS,2026-09-11,1,ok
Basic Materials,Specialty Chemicals,Linde India Limited,EQUITY,INR,INR,531107512320.0,,85284223.0,18432479.0,97.06203,72.37071,12.448178,20.012169,,,500.274,64.16,86.05,,,0.20587,0.58523,0.20444,0.34228,0.131,6.764,6.769,,,,,,,,26539229184.0,9083792384.0,0.06,0.070199996,-0.064,0.77975,0.07817,2.0,6683.0,none,LINDEINDIA.NS,2026-09-11,1,ok
Basic Materials,Steel,Lloyds Metals and Energy Limited,EQUITY,INR,INR,1012436434944.0,1204096335872.0,562589673.0,123992811.0,20.925581,12.526799,7.301527,4.579751,14.984,5.447,246.469,86.0,143.66,,,0.21511999,0.54447,0.34264,0.3635,2.086,1.693,1.691,145.214,,,28079900672.0,207163604992.0,,,221068001280.0,80357621760.0,0.06,0.0117,0.077,0.77731,0.031719998,7.0,2132.5715,none,LLOYDSME.NS,2026-09-11,1,ok
Real Estate,Real Estate - Development,Lodha Developers Limited,EQUITY,INR,INR,1116032466944.0,1202599886848.0,999223237.0,448832540.0,27.12239,22.631021,4.7911973,6.138387,20.494,6.615,233.115,41.16,49.35261,,,0.22692,0.43657002,0.37088,0.32275,0.431,1.033,1.034,42.238,,,59927998464.0,98959998976.0,,,181812002816.0,58679750656.0,0.36,0.1031,0.611,0.70295,0.19284001,18.0,1339.6111,strong_buy,LODHA.NS,2026-09-11,1,ok
Industrials,Engineering & Construction,Larsen & Toubro Limited,EQUITY,INR,INR,5408116703232.0,6121851453440.0,1375866086.0,1143342938.0,32.584763,21.852234,4.947575,1.8215231,17.615,2.062,794.47,120.63,179.87634,,,0.05588,0.37425,0.10609999,0.117060006,0.081,0.14,0.14,97.64,,,766146510848.0,1254965903360.0,,,2969008078848.0,347545108480.0,0.96,0.3152,0.507,0.18086,0.52655,29.0,4499.517,buy,LT.NS,2026-09-11,1,ok
Financial Services,Credit Services,L&T Finance Limited,EQUITY,INR,INR,774713638912.0,1768581758976.0,2506352570.0,843753554.0,24.338583,15.825223,2.757704,8.050589,,18.381,112.086,12.7,19.53211,,,0.33076,0.9953,0.45948002,0.0,0.293,0.282,0.287,393.442,,,112093798400.0,1102976647168.0,,,96218898432.0,,0.88,0.21700001,0.639,0.65948,0.18924,21.0,348.09525,buy,LTF.NS,2026-09-11,1,ok
Consumer Defensive,Packaged Foods,LT Foods Limited,EQUITY,INR,INR,152131502080.0,146875170816.0,347252944.0,123381104.0,24.379522,14.482645,8.535635,1.3031619,11.314,1.258,51.326,17.97,30.25,,,0.05485,0.32944,0.1086,0.1112,0.238,0.707,0.71,28.488,,,465561984.0,5035781120.0,,,116740292608.0,12981464064.0,0.91,0.1627,0.366,0.61607,0.15991999,2.0,519.0,none,LTFOODS.NS,2026-09-11,1,ok
Technology,Information Technology Services,LTM Limited,EQUITY,INR,INR,1267371737088.0,1172765802496.0,296461217.0,92753999.0,24.22371,18.579493,5.165851,2.8754888,15.75,2.661,827.55,176.48,230.09239,0.21966,0.12687,0.118669994,0.29768,0.15501,0.16894,0.18,0.169,0.169,9.874,2.932,2.575,149123006464.0,24309000192.0,51833626624.0,49225998336.0,440750014464.0,74461003776.0,1.71,0.4255,0.266,0.68639,0.18959999,38.0,4443.816,buy,LTM.NS,2026-09-11,1,ok
Technology,Information Technology Services,L&T Technology Services Limited,EQUITY,INR,INR,354052308992.0,333247119360.0,106086268.0,27537258.0,27.675594,20.53469,5.4653864,3.1336224,17.841,2.949,610.643,120.59,162.52496,,,0.11684,0.40757,0.15689999,0.16532,0.026,0.128,0.13,8.911,,,30784000000.0,5784999936.0,,,112984997888.0,18678669312.0,1.72,0.4809,0.155,0.73557,0.13217,30.0,3566.0334,hold,LTTS.NS,2026-09-11,1,ok
Healthcare,Drug Manufacturers - Specialty & Generic,Lupin Limited,EQUITY,INR,INR,957971955712.0,937793028096.0,457265861.0,242080911.0,17.535784,20.491953,4.266655,3.1968012,10.849,3.129,491.017,119.47,102.23525,,,0.18450001,0.72361,0.25354,0.28845,0.32,0.16,0.161,29.388,,,78946500608.0,66161799168.0,,,299665784832.0,86437453824.0,0.87,0.0994,0.163,0.47022,0.35928002,36.0,2490.5833,hold,LUPIN.NS,2026-09-11,1,ok
Consumer Cyclical,Auto Manufacturers,Mahindra & Mahindra Limited,EQUITY,INR,INR,3730768396288.0,4513292877824.0,1200762264.0,822408275.0,18.909378,19.722187,3.72978,1.7388325,11.292,2.104,833.025,163.06,157.53831,,,0.08609,0.38589,0.17031,0.18629,0.275,0.334,0.336,125.278,,,513403715584.0,1371686043648.0,,,2145559379968.0,399701737472.0,1.05,0.2008,0.28,0.25214002,0.53201,34.0,4173.5884,strong_buy,M&M.NS,2026-09-11,1,ok
Financial Services,Credit Services,Mahindra & Mahindra Financial Services Limited,EQUITY,INR,INR,494914633728.0,1625495306240.0,1389624195.0,644009534.0,15.371169,11.684657,1.8572114,4.699629,,15.435,191.766,23.17,30.48014,,,0.30887,0.86336,0.43799,0.0,0.367,0.64,0.754,429.851,,,21435099136.0,1147356053504.0,,,105309298688.0,,2.06,0.2771,0.333,0.53642,0.377,34.0,393.5588,buy,M&MFIN.NS,2026-09-11,1,ok
Financial Services,Banks - Regional,Bank of Maharashtra,EQUITY,INR,INR,647628914688.0,887611916288.0,7691554950.0,2030936300.0,8.618218,6.7359996,1.8146943,4.5900083,,6.291,46.399,9.79,12.5,0.22961001,0.019,0.53409,0.0,0.57523,0.0,0.218,0.342,0.345,,,,148798193664.0,387485990912.0,,,141095370752.0,,2.61,0.22469999,0.777,0.73600996,0.16888,3.0,95.33333,none,MAHABANK.NS,2026-09-11,1,ok
Financial Services,Credit Services,Manappuram Finance Limited,EQUITY,INR,INR,309041594368.0,822535913472.0,939336102.0,546881479.0,19.467457,10.683004,1.9254066,6.5059853,,17.316,170.873,16.9,30.79658,,,0.30516002,0.97553,0.52393,0.0,0.801,2.885,3.224,360.191,,,66627350528.0,578366144512.0,,,47501119488.0,,1.25,0.122200005,0.79,0.31913,0.39736998,15.0,374.66666,buy,MANAPPURAM.NS,2026-09-11,1,ok
Healthcare,Drug Manufacturers - Specialty & Generic,Mankind Pharma Limited,EQUITY,INR,INR,941742817280.0,967720960000.0,413045090.0,112949831.0,46.721313,32.335773,5.774418,6.389188,24.88,6.566,394.845,48.8,70.51014,,,0.13859999,0.70761,0.20605,0.26391,0.129,0.296,0.296,38.111,,,22076499968.0,63115399168.0,,,147378798592.0,38895476736.0,0.08,0.0202,0.452,0.75391996,0.19553,19.0,2741.7368,none,MANKIND.NS,2026-09-11,1,ok
Technology,Software - Infrastructure,C. E. Info Systems Limited,EQUITY,INR,INR,50697785344.0,48218116096.0,54761056.0,17238780.0,36.88446,22.48543,5.602285,10.300031,29.554,9.796,165.254,24.72,41.17333,,,0.28,0.66616,0.33617002,0.33146998,0.149,0.079,0.079,0.778,,,3324999936.0,70400000.0,,,4922100224.0,1631549952.0,0.37,0.1393,-0.0,0.69431,0.13713999,6.0,1226.8334,none,MAPMYINDIA.NS,2026-09-11,1,ok
Consumer Defensive,Household & Personal Products,Marico Limited,EQUITY,INR,INR,1041107386368.0,1026423586816.0,1297977056.0,551726279.0,55.203026,41.19163,24.732508,7.256621,42.494,7.154,32.431,14.57,19.4724,,,0.13159999,0.4387,0.19282,0.16836001,0.214,0.247,0.25,12.394,,,24399998976.0,5569999872.0,,,143470002176.0,24154499072.0,0.49,0.4811,0.174,0.58941,0.25199,39.0,963.8205,buy,MARICO.NS,2026-09-11,1,ok
Consumer Cyclical,Auto Manufacturers,Maruti Suzuki India Limited,EQUITY,INR,INR,3898591674368.0,3786015506432.0,314402574.0,116341914.0,27.207302,20.466705,3.6382124,1.977168,17.837,1.92,3408.267,455.76,605.86206,,,0.07269,0.26352,0.04828,0.10764,0.359,-0.091,-0.091,0.096,,,173457997824.0,1025000000.0,,,1971806011392.0,212254752768.0,1.11,0.29610002,0.228,0.61585,0.26044,39.0,15933.154,buy,MARUTI.NS,2026-09-11,1,ok
Healthcare,Medical Care Facilities,Max Healthcare Institute Limited,EQUITY,INR,INR,1010004000768.0,1038932639744.0,973310251.0,699039362.0,69.36497,44.398064,9.396647,11.5931835,46.261,11.925,110.433,14.96,23.37264,,,0.16723,0.62519,0.19728,0.25778,0.167,0.048,0.047,32.367,,,6657999872.0,34783600640.0,,,87120502784.0,22458050560.0,0.19,0.1341,0.113,0.28203,0.61411,27.0,1169.4814,buy,MAXHEALTH.NS,2026-09-11,1,ok
Industrials,Aerospace & Defense,Mazagon Dock Shipbuilders Limited,EQUITY,INR,INR,943505801216.0,837146574848.0,403380000.0,75759686.0,35.178223,29.477999,9.672124,7.0815587,34.793,6.283,241.829,66.49,79.34731,,,0.20120001,0.32578,0.14191,0.18059,0.121,0.215,0.215,4.481,,,130964897792.0,4473699840.0,,,133234196480.0,24060749824.0,0.87,0.2439,0.617,0.81218004,0.059310004,12.0,2599.0,hold,MAZDOCK.NS,2026-09-11,1,ok
Financial Services,Financial Data & Stock Exchanges,Multi Commodity Exchange of India Limited,EQUITY,INR,INR,833788182528.0,802547957760.0,254514090.0,216463002.0,54.24739,40.93824,19.813597,30.046206,39.118,28.92,165.341,59.4,80.02298,,,0.5556,0.95473,0.69577,0.73931,0.853,1.034,1.035,0.113,,,39172698112.0,47600000.0,,,27750199296.0,20515975168.0,0.24,0.0992,0.685,0.19534999,0.53051,15.0,3343.6667,buy,MCX.NS,2026-09-11,1,ok
Healthcare,Medical Care Facilities,Global Health Limited,EQUITY,INR,INR,388889903104.0,392835268608.0,268718832.0,88414430.0,70.320694,42.876137,9.813455,8.303452,40.579,8.388,147.471,20.58,33.75304,,,0.11875,0.52789,0.16700001,0.2067,0.265,-0.002,-0.002,29.869,,,11302280192.0,11900460032.0,,,46834728960.0,9680792576.0,0.03,0.0242,0.143,0.66386,0.24509001,18.0,1592.0555,buy,MEDANTA.NS,2026-09-11,1,ok
Consumer Cyclical,Internet Retail,Meesho Limited,EQUITY,INR,INR,1004259966976.0,1005965541376.0,4626220635.0,1665466253.0,,149.51031,22.867376,7.2586823,-69.392,7.271,9.493,-2.61,1.45194,,,-0.08682,0.93148005,-0.065799996,-0.104779996,0.483,,,1.428,,,28449120256.0,626289984.0,,,138352934912.0,-14496777216.0,,0.0,,0.40311,0.4044,17.0,205.35294,buy,MEESHO.NS,2026-09-11,1,ok
Financial Services,Insurance - Life,Max Financial Services Limited,EQUITY,INR,INR,507052261376.0,404383629312.0,343298749.0,206073900.0,453.06747,131.93814,18.532228,1.0172938,101.86,0.811,79.699,3.26,11.19464,,,0.00221,0.11765,0.04599,0.00796,-0.402,,,12.673,,,4491100160.0,3572400128.0,,,498432475136.0,3969989120.0,,0.0,0.707,0.02078,0.81689,25.0,2014.72,strong_buy,MFSL.NS,2026-09-11,1,ok
Utilities,Utilities - Regulated Gas,Mahanagar Gas Limited,EQUITY,INR,INR,107104747520.0,99598041088.0,98777778.0,56788818.0,14.970317,11.602015,1.6663593,1.2548283,7.642,1.167,650.7,72.43,93.45791,,,0.08382,0.29021,0.09854999,0.1527,0.139,-0.393,-0.393,3.461,,,11498999808.0,2229299968.0,,,85354102784.0,13033575424.0,3.27,0.41419998,0.74,0.42501,0.33622003,30.0,1308.8334,buy,MGL.NS,2026-09-11,1,ok
Consumer Cyclical,Auto Parts,Minda Corporation Limited,EQUITY,INR,INR,166035357696.0,179010256896.0,235360911.0,76529954.0,33.67303,30.358727,6.292088,2.4983764,25.022,2.694,112.117,20.95,23.23714,,,0.07539,0.35548002,0.07735,0.107650004,0.332,2.158,2.155,55.351,,,1384000000.0,14714999808.0,,,66457300992.0,7154050048.0,0.23,0.0716,0.461,0.67469,0.17889999,8.0,794.0,none,MINDACORP.NS,2026-09-11,1,ok
Industrials,Conglomerates,MMTC Limited,EQUITY,INR,INR,92879994880.0,76149891072.0,1500000000.0,149637275.0,21.061224,,4.380925,3402.1975,-42.718,2789.373,14.134,2.94,,,,163.86812,1.0,-30.72059,0.0,-0.5,1.3,1.355,0.114,,,17886699520.0,24200000.0,,,27300000.0,-1782599936.0,,0.0,0.639,0.89944,0.01745,,,none,MMTC.NS,2026-09-11,1,ok
Consumer Cyclical,Auto Parts,Samvardhana Motherson International Limited,EQUITY,INR,INR,1731860889600.0,1857663926272.0,10531231231.0,4409847766.0,39.626503,23.731358,4.226203,1.3272687,16.082,1.424,38.912,4.15,6.92965,,,0.033570003,0.43823,0.04978,0.08853,0.166,1.042,1.016,43.908,,,79525003264.0,191696994304.0,,,1304830672896.0,115511148544.0,0.31,0.0841,1.044,0.59464,0.27594998,22.0,171.45454,buy,MOTHERSON.NS,2026-09-11,1,ok
Financial Services,Capital Markets,Motilal Oswal Financial Services Limited,EQUITY,INR,INR,618103570432.0,773652480000.0,602146704.0,158325311.0,32.108227,17.393803,4.7936378,7.16921,,8.971,214.138,31.97,59.01527,,,0.22963,0.629,0.51267,0.0,0.239,0.087,0.096,165.8,,,52623298560.0,214747299840.0,,,86241697792.0,,1.07,0.1861,0.362,0.52762,0.29023,5.0,1120.8,none,MOTILALOFS.NS,2026-09-11,1,ok
Technology,Information Technology Services,Mphasis Limited,EQUITY,INR,INR,437925150720.0,431806054400.0,190817050.0,131171590.0,22.968374,18.092285,3.8632655,2.6490808,15.247,2.612,594.057,99.92,126.84965,0.17743999,0.09043,0.115559995,0.44451,0.14783,0.17132,0.175,0.107,0.108,24.675,1.459,1.265,33588600832.0,27977879552.0,3941232384.0,14264129536.0,165312118784.0,28321259520.0,2.71,0.56990004,0.489,0.31201,0.57348996,37.0,2616.0,buy,MPHASIS.NS,2026-09-11,1,ok
Consumer Cyclical,Auto Parts,MRF Limited,EQUITY,INR,INR,544096223232.0,523795300352.0,4241143.0,2454562.0,22.475435,19.160202,2.594077,1.7054982,11.052,1.642,49454.97,5708.01,6695.65,,,0.075840004,0.35834,0.06452,0.14856,0.096,-0.01,-0.01,15.288,,,52284600320.0,32066600960.0,,,319024791552.0,47392776192.0,0.36,0.041199997,0.146,0.47884998,0.18325001,10.0,139232.3,none,MRF.NS,2026-09-11,1,ok
Energy,Oil & Gas Refining & Marketing,Mangalore Refinery and Petrochemicals Limited,EQUITY,INR,INR,308212006912.0,464842620928.0,1752598777.0,175633791.0,9.819096,3.4347656,2.1629665,0.28130528,5.496,0.424,81.305,17.61,51.2,,,0.028670002,0.11125,0.02396,0.07719,1.204,,,108.059,,,6105900032.0,153410207744.0,,,1095649525760.0,84574691328.0,2.17,0.2232,0.093,0.89967,0.02103,2.0,182.5,none,MRPL.NS,2026-09-11,1,ok
Consumer Cyclical,Auto Parts,Motherson Sumi Wiring India Limited,EQUITY,INR,INR,240729325568.0,242664587264.0,6631661898.0,2536478043.0,39.032257,24.693375,11.134969,1.9521164,25.661,1.968,3.26,0.93,1.47003,,,0.05088,0.30129,0.05855,0.07669,0.364,0.0,0.016,10.788,,,662000000.0,2332000000.0,,,123317100544.0,9456650240.0,1.58,0.0,0.04,0.61749,0.20692,14.0,48.57143,none,MSUMI.NS,2026-09-11,1,ok
Financial Services,Credit Services,Muthoot Finance Limited,EQUITY,INR,INR,1120940195840.0,2609999773696.0,401468476.0,106988473.0,9.767711,8.746495,2.7608473,5.470299,,12.737,1011.32,285.85,319.225,0.31735,0.06402,0.55502,1.0,0.74571997,0.0,0.353,0.388,0.388,393.56,106.853,106.853,161639219200.0,1624182226944.0,,,204913885184.0,,1.06,0.105900005,0.517,0.73352,0.16928,23.0,3389.261,none,MUTHOOTFIN.NS,2026-09-11,1,ok
Financial Services,Asset Management,Nippon Life India Asset Management Limited,EQUITY,INR,INR,761084116992.0,717620838400.0,639781566.0,178391708.0,47.13154,35.549,16.292765,24.412971,33.572,23.019,73.014,25.71,33.46367,,,0.52507997,0.83172995,0.71078,0.68566,0.245,0.264,0.272,1.617,,,39300001792.0,753400000.0,,,31175399424.0,21375725568.0,1.81,0.85150003,0.63,0.00551,0.89643997,24.0,1241.875,buy,NAM-INDIA.NS,2026-09-11,1,ok
Healthcare,Drug Manufacturers - Specialty & Generic,NATCO Pharma Limited,EQUITY,INR,INR,148703526912.0,132466581504.0,179109870.0,83678170.0,12.884798,17.213581,1.5834436,4.267449,12.384,3.801,514.922,63.28,47.36667,,,0.32839,0.82638,0.18961,0.30696,-0.447,-0.57,-0.57,7.742,,,21290999808.0,7138999808.0,,,34845999104.0,10696500224.0,0.73,0.0783,0.163,0.50952,0.12848,9.0,1004.44446,none,NATCOPHARM.NS,2026-09-11,1,ok
Basic Materials,Aluminum,National Aluminium Company Limited,EQUITY,INR,INR,663024107520.0,599084105728.0,1836631787.0,893958601.0,9.928493,9.309279,3.0684493,3.4285204,6.533,3.098,117.649,36.36,38.77851,,,0.34908,0.71341,0.47623003,0.47417998,0.393,0.911,0.909,0.277,,,87006699520.0,598300032.0,,,193384906752.0,91699421184.0,1.07,0.3536,0.715,0.51278,0.21933001,13.0,410.69232,buy,NATIONALUM.NS,2026-09-11,1,ok
Communication Services,Internet Content & Information,Info Edge (India) Limited,EQUITY,INR,INR,810190241792.0,800651018240.0,647737579.0,311594162.0,50.70126,54.087364,2.1369655,24.008354,66.83,23.726,585.316,24.67,23.58832,,,0.47402,0.56393003,0.34807998,0.35501,0.114,0.507,0.506,0.64,,,45885431808.0,2585299968.0,,,33746180096.0,11980380160.0,1.14,0.3405,0.298,0.47017,0.38654998,22.0,1468.8636,none,NAUKRI.NS,2026-09-11,1,ok
Industrials,Conglomerates,Nava Limited,EQUITY,INR,INR,156346056704.0,165535318016.0,283312597.0,132068205.0,20.63762,,1.7858068,3.6279483,10.124,3.841,309.02,26.74,,,,0.17541,0.52981997,0.35086,0.37942,0.016,-0.1,-0.1,20.684,,,34930257920.0,22264098816.0,,,43094896640.0,16350865408.0,1.51,0.33630002,0.437,0.52443004,0.05671,,,none,NAVA.NS,2026-09-11,1,ok
Basic Materials,Chemicals,Navin Fluorine International Limited,EQUITY,INR,INR,438350839808.0,445612523520.0,51300054.0,36201480.0,55.477272,42.474667,11.0160675,12.063883,36.292,12.264,775.549,154.0,201.14343,,,0.21733,0.56749,0.30179,0.33792,0.441,1.009,1.077,32.091,,,13030500352.0,12754799616.0,,,36335800320.0,12278649856.0,0.17,0.0979,0.259,0.28594,0.40817,29.0,8187.448,buy,NAVINFLUOR.NS,2026-09-11,1,ok
Industrials,Engineering & Construction,NBCC (India) Limited,EQUITY,INR,INR,223829999616.0,164836212736.0,2700000000.0,1038778181.0,30.036232,29.607143,7.4516854,1.7150016,15.239,1.263,11.125,2.76,2.8,,,0.05691,0.12389,0.09309,0.08288,-0.059,0.163,0.172,0.008,,,65157222400.0,2579000.0,,,130513002496.0,10817005568.0,1.29,0.2473,0.666,0.61754,0.14778,1.0,133.0,strong_buy,NBCC.NS,2026-09-11,1,ok
Industrials,Engineering & Construction,NCC Limited,EQUITY,INR,INR,88488697856.0,130507341824.0,627846588.0,414077382.0,12.640359,10.226516,1.1245333,0.41242245,6.83,0.608,125.332,11.15,13.78182,,,0.03261,0.16212,0.081870005,0.08906,0.122,0.127,0.126,57.389,,,7049200128.0,46078599168.0,,,214558392320.0,19107649536.0,1.54,0.1973,0.555,0.35761002,0.24348,11.0,195.90909,none,NCC.NS,2026-09-11,1,ok
Consumer Defensive,Packaged Foods,Nestlé India Limited,EQUITY,INR,INR,2667437359104.0,2664269086720.0,1928314320.0,702369208.0,69.793144,55.71974,51.725685,10.934347,47.542,10.921,26.743,19.82,24.82603,,,0.15623,0.55135,0.21170999,0.22972,0.252,0.481,0.483,8.621,,,13205699584.0,4445599744.0,,,243950305280.0,56040873984.0,0.87,0.3541,0.419,0.62765,0.17363001,36.0,1592.1111,none,NESTLEIND.NS,2026-09-11,1,ok
Technology,Computer Hardware,Netweb Technologies India Limited,EQUITY,INR,INR,298834558976.0,282487390208.0,59445906.0,18808652.0,108.99827,60.6615,39.471413,11.059603,78.951,10.455,127.358,46.12,82.8697,,,0.096470006,0.20413,0.14297,0.13242,1.721,1.784,1.799,39.019,,,5893499904.0,2822230016.0,,,27020369920.0,3578030080.0,0.06,0.0545,1.737,0.65132004,0.10487001,4.0,5362.0,none,NETWEB.NS,2026-09-11,1,ok
Healthcare,Drug Manufacturers - Specialty & Generic,Neuland Laboratories Limited,EQUITY,INR,INR,301951451136.0,307597377536.0,12829889.0,4859064.0,60.75744,47.949196,16.108608,49.846783,575.842,50.779,1461.02,387.94,490.832,,,0.022880001,0.35241002,0.30601,0.08818,1.192,9.628,9.624,16.072,1.424,0.682,766704000.0,3012721920.0,,,6057591808.0,534169504.0,0.14,0.0309,-0.321,0.37736,0.28254998,4.0,24334.75,none,NEULANDLAB.NS,2026-09-11,1,ok
Technology,Software - Infrastructure,Newgen Software Technologies Limited,EQUITY,INR,INR,70873751552.0,60943835136.0,141351724.0,56404517.0,22.801273,17.147743,3.9821777,4.3949556,14.992,3.784,125.911,21.99,29.24,,,0.19478,0.53375,0.13094,0.25242,0.112,0.278,0.263,2.214,,,11144639488.0,393560992.0,,,16104229888.0,4065012480.0,1.18,0.2252,0.53,0.63402003,0.08906999,6.0,615.0,none,NEWGEN.NS,2026-09-11,1,ok
Healthcare,Medical Care Facilities,Narayana Hrudayalaya Limited,EQUITY,INR,INR,379634221056.0,421261901824.0,203099835.0,65950578.0,46.198715,26.67155,8.367055,4.184496,26.006,4.643,223.4,40.46,70.08216,,,0.08996,0.39756,0.11686,0.17854999,0.78,0.054,0.054,129.033,,,25195450368.0,58574950400.0,,,90723999744.0,16198612992.0,0.24,0.1113,0.144,0.67233,0.1284,14.0,2213.0715,none,NH.NS,2026-09-11,1,ok
Utilities,Utilities - Renewable,NHPC Limited,EQUITY,INR,INR,767239716864.0,1348179984384.0,10045034805.0,3875659874.0,28.080881,11.934375,1.8561813,6.283787,23.099,11.042,41.149,2.73,6.4,,,0.31094998,0.934,0.46019,0.47801,0.185,0.028,0.029,113.111,,,36618399744.0,547509993472.0,,,122098302976.0,58364776448.0,2.11,0.6997,0.183,0.62477,0.21554,7.0,86.0,hold,NHPC.NS,2026-09-11,1,ok
Financial Services,Insurance - Diversified,The New India Assurance Company Limited,EQUITY,INR,INR,326946717696.0,106259103744.0,1648000000.0,75494880.0,44.28348,10.258015,0.848299,0.6314618,18.51,0.205,233.868,4.48,19.34,,,0.0148599995,0.17721,-0.01652,0.011089999,0.015,,,,,,219491500032.0,0.0,,,517761695744.0,5740700160.0,0.73,0.3854,1.111,0.85436994,0.108109996,3.0,170.33333,none,NIACL.NS,2026-09-11,1,ok
Financial Services,Insurance - Life,Niva Bupa Health Insurance Company Limited,EQUITY,INR,INR,147842105344.0,148689747968.0,1849644703.0,628349862.0,75.40566,23.584501,3.853348,1.6457419,24.731,1.655,20.743,1.06,3.38909,0.121350005,,0.04814,0.11248,0.07807,0.066929996,0.279,0.897,0.929,6.799,1358.161,114.667,784000000.0,2607899904.0,,12084599808.0,89833103360.0,6012400128.0,,0.0,,0.76126,0.16206,11.0,99.36364,buy,NIVABUPA.NS,2026-09-11,1,ok
Utilities,Utilities - Regulated Electric,NLC India Limited,EQUITY,INR,INR,366626734080.0,492737069056.0,1386636609.0,395927319.0,11.123264,9.756457,1.7031473,1.994632,8.045,2.681,155.242,23.77,27.1,,,0.17458001,0.80471003,0.28304002,0.3332,-0.003,-0.127,-0.206,82.0,,,4175899904.0,115108700160.0,,,183806705664.0,61245124608.0,1.42,0.2146,0.488,0.72523004,0.1451,1.0,390.0,none,NLCINDIA.NS,2026-09-11,1,ok
Basic Materials,Steel,NMDC Limited,EQUITY,INR,INR,724445757440.0,693356462080.0,8791817550.0,3443469555.0,9.85646,7.97071,2.1229453,2.254924,7.474,2.158,38.814,8.36,10.33785,,,0.23216999,0.46613997,0.3481,0.28876,0.008,0.004,0.004,18.802,,,113947598848.0,64068100096.0,,,321272807424.0,92772220928.0,2.33,0.4127,0.641,0.60797,0.20086001,23.0,89.56522,hold,NMDC.NS,2026-09-11,1,ok
Basic Materials,Steel,NMDC Steel Limited,EQUITY,INR,INR,127950249984.0,154730348544.0,2930605850.0,1030350831.0,155.92857,,0.969339,0.9179674,9.992,1.11,45.041,0.28,,,,0.006,0.3448,0.04299,0.111090004,0.088,1.111,0.976,35.019,,,7999799808.0,46131798016.0,,,139384307712.0,15484675072.0,,0.0,0.69,0.60793996,0.17063999,,,none,NSLNISP.NS,2026-09-11,1,ok
Utilities,Utilities - Regulated Electric,NTPC Limited,EQUITY,INR,INR,3232868597760.0,4364915703808.0,9696666134.0,4335028757.0,10.192602,11.832753,1.5918336,1.6920588,7.404,2.285,209.444,32.71,28.17603,,,0.14531,0.48183,0.18428,0.30857,0.08,-0.016,-0.016,118.127,,,128116301824.0,1234561925120.0,,,1910612426752.0,589559955456.0,3.69,0.2706,0.287,0.53998,0.38444,30.0,429.7,strong_buy,NTPC.NS,2026-09-11,1,ok
Utilities,Utilities - Renewable,NTPC Green Energy Limited,EQUITY,INR,INR,732585132032.0,1056020234240.0,8426329669.0,930862811.0,140.22581,30.986809,3.927539,22.300442,37.028,32.146,22.136,0.62,2.80571,,,0.18476,1.0,0.58362997,0.86816,0.627,0.385,0.383,165.281,,,6175000064.0,317161406464.0,,,32850700288.0,28519800832.0,,0.0,,0.89007,0.06093,7.0,103.71429,none,NTPCGREEN.NS,2026-09-11,1,ok
Financial Services,Asset Management,Nuvama Wealth Management Limited,EQUITY,INR,INR,320424968192.0,193855766528.0,184449106.0,73684820.0,30.222685,20.695246,7.671484,8.3169155,,5.032,226.449,57.48,83.94198,,,0.28107,0.90196,0.3721,0.0,0.225,0.156,0.158,282.325,,,242923896832.0,116407001088.0,,,38526898176.0,,1.59,0.4806,0.377,0.58261,0.18437,9.0,2031.6666,none,NUVAMA.NS,2026-09-11,1,ok
Basic Materials,Building Materials,Nuvoco Vistas Corporation Limited,EQUITY,INR,INR,117915107328.0,166606651392.0,357156153.0,99998323.0,30.569443,19.521284,1.1527905,1.0170093,8.6,1.437,286.392,10.8,16.91231,,,0.03329,0.63677,0.10953,0.16708,0.089,0.198,0.2,48.061,,,962600000.0,49160998912.0,,,115942998016.0,19371849728.0,,0.0,0.322,0.72018,0.26834,18.0,435.83334,strong_buy,NUVOCO.NS,2026-09-11,1,ok
Consumer Cyclical,Internet Retail,FSN E-Commerce Ventures Limited,EQUITY,INR,INR,987085799424.0,987982462976.0,2865270707.0,1213435753.0,387.07864,117.3637,68.59817,9.268925,160.971,9.277,5.022,0.89,2.93532,,,0.02405,0.45354,0.05269,0.05763,0.291,2.5,2.431,82.829,,,4181100032.0,12441799680.0,,,106494099456.0,6137650176.0,,0.0,0.356,0.56136,0.31905,26.0,343.23077,hold,NYKAA.NS,2026-09-11,1,ok
Real Estate,Real Estate - Development,Oberoi Realty Limited,EQUITY,INR,INR,633067864064.0,646941114368.0,363602237.0,117047196.0,24.048342,16.288702,3.532424,10.013092,18.088,10.233,492.891,72.36,106.89004,,,0.41592997,0.62612,0.53744,0.56571,0.317,0.289,0.29,15.765,,,32888037376.0,28253941760.0,,,63224012800.0,35766493184.0,0.44,0.1106,0.322,0.67705,0.24184999,27.0,2054.1482,buy,OBEROIRLTY.NS,2026-09-11,1,ok
Technology,Software - Infrastructure,Oracle Financial Services Software Limited,EQUITY,INR,INR,1024358809600.0,973579812864.0,87083127.0,23869085.0,30.102106,25.94684,14.785403,11.451619,21.692,10.884,795.582,390.77,453.35,0.49897,0.30941,0.38154,0.58602,0.59574,0.50176,0.687,1.202,1.205,0.567,4.413,3.946,47734001664.0,393000000.0,30884249600.0,36011999232.0,89451003904.0,44883001344.0,5.72,1.0225,0.506,0.72463,0.13494,2.0,13050.0,none,OFSS.NS,2026-09-11,1,ok
Energy,Oil & Gas Integrated,Oil India Limited,EQUITY,INR,INR,796712435712.0,1185976811520.0,1626607791.0,543752950.0,9.540319,7.4355083,1.3734584,2.0682662,7.151,3.079,356.618,51.34,65.8731,,,0.21685,0.56889,0.40747002,0.43051997,0.577,0.914,0.914,58.741,,,60454100992.0,374779805696.0,,,385207894016.0,165839224832.0,2.6,0.2336,0.256,0.67726,0.22561,21.0,536.0952,buy,OIL.NS,2026-09-11,1,ok
Consumer Cyclical,Auto Manufacturers,Ola Electric Mobility Limited,EQUITY,INR,INR,170295967744.0,193223983104.0,4418680703.0,2080588457.0,,-12.886443,5.0730553,9.058295,-15.819,10.278,7.597,-4.13,-2.99074,,,-0.92606,0.30957,-0.64176005,-0.64972997,-0.45,,,82.453,,,7089999872.0,27630000128.0,,,18800001024.0,-12215000064.0,,0.0,1.366,0.39256,0.24568,8.0,29.875,none,OLAELEC.NS,2026-09-11,1,ok
Industrials,Farm & Heavy Construction Machinery,Olectra Greentech Limited,EQUITY,INR,INR,99276652544.0,101231673344.0,82080737.0,15213422.0,55.99537,27.933025,8.0921955,58.456657,1063.338,59.608,149.465,21.6,43.3,,,0.020079998,0.20547001,0.09316,0.05606,0.657,-0.003,-0.003,30.841,,,1719499008.0,3802938112.0,,,1698295040.0,95201752.0,0.05,0.0185,0.299,0.50267,0.05163,,,none,OLECTRA.NS,2026-09-11,1,ok
Healthcare,Biotechnology,OneSource Specialty Pharma Limited,EQUITY,INR,INR,182582165504.0,190811291648.0,114672891.0,65849895.0,,21.088741,3.137958,11.830304,55.569,12.364,507.4,-4.28,75.5,,,-0.0315,0.67987996,0.11492,0.22249001,0.372,,,25.791,,,1030270016.0,15039389696.0,,,15433430016.0,3433765120.0,,0.0,,0.3549,0.33026,4.0,2056.0,buy,ONESOURCE.NS,2026-09-11,1,ok
Energy,Oil & Gas Integrated,Oil and Natural Gas Corporation Limited,EQUITY,INR,INR,2924914933760.0,4753978818560.0,12580279206.0,3873189762.0,6.721596,5.5963416,0.78680205,0.41539514,4.534,0.675,295.5,34.59,41.545,,,0.06181,0.35334,0.02931,0.14892,0.257,0.214,0.214,42.548,,,352858701824.0,1743164932096.0,,,7041283260416.0,1048605622272.0,6.11,0.39020002,0.097,0.69209,0.22667,30.0,294.7,none,ONGC.NS,2026-09-11,1,ok
Consumer Cyclical,Apparel Manufacturing,Page Industries Limited,EQUITY,INR,INR,394456760320.0,397256589312.0,11153874.0,6370201.0,52.064777,40.690636,26.251638,7.372114,36.012,7.424,1347.154,679.25,869.1189,,,0.14126,0.57983,0.18332,0.20616,0.079,-0.04,-0.04,18.422,,,4262510080.0,2768120064.0,,,53506600960.0,11031187456.0,2.24,0.8116,0.033,0.4643,0.44008,25.0,41895.72,buy,PAGEIND.NS,2026-09-11,1,ok
Basic Materials,Agricultural Inputs,Paradeep Phosphates Limited,EQUITY,INR,INR,161967620096.0,228123934720.0,1038520250.0,430423225.0,15.112404,13.620961,2.38522,0.6907792,9.873,0.973,65.386,10.32,11.45,,,0.04575,0.25261,0.10035,0.09854999,0.631,0.208,0.534,101.822,,,4092199936.0,69062803456.0,,,234470899712.0,23106945024.0,0.95,0.09689999,-0.086,0.58432996,0.23196,4.0,162.0,buy,PARADEEP.NS,2026-09-11,1,ok
Consumer Defensive,Packaged Foods,Patanjali Foods Limited,EQUITY,INR,INR,370966986752.0,389612896256.0,1087879698.0,345162408.0,18.829376,18.68493,2.8305802,0.8679417,19.627,0.912,120.47,18.11,18.25,,,0.046090003,0.13196,0.04322,0.04644,0.274,0.861,0.861,21.295,,,7882415104.0,27888263168.0,,,427410030592.0,19850938368.0,1.19,0.23020001,-0.179,0.69499,0.17408001,4.0,532.5,none,PATANJALI.NS,2026-09-11,1,ok
Technology,Software - Infrastructure,One97 Communications Limited,EQUITY,INR,INR,1158848053248.0,967981137920.0,641133110.0,524162790.0,179.13776,57.18172,7.230839,12.923475,149.023,10.795,249.971,9.91,31.60975,,,0.07249,0.3698,0.029409999,0.07244,0.277,0.799,0.796,1.073,,,145910005760.0,1720000000.0,,,89670000640.0,6495499776.0,,0.0,-0.265,0.24924,0.47744998,20.0,1584.0,buy,PAYTM.NS,2026-09-11,1,ok
Basic Materials,Specialty Chemicals,PCBL Chemical Limited,EQUITY,INR,INR,130255790080.0,178936987648.0,393462604.0,189814229.0,50.15909,21.221153,3.260741,1.5237055,17.866,2.093,101.526,6.6,15.6,,,0.030269999,0.30005,0.1182,0.11715999,0.17,0.589,0.648,124.132,,,2813400064.0,49890598912.0,,,85486198784.0,10015575040.0,1.34,0.91050005,0.581,0.070549995,0.63974,11.0,362.9091,none,PCBL.NS,2026-09-11,1,ok
Technology,Information Technology Services,Persistent Systems Limited,EQUITY,INR,INR,861770416128.0,848068280320.0,156231044.0,102272748.0,44.498226,31.187147,10.250102,5.4826665,30.399,5.395,538.141,123.96,176.86774,0.25203,0.14809,0.12236,0.31683,0.15962,0.17749001,0.291,0.121,0.137,6.94,2.711,2.074,19521921024.0,5841339904.0,8424863744.0,14647189504.0,157180887040.0,27898140672.0,0.65,0.30290002,0.079,0.33164,0.43997002,34.0,5524.9414,hold,PERSISTENT.NS,2026-09-11,1,ok
Energy,Oil & Gas Refining & Marketing,Petronet LNG Limited,EQUITY,INR,INR,430800044032.0,355376627712.0,1500000088.0,729749844.0,10.23886,10.125611,1.9327835,1.1589092,6.12,0.956,148.594,28.05,28.36372,,,0.113199994,0.18132,0.24001,0.15622,-0.532,0.351,0.351,10.507,,,101141299200.0,23414599680.0,,,371728908288.0,58070999040.0,3.5,0.35650003,0.458,0.50181,0.28652,31.0,317.03226,buy,PETRONET.NS,2026-09-11,1,ok
Financial Services,Credit Services,Power Finance Corporation Limited,EQUITY,INR,INR,1166421000192.0,11262242062336.0,3300101760.0,1407625405.0,4.478586,3.909845,0.8160707,2.4399107,,23.558,433.112,78.92,90.4,,,0.54484004,0.99218005,0.85533994,0.0,0.008,0.021,0.021,536.837,36.784,36.625,388332716032.0,10044551725056.0,,155172405248.0,478058905600.0,,4.42,0.185,0.599,0.55999,0.25556,14.0,491.42856,none,PFC.NS,2026-09-11,1,ok
Healthcare,Drug Manufacturers - General,Pfizer Limited,EQUITY,INR,INR,185744932864.0,157173661696.0,45747732.0,15103614.0,25.290894,19.839727,4.4194484,7.228076,17.341,6.116,918.712,160.54,204.65,,,0.28608,0.64188004,0.35718,0.35269,0.083,0.066,0.066,1.671,,,30883899392.0,702300032.0,,,25697699840.0,9063449600.0,1.83,0.2178,0.117,0.66955,0.17312999,4.0,6008.5,strong_buy,PFIZER.NS,2026-09-11,1,ok
Communication Services,Entertainment,Prime Focus Limited,EQUITY,INR,INR,242081873920.0,296985886720.0,778773880.0,98987466.0,225.25363,32.046394,11.5635,4.9208856,18.872,6.037,26.882,1.38,9.7,,,0.02349,0.95921,0.096599996,0.3199,0.238,,,224.567,,,9238934528.0,57167257600.0,,,49194778624.0,15737204736.0,,0.0,0.116,0.85556,0.0051499996,1.0,375.0,strong_buy,PFOCUS.NS,2026-09-11,1,ok
Technology,Electronic Components,PG Electroplast Limited,EQUITY,INR,INR,156140699648.0,156791848960.0,286496708.0,153612702.0,76.22378,32.91063,5.1082573,2.6836927,37.627,2.695,106.69,7.15,16.56,,,0.03537,0.16988,0.05983,0.07162,0.353,0.137,0.138,19.567,,,3893722112.0,5965281792.0,,,58181287936.0,4166963200.0,0.05,0.035,-0.16,0.45056,0.26097,10.0,690.5,none,PGEL.NS,2026-09-11,1,ok
Real Estate,Real Estate - Diversified,The Phoenix Mills Limited,EQUITY,INR,INR,676011180032.0,754152505344.0,357677858.0,186201245.0,52.76382,37.85819,6.1502013,14.874509,27.7,16.594,307.307,35.82,49.92315,,,0.28164,0.93678004,0.50796,0.59906,0.128,0.233,0.233,37.211,,,8230745088.0,53230125056.0,,,45447630848.0,27226040320.0,0.13,0.0699,0.317,0.47822,0.38131002,21.0,2102.0952,buy,PHOENIXLTD.NS,2026-09-11,1,ok
Basic Materials,Specialty Chemicals,Pidilite Industries Limited,EQUITY,INR,INR,1594915684352.0,1561052446720.0,1017879688.0,451185973.0,60.52144,49.3847,14.722215,10.3570795,42.25,10.137,106.431,25.89,31.72845,,,0.17202,0.54792,0.24093,0.23993999,0.213,0.296,0.297,3.776,,,42159800320.0,4172100096.0,,,153992806400.0,36948324352.0,0.73,0.3852,0.402,0.69342005,0.17415,21.0,1786.3334,buy,PIDILITIND.NS,2026-09-11,1,ok
Basic Materials,Agricultural Inputs,PI Industries Limited,EQUITY,INR,INR,342704193536.0,327181041664.0,151706138.0,80895783.0,29.394926,21.271187,3.051548,5.2598295,22.064,5.022,740.28,76.85,106.2,,,0.17879999,0.57629,0.15491,0.22759001,-0.104,-0.389,-0.39,3.048,,,35027001344.0,3423000064.0,,,65154998272.0,14828499968.0,0.63,0.19530001,0.366,0.46512002,0.42356998,26.0,2907.3462,hold,PIIND.NS,2026-09-11,1,ok
Technology,Software - Infrastructure,Pine Labs Limited,EQUITY,INR,INR,233275473920.0,121496526848.0,1153858090.0,794634094.0,182.13513,50.78232,3.914685,8.238292,28.223,4.291,51.644,1.11,3.98111,,,0.044949997,0.37041,0.03083,0.15203,0.196,2.644,3.089,7.474,,,82259197952.0,4406499840.0,,,28316000256.0,4304824832.0,,0.0,,0.33131,0.68418,9.0,194.66667,strong_buy,PINELABS.NS,2026-09-11,1,ok
Financial Services,Credit Services,Piramal Finance Limited,EQUITY,INR,INR,532651343872.0,1279690932224.0,236146178.0,110499222.0,30.223774,15.248893,1.7739482,10.1658,,24.423,1271.514,74.63,147.91895,0.06038,,0.32198003,0.98624,0.24709,0.0,0.021,0.671,0.661,286.781,48.573,46.733,70505897984.0,828972597248.0,,-155370192896.0,52396400640.0,,0.48,0.14739999,,0.46581,0.24057,10.0,2312.0,buy,PIRAMALFIN.NS,2026-09-11,1,ok
Financial Services,Banks - Regional,Punjab National Bank,EQUITY,INR,INR,1341801103360.0,1383111458816.0,11492943268.0,11491426586.0,6.074402,6.807199,0.85811514,2.3174067,,2.389,136.054,19.22,17.15096,0.14965999,0.01131,0.38147,0.0,0.29405,0.0,0.152,0.019,0.027,,,,24066799616.0,63164899328.0,,,579009773568.0,,2.57,0.15609999,0.5,0.70079005,0.19297001,18.0,121.61111,buy,PNB.NS,2026-09-11,1,ok
Financial Services,Mortgage Finance,PNB Housing Finance Limited,EQUITY,INR,INR,307461750784.0,831685656576.0,260803913.0,172746976.0,13.286374,11.2427,1.5982095,8.148136,,22.041,737.638,88.73,104.85916,,,0.61353,0.98947,0.75161004,0.0,0.058,0.043,0.045,287.733,,,28500400128.0,552998076416.0,,,37733998592.0,,0.7,0.056399997,0.308,0.28011,0.58574003,13.0,1295.7693,none,PNBHOUSING.NS,2026-09-11,1,ok
Financial Services,Insurance Brokers,PB Fintech Limited,EQUITY,INR,INR,830532091904.0,808742879232.0,462099887.0,375694479.0,110.94444,53.659737,11.359859,11.32393,129.095,11.027,158.215,16.2,33.49439,,,0.102019995,0.64252996,0.05251,0.08542,0.401,0.923,0.926,4.922,,,25516500992.0,3601499904.0,,,73343098880.0,6264724992.0,,0.0,0.397,0.24434,0.59384,25.0,1959.68,buy,POLICYBZR.NS,2026-09-11,1,ok
Industrials,Electrical Equipment & Parts,Polycab India Limited,EQUITY,INR,INR,1241383436288.0,1222161203200.0,150635053.0,53567312.0,43.43541,32.441196,10.258498,3.9803817,28.043,3.919,803.334,189.73,254.02885,0.25549,0.13395001,0.09184,0.24476999,0.12718001,0.13974,0.39,0.325,0.325,1.738,1.74,0.836,40276639744.0,2125680000.0,18023239680.0,35604721664.0,311875469312.0,43582300160.0,0.56,0.24780001,0.635,0.64688003,0.16279,32.0,10022.3125,buy,POLYCAB.NS,2026-09-11,1,ok
Healthcare,Medical Instruments & Supplies,Poly Medicure Limited,EQUITY,INR,INR,176216899584.0,172782452736.0,101361465.0,36332221.0,55.88235,35.625,5.673252,8.822207,37.805,8.65,306.438,31.11,48.8,,,0.15774,0.69494003,0.16911,0.22881001,0.303,-0.075,-0.076,11.227,,,8270274048.0,3535759104.0,,,19974240256.0,4570324992.0,0.2,0.11270001,0.011,0.64626,0.17989999,6.0,1824.8334,none,POLYMED.NS,2026-09-11,1,ok
Financial Services,Credit Services,Poonawalla Fincorp Limited,EQUITY,INR,INR,389979734016.0,841205022720.0,875866912.0,322597152.0,46.5256,18.134247,3.4765055,11.232621,,24.229,128.074,9.57,24.55299,,,0.22666,0.99867994,0.38981998,0.0,1.003,3.37,3.916,468.058,,,6262600192.0,484357996544.0,,,34718498816.0,,,0.0,0.314,0.61687,0.20576,8.0,518.25,none,POONAWALLA.NS,2026-09-11,1,ok
Utilities,Utilities - Regulated Electric,Power Grid Corporation of India Limited,EQUITY,INR,INR,2502792577024.0,3985162371072.0,9300603819.0,4277161684.0,12.894106,13.862217,2.4904907,5.3213124,10.032,8.473,108.051,20.87,19.41248,,,0.33797002,0.97596,0.55737996,0.84461,0.027,-0.008,-0.009,150.813,,,57857601536.0,1515580948480.0,,,470333685760.0,397247774720.0,4.51,0.4407,0.156,0.52908003,0.36437,26.0,321.42307,buy,POWERGRID.NS,2026-09-11,1,ok
Industrials,Electrical Equipment & Parts,Hitachi Energy India Limited,EQUITY,INR,INR,1401132285952.0,1344404193280.0,44572363.0,12647854.0,122.88898,62.643753,27.06999,15.292031,90.211,14.673,1161.249,255.8,501.80582,,,0.12555,0.38989,0.15841,0.16264999,0.686,1.235,1.235,1.663,,,46891700224.0,861000000.0,,,91624996864.0,14902875136.0,0.03,0.0232,0.568,0.71536005,0.10098,20.0,37240.4,buy,POWERINDIA.NS,2026-09-11,1,ok
Healthcare,Drug Manufacturers - Specialty & Generic,Piramal Pharma Limited,EQUITY,INR,INR,280042668032.0,325574557696.0,1325018448.0,611769281.0,,51.8905,3.4363618,3.042193,36.26,3.537,61.504,-2.29,4.073,,,-0.03407,0.59415,-0.01249,0.09754,0.174,,,69.977,,,13554199552.0,57119801344.0,,,92052897792.0,8979000320.0,0.08,0.1507,0.335,0.54529,0.20977,11.0,233.27274,none,PPLPHARMA.NS,2026-09-11,1,ok
Technology,Solar,Premier Energies Limited,EQUITY,INR,INR,439799218176.0,441067241472.0,451446522.0,169167902.0,26.146002,19.708263,10.188565,5.194749,16.994,5.21,95.617,36.97,49.43104,,,0.19667,0.39494,0.25125,0.30656,0.353,0.53,0.504,86.005,,,24932640768.0,37071450112.0,,,84662263808.0,25953949696.0,0.15,0.0403,-0.279,0.67403,0.20173,18.0,1143.6666,buy,PREMIERENE.NS,2026-09-11,1,ok
Real Estate,Real Estate - Diversified,Prestige Estates Projects Limited,EQUITY,INR,INR,645233901568.0,813342195712.0,430730232.0,155394546.0,56.54964,26.161333,3.965082,4.943109,25.145,6.231,377.798,26.4,57.26008,0.07752,,0.08725,0.58805,0.23696,0.24781,0.159,-0.193,-0.194,105.493,,,32796000256.0,176593993728.0,,,130531999744.0,32346499072.0,0.13,0.0681,0.439,0.64269996,0.30771,21.0,1892.1428,strong_buy,PRESTIGE.NS,2026-09-11,1,ok
Industrials,Metal Fabrication,PTC Industries Limited,EQUITY,INR,INR,354273918976.0,336113631232.0,14992549.0,4760794.0,285.31757,61.01949,23.50706,50.79721,196.259,48.193,1005.23,82.82,387.25333,,,0.18008,0.82591003,0.18277,0.24555999,0.974,4.657,4.662,17.341,,,2133369984.0,2613419008.0,,,6974279168.0,1712601472.0,,0.0,0.316,0.66765,0.09053001,3.0,23895.0,none,PTCIL.NS,2026-09-11,1,ok
Communication Services,Entertainment,PVR INOX Limited,EQUITY,INR,INR,121483165696.0,181880995840.0,98199962.0,71171330.0,43.468025,21.112556,1.6483303,1.7815915,7.506,2.667,750.517,28.41,58.59546,,,0.0652,0.66964996,0.13192001,0.35536,0.104,,,91.874,,,5916000256.0,67790999552.0,,,68188000256.0,24231499776.0,,0.0,0.327,0.28972,0.44101003,16.0,1418.3125,strong_buy,PVRINOX.NS,2026-09-11,1,ok
Consumer Defensive,Education & Training Services,Physicswallah Limited,EQUITY,INR,INR,394812522496.0,341555806208.0,2900900000.0,653599074.0,1701.2501,64.121895,8.672104,9.614565,69.676,8.318,15.694,0.08,2.12252,,,0.00497,0.32529998,-0.11691,0.11938,0.239,,,23.018,,,33559599104.0,10521100288.0,,,41064001536.0,4902045184.0,,0.0,,0.72525,0.20863001,7.0,151.14285,buy,PWL.NS,2026-09-11,1,ok
Consumer Defensive,Beverages - Wineries & Distilleries,Radico Khaitan Limited,EQUITY,INR,INR,585248538624.0,365108363264.0,133982398.0,76898725.0,83.15439,54.789986,17.639553,10.002895,40.276,6.24,247.631,52.53,79.72443,,,0.08838,0.43353,0.14869,0.15494001,0.195,0.621,0.623,20.939,,,539059968.0,6235012096.0,,,58507911168.0,9065268224.0,0.15,0.1037,0.244,0.44202,0.29572,21.0,4705.1904,strong_buy,RADICO.NS,2026-09-11,1,ok
Communication Services,Telecom Services,RailTel Corporation of India Limited,EQUITY,INR,INR,83411886080.0,77311516672.0,320938407.0,86740023.0,24.087118,17.501682,3.6881464,1.950024,12.621,1.807,70.469,10.79,14.85,0.16254,0.0509,0.08096,0.16123,0.10985,0.14321,0.276,0.252,0.249,2.817,1.32,1.23,7636199936.0,637200000.0,-856887488.0,3164499968.0,42774798336.0,6125700096.0,1.23,0.2644,0.713,0.72844005,0.029260002,2.0,245.0,none,RAILTEL.NS,2026-09-11,1,ok
Healthcare,Medical Care Facilities,Rainbow Children's Medicare Limited,EQUITY,INR,INR,146585321472.0,152317329408.0,101450140.0,48723427.0,51.273952,36.526115,8.89925,8.05355,26.112,8.368,162.362,28.18,39.558,,,0.1568,0.72923,0.1967,0.32049,0.332,0.133,0.132,53.558,,,4890319872.0,8909830144.0,,,18201329664.0,5833254912.0,0.24,0.0,0.139,0.52594,0.36061,14.0,1755.7858,none,RAINBOW.NS,2026-09-11,1,ok
Basic Materials,Building Materials,The Ramco Cements Limited,EQUITY,INR,INR,204782796800.0,242403196928.0,236292380.0,126676345.0,31.733799,32.910454,2.53021,2.2191966,18.054,2.627,342.521,27.31,26.33358,,,0.06988,0.52969,0.0513,0.1455,0.096,-0.633,-0.633,47.897,,,1883200000.0,38767398912.0,,,92277899264.0,13426450432.0,0.29,0.0733,0.106,0.49148,0.30985,31.0,950.9677,hold,RAMCOCEM.NS,2026-09-11,1,ok
Financial Services,Banks - Regional,RBL Bank Limited,EQUITY,INR,INR,639840026624.0,229205131264.0,1550939406.0,564240764.0,34.038776,20.596039,1.5225495,8.048443,,2.885,270.96,11.95,20.03055,,,0.09082,0.0,0.13972001,0.0,0.408,3.679,3.817,,,,108387999744.0,152253202432.0,,,79456002048.0,,0.33,0.0847,0.642,0.02705,0.52837,20.0,383.65,buy,RBLBANK.NS,2026-09-11,1,ok
Financial Services,Credit Services,REC Limited,EQUITY,INR,INR,823409180672.0,5777460297728.0,2633224000.0,1198702710.0,5.1575127,4.4100084,0.9778078,3.5375218,,24.821,319.797,60.63,70.9069,,,0.6889,0.9857,0.96852994,0.0,0.252,-0.061,-0.061,607.463,,,215720296448.0,5166743420928.0,,,232764407808.0,,1.97,0.3225,0.318,0.52646,0.24106,13.0,429.07693,none,RECLTD.NS,2026-09-11,1,ok
Technology,Information Technology Services,Redington Limited,EQUITY,INR,INR,307784581120.0,326403588096.0,781774431.0,592561565.0,17.435785,12.874428,3.0291607,0.24001329,12.71,0.255,129.97,22.58,30.58,,,0.013259999,0.049050003,0.01881,0.02003,0.346,0.767,0.765,27.26,,,11100699648.0,28416200704.0,,,1282364801024.0,25681674240.0,1.53,0.2757,0.896,0.26005,0.37747002,3.0,396.33334,strong_buy,REDINGTON.NS,2026-09-11,1,ok
Energy,Oil & Gas Refining & Marketing,Reliance Industries Limited,EQUITY,INR,INR,17017084051456.0,20457260580864.0,13532472634.0,6638219126.0,22.84702,17.61476,1.8823583,1.5064632,11.325,1.811,668.045,55.04,71.389,,,0.066149995,0.33837003,0.12331,0.15991001,0.297,-0.224,-0.224,36.653,,,2581470117888.0,3979999969280.0,,,11296050249728.0,1806359986176.0,0.47,0.2083,0.152,0.51798,0.28016,26.0,1676.8462,strong_buy,RELIANCE.NS,2026-09-11,1,ok
Industrials,Metal Fabrication,RHI Magnesita India Limited,EQUITY,INR,INR,77603233792.0,65133846528.0,206501426.0,49928703.0,,20.460976,2.179574,1.9050298,13.605,1.599,172.419,-17.19,18.36667,,,-0.0868,0.39983,0.08676,0.11753,0.056,1.216,0.832,12.595,,,3907262976.0,4484449792.0,,,40735969280.0,4787593216.0,0.66,0.3008,0.359,0.70151,0.15837,3.0,544.6667,none,RHIM.NS,2026-09-11,1,ok
Industrials,Engineering & Construction,RITES Limited,EQUITY,INR,INR,100518273024.0,93792534528.0,480603774.0,133932396.0,24.15127,18.984865,3.754937,4.090132,16.865,3.816,55.7,8.66,11.01667,,,0.16983,0.31462,0.18431,0.22629,0.087,0.084,0.089,0.236,,,8969600000.0,65900000.0,,,24575799296.0,5561225216.0,5.21,0.90440005,0.261,0.72203004,0.1035,2.0,278.0,none,RITES.NS,2026-09-11,1,ok
Industrials,Metal Fabrication,Ramkrishna Forgings Limited,EQUITY,INR,INR,129302913024.0,154931691520.0,181809483.0,86517222.0,121.78082,35.500835,3.9128954,2.912564,21.636,3.49,181.758,5.84,20.03333,,,0.02408,0.44102,0.09783,0.16129999,0.198,2.892,2.978,74.422,,,1664913024.0,24487675904.0,,,44394872832.0,7160802816.0,0.28,0.1715,0.424,0.57367,0.1958,4.0,634.0,hold,RKFORGE.NS,2026-09-11,1,ok
Utilities,Utilities - Independent Power Producers,Reliance Power Limited,EQUITY,INR,INR,89249931264.0,221393944576.0,4135770966.0,2877462650.0,,4.784922,0.5564437,1.1605294,8.758,2.879,38.782,-0.77,4.51,,,-0.041199997,0.53237,0.18153,0.32871,0.038,0.472,0.448,92.348,,,17051599872.0,148120305664.0,,,76904497152.0,25279625216.0,,0.0,0.827,0.29806998,0.10539,,,none,RPOWER.NS,2026-09-11,1,ok
Industrials,Electrical Equipment & Parts,R R Kabel Limited,EQUITY,INR,INR,274212978688.0,277652373504.0,113105505.0,27806988.0,45.222904,30.880396,10.651552,2.531518,30.69,2.563,227.61,54.1,78.50935,,,0.0561,0.18229,0.080010004,0.08352,0.539,1.285,1.286,13.092,,,1356034048.0,3370277888.0,,,108319588352.0,9047026688.0,0.45,0.24200001,1.38,0.69991994,0.18511,14.0,2850.2144,buy,RRKABEL.NS,2026-09-11,1,ok
Industrials,Engineering & Construction,Rail Vikas Nigam Limited,EQUITY,INR,INR,427220631552.0,470470524928.0,2085020100.0,566270609.0,47.87383,37.254543,4.349672,2.051521,52.261,2.259,47.107,4.28,5.5,,,0.0432,0.06396,0.040310003,0.04323,0.106,0.169,0.185,49.078,,,6357100032.0,48184901632.0,,,208245800960.0,9002349568.0,1.67,0.6311,0.813,0.72841,0.08461001,1.0,165.0,none,RVNL.NS,2026-09-11,1,ok
Healthcare,Health Information Services,Sagility Limited,EQUITY,INR,INR,211596050432.0,211384369152.0,4681328413.0,2311865119.0,21.320757,15.349559,2.1536114,2.7778018,11.178,2.775,20.988,2.08,2.94471,,,0.13036,0.37634,0.15795,0.24826,0.276,0.438,0.459,11.497,,,9037859840.0,11105349632.0,,,76173918208.0,18911051776.0,0.44,0.023599999,,0.5095,0.22318001,11.0,56.54545,strong_buy,SAGILITY.NS,2026-09-11,1,ok
Basic Materials,Steel,Steel Authority of India Limited,EQUITY,INR,INR,739363979264.0,1070982692864.0,4130525289.0,1441724450.0,17.54902,11.2849455,1.2260189,0.665286,7.945,0.964,146.001,10.2,15.86184,,,0.03844,0.51803,0.09877,0.12129,0.013,1.211,1.208,52.899,,,7325100032.0,319277105152.0,,,1111347560448.0,134793502720.0,1.26,0.1546,1.047,0.65098,0.17581,29.0,178.03448,none,SAIL.NS,2026-09-11,1,ok
Healthcare,Diagnostics & Research,Sai Life Sciences Limited,EQUITY,INR,INR,336644833280.0,338310987776.0,212394216.0,125793914.0,93.12573,63.441208,13.492806,14.953936,50.533,15.034,117.47,17.02,24.98376,,,0.16075,0.74461997,0.18414,0.2975,0.117,0.208,0.212,11.614,,,1578630016.0,2884519936.0,,,22503579648.0,6694912512.0,,0.0,,0.37896,0.45,6.0,1552.6666,none,SAILIFE.NS,2026-09-11,1,ok
Financial Services,Mortgage Finance,Sammaan Capital Limited,EQUITY,INR,INR,169201582080.0,572291284992.0,1145673631.0,737130465.0,,,0.6340611,-13.415601,,-45.376,232.312,-89.55,,,,0.0,0.0,0.52972,0.0,-0.245,-0.5,-0.272,273.033,,,117314699264.0,518530695168.0,,,-12612299776.0,,,0.0,0.587,0.37050998,0.16689,,,none,SAMMAANCAP.NS,2026-09-11,1,ok
Consumer Cyclical,Restaurants,Sapphire Foods India Limited,EQUITY,INR,INR,72633647104.0,84763680768.0,321382905.0,227474820.0,,95.3878,5.21713,2.2421606,27.577,2.617,43.269,-0.5,2.36655,,,-0.0049799997,0.52721,0.047620002,0.09488,0.147,,,102.058,,,1412220032.0,14171299840.0,,,32394489856.0,3073722624.0,,0.0,0.337,0.26400998,0.68005997,20.0,254.55,buy,SAPPHIRE.NS,2026-09-11,1,ok
Basic Materials,Steel,Sarda Energy & Minerals Limited,EQUITY,INR,INR,184700649472.0,192965230592.0,352381270.0,63457050.0,16.343937,11.074371,2.5080748,3.2601635,10.532,3.406,208.985,32.07,47.33,,,0.19941,0.50598997,0.35115,0.3234,-0.015,0.054,0.055,35.204,,,23797499904.0,26319200256.0,,,56653799424.0,18321975296.0,0.37,0.0468,0.527,0.74848,0.03897,,,none,SARDAEN.NS,2026-09-11,1,ok
Communication Services,Entertainment,Saregama India Limited,EQUITY,INR,INR,97035517952.0,95403745280.0,191959490.0,78877216.0,43.880207,32.30032,5.832737,9.317348,25.438,9.161,86.666,11.52,15.65,,,0.21314,0.51856,0.26434,0.36012,0.275,0.416,0.406,4.281,,,2170899968.0,725800000.0,,,10414499840.0,3750437120.0,1.78,0.39060003,0.617,0.64698,0.1175,4.0,632.5,none,SAREGAMA.NS,2026-09-11,1,ok
Financial Services,Credit Services,SBFC Finance Limited,EQUITY,INR,INR,108825264128.0,175255306240.0,1108313067.0,481766607.0,22.520641,16.02516,2.9145148,10.173456,,16.384,33.69,4.36,6.12724,,,0.44877997,0.9975,0.58551,0.0,0.246,0.286,0.29,195.685,,,6530189824.0,72895700992.0,,,10696980480.0,,,0.0,0.597,0.61469,0.253,7.0,120.71429,none,SBFC.NS,2026-09-11,1,ok
Financial Services,Credit Services,SBI Cards and Payment Services Limited,EQUITY,INR,INR,623516581888.0,1051703640064.0,951643098.0,299074153.0,27.379858,18.430464,3.9666302,4.987554,,8.413,165.178,23.93,35.54984,,,0.18199,0.24650998,0.26674,0.0,0.234,0.195,0.195,280.206,,,23197800448.0,440637292544.0,,,125014499328.0,,0.37,0.1046,0.243,0.6858,0.24645,24.0,690.5833,hold,SBICARD.NS,2026-09-11,1,ok
Financial Services,Insurance - Life,SBI Life Insurance Company Limited,EQUITY,INR,INR,1690342916096.0,1689872236544.0,1003349572.0,414914638.0,64.32607,48.24095,8.395208,1.3904557,57.372,1.39,200.674,26.19,34.92261,0.13703,0.00349,0.021389998,0.09709,0.01711,0.024230001,0.188,0.218,0.22,,1.063,0.193,15267399680.0,0.0,,,1215675498496.0,29454850048.0,0.16,0.1042,0.351,0.58819,0.31031,36.0,2341.861,strong_buy,SBILIFE.NS,2026-09-11,1,ok
Financial Services,Banks - Regional,State Bank of India,EQUITY,INR,INR,9190925926400.0,15603438977024.0,9230617586.0,4070148518.0,10.649198,9.493624,1.4777843,2.3855,,4.05,673.779,93.5,104.88092,0.15177,0.01132,0.22376,0.0,0.35717,0.0,0.103,0.099,0.137,,,,2120133509120.0,8203340349440.0,,,3852830244864.0,,1.73,0.1855,0.386,0.57231,0.29166,39.0,1263.1025,strong_buy,SBIN.NS,2026-09-11,1,ok
Consumer Cyclical,Auto Parts,Schaeffler India Limited,EQUITY,INR,INR,617477636096.0,602548797440.0,156303670.0,40252625.0,49.1478,39.249805,10.065353,5.8779182,31.744,5.736,392.485,80.38,100.65018,0.21645,0.12267999,0.119320005,0.38415,0.14774999,0.18069,0.173,0.13,0.135,0.783,2.487,1.423,15066099712.0,481100000.0,3941437440.0,9684799488.0,105050398720.0,18981699584.0,0.89,0.4364,0.111,0.74297,0.18267,7.0,4823.7144,none,SCHAEFFLER.NS,2026-09-11,1,ok
Industrials,Electrical Equipment & Parts,Schneider Electric Infrastructure Limited,EQUITY,INR,INR,293380653056.0,287760842752.0,239104035.0,52862823.0,160.39215,51.338913,37.836502,10.046044,85.403,9.854,32.429,7.65,23.9,,,0.06292,0.36296,0.03873,0.115380004,0.048,-0.698,-0.698,70.795,,,3578500096.0,5482500096.0,,,29203599360.0,3369449984.0,,0.0,0.435,0.76943,0.062129997,3.0,1416.6666,none,SCHNEIDER.NS,2026-09-11,1,ok
Industrials,Marine Shipping,The Shipping Corporation of India Limited,EQUITY,INR,INR,130703204352.0,155251441664.0,465799010.0,167394097.0,8.077145,85.030304,1.4362493,3.5240045,32.922,4.186,195.37,34.48,3.3,,,0.01102,0.23034,0.32518002,0.12715,0.403,0.75,0.749,29.454,0.645,0.496,4349899776.0,26792499200.0,,,37089398784.0,4715749888.0,2.61,0.37669998,,0.63749003,0.05993,,,none,SCI.NS,2026-09-11,1,ok
Basic Materials,Building Materials,Shree Cement Limited,EQUITY,INR,INR,814342471680.0,802473771008.0,36080748.0,20526550.0,50.028812,32.739536,8.837863,9.176238,28.771,9.042,2553.785,451.14,689.38055,,,0.1453,0.73543,0.18603,0.31429002,0.052,0.034,0.034,38.149,,,25250000896.0,33939900416.0,,,88744697856.0,27891701760.0,0.61,0.3099,,0.72754997,0.20856,37.0,27960.973,buy,SHREECEM.NS,2026-09-11,1,ok
Financial Services,Credit Services,Shriram Finance Limited,EQUITY,INR,INR,2420341997568.0,4158562500608.0,2353045034.0,1767008667.0,18.150698,11.584566,2.9360135,10.6950865,,18.376,350.339,56.67,88.79055,0.18495001,,0.50009996,0.96810997,0.68518996,0.0,0.428,0.295,0.599,276.215,,,104298799104.0,1820772663296.0,,,226304098304.0,,1.33,0.24370001,0.606,0.22171,0.59497,32.0,1199.5625,strong_buy,SHRIRAMFIN.NS,2026-09-11,1,ok
Basic Materials,Steel,Shyam Metalics and Energy Limited,EQUITY,INR,INR,299145396224.0,315426308096.0,278326554.0,70096084.0,26.551384,15.913822,2.6574426,1.5274748,12.565,1.611,404.449,40.48,67.53877,,,0.057350002,0.28141,0.09275,0.12818,0.235,0.207,0.181,8.133,,,5316599808.0,10050700288.0,,,195843096576.0,25103050752.0,0.42,0.1,0.512,0.76024,0.13639,9.0,1161.6666,none,SHYAMMETL.NS,2026-09-11,1,ok
Industrials,Specialty Industrial Machinery,Siemens Limited,EQUITY,INR,INR,1409168834560.0,1355260887040.0,356120505.0,85995980.0,83.39304,58.388645,10.181711,8.101837,75.664,7.792,388.638,47.45,67.77003,,,0.19017,0.28199,0.074889995,0.10298,0.148,4.061,4.067,2.213,,,56160002048.0,3065999872.0,,,173932003328.0,17911500800.0,0.46,0.2531,0.576,0.76905996,0.10873,27.0,3971.2593,hold,SIEMENS.NS,2026-09-11,1,ok
Real Estate,Real Estate - Development,Signatureglobal (India) Limited,EQUITY,INR,INR,107040964608.0,110606721024.0,140686026.0,60641819.0,10.446931,13.806472,5.780481,4.6902843,-90.234,4.847,131.624,72.83,55.10821,,,0.45731997,0.25553,-0.09312,-0.05371,-0.362,,,161.04,,,27367038976.0,29785849856.0,,,22821849088.0,-1225779968.0,,0.0,0.799,0.76808,0.13581,5.0,1092.4,none,SIGNATURE.NS,2026-09-11,1,ok
Utilities,Utilities - Renewable,SJVN Limited,EQUITY,INR,INR,260073832448.0,562844139520.0,3929795175.0,716263935.0,37.602272,13.774071,1.8278233,5.196052,15.918,11.245,36.207,1.76,4.80468,,,0.12771,0.89149004,0.45679,0.70644,0.52,-0.017,-0.012,226.528,,,25225199616.0,322784886784.0,,,50052198400.0,35358973952.0,2.23,0.8298,0.466,0.81848997,0.05703,2.0,69.5,none,SJVN.NS,2026-09-11,1,ok
Real Estate,Real Estate - Development,Sobha Limited,EQUITY,INR,INR,130141429760.0,128884621312.0,106932977.0,44429692.0,56.54275,16.83141,2.7572706,2.3170376,36.203,2.295,441.306,21.52,72.29341,,,0.04106,0.32201,0.03862,0.063379996,0.5,2.74,2.734,24.62,,,14898549760.0,11620320256.0,,,56167161856.0,3560087552.0,0.49,0.1391,0.428,0.58472997,0.28589,18.0,1752.1666,strong_buy,SOBHA.NS,2026-09-11,1,ok
Basic Materials,Specialty Chemicals,Solar Industries India Limited,EQUITY,INR,INR,2017023361024.0,2037413445632.0,90490055.0,23873086.0,101.74365,63.279118,32.132553,17.768799,66.011,17.948,693.689,219.08,352.2489,,,0.17543,0.49456,0.25502002,0.2719,0.703,0.927,0.927,23.271,,,4806300160.0,15240200192.0,,,113514897408.0,30864824320.0,0.05,0.0454,0.245,0.43919,0.45076,14.0,21995.715,buy,SOLARINDS.NS,2026-09-11,1,ok
Consumer Cyclical,Auto Parts,Sona BLW Precision Forgings Limited,EQUITY,INR,INR,491813208064.0,493280264192.0,624128424.0,396545543.0,70.546104,46.71271,8.190247,10.043657,44.416,10.074,96.212,11.25,16.86907,,,0.14212,0.49922,0.16643,0.22680001,0.524,0.443,0.447,7.213,,,12289000448.0,4422870016.0,,,48967540736.0,11105942528.0,0.45,0.3038,0.454,0.27913,0.68429,18.0,770.7778,buy,SONACOMS.NS,2026-09-11,1,ok
Technology,Information Technology Services,Sonata Software Limited,EQUITY,INR,INR,73585811456.0,73431744512.0,276794469.0,160908929.0,16.380161,12.689737,3.8635375,0.6680412,11.899,0.667,68.81,16.23,20.95,,,0.04205,0.12104,0.04341,0.056020003,0.106,-0.008,-0.011,37.962,,,5792799744.0,7230300160.0,,,110151598080.0,6171174912.0,2.95,0.48770002,0.376,0.41900003,0.29702,7.0,325.14285,none,SONATSOFTW.NS,2026-09-11,1,ok
Basic Materials,Specialty Chemicals,Supreme Petrochem Limited,EQUITY,INR,INR,153883623424.0,150058991616.0,188041342.0,63322922.0,31.768244,32.603584,6.4752097,2.6924653,20.736,2.626,126.382,25.76,25.1,,,0.084809996,0.20222001,0.17762,0.12662,0.237,1.935,1.933,5.61,,,7012483072.0,1333890944.0,,,57153429504.0,7236616704.0,1.27,0.096999995,-0.053,0.66183,0.066810004,2.0,805.0,hold,SPLPETRO.NS,2026-09-11,1,ok
Industrials,Conglomerates,SRF Limited,EQUITY,INR,INR,735798296576.0,785129144320.0,296406025.0,141110074.0,34.084854,27.523773,5.240027,4.327933,19.159,4.618,473.738,72.83,90.19112,,,0.12715,0.48316002,0.2217,0.24104,0.318,0.756,0.755,36.195,,,12392899584.0,50827898880.0,,,170011492352.0,40979025920.0,0.4,0.1234,0.126,0.52386004,0.31530002,29.0,2917.6897,buy,SRF.NS,2026-09-11,1,ok
Financial Services,Insurance - Life,Star Health and Allied Insurance Company Limited,EQUITY,INR,INR,331094654976.0,,588403502.0,170669388.0,49.31639,20.071812,3.26483,1.7921197,,,172.352,11.41,28.03434,0.07507,0.025309999,0.03619,0.21954,0.13664,0.0,14.078,1.096,1.094,,,,,0.0,,,184750292992.0,,,0.0,0.187,0.65736,0.24270001,23.0,644.04346,none,STARHEALTH.NS,2026-09-11,1,ok
Basic Materials,Agricultural Inputs,Sumitomo Chemical India Limited,EQUITY,INR,INR,237793017856.0,227825991680.0,499145736.0,122470398.0,41.033592,32.63758,7.0152707,7.3282485,34.53,7.021,67.909,11.61,14.59667,,,0.17858,0.41834998,0.20319,0.20333,0.006,0.204,0.205,1.865,,,12887329792.0,633000000.0,,,32448819200.0,6597940224.0,0.27,0.1034,0.207,0.75475,0.095410004,9.0,582.6667,none,SUMICHEM.NS,2026-09-11,1,ok
Financial Services,Credit Services,Sundaram Finance Limited,EQUITY,INR,INR,519201914880.0,1107318931456.0,110217571.0,71472002.0,23.38861,21.274954,3.5140948,10.780166,,22.991,1340.516,201.41,221.42,,,0.4609,0.89157,0.6055,0.0,0.268,0.338,0.339,409.161,,,24592799744.0,609390297088.0,,,48162701312.0,,0.85,0.30290002,0.179,0.0,0.16149999,9.0,5105.3335,none,SUNDARMFIN.NS,2026-09-11,1,ok
Healthcare,Drug Manufacturers - Specialty & Generic,Sun Pharmaceutical Industries Limited,EQUITY,INR,INR,4414776016896.0,4179366248448.0,2399334970.0,1064920833.0,36.544193,28.512602,5.2827263,7.3689494,25.202,6.976,348.305,50.35,64.53287,,,0.20188999,0.78924006,0.23247999,0.2768,0.105,0.274,0.27,5.517,,,335165784064.0,46273200128.0,,,599105208320.0,165832376320.0,0.86,0.3175,0.121,0.55609,0.31165,33.0,2167.2122,buy,SUNPHARMA.NS,2026-09-11,1,ok
Communication Services,Broadcasting,Sun TV Network Limited,EQUITY,INR,INR,187584266240.0,115170344960.0,394084620.0,84811034.0,12.261721,10.69663,1.4805322,4.166299,4.619,2.558,321.506,38.82,44.5,,,0.33966,0.67475,0.43866003,0.55379003,0.13,0.17,0.17,0.837,,,65495998464.0,1059299968.0,,,45024198656.0,24933849088.0,4.45,0.3218,0.13,0.78472,0.14717,11.0,633.9091,none,SUNTV.NS,2026-09-11,1,ok
Industrials,Building Products & Equipment,The Supreme Industries Limited,EQUITY,INR,INR,427553980416.0,440284315648.0,127026870.0,64237488.0,41.49482,32.229465,6.9276085,3.7749345,27.3,3.887,485.651,81.08,104.38895,,,0.09115,0.32692,0.10142,0.14239,0.042,0.387,0.388,1.473,,,6488399872.0,908400000.0,,,113261297664.0,16127375360.0,1.03,0.443,0.183,0.51687,0.32506,29.0,3954.4827,buy,SUPREMEIND.NS,2026-09-11,1,ok
Industrials,Specialty Industrial Machinery,Suzlon Energy Limited,EQUITY,INR,INR,606463852544.0,590272200704.0,13745636636.0,11212950381.0,19.266375,20.848888,6.2027273,3.4892063,19.325,3.396,7.113,2.23,2.11618,0.39366,,0.18090001,0.34494,0.1305,0.17573,0.225,-0.083,-0.059,2.807,1.969,1.112,25990000640.0,2769999872.0,,,173811400704.0,30543824896.0,,0.0,0.646,0.1866,0.23247999,13.0,62.25846,strong_buy,SUZLON.NS,2026-09-11,1,ok
Industrials,Conglomerates,Swan Corp Limited,EQUITY,INR,INR,92924297216.0,119726227456.0,313456886.0,143582061.0,39.31698,,1.2330096,2.2274606,-48.032,2.87,240.428,7.54,,,,0.053590003,0.01437,-0.03392,-0.05975,-0.164,,,24.561,,,12897659904.0,22583410688.0,,,41717592064.0,-2492624640.0,0.05,0.014199999,-0.134,0.55617,0.18235001,,,none,SWANCORP.NS,2026-09-11,1,ok
Consumer Cyclical,Internet Retail,Swiggy Limited,EQUITY,INR,INR,728884510720.0,641079246848.0,2620001701.0,1436691886.0,,-50.306236,3.9587336,2.926777,-18.764,2.574,70.275,-14.79,-5.53013,,,-0.1505,0.44366002,-0.13916999,-0.13719,0.373,,,13.929,,,111519997952.0,25510000640.0,,,249039994880.0,-34165000192.0,,0.0,,0.40015998,0.40574002,27.0,365.74075,buy,SWIGGY.NS,2026-09-11,1,ok
Healthcare,Diagnostics & Research,Syngene International Limited,EQUITY,INR,INR,154017841152.0,148783906816.0,402503158.0,178711364.0,69.699455,35.90082,3.178024,4.2780356,17.216,4.133,120.405,5.49,10.65853,,,0.061389998,0.67999,0.03899,0.24004,-0.158,,,9.473,,,12890999808.0,4584000000.0,,,36002000896.0,8641999872.0,0.33,0.22770001,0.076,0.52876,0.37123,8.0,501.875,buy,SYNGENE.NS,2026-09-11,1,ok
Technology,Electronic Components,Syrma SGS Technology Limited,EQUITY,INR,INR,306138873856.0,306233769984.0,192624977.0,76650128.0,82.30451,51.163208,10.62203,5.603145,49.115,5.605,149.623,19.31,31.06334,,,0.06737,0.25413,0.08756,0.11412,0.683,0.86,1.012,13.045,,,8079860224.0,3998919936.0,,,54636969984.0,6235084800.0,0.09,0.0776,0.21,0.59611,0.17389,27.0,1523.8518,buy,SYRMA.NS,2026-09-11,1,ok
Industrials,Electrical Equipment & Parts,Transformers and Rectifiers (India) Limited,EQUITY,INR,INR,86597836800.0,88938291200.0,300165834.0,106816726.0,33.27566,22.480526,5.593253,3.3935847,22.778,3.485,51.58,8.67,12.83333,,,0.10132,0.31877002,0.15117,0.15301,0.081,-0.085,-0.087,29.595,,,2923099904.0,4566499840.0,,,25518100480.0,3904485632.0,0.09,0.0,-0.252,0.64405,0.07634,3.0,344.33334,none,TARIL.NS,2026-09-11,1,ok
Financial Services,Credit Services,Tata Capital Limited,EQUITY,INR,INR,1530237812736.0,3837392060416.0,4216692745.0,488293020.0,28.32943,17.027565,3.3366432,11.236323,,28.177,108.762,12.81,21.3125,,,0.39678,0.99918,0.57055,0.0,0.403,0.472,0.563,502.931,,,75528503296.0,2369170440192.0,,,136186699776.0,,0.16,0.0,,0.85973,0.04875,13.0,405.76923,buy,TATACAP.NS,2026-09-11,1,ok
Basic Materials,Chemicals,Tata Chemicals Limited,EQUITY,INR,INR,156025487360.0,233881452544.0,254756278.0,155951603.0,,19.697048,0.7357614,1.0319146,15.329,1.547,832.403,-86.03,31.09349,,,-0.14319,0.62024,0.051469997,0.10090999,0.144,,,36.081,,,11360000000.0,80010002432.0,,,151200006144.0,15257499648.0,1.82,1.7296001,0.576,0.38709998,0.26942,9.0,700.6667,none,TATACHEM.NS,2026-09-11,1,ok
Communication Services,Telecom Services,Tata Communications Limited,EQUITY,INR,INR,502206857216.0,617613295616.0,285085643.0,152537700.0,53.108234,22.486368,14.564816,1.9751946,14.875,2.429,120.949,33.15,78.3408,,,0.0372,0.27455,0.07454,0.1633,0.105,-0.294,-0.293,335.854,,,9905099776.0,122623803392.0,,,254256906240.0,41520549888.0,0.99,0.5281,0.809,0.60467,0.24915001,11.0,2108.5454,buy,TATACOMM.NS,2026-09-11,1,ok
Consumer Defensive,Packaged Foods,Tata Consumer Products Limited,EQUITY,INR,INR,980782743552.0,988192768000.0,989690012.0,640038664.0,60.09703,41.424328,4.5009856,4.7016487,36.06,4.737,220.174,16.49,23.92314,,,0.078379996,0.41109002,0.10458,0.13137001,0.119,0.279,0.278,12.159,,,43181600768.0,28195100672.0,,,208604004352.0,27403800576.0,1.0,0.6053,0.405,0.34372002,0.34377,26.0,1343.0,buy,TATACONSUM.NS,2026-09-11,1,ok
Technology,Software - Application,Tata Elxsi Limited,EQUITY,INR,INR,210759417856.0,197498945536.0,62299561.0,34321735.0,32.15474,23.531595,6.9294944,5.389237,23.338,5.05,488.203,105.21,143.76416,,,0.1674,0.33076,0.18971,0.2164,0.145,0.181,0.182,5.336,,,16493210624.0,1622763008.0,,,39107469312.0,8462676992.0,2.2,0.71370006,0.308,0.44849998,0.15,15.0,3642.7334,none,TATAELXSI.NS,2026-09-11,1,ok
Financial Services,Asset Management,Tata Investment Corporation Limited,EQUITY,INR,INR,329324789760.0,1883564160.0,505952960.0,93292666.0,76.39671,,1.1270078,80.43987,0.514,0.46,577.547,8.9,,,,1.05248,0.9999,0.91651,0.89442,0.041,-0.018,-0.019,0.007,,,324551180288.0,19179000.0,,,4094049024.0,3661803264.0,0.55,0.3991,0.298,0.73807997,0.02027,,,none,TATAINVEST.NS,2026-09-11,1,ok
,,,,,,,,,,,,,,,,,,,,,,,,,,,,,,,,,,,,,,,,,,,,,TATAMOTORS.NS,2026-09-11,1,no_statements
Utilities,Utilities - Independent Power Producers,The Tata Power Company Limited,EQUITY,INR,INR,1165180534784.0,1901924450304.0,3195339547.0,1680205394.0,30.211267,21.83448,2.951604,1.8365271,14.436,2.998,123.543,12.07,16.70065,,,0.060890004,0.35709998,0.14453,0.20766,0.056,0.109,0.11,168.051,,,150506897408.0,799033196544.0,,,634447790080.0,131750346752.0,0.68,0.20709999,0.324,0.48708,0.21656999,24.0,417.37494,buy,TATAPOWER.NS,2026-09-11,1,ok
Basic Materials,Steel,Tata Steel Limited,EQUITY,INR,INR,2282799759360.0,3171830726656.0,12474316070.0,8044138054.0,20.724802,10.223464,2.2360156,0.95213413,9.331,1.323,81.842,8.83,17.9,,,0.04602,0.56355,0.09252,0.14178,0.143,0.114,0.116,89.017,,,99790397440.0,923818983424.0,,,2397561159680.0,339929923584.0,2.12,0.4525,0.857,0.35404998,0.33929002,35.0,218.08571,buy,TATASTEEL.NS,2026-09-11,1,ok
Technology,Information Technology Services,Tata Technologies Limited,EQUITY,INR,INR,309472428032.0,309892775936.0,406051830.0,177360186.0,56.205753,32.329014,7.886486,5.222361,37.433,5.229,96.64,13.56,23.5748,,,0.094,0.24545,0.13259,0.1397,0.338,0.062,0.061,23.908,,,15765199872.0,9379800064.0,,,59259101184.0,8278550016.0,1.07,0.6082,0.853,0.60245997,0.07856,15.0,724.3333,none,TATATECH.NS,2026-09-11,1,ok
Consumer Cyclical,Travel Services,TBO Tek Limited,EQUITY,INR,INR,179343704064.0,171504861184.0,106783982.0,34181071.0,68.24461,33.537827,11.582279,5.800283,39.064,5.547,145.006,24.61,50.07778,,,0.08561,0.79880995,0.11933,0.14199,0.811,0.323,0.324,48.762,,,15388869632.0,7561390080.0,,,30919819264.0,4390349824.0,,0.0,0.628,0.67677003,0.27322,11.0,1875.1818,none,TBOTEK.NS,2026-09-11,1,ok
Technology,Information Technology Services,Tata Consultancy Services Limited,EQUITY,INR,INR,7962686914560.0,7648616906752.0,3618087518.0,1019251435.0,16.026798,13.54346,7.2630305,2.886506,10.613,2.773,303.014,137.32,162.4991,0.47743,0.24479,0.18052,0.40389,0.23963,0.26125,0.139,0.046,0.046,10.211,2.276,2.045,450310012928.0,113090002944.0,397165002752.0,523459985408.0,2758590070784.0,720690020352.0,2.95,0.38509998,0.166,0.71794,0.176,41.0,2470.1707,buy,TCS.NS,2026-09-11,1,ok
Technology,Information Technology Services,Tech Mahindra Limited,EQUITY,INR,INR,1365169012736.0,1293878034432.0,885898127.0,536420182.0,26.647068,17.69093,4.6081433,2.30696,13.967,2.186,334.408,57.83,87.10679,,,0.086780004,0.35758,0.14409,0.15654,0.177,0.283,0.285,7.269,,,83856998400.0,21862000640.0,,,591760982016.0,92635750400.0,3.38,0.8819,0.158,0.37096,0.44551998,39.0,1624.641,buy,TECHM.NS,2026-09-11,1,ok
Industrials,Engineering & Construction,Techno Electric & Engineering Company Limited,EQUITY,INR,INR,113060634624.0,91207892992.0,116299574.0,50034585.0,26.231787,16.703608,2.7188368,3.3689103,19.527,2.718,357.561,37.06,58.2,,,0.12845,0.2138,0.14791,0.13918,0.198,-0.315,-0.314,1.744,,,23309979648.0,724929984.0,,,33560000512.0,4670791680.0,0.72,0.24280001,0.771,0.5696,0.26089,4.0,1432.0,none,TECHNOE.NS,2026-09-11,1,ok
Industrials,Specialty Industrial Machinery,Tega Industries Limited,EQUITY,INR,INR,129903296512.0,110111948800.0,75127698.0,24381192.0,468.59076,19.671217,3.843085,4.2461967,29.341,3.599,449.925,3.69,87.9,,,0.00691,0.4993,0.10032,0.12267,3.84,,,11.693,,,23211909120.0,3984009984.0,,,30592860160.0,3752802560.0,0.12,0.5319,0.405,0.67437,0.18596001,4.0,1798.75,none,TEGA.NS,2026-09-11,1,ok
Technology,Communication Equipment,Tejas Networks Limited,EQUITY,INR,INR,98209824768.0,134801571840.0,177707093.0,81270689.0,,,3.3515267,7.5345483,-15.358,10.342,164.895,-49.37,,,,-0.70371,0.29337,-0.48416,-0.67337996,0.991,,,142.52,,,4691700224.0,41770799104.0,,,13034600448.0,-8777175040.0,0.42,0.0,-0.076,0.01947,0.60338,,,none,TEJASNET.NS,2026-09-11,1,ok
Consumer Cyclical,Auto Parts,Tenneco Clean Air India Limited,EQUITY,INR,INR,204365053952.0,375707500544.0,403604309.0,294974158.0,33.983223,24.285372,17.055714,3.6087084,40.373,6.634,29.688,14.9,20.85,,,0.10609,0.34674,0.14185001,0.16433,0.201,-0.459,-0.017,4.289,,,5714409984.0,514960000.0,,,56631078912.0,9305979904.0,,0.0,,0.58058,0.23547001,4.0,616.75,none,TENNIND.NS,2026-09-11,1,ok
Consumer Cyclical,Lodging,Leela Palaces Hotels & Resorts Limited,EQUITY,INR,INR,181105360896.0,200458207232.0,333957878.0,76676564.0,38.379333,29.604614,2.811068,11.287649,25.867,12.494,192.916,13.58,18.31809,,,0.27621,0.73050004,0.31457,0.48299998,0.281,3.867,4.567,28.065,,,3349169920.0,18109509632.0,,,16044560384.0,7749535232.0,,0.0,,0.75907,0.12038,17.0,611.17645,strong_buy,THELEELA.NS,2026-09-11,1,ok
Industrials,Conglomerates,Thermax Limited,EQUITY,INR,INR,414772396032.0,409901957120.0,112648671.0,32529177.0,70.14669,41.179813,7.475186,3.826543,46.817,3.782,492.563,52.49,89.41274,,,0.05474,0.34087002,0.0039500003,0.08078,0.071,-0.834,-0.834,42.166,,,24674000896.0,23525300224.0,,,108393496576.0,8755500032.0,0.38,0.26590002,0.301,0.73658997,0.20353001,21.0,4392.0,hold,THERMAX.NS,2026-09-11,1,ok
Industrials,Conglomerates,Tube Investments of India Limited,EQUITY,INR,INR,504468832256.0,543713394688.0,193572320.0,105800100.0,83.28859,35.051785,6.507441,2.3766384,27.398,2.562,400.48,31.29,74.35,,,0.028169999,0.31705,0.07277,0.09349,0.207,-0.142,-0.143,27.724,,,23999899648.0,31472199680.0,,,212261502976.0,19845349376.0,0.16,0.113299996,-0.3,0.44044,0.33492002,6.0,3331.8333,none,TIINDIA.NS,2026-09-11,1,ok
Industrials,Tools & Accessories,Timken India Limited,EQUITY,INR,INR,248402345984.0,244964884480.0,75218734.0,33922145.0,55.95391,39.44953,8.522762,6.9016566,37.262,6.806,387.48,59.02,83.71202,,,0.118389994,0.38147,0.15506,0.18266001,0.166,0.148,0.148,0.5,,,3191950080.0,145620000.0,,,35991699456.0,6574090240.0,0.08,0.6354,0.386,0.52395,0.33049,7.0,3982.0,none,TIMKEN.NS,2026-09-11,1,ok
Industrials,Railroads,Titagarh Rail Systems Limited,EQUITY,INR,INR,100957790208.0,118611025920.0,119881000.0,79865120.0,57.99931,24.164995,4.6610546,3.0858936,31.776,3.625,180.678,14.52,34.85,,,0.06072,0.26588,0.10446,0.11409,0.126,0.67,0.704,25.363,,,3171899904.0,6231199744.0,,,32715900928.0,3732699904.0,0.12,0.0688,0.806,0.40625,0.20153,9.0,986.1111,none,TITAGARH.NS,2026-09-11,1,ok
Consumer Cyclical,Luxury Goods,Titan Company Limited,EQUITY,INR,INR,4444991258624.0,4725174435840.0,887312335.0,324929735.0,76.98632,56.3325,28.32178,4.809712,53.15,5.113,176.878,65.07,88.92735,,,0.062319998,0.20475,0.123339996,0.0962,0.293,0.628,0.629,195.001,,,38610001920.0,306210013184.0,,,924169994240.0,88902500352.0,0.3,0.16950001,0.184,0.587,0.21983999,36.0,5421.5,buy,TITAN.NS,2026-09-11,1,ok
Consumer Cyclical,Auto Manufacturers,Tata Motors Limited,EQUITY,INR,INR,1600356089856.0,1543134117888.0,3682789352.0,2029259173.0,38.661034,18.552912,12.566148,1.8353128,17.779,1.77,34.581,11.24,23.4222,,,0.04809,0.3165,0.06852,0.09954,0.193,0.834,0.833,44.095,,,130479996928.0,56149999616.0,,,871980007424.0,86796664832.0,0.9,0.35119998,,0.45167,0.26704,20.0,528.65,none,TMCV.NS,2026-09-11,1,ok
Consumer Cyclical,Auto Manufacturers,Tata Motors Passenger Vehicles Limited,EQUITY,INR,INR,1108918665216.0,1572824416256.0,3682891544.0,2001961386.0,,6.3175306,0.98936707,0.31926122,13.447,0.453,304.336,-9.17,47.66103,,,0.22814,0.46472,0.02688,0.03368,-0.082,-0.803,-0.803,70.364,,,476639985664.0,852310032384.0,,,3473389912064.0,116967497728.0,1.0,0.56439996,0.778,0.44089,0.26681998,25.0,360.96,hold,TMPV.NS,2026-09-11,1,ok
Healthcare,Drug Manufacturers - Specialty & Generic,Torrent Pharmaceuticals Limited,EQUITY,INR,INR,1888716718080.0,1887202967552.0,380367856.0,130656862.0,79.30842,53.305927,20.034132,12.012651,39.205,12.003,247.852,62.61,93.15099,,,0.13874,0.75975996,0.21764,0.30616,0.548,-0.082,0.033,85.446,,,23552100352.0,150254993408.0,,,157227302912.0,48136323072.0,0.77,0.607,0.137,0.63425,0.19403,29.0,5386.759,buy,TORNTPHARM.NS,2026-09-11,1,ok
Utilities,Utilities - Independent Power Producers,Torrent Power Limited,EQUITY,INR,INR,653865254912.0,776055881728.0,503903543.0,159651760.0,28.117008,21.27152,3.4278076,2.2404854,13.531,2.659,378.551,46.15,61.00175,,,0.079629995,0.26631,0.14002,0.19652,0.028,-0.127,-0.127,70.885,,,23194099712.0,139705597952.0,,,291840884736.0,57351999488.0,1.54,0.4337,0.626,0.62308997,0.26811,11.0,1520.3636,buy,TORNTPOWER.NS,2026-09-11,1,ok
Consumer Cyclical,Restaurants,Travel Food Services Limited,EQUITY,INR,INR,165111840768.0,163697393664.0,131710153.0,18189528.0,34.812553,29.481321,11.446416,9.571889,23.92,9.49,109.519,36.01,42.52184,,,0.27594,0.69611,0.2662,0.39673,0.206,0.381,0.381,16.722,,,8355689984.0,2447889920.0,,,17249660928.0,6843454976.0,0.8,0.0,,0.86171997,0.08944,4.0,1573.25,buy,TRAVELFOOD.NS,2026-09-11,1,ok
Consumer Cyclical,Apparel Retail,Trent Limited,EQUITY,INR,INR,1494330114048.0,1520575184896.0,533232301.0,302091467.0,82.81323,55.00452,21.394325,7.1343937,51.23,7.26,130.988,33.84,50.94854,,,0.08637,0.4301,0.1249,0.14171,0.178,0.207,0.208,36.034,,,9288899584.0,25612500992.0,,,209454399488.0,29681350656.0,0.14,0.1179,0.371,0.43403998,0.31525,26.0,3396.8718,none,TRENT.NS,2026-09-11,1,ok
Consumer Cyclical,Textile Manufacturing,Trident Limited,EQUITY,INR,INR,119185711104.0,133896290304.0,5095584070.0,1184502074.0,29.98718,20.33913,2.4994657,1.7576448,15.03,1.975,9.358,0.78,1.15,,,0.05829,0.47823003,0.13338,0.13137001,0.047,0.148,0.13,38.323,,,4690400256.0,18285299712.0,,,67809898496.0,8908475392.0,4.24,0.641,0.009,0.75532997,0.02477,2.0,29.0,none,TRIDENT.NS,2026-09-11,1,ok
Industrials,Specialty Industrial Machinery,Triveni Turbine Limited,EQUITY,INR,INR,181090861056.0,173674463232.0,317898459.0,113710275.0,54.046494,36.81296,12.505764,8.03955,40.403,7.71,45.551,10.54,15.47417,,,0.14930001,0.45128,0.09465,0.19083,0.192,-0.212,-0.208,2.476,,,5805000192.0,358000000.0,,,22524999680.0,4298534912.0,0.71,0.4022,0.529,0.59731,0.28581,9.0,686.0,none,TRITURBINE.NS,2026-09-11,1,ok
Communication Services,Telecom Services,Tata Teleservices (Maharashtra) Limited,EQUITY,INR,INR,69595422720.0,278505160704.0,1954927727.0,883959670.0,187.36841,,-0.34826502,5.910188,47.116,23.651,-102.221,0.19,,,,0.03187,0.55535,0.43648,0.50198,0.061,,,,,,385500000.0,208689201152.0,,,11775500288.0,5911050240.0,,0.0,0.434,0.74358004,0.01987,,,none,TTML.NS,2026-09-11,1,ok
Consumer Cyclical,Auto Manufacturers,TVS Motor Company Limited,EQUITY,INR,INR,1960308244480.0,2251421122560.0,474960087.0,229128274.0,57.10923,35.975098,58.66625,3.2545857,26.471,3.738,70.313,72.23,114.66264,,,0.05691,0.36699,0.13137999,0.14121,0.343,0.671,0.671,306.09,,,44654501888.0,327910096896.0,,,602321911808.0,85051351040.0,0.29,0.1663,-0.044,0.52267,0.30421,37.0,4211.676,buy,TVSMOTOR.NS,2026-09-11,1,ok
Consumer Defensive,Beverages - Brewers,United Breweries Limited,EQUITY,INR,INR,332119310336.0,340862238720.0,264405149.0,65707324.0,84.020065,46.249638,7.344368,3.517289,47.916,3.61,171.029,14.95,27.15913,,,0.0419,0.42068002,0.06418,0.07534,0.071,-0.095,-0.095,29.076,,,4638400000.0,13165299712.0,,,94424801280.0,7113750016.0,0.8,0.66800004,-0.042,0.72827005,0.2085,20.0,1441.95,hold,UBL.NS,2026-09-11,1,ok
Financial Services,Banks - Regional,UCO Bank,EQUITY,INR,INR,302454177792.0,332670500864.0,12539558979.0,1110569169.0,10.72,17.228573,0.8946256,2.3130178,,2.544,26.961,2.24,1.4,0.08541001,0.00735,0.21541001,0.0,0.60444,0.0,0.53,0.083,0.08,,,,218040205312.0,248677302272.0,,,130761711616.0,,1.84,0.19559999,0.697,0.90950996,0.026199998,,,none,UCOBANK.NS,2026-09-11,1,ok
Basic Materials,Building Materials,UltraTech Cement Limited,EQUITY,INR,INR,3235865952256.0,3456924909568.0,294169635.0,113658195.0,37.666073,25.455479,4.222483,3.5216753,19.483,3.762,2605.102,292.04,432.127,,,0.092930004,0.58396,0.15478,0.19309999,0.159,0.168,0.168,29.432,,,51199700992.0,237550895104.0,,,918842769408.0,177430593536.0,2.19,0.26709998,0.495,0.61939996,0.22318001,37.0,13928.378,strong_buy,ULTRACEMCO.NS,2026-09-11,1,ok
Industrials,Aerospace & Defense,Unimech Aerospace and Manufacturing Limited,EQUITY,INR,INR,86156713984.0,76261965824.0,50901997.0,10262938.0,119.5339,55.13355,11.679144,30.217459,78.715,26.747,144.925,14.16,30.7,,,0.2526,0.68587995,0.29081,0.33979,0.709,0.455,0.457,17.186,,,5917983744.0,1267284992.0,,,2851223040.0,968830528.0,,0.0,,0.79745,0.077810004,2.0,1535.0,none,UNIMECH.NS,2026-09-21,1,ok
Financial Services,Banks - Regional,Union Bank of India,EQUITY,INR,INR,1359545237504.0,,7633605607.0,1927048570.0,6.7615795,6.6503115,0.9744488,2.6646278,,,182.77,26.34,26.7807,0.15798001,0.01349,0.40460998,0.0,-8.87682,0.0,,,,,,,,,,,510219583488.0,,2.72,0.36060002,0.9,0.74757004,0.14929,17.0,196.76471,buy,UNIONBANK.NS,2026-09-11,1,ok
Consumer Defensive,Beverages - Wineries & Distilleries,United Spirits Limited,EQUITY,INR,INR,990527291392.0,966957596672.0,710055403.0,269757148.0,58.61345,46.156593,11.063614,7.842655,45.059,7.656,126.089,23.8,30.2232,,,0.14917,0.46857,0.13164,0.16991,-0.102,0.112,0.11,4.611,,,31289999360.0,4129999872.0,,,126299996160.0,21460000768.0,1.21,0.58849996,0.143,0.59487,0.25129,26.0,1569.8077,buy,UNITDSPR.NS,2026-09-11,1,ok
Consumer Cyclical,Auto Parts,Uno Minda Limited,EQUITY,INR,INR,693884551168.0,735329058816.0,577467206.0,182615424.0,58.048306,37.964954,10.159203,3.347939,33.173,3.548,118.277,20.7,31.65024,,,0.05801,0.34037,0.071090005,0.10695,0.238,0.012,0.018,37.74,,,3607399936.0,27401199616.0,,,207253504000.0,22166349824.0,0.22,0.1273,0.297,0.68487,0.20542,19.0,1329.1052,buy,UNOMINDA.NS,2026-09-11,1,ok
Basic Materials,Agricultural Inputs,UPL Limited,EQUITY,INR,INR,484305567744.0,720800579584.0,844169318.0,557607601.0,23.529774,12.159556,1.3940119,0.9171759,9.027,1.365,411.008,24.35,47.11932,,,0.03825,0.49945,0.06561,0.15121001,0.105,,,57.128,,,66339999744.0,235759992832.0,,,528040001536.0,79847497728.0,1.04,0.24610001,0.541,0.33788,0.4257,17.0,731.2353,buy,UPL.NS,2026-09-11,1,ok
Technology,Software - Application,Urban Company Limited,EQUITY,INR,INR,245752233984.0,237955432448.0,1472540141.0,648918754.0,,-190.33553,12.006475,14.290663,-72.777,13.837,13.9,-2.27,-0.87682,,,-0.19415002,0.50453,-0.20523001,-0.19013001,0.436,,,6.335,,,17183700992.0,1357900032.0,,,17196699648.0,-3269635072.0,,0.0,,0.32806,0.51528,9.0,149.0,none,URBANCO.NS,2026-09-11,1,ok
Basic Materials,Steel,Usha Martin Limited,EQUITY,INR,INR,150525935616.0,148426260480.0,304400280.0,126703668.0,28.50144,21.223177,4.563829,3.923144,19.363,3.868,108.352,17.35,23.3,,,0.13215,0.49862,0.16892,0.19978,0.164,0.408,0.407,6.922,,,4767499776.0,2285700096.0,,,38368698368.0,7665274880.0,0.75,0.1718,0.271,0.40181,0.26768,3.0,603.0,none,USHAMART.NS,2026-09-11,1,ok
Financial Services,Asset Management,UTI Asset Management Company Limited,EQUITY,INR,INR,116970700800.0,78989385728.0,128539228.0,99240601.0,24.815928,15.9132805,2.596291,6.74311,9.479,4.554,350.5,36.67,57.18494,,,0.26583,0.67279,0.63324,0.48039,0.067,0.24,0.241,3.129,,,40844701696.0,1409299968.0,,,17346699264.0,8333250048.0,4.44,0.72580004,0.401,0.34737998,0.51183,17.0,1068.7059,none,UTIAMC.NS,2026-09-11,1,ok
Consumer Defensive,Beverages - Non-Alcoholic,Varun Beverages Limited,EQUITY,INR,INR,1408796590080.0,1399400431616.0,3382464894.0,1301947255.0,41.566864,35.691116,6.470808,5.8392096,25.07,5.8,64.366,10.02,11.66957,0.16853,0.09782,0.14035,0.55454,0.24119,0.23136,0.204,0.157,0.155,15.869,2.034,0.814,25684049920.0,34835341312.0,1291929984.0,34798940160.0,241264951296.0,55819321344.0,0.49,0.1499,0.277,0.60587,0.24042,25.0,549.76,strong_buy,VBL.NS,2026-09-11,1,ok
Basic Materials,Other Industrial Metals & Mining,Vedanta Limited,EQUITY,INR,INR,1029696258048.0,1410546925568.0,3904801732.0,1616314581.0,11.586117,8.201555,2.0738306,1.2141786,4.437,1.663,127.156,22.76,32.15244,,,0.23205,0.53911996,0.3116,0.37484002,-0.373,0.722,0.718,48.044,,,158759993344.0,329469984768.0,,,848060022784.0,317887512576.0,12.48,1.1858001,0.368,0.5707,0.18316,9.0,314.8889,buy,VEDL.NS,2026-09-11,1,ok
Healthcare,Diagnostics & Research,Vijaya Diagnostic Centre Limited,EQUITY,INR,INR,154702561280.0,155574763520.0,102997715.0,48930194.0,82.800446,54.697742,16.139952,18.048887,41.927,18.151,93.061,18.14,27.46,,,0.21874,0.88465,0.31785,0.43291,0.228,0.373,0.385,44.15,,,2891252992.0,4225850112.0,,,8571307008.0,3710568960.0,0.13,0.11,0.357,0.5348,0.3941,10.0,1530.3,none,VIJAYA.NS,2026-09-11,1,ok
Consumer Cyclical,Department Stores,Vishal Mega Mart Limited,EQUITY,INR,INR,476491874304.0,489228206080.0,4684808639.0,2567421841.0,53.531578,37.485718,6.399673,3.5310206,23.633,3.626,15.893,1.9,2.7133,,,0.0661,0.28500998,0.09636,0.15342,0.187,0.25,0.256,26.817,,,17139179520.0,19879780352.0,,,134930112512.0,20701050880.0,,0.0,,0.40023,0.48161,18.0,147.38889,strong_buy,VMM.NS,2026-09-11,1,ok
Consumer Cyclical,"Furnishings, Fixtures & Appliances",Voltas Limited,EQUITY,INR,INR,385480720384.0,380533866496.0,330884740.0,237667891.0,85.97786,36.062496,6.045604,2.5734024,47.534,2.54,192.702,13.55,32.30503,,,0.02999,0.22229,0.052249998,0.053439997,0.187,0.52,0.522,15.51,,,12949300224.0,9924800512.0,,,149794193408.0,8005499904.0,0.35,0.29479998,0.12,0.36942002,0.42780998,35.0,1363.4,hold,VOLTAS.NS,2026-09-11,1,ok
Consumer Cyclical,Textile Manufacturing,Vardhman Textiles Limited,EQUITY,INR,INR,163901210624.0,172306333696.0,289475800.0,97644861.0,19.044737,12.926941,1.5327061,1.6090089,12.434,1.692,369.412,29.73,43.8,,,0.08324,0.45478,0.12849,0.13604,0.133,0.492,0.496,17.52,,,10897699840.0,18549800960.0,,,101864701952.0,13857874944.0,0.86,0.168,0.206,0.65511,0.16134001,6.0,611.6667,none,VTL.NS,2026-09-11,1,ok
Technology,Solar,Waaree Energies Limited,EQUITY,INR,INR,755084754944.0,696841601024.0,287651335.0,83267486.0,19.965014,15.865294,5.227022,2.513369,10.956,2.32,502.198,131.48,165.45549,,,0.12703,0.30225,0.13994001,0.21172,0.792,0.142,0.141,21.402,,,73888997376.0,32126199808.0,,,300427313152.0,63605301248.0,0.16,0.0150999995,,0.6815,0.08988,14.0,3295.7144,buy,WAAREEENER.NS,2026-09-11,1,ok
Basic Materials,Steel,Welspun Corp Limited,EQUITY,INR,INR,705829994496.0,720940433408.0,263703928.0,134609728.0,28.688103,24.654638,7.711834,4.079996,29.827,4.167,347.077,93.3,108.56375,,,0.13348,0.38401002,0.13912,0.13972001,0.149,1.983,1.986,25.042,,,37637300224.0,23554500608.0,,,172997705728.0,24170874880.0,0.19,0.1142,0.532,0.49845,0.2801,8.0,2575.1812,strong_buy,WELCORP.NS,2026-09-11,1,ok
Consumer Cyclical,Textile Manufacturing,Welspun Living Limited,EQUITY,INR,INR,196893097984.0,213708701696.0,948060014.0,302495762.0,71.613785,22.524944,4.050791,1.9820142,23.511,2.151,51.269,2.9,9.22,,,0.02795,0.45623,0.084680006,0.0915,0.237,0.837,0.836,46.501,,,10245999616.0,23147900928.0,,,99339902976.0,9089699840.0,0.05,0.0,0.136,0.68975997,0.14757,11.0,207.09091,strong_buy,WELSPUNLIV.NS,2026-09-11,1,ok
Consumer Cyclical,"Furnishings, Fixtures & Appliances",Whirlpool of India Limited,EQUITY,INR,INR,96757719040.0,78992162816.0,126871830.0,75999270.0,38.502525,21.908371,2.3251522,1.1617483,23.912,0.948,327.871,19.73,34.7972,,,0.03013,0.32382,0.031040002,0.03966,0.121,-0.294,-0.294,8.621,,,25527500800.0,3586899968.0,,,83286302720.0,3303399936.0,0.63,0.2529,0.361,0.42369998,0.40866002,11.0,945.63635,hold,WHIRLPOOL.NS,2026-09-11,1,ok
Technology,Information Technology Services,Wipro Limited,EQUITY,INR,INR,1656093147136.0,1465111412736.0,9893029883.0,2886480728.0,13.296267,12.043685,2.1373851,1.7438433,8.378,1.543,78.32,12.59,13.8994,0.16128999,0.07263,0.13919,0.29045,0.15698,0.18414,0.106,0.009,0.006,27.398,1.672,1.575,394750001152.0,212821999616.0,108508127232.0,141077004288.0,949680013312.0,174871003136.0,4.81,0.8737,0.393,0.72691,0.148,40.0,177.75,hold,WIPRO.NS,2026-09-11,1,ok
Healthcare,Drug Manufacturers - Specialty & Generic,Wockhardt Limited,EQUITY,INR,INR,354135441408.0,380430123008.0,162492169.0,76589059.0,87.631676,,7.158835,9.694373,50.843,10.414,304.435,24.87,,,,0.11196,0.65152,0.14316,0.20482999,0.259,,,42.284,,,6800000000.0,22329999360.0,,,36529999872.0,7482500096.0,,0.0,0.974,0.5102,0.13819,,,none,WOCKPHARMA.NS,2026-09-11,1,ok
Financial Services,Banks - Regional,Yes Bank Limited,EQUITY,INR,INR,737000685568.0,,31388445931.0,15283552764.0,19.73109,12.912734,1.4115666,4.526659,,,16.634,1.19,1.81836,0.074650005,0.00863,0.23185,0.0,0.54693,0.0,0.198,0.118,0.206,,,,,,,,162813394944.0,,,0.0,0.48,0.44162998,0.18186001,13.0,21.15385,underperform,YESBANK.NS,2026-09-11,1,ok
Communication Services,Broadcasting,Zee Entertainment Enterprises Limited,EQUITY,INR,INR,76226822144.0,53578354688.0,960519420.0,926658670.0,39.8794,9.958565,0.64147955,0.93170875,22.067,0.655,123.714,1.99,7.96902,,,0.025139999,0.2756,0.01856,0.029679999,0.045,-0.473,-0.469,2.26,,,27238000640.0,2651000064.0,,,81814003712.0,2428000000.0,2.33,1.1517,0.416,0.05035,0.26765,12.0,102.66667,none,ZEEL.NS,2026-09-11,1,ok
Technology,Information Technology Services,Zensar Technologies Limited,EQUITY,INR,INR,96446472192.0,72151130112.0,226799456.0,139442726.0,12.870763,11.177422,2.0428114,1.6598082,8.214,1.242,208.169,33.04,38.04545,,,0.13362001,0.20445,0.12755999,0.15116,0.089,0.009,0.01,1.68,,,25873000448.0,793000000.0,,,58106998784.0,8783500288.0,3.51,0.3969,0.206,0.50167,0.26913,12.0,580.6667,none,ZENSARTECH.NS,2026-09-11,1,ok
Industrials,Aerospace & Defense,Zen Technologies Limited,EQUITY,INR,INR,154934329344.0,154579681280.0,89942136.0,45186596.0,85.616295,32.886597,8.619852,23.08629,69.372,23.033,199.841,19.95,52.38,,,0.26845,0.69635004,0.21792,0.33203,-0.105,-0.279,-0.278,0.95,,,3547316992.0,185174000.0,,,6711096832.0,2228267264.0,0.06,0.0998,0.071,0.4991,0.11474,6.0,1822.5,none,ZENTEC.NS,2026-09-11,1,ok
Consumer Cyclical,Auto Parts,ZF Commercial Vehicle Control Systems India Limited,EQUITY,INR,INR,289999192064.0,,113805504.0,45195580.0,2.8349557,38.27563,7.85783,6.8890553,,,324.288,920.34,66.575,,,0.118599996,0.41449,0.12878,0.15617,0.327,0.461,0.461,,,,,,,,42095640576.0,6574058496.0,0.16,0.0034999999,-0.017,0.60268,0.28627002,4.0,2928.25,none,ZFCVINDIA.NS,2026-09-11,1,ok
Healthcare,Drug Manufacturers - Specialty & Generic,Zydus Lifesciences Limited,EQUITY,INR,INR,1116306538496.0,1224911355904.0,997503832.0,242884761.0,24.94094,22.75179,4.153522,3.9043028,17.996,4.284,269.434,44.87,49.18734,,,0.15784,0.72111,0.16438,0.23806,0.22,-0.359,-0.359,42.304,,,49711001600.0,125145997312.0,,,285916987392.0,68065001472.0,0.09,0.24520001,0.371,0.75188005,0.15356,30.0,1195.7827,hold,ZYDUSLIFE.NS,2026-09-11,1,ok
Consumer Defensive,Packaged Foods,Zydus Wellness Limited,EQUITY,INR,INR,175624716288.0,211053412352.0,318160720.0,93081100.0,92.77311,33.96923,3.014499,3.8708584,37.206,4.652,183.115,5.95,16.25,,,0.041479997,0.62626,0.12874,0.12502,0.669,-0.07,-0.07,54.974,,,1148999936.0,32028000256.0,,,45370998784.0,5672500224.0,0.21,0.2027,-0.108,0.69852996,0.21135001,8.0,618.875,buy,ZYDUSWELL.NS,2026-09-11,1,ok
