symbol,quarter_end,promoter_pct,public_pct,employee_trusts_pct
360ONE,2021-09-30,22.78,77.22,0.0
360ONE,2021-12-31,23.15,76.85,0.0
360ONE,2022-03-31,23.14,76.86,0.0
360ONE,2022-06-30,23.21,76.79,0.0
360ONE,2022-09-30,23.19,76.81,0.0
360ONE,2022-12-31,22.03,77.97,0.0
360ONE,2023-03-03,22.02,77.98,0.0
360ONE,2023-03-31,22.02,77.98,0.0
360ONE,2023-06-30,21.46,78.54,0.0
360ONE,2023-09-30,20.83,79.17,0.0
360ONE,2023-12-31,17.77,82.23,0.0
360ONE,2024-03-31,17.75,82.25,0.0
360ONE,2024-06-30,15.79,84.21,0.0
360ONE,2024-09-30,15.71,84.29,0.0
360ONE,2024-10-29,14.78,85.22,0.0
360ONE,2024-12-31,14.76,85.24,0.0
360ONE,2025-03-31,14.2,85.8,0.0
360ONE,2025-05-27,7.08,92.92,0.0
360ONE,2025-06-30,6.27,93.73,0.0
360ONE,2025-09-30,6.26,93.74,0.0
360ONE,2025-12-31,6.25,93.75,0.0
360ONE,2026-03-31,6.24,93.76,0.0
360ONE,2026-06-30,6.2,93.8,0.0
3MINDIA,2021-09-30,75.0,25.0,0.0
3MINDIA,2021-12-31,75.0,25.0,0.0
3MINDIA,2022-03-31,75.0,25.0,0.0
3MINDIA,2022-06-30,75.0,25.0,0.0
3MINDIA,2022-09-30,75.0,25.0,0.0
3MINDIA,2022-12-31,75.0,25.0,0.0
3MINDIA,2023-03-31,75.0,25.0,0.0
3MINDIA,2023-06-30,75.0,25.0,0.0
3MINDIA,2023-09-30,75.0,25.0,0.0
3MINDIA,2023-12-31,75.0,25.0,0.0
3MINDIA,2024-03-31,75.0,25.0,0.0
3MINDIA,2024-06-30,75.0,25.0,0.0
3MINDIA,2024-09-30,75.0,25.0,0.0
3MINDIA,2024-12-31,75.0,25.0,0.0
3MINDIA,2025-03-31,75.0,25.0,0.0
3MINDIA,2025-06-30,75.0,25.0,0.0
3MINDIA,2025-09-30,75.0,25.0,0.0
3MINDIA,2025-12-31,75.0,25.0,0.0
3MINDIA,2026-03-31,75.0,25.0,0.0
3MINDIA,2026-06-30,75.0,25.0,0.0
AADHARHFC,2024-05-14,76.48,23.52,0.0
AADHARHFC,2024-06-30,76.48,23.52,0.0
AADHARHFC,2024-09-30,75.89,24.11,0.0
AADHARHFC,2024-12-31,75.74,24.26,0.0
AADHARHFC,2025-03-31,75.61,24.39,0.0
AADHARHFC,2025-06-30,75.5,24.5,0.0
AADHARHFC,2025-09-30,75.32,24.68,0.0
AADHARHFC,2025-12-31,75.19,24.81,0.0
AADHARHFC,2026-03-31,64.9,35.1,0.0
AADHARHFC,2026-06-30,64.66,35.34,0.0
AARTIIND,2021-09-30,44.21,55.79,0.0
AARTIIND,2021-12-31,44.21,55.79,0.0
AARTIIND,2022-03-31,44.19,55.81,0.0
AARTIIND,2022-06-30,44.19,55.81,0.0
AARTIIND,2022-09-30,44.16,55.84,0.0
AARTIIND,2022-12-31,44.16,55.84,0.0
AARTIIND,2023-03-31,44.07,55.93,0.0
AARTIIND,2023-06-30,43.65,56.35,0.0
AARTIIND,2023-09-30,43.57,56.43,0.0
AARTIIND,2023-12-31,43.55,56.45,0.0
AARTIIND,2024-03-31,43.43,56.57,0.0
AARTIIND,2024-06-30,43.24,56.76,0.0
AARTIIND,2024-09-30,42.61,57.39,0.0
AARTIIND,2024-12-31,42.35,57.65,0.0
AARTIIND,2025-03-31,42.24,57.76,0.0
AARTIIND,2025-06-30,42.24,57.76,0.0
AARTIIND,2025-09-30,42.18,57.82,0.0
AARTIIND,2025-12-31,42.14,57.86,0.0
AARTIIND,2026-03-31,42.09,57.91,0.0
AARTIIND,2026-06-30,41.82,58.18,0.0
AAVAS,2021-09-30,39.22,60.78,0.0
AAVAS,2021-12-31,39.21,60.79,0.0
AAVAS,2022-03-31,39.2,60.8,0.0
AAVAS,2022-06-30,39.19,60.81,0.0
AAVAS,2022-09-30,39.16,60.84,0.0
AAVAS,2022-12-31,39.15,60.85,0.0
AAVAS,2023-03-31,39.14,60.86,0.0
AAVAS,2023-06-30,39.13,60.87,0.0
AAVAS,2023-09-30,39.11,60.89,0.0
AAVAS,2023-12-31,39.1,60.9,0.0
AAVAS,2024-03-31,26.47,73.53,0.0
AAVAS,2024-06-30,26.47,73.53,0.0
AAVAS,2024-09-30,26.47,73.53,0.0
AAVAS,2024-12-31,26.47,73.53,0.0
AAVAS,2025-03-31,26.47,73.53,0.0
AAVAS,2025-06-30,48.96,51.04,0.0
AAVAS,2025-09-30,48.96,51.04,0.0
AAVAS,2025-12-31,48.95,51.05,0.0
AAVAS,2026-03-31,48.88,51.12,0.0
AAVAS,2026-06-30,48.88,51.12,0.0
ABB,2021-09-30,75.0,25.0,0.0
ABB,2021-12-31,75.0,25.0,0.0
ABB,2022-03-31,75.0,25.0,0.0
ABB,2022-06-30,75.0,25.0,0.0
ABB,2022-09-30,75.0,25.0,0.0
ABB,2022-12-31,75.0,25.0,0.0
ABB,2023-03-31,75.0,25.0,0.0
ABB,2023-06-30,75.0,25.0,0.0
ABB,2023-09-30,75.0,25.0,0.0
ABB,2023-12-31,75.0,25.0,0.0
ABB,2024-03-31,75.0,25.0,0.0
ABB,2024-06-30,75.0,25.0,0.0
ABB,2024-09-30,75.0,25.0,0.0
ABB,2024-12-31,75.0,25.0,0.0
ABB,2025-03-31,75.0,25.0,0.0
ABB,2025-06-30,75.0,25.0,0.0
ABB,2025-09-30,75.0,25.0,0.0
ABB,2025-12-31,75.0,25.0,0.0
ABB,2026-03-31,75.0,25.0,0.0
ABB,2026-06-30,75.0,25.0,0.0
ABCAPITAL,2021-09-30,70.69,29.32,0.0
ABCAPITAL,2021-12-31,71.03,28.97,0.0
ABCAPITAL,2022-03-31,71.07,28.93,0.0
ABCAPITAL,2022-06-30,71.07,28.93,0.0
ABCAPITAL,2022-09-30,71.06,28.94,0.0
ABCAPITAL,2022-12-31,71.05,28.95,0.0
ABCAPITAL,2023-03-31,71.02,28.98,0.0
ABCAPITAL,2023-06-26,71.87,28.13,0.0
ABCAPITAL,2023-06-30,69.1,30.9,0.0
ABCAPITAL,2023-09-30,68.99,31.01,0.0
ABCAPITAL,2023-12-31,68.98,31.02,0.0
ABCAPITAL,2024-03-31,68.96,31.04,0.0
ABCAPITAL,2024-06-30,68.98,31.02,0.0
ABCAPITAL,2024-09-30,68.9,31.1,0.0
ABCAPITAL,2024-12-31,68.86,31.14,0.0
ABCAPITAL,2025-03-31,68.85,31.15,0.0
ABCAPITAL,2025-06-30,68.76,31.24,0.0
ABCAPITAL,2025-09-30,68.7,31.3,0.0
ABCAPITAL,2025-12-31,68.58,31.42,0.0
ABCAPITAL,2026-03-31,68.51,31.49,0.0
ABCAPITAL,2026-06-23,68.81,31.19,0.0
ABCAPITAL,2026-06-30,68.81,31.19,0.0
ABDL,2024-06-28,80.91,19.09,0.0
ABDL,2024-06-30,80.91,19.09,0.0
ABDL,2024-09-30,80.91,19.09,0.0
ABDL,2024-12-31,80.91,19.09,0.0
ABDL,2025-03-31,80.91,19.09,0.0
ABDL,2025-06-30,80.91,19.09,0.0
ABDL,2025-09-30,80.91,19.09,0.0
ABDL,2025-12-31,80.91,19.09,0.0
ABDL,2026-03-31,80.91,19.09,0.0
ABDL,2026-06-30,80.91,19.09,0.0
ABFRL,2021-09-30,56.13,43.34,0.53
ABFRL,2021-12-31,56.12,43.36,0.52
ABFRL,2022-03-31,56.09,43.41,0.5
ABFRL,2022-06-30,56.09,43.42,0.49
ABFRL,2022-09-30,56.08,43.4,0.52
ABFRL,2022-12-31,55.47,43.98,0.55
ABFRL,2023-03-31,55.47,44.01,0.51
ABFRL,2023-06-30,55.47,44.02,0.51
ABFRL,2023-09-30,55.45,44.05,0.5
ABFRL,2023-12-31,55.45,44.05,0.5
ABFRL,2024-03-11,51.85,47.68,0.46
ABFRL,2024-03-31,51.85,47.68,0.46
ABFRL,2024-06-30,51.97,47.58,0.45
ABFRL,2024-09-05,49.26,50.31,0.42
ABFRL,2024-09-30,49.25,50.33,0.42
ABFRL,2024-12-31,49.24,50.34,0.41
ABFRL,2025-01-21,46.28,53.33,0.39
ABFRL,2025-02-24,46.58,53.06,0.36
ABFRL,2025-03-31,46.58,53.06,0.36
ABFRL,2025-06-30,46.57,53.07,0.35
ABFRL,2025-09-30,46.61,53.04,0.35
ABFRL,2025-12-31,46.61,53.05,0.34
ABFRL,2026-03-31,46.61,53.08,0.31
ABFRL,2026-06-30,46.61,53.08,0.31
ABLBL,2025-05-26,46.57,53.07,0.35
ABLBL,2025-06-30,46.57,53.07,0.35
ABLBL,2025-09-30,46.6,53.05,0.35
ABLBL,2025-12-31,46.6,52.89,0.51
ABLBL,2026-03-31,46.6,52.92,0.48
ABLBL,2026-06-30,46.6,52.92,0.48
ABREL,2021-09-30,50.21,49.79,0.0
ABREL,2021-12-31,50.21,49.79,0.0
ABREL,2022-03-31,50.21,49.79,0.0
ABREL,2022-06-30,50.21,49.79,0.0
ABREL,2022-09-30,50.21,49.79,0.0
ABREL,2022-12-31,50.21,49.79,0.0
ABREL,2023-03-31,50.21,49.79,0.0
ABREL,2023-06-30,50.21,48.67,1.12
ABREL,2023-09-30,50.21,48.67,1.12
ABREL,2023-12-31,50.21,48.67,1.12
ABREL,2024-03-31,50.21,48.67,1.12
ABREL,2024-06-30,50.21,48.67,1.12
ABREL,2024-09-30,50.21,48.75,1.05
ABREL,2024-12-31,50.21,48.75,1.05
ABREL,2025-03-31,50.21,48.75,1.05
ABREL,2025-06-30,50.21,48.75,1.05
ABREL,2025-09-30,50.21,48.76,1.03
ABREL,2025-12-31,50.21,48.77,1.02
ABREL,2026-03-31,50.21,48.79,1.0
ABREL,2026-06-30,50.21,49.04,0.75
ABSLAMC,2021-10-07,86.5,13.49,0.0
ABSLAMC,2021-12-31,86.5,13.5,0.0
ABSLAMC,2022-03-31,86.5,13.5,0.0
ABSLAMC,2022-06-30,86.5,13.5,0.0
ABSLAMC,2022-09-30,86.5,13.5,0.0
ABSLAMC,2022-12-31,86.5,13.5,0.0
ABSLAMC,2023-03-31,86.5,13.5,0.0
ABSLAMC,2023-06-30,86.49,13.51,0.0
ABSLAMC,2023-09-30,86.48,13.52,0.0
ABSLAMC,2023-12-31,86.47,13.53,0.0
ABSLAMC,2024-03-31,75.31,24.69,0.0
ABSLAMC,2024-06-30,75.0,25.0,0.0
ABSLAMC,2024-09-30,74.95,25.05,0.0
ABSLAMC,2024-12-31,74.9,25.1,0.0
ABSLAMC,2025-03-31,74.9,25.1,0.0
ABSLAMC,2025-06-30,74.88,25.12,0.0
ABSLAMC,2025-09-30,74.85,25.15,0.0
ABSLAMC,2025-12-31,74.82,25.18,0.0
ABSLAMC,2026-03-31,74.82,25.18,0.0
ABSLAMC,2026-06-30,74.71,25.29,0.0
ACC,2021-09-30,54.53,45.47,0.0
ACC,2021-12-31,54.53,45.47,0.0
ACC,2022-03-31,54.53,45.47,0.0
ACC,2022-06-30,54.53,45.47,0.0
ACC,2022-09-30,56.68,43.32,0.0
ACC,2022-12-31,56.69,43.31,0.0
ACC,2023-03-31,56.69,43.31,0.0
ACC,2023-06-30,56.69,43.31,0.0
ACC,2023-09-30,56.69,43.31,0.0
ACC,2023-12-31,56.69,43.31,0.0
ACC,2024-03-31,56.69,43.31,0.0
ACC,2024-06-30,56.69,43.31,0.0
ACC,2024-09-30,56.69,43.31,0.0
ACC,2024-12-31,56.69,43.31,0.0
ACC,2025-03-31,56.69,43.31,0.0
ACC,2025-06-30,56.69,43.31,0.0
ACC,2025-09-30,56.69,43.31,0.0
ACC,2025-12-31,56.69,43.31,0.0
ACC,2026-03-31,56.69,43.31,0.0
ACC,2026-06-30,56.69,43.31,0.0
ACE,2021-09-30,66.76,33.24,0.0
ACE,2021-12-31,66.76,33.24,0.0
ACE,2022-03-31,66.76,33.24,0.0
ACE,2022-06-30,66.76,33.24,0.0
ACE,2022-09-30,66.76,33.24,0.0
ACE,2022-12-31,66.76,33.24,0.0
ACE,2023-03-31,66.76,33.24,0.0
ACE,2023-06-30,66.76,33.24,0.0
ACE,2023-09-30,66.76,33.21,0.03
ACE,2023-12-31,66.76,33.18,0.06
ACE,2024-03-31,66.76,33.18,0.06
ACE,2024-06-30,65.41,34.53,0.06
ACE,2024-09-30,65.41,34.52,0.06
ACE,2024-12-31,65.41,34.52,0.07
ACE,2025-03-31,65.41,34.52,0.07
ACE,2025-06-30,65.41,34.52,0.06
ACE,2025-09-30,65.42,34.52,0.06
ACE,2025-12-31,65.42,34.52,0.06
ACE,2026-03-31,65.42,34.52,0.05
ACE,2026-06-30,65.42,34.53,0.05
ACMESOLAR,2024-11-12,83.41,16.59,0.0
ACMESOLAR,2024-12-31,83.41,16.59,0.0
ACMESOLAR,2025-03-31,83.41,16.59,0.0
ACMESOLAR,2025-06-30,83.41,16.59,0.0
ACMESOLAR,2025-09-30,83.41,16.59,0.0
ACMESOLAR,2025-12-31,83.29,16.6,0.11
ACMESOLAR,2026-03-31,83.29,16.61,0.1
ACMESOLAR,2026-06-04,71.48,28.44,0.08
ACMESOLAR,2026-06-30,71.4,28.42,0.18
ACUTAAS,2021-09-30,41.05,58.94,0.0
ACUTAAS,2021-12-31,41.05,58.95,0.0
ACUTAAS,2022-03-31,41.05,58.95,0.0
ACUTAAS,2022-06-30,41.05,58.95,0.0
ACUTAAS,2022-09-30,39.41,60.59,0.0
ACUTAAS,2022-12-31,39.41,60.59,0.0
ACUTAAS,2023-03-31,39.41,60.59,0.0
ACUTAAS,2023-06-30,39.41,60.59,0.0
ACUTAAS,2023-09-30,38.93,61.07,0.0
ACUTAAS,2023-12-31,39.91,60.09,0.0
ACUTAAS,2024-03-31,39.91,60.09,0.0
ACUTAAS,2024-05-31,39.07,60.93,0.0
ACUTAAS,2024-06-21,35.98,64.02,0.0
ACUTAAS,2024-06-30,35.98,64.02,0.0
ACUTAAS,2024-09-30,35.97,64.03,0.0
ACUTAAS,2024-12-31,35.96,64.04,0.0
ACUTAAS,2025-03-31,35.96,64.04,0.0
ACUTAAS,2025-06-30,32.66,67.34,0.0
ACUTAAS,2025-09-30,32.66,67.34,0.0
ACUTAAS,2025-12-31,32.66,67.34,0.0
ACUTAAS,2026-03-31,32.66,67.34,0.0
ACUTAAS,2026-06-30,32.66,67.34,0.0
ADANIENSOL,2021-09-30,74.92,25.08,0.0
ADANIENSOL,2021-12-31,74.92,25.08,0.0
ADANIENSOL,2022-03-31,74.92,25.08,0.0
ADANIENSOL,2022-06-30,73.87,26.13,0.0
ADANIENSOL,2022-09-30,73.87,26.13,0.0
ADANIENSOL,2022-12-31,74.19,25.81,0.0
ADANIENSOL,2023-03-31,71.65,28.35,0.0
ADANIENSOL,2023-06-30,68.28,31.72,0.0
ADANIENSOL,2023-09-30,73.22,26.78,0.0
ADANIENSOL,2023-12-31,73.22,26.78,0.0
ADANIENSOL,2024-03-31,73.22,26.78,0.0
ADANIENSOL,2024-06-30,74.94,25.06,0.0
ADANIENSOL,2024-08-03,69.59,30.41,0.0
ADANIENSOL,2024-09-30,69.94,30.06,0.0
ADANIENSOL,2024-12-31,69.94,30.06,0.0
ADANIENSOL,2025-03-31,69.94,30.06,0.0
ADANIENSOL,2025-06-30,71.19,28.81,0.0
ADANIENSOL,2025-09-30,71.19,28.81,0.0
ADANIENSOL,2025-12-31,71.19,28.81,0.0
ADANIENSOL,2026-03-31,72.73,27.27,0.0
ADANIENSOL,2026-06-30,74.71,25.29,0.0
ADANIENSOL,2026-07-30,73.39,26.61,0.0
ADANIENT,2015-12-31,75.0,25.0,0.0
ADANIENT,2018-09-30,74.92,25.08,0.0
ADANIENT,2021-09-30,74.92,25.08,0.0
ADANIENT,2021-12-31,74.92,25.08,0.0
ADANIENT,2022-03-31,74.92,25.08,0.0
ADANIENT,2022-05-12,72.28,27.72,0.0
ADANIENT,2022-06-30,72.28,27.72,0.0
ADANIENT,2022-09-30,72.63,27.37,0.0
ADANIENT,2022-12-31,72.63,27.37,0.0
ADANIENT,2023-03-31,69.23,30.77,0.0
ADANIENT,2023-06-30,67.65,32.35,0.0
ADANIENT,2023-09-30,72.61,27.39,0.0
ADANIENT,2023-12-31,72.61,27.39,0.0
ADANIENT,2024-03-31,72.61,27.39,0.0
ADANIENT,2024-06-30,74.72,25.28,0.0
ADANIENT,2024-09-30,74.89,25.11,0.0
ADANIENT,2024-12-31,73.97,26.03,0.0
ADANIENT,2025-03-31,73.97,26.03,0.0
ADANIENT,2025-06-30,73.97,26.03,0.0
ADANIENT,2025-09-30,73.97,26.03,0.0
ADANIENT,2025-12-11,73.97,26.03,0.0
ADANIENT,2025-12-31,73.97,26.03,0.0
ADANIENT,2026-03-31,74.67,25.33,0.0
ADANIENT,2026-06-30,74.84,25.16,0.0
ADANIENT,2026-07-07,71.97,28.03,0.0
ADANIGREEN,2021-09-30,60.14,39.86,0.0
ADANIGREEN,2021-12-31,61.27,38.73,0.0
ADANIGREEN,2022-03-31,61.27,38.73,0.0
ADANIGREEN,2022-06-30,60.5,39.5,0.0
ADANIGREEN,2022-09-30,60.75,39.25,0.0
ADANIGREEN,2022-12-31,60.75,39.25,0.0
ADANIGREEN,2023-03-31,57.26,42.74,0.0
ADANIGREEN,2023-06-30,56.27,43.73,0.0
ADANIGREEN,2023-09-30,56.26,43.74,0.0
ADANIGREEN,2023-12-31,56.37,43.63,0.0
ADANIGREEN,2024-03-31,56.37,43.63,0.0
ADANIGREEN,2024-06-30,57.52,42.48,0.0
ADANIGREEN,2024-09-30,60.94,39.06,0.0
ADANIGREEN,2024-12-31,60.94,39.06,0.0
ADANIGREEN,2025-03-31,60.94,39.06,0.0
ADANIGREEN,2025-06-30,61.91,38.09,0.0
ADANIGREEN,2025-09-30,62.43,37.57,0.0
ADANIGREEN,2025-12-31,62.43,37.57,0.0
ADANIGREEN,2026-03-31,62.43,37.57,0.0
ADANIGREEN,2026-06-30,62.43,37.57,0.0
ADANIPORTS,2021-09-30,63.83,36.17,0.0
ADANIPORTS,2021-12-31,63.83,36.17,0.0
ADANIPORTS,2022-02-21,65.04,34.96,0.0
ADANIPORTS,2022-03-31,65.55,34.45,0.0
ADANIPORTS,2022-06-30,66.02,33.98,0.0
ADANIPORTS,2022-09-30,66.02,33.98,0.0
ADANIPORTS,2022-10-19,64.56,35.44,0.0
ADANIPORTS,2022-12-31,65.13,34.87,0.0
ADANIPORTS,2023-03-31,61.03,38.97,0.0
ADANIPORTS,2023-06-30,62.89,37.11,0.0
ADANIPORTS,2023-09-30,65.53,34.47,0.0
ADANIPORTS,2023-12-31,65.89,34.11,0.0
ADANIPORTS,2024-03-31,65.89,34.11,0.0
ADANIPORTS,2024-06-30,65.89,34.11,0.0
ADANIPORTS,2024-09-30,65.89,34.11,0.0
ADANIPORTS,2024-12-31,65.89,34.11,0.0
ADANIPORTS,2025-03-31,65.89,34.11,0.0
ADANIPORTS,2025-06-30,65.89,34.11,0.0
ADANIPORTS,2025-09-30,65.89,34.11,0.0
ADANIPORTS,2025-12-23,68.02,31.98,0.0
ADANIPORTS,2025-12-31,68.02,31.98,0.0
ADANIPORTS,2026-03-31,68.02,31.98,0.0
ADANIPORTS,2026-06-30,66.03,33.97,0.0
ADANIPOWER,2021-09-30,74.97,25.03,0.0
ADANIPOWER,2021-12-31,74.97,25.03,0.0
ADANIPOWER,2022-03-31,74.97,25.03,0.0
ADANIPOWER,2022-06-30,74.97,25.03,0.0
ADANIPOWER,2022-09-30,74.97,25.03,0.0
ADANIPOWER,2022-12-31,74.97,25.03,0.0
ADANIPOWER,2023-03-31,74.97,25.03,0.0
ADANIPOWER,2023-06-30,74.97,25.03,0.0
ADANIPOWER,2023-09-30,70.02,29.98,0.0
ADANIPOWER,2023-12-31,71.75,28.25,0.0
ADANIPOWER,2024-03-31,71.75,28.25,0.0
ADANIPOWER,2024-06-30,72.71,27.29,0.0
ADANIPOWER,2024-09-30,74.96,25.04,0.0
ADANIPOWER,2024-12-31,74.96,25.04,0.0
ADANIPOWER,2025-03-31,74.96,25.04,0.0
ADANIPOWER,2025-06-30,74.96,25.04,0.0
ADANIPOWER,2025-09-30,74.96,25.04,0.0
ADANIPOWER,2025-12-31,74.96,25.04,0.0
ADANIPOWER,2026-03-31,74.96,25.04,0.0
ADANIPOWER,2026-06-30,74.96,25.04,0.0
AEGISLOG,2015-12-31,62.93,37.07,0.0
AEGISLOG,2021-09-30,58.07,41.93,0.0
AEGISLOG,2021-12-31,58.07,41.93,0.0
AEGISLOG,2022-03-31,58.07,41.93,0.0
AEGISLOG,2022-06-30,58.07,41.93,0.0
AEGISLOG,2022-09-30,58.07,41.93,0.0
AEGISLOG,2022-12-31,58.07,41.93,0.0
AEGISLOG,2023-03-31,58.07,41.93,0.0
AEGISLOG,2023-06-30,58.07,41.93,0.0
AEGISLOG,2023-09-30,58.1,41.9,0.0
AEGISLOG,2023-12-31,58.1,41.9,0.0
AEGISLOG,2024-03-31,58.1,41.9,0.0
AEGISLOG,2024-06-30,58.1,41.9,0.0
AEGISLOG,2024-09-30,58.1,41.9,0.0
AEGISLOG,2024-12-31,58.1,41.9,0.0
AEGISLOG,2025-03-31,58.1,41.9,0.0
AEGISLOG,2025-06-30,58.1,41.9,0.0
AEGISLOG,2025-09-30,58.1,41.9,0.0
AEGISLOG,2025-12-31,58.1,41.9,0.0
AEGISLOG,2026-03-31,58.1,41.9,0.0
AEGISLOG,2026-06-30,58.1,41.9,0.0
AEGISVOPAK,2025-05-29,86.93,13.07,0.0
AEGISVOPAK,2025-06-30,86.93,13.07,0.0
AEGISVOPAK,2025-09-30,86.93,13.07,0.0
AEGISVOPAK,2025-12-31,86.93,13.07,0.0
AEGISVOPAK,2026-03-31,86.93,13.07,0.0
AEGISVOPAK,2026-06-30,86.93,13.07,0.0
AFCONS,2024-10-31,50.17,49.83,0.0
AFCONS,2024-12-31,50.17,49.83,0.0
AFCONS,2025-03-31,50.17,49.83,0.0
AFCONS,2025-06-30,50.17,49.83,0.0
AFCONS,2025-09-30,50.17,49.83,0.0
AFCONS,2025-12-31,50.17,49.83,0.0
AFCONS,2026-03-31,50.17,49.83,0.0
AFCONS,2026-06-30,50.17,49.83,0.0
AFFLE,2021-09-30,59.89,40.11,0.0
AFFLE,2021-12-31,59.89,40.11,0.0
AFFLE,2022-03-31,59.89,40.11,0.0
AFFLE,2022-06-30,59.89,40.05,0.06
AFFLE,2022-09-30,59.89,40.05,0.06
AFFLE,2022-12-31,59.89,40.05,0.06
AFFLE,2023-03-31,59.89,40.05,0.06
AFFLE,2023-06-30,59.89,40.05,0.06
AFFLE,2023-09-30,59.89,40.05,0.06
AFFLE,2023-11-22,56.93,43.0,0.07
AFFLE,2023-12-31,56.93,43.01,0.05
AFFLE,2024-03-31,56.92,43.01,0.07
AFFLE,2024-06-30,55.14,44.82,0.05
AFFLE,2024-09-30,55.09,44.82,0.09
AFFLE,2024-12-31,55.03,44.88,0.08
AFFLE,2025-03-31,55.02,44.88,0.1
AFFLE,2025-06-30,55.0,44.91,0.09
AFFLE,2025-09-30,54.97,44.92,0.11
AFFLE,2025-12-31,54.95,44.95,0.11
AFFLE,2026-03-31,54.92,44.97,0.11
AFFLE,2026-06-30,54.91,44.97,0.12
AIAENG,2021-09-30,58.47,41.53,0.0
AIAENG,2021-12-31,58.47,41.53,0.0
AIAENG,2022-03-31,58.47,41.53,0.0
AIAENG,2022-06-30,58.47,41.53,0.0
AIAENG,2022-09-30,58.47,41.53,0.0
AIAENG,2022-12-31,58.47,41.53,0.0
AIAENG,2023-03-31,58.47,41.53,0.0
AIAENG,2023-06-30,58.47,41.53,0.0
AIAENG,2023-09-30,58.47,41.53,0.0
AIAENG,2023-12-31,58.47,41.53,0.0
AIAENG,2024-03-31,58.47,41.53,0.0
AIAENG,2024-06-30,58.47,41.53,0.0
AIAENG,2024-09-30,58.5,41.5,0.0
AIAENG,2024-12-31,58.5,41.5,0.0
AIAENG,2025-03-31,58.5,41.5,0.0
AIAENG,2025-06-30,58.5,41.5,0.0
AIAENG,2025-09-30,58.5,41.5,0.0
AIAENG,2025-12-31,58.5,41.5,0.0
AIAENG,2026-03-31,58.5,41.5,0.0
AIAENG,2026-06-30,58.5,41.5,0.0
AIIL,2024-03-31,74.72,25.28,0.0
AIIL,2024-06-30,74.95,25.05,0.0
AIIL,2024-09-30,74.95,25.05,0.0
AIIL,2024-12-31,74.95,25.05,0.0
AIIL,2025-03-31,74.95,25.05,0.0
AIIL,2025-06-30,74.95,25.05,0.0
AIIL,2025-09-30,68.79,31.21,0.0
AIIL,2025-12-31,68.79,31.21,0.0
AIIL,2026-01-14,68.79,31.21,0.0
AIIL,2026-03-31,68.81,31.19,0.0
AIIL,2026-06-30,68.81,31.19,0.0
AJANTPHARM,2021-09-30,70.34,29.66,0.0
AJANTPHARM,2021-12-31,70.34,29.66,0.0
AJANTPHARM,2022-03-31,70.48,29.52,0.0
AJANTPHARM,2022-06-30,70.48,29.52,0.0
AJANTPHARM,2022-09-30,70.48,29.52,0.0
AJANTPHARM,2022-12-31,66.11,33.89,0.0
AJANTPHARM,2023-03-31,66.11,33.89,0.0
AJANTPHARM,2023-04-19,66.21,33.79,0.0
AJANTPHARM,2023-06-30,66.21,33.79,0.0
AJANTPHARM,2023-09-30,66.21,33.79,0.0
AJANTPHARM,2023-12-31,66.21,33.79,0.0
AJANTPHARM,2024-03-31,66.21,33.79,0.0
AJANTPHARM,2024-06-30,66.27,33.73,0.0
AJANTPHARM,2024-09-30,66.26,33.74,0.0
AJANTPHARM,2024-12-31,66.26,33.74,0.0
AJANTPHARM,2025-03-31,66.26,33.74,0.0
AJANTPHARM,2025-06-30,66.26,33.74,0.0
AJANTPHARM,2025-09-30,66.25,33.75,0.0
AJANTPHARM,2025-12-31,66.25,33.75,0.0
AJANTPHARM,2026-03-31,66.25,33.75,0.0
AJANTPHARM,2026-06-30,63.48,36.52,0.0
ALKEM,2021-09-30,58.84,41.16,0.0
ALKEM,2021-12-31,57.13,42.87,0.0
ALKEM,2022-03-31,57.13,42.87,0.0
ALKEM,2022-06-30,57.14,42.86,0.0
ALKEM,2022-09-30,57.16,42.84,0.0
ALKEM,2022-12-31,57.16,42.84,0.0
ALKEM,2023-03-31,57.16,42.84,0.0
ALKEM,2023-06-30,57.16,42.84,0.0
ALKEM,2023-09-30,56.74,43.26,0.0
ALKEM,2023-12-31,56.74,43.26,0.0
ALKEM,2024-03-31,56.74,43.26,0.0
ALKEM,2024-06-30,56.38,43.62,0.0
ALKEM,2024-09-30,55.66,44.34,0.0
ALKEM,2024-12-31,55.66,44.34,0.0
ALKEM,2025-03-31,55.13,44.87,0.0
ALKEM,2025-06-30,53.04,46.96,0.0
ALKEM,2025-09-30,51.2,48.8,0.0
ALKEM,2025-12-31,51.2,48.8,0.0
ALKEM,2026-03-31,51.2,48.8,0.0
ALKEM,2026-06-30,49.7,50.3,0.0
AMBER,2021-09-30,40.27,59.73,0.0
AMBER,2021-12-31,40.27,59.73,0.0
AMBER,2022-03-31,40.27,59.73,0.0
AMBER,2022-06-30,40.31,59.69,0.0
AMBER,2022-09-30,40.31,59.69,0.0
AMBER,2022-12-31,40.31,59.69,0.0
AMBER,2023-03-31,40.31,59.69,0.0
AMBER,2023-06-30,40.32,59.68,0.0
AMBER,2023-09-30,40.31,59.69,0.0
AMBER,2023-12-31,40.31,59.69,0.0
AMBER,2024-03-31,40.31,59.69,0.0
AMBER,2024-06-30,39.87,60.13,0.0
AMBER,2024-09-30,39.79,60.21,0.0
AMBER,2024-12-31,39.72,60.28,0.0
AMBER,2025-03-31,39.72,60.28,0.0
AMBER,2025-06-30,39.65,60.35,0.0
AMBER,2025-09-30,38.22,61.78,0.0
AMBER,2025-12-31,38.19,61.81,0.0
AMBER,2026-03-31,38.17,61.83,0.0
AMBER,2026-06-30,38.09,61.91,0.0
AMBUJACEM,2021-09-30,63.26,36.74,0.0
AMBUJACEM,2021-12-31,63.21,36.79,0.0
AMBUJACEM,2022-03-31,63.19,36.81,0.0
AMBUJACEM,2022-06-30,63.2,36.8,0.0
AMBUJACEM,2022-09-30,63.22,36.78,0.0
AMBUJACEM,2022-12-31,63.22,36.78,0.0
AMBUJACEM,2023-03-31,63.22,36.78,0.0
AMBUJACEM,2023-06-30,63.2,36.8,0.0
AMBUJACEM,2023-09-30,63.19,36.81,0.0
AMBUJACEM,2023-12-31,63.19,36.81,0.0
AMBUJACEM,2024-03-28,66.74,33.26,0.0
AMBUJACEM,2024-03-31,66.74,33.26,0.0
AMBUJACEM,2024-04-17,70.33,29.67,0.0
AMBUJACEM,2024-06-30,70.33,29.67,0.0
AMBUJACEM,2024-09-30,67.57,32.43,0.0
AMBUJACEM,2024-12-31,67.57,32.43,0.0
AMBUJACEM,2025-03-31,67.57,32.43,0.0
AMBUJACEM,2025-06-30,67.57,32.43,0.0
AMBUJACEM,2025-09-30,67.68,32.32,0.0
AMBUJACEM,2025-12-31,67.68,32.32,0.0
AMBUJACEM,2026-03-31,67.68,32.32,0.0
AMBUJACEM,2026-04-10,67.33,32.67,0.0
AMBUJACEM,2026-06-30,67.33,32.67,0.0
ANANDRATHI,2021-12-09,48.82,51.18,0.0
ANANDRATHI,2021-12-31,48.82,51.18,0.0
ANANDRATHI,2022-03-31,48.82,51.18,0.0
ANANDRATHI,2022-06-30,48.82,51.18,0.0
ANANDRATHI,2022-09-30,48.74,51.26,0.0
ANANDRATHI,2022-12-31,48.74,51.26,0.0
ANANDRATHI,2023-03-31,48.74,51.26,0.0
ANANDRATHI,2023-06-30,48.74,51.26,0.0
ANANDRATHI,2023-09-30,48.69,51.31,0.0
ANANDRATHI,2023-12-31,48.2,51.8,0.0
ANANDRATHI,2024-03-31,48.03,51.97,0.0
ANANDRATHI,2024-06-30,48.09,51.91,0.0
ANANDRATHI,2024-09-30,47.99,52.01,0.0
ANANDRATHI,2024-12-31,47.99,52.01,0.0
ANANDRATHI,2025-03-06,47.27,52.73,0.0
ANANDRATHI,2025-03-31,47.29,52.71,0.0
ANANDRATHI,2025-06-30,42.72,57.28,0.0
ANANDRATHI,2025-09-30,42.72,57.28,0.0
ANANDRATHI,2025-12-31,43.11,56.89,0.0
ANANDRATHI,2026-03-31,43.11,56.89,0.0
ANANDRATHI,2026-06-04,41.37,58.63,0.0
ANANDRATHI,2026-06-30,41.37,58.63,0.0
ANANTRAJ,2021-09-30,65.04,34.96,0.0
ANANTRAJ,2021-12-31,65.04,34.96,0.0
ANANTRAJ,2022-03-31,64.99,35.01,0.0
ANANTRAJ,2022-06-30,65.11,34.89,0.0
ANANTRAJ,2022-08-03,63.76,36.24,0.0
ANANTRAJ,2022-09-30,63.03,36.97,0.0
ANANTRAJ,2022-12-31,63.03,36.97,0.0
ANANTRAJ,2023-03-31,63.22,36.78,0.0
ANANTRAJ,2023-06-30,63.22,36.78,0.0
ANANTRAJ,2023-09-30,63.31,36.69,0.0
ANANTRAJ,2023-12-31,63.3,36.7,0.0
ANANTRAJ,2024-01-18,60.16,39.84,0.0
ANANTRAJ,2024-03-31,60.0,40.0,0.0
ANANTRAJ,2024-06-30,60.0,40.0,0.0
ANANTRAJ,2024-09-30,60.0,40.0,0.0
ANANTRAJ,2024-12-31,60.0,40.0,0.0
ANANTRAJ,2025-03-31,60.16,39.84,0.0
ANANTRAJ,2025-06-30,60.12,39.88,0.0
ANANTRAJ,2025-09-30,60.12,39.88,0.0
ANANTRAJ,2025-10-13,57.35,42.65,0.0
ANANTRAJ,2025-12-31,57.41,42.59,0.0
ANANTRAJ,2026-03-31,57.41,42.59,0.0
ANANTRAJ,2026-06-30,57.42,42.58,0.0
ANGELONE,2021-09-30,43.77,56.23,0.0
ANGELONE,2021-12-31,43.68,56.32,0.0
ANGELONE,2022-03-31,44.0,56.0,0.0
ANGELONE,2022-06-30,43.83,56.17,0.0
ANGELONE,2022-09-30,43.71,56.29,0.0
ANGELONE,2022-12-31,43.68,56.32,0.0
ANGELONE,2023-03-31,38.48,61.52,0.0
ANGELONE,2023-06-30,38.3,61.7,0.0
ANGELONE,2023-09-30,38.26,61.74,0.0
ANGELONE,2023-12-31,38.24,61.76,0.0
ANGELONE,2024-03-31,38.21,61.79,0.0
ANGELONE,2024-04-02,35.72,64.28,0.0
ANGELONE,2024-06-30,35.63,64.37,0.0
ANGELONE,2024-09-30,35.61,64.39,0.0
ANGELONE,2024-12-31,35.57,64.43,0.0
ANGELONE,2025-03-31,35.55,64.45,0.0
ANGELONE,2025-06-30,28.97,71.03,0.0
ANGELONE,2025-09-30,28.91,71.09,0.0
ANGELONE,2025-12-31,28.87,71.13,0.0
ANGELONE,2026-03-31,28.8,71.2,0.0
ANGELONE,2026-06-30,28.59,71.41,0.0
ANTHEM,2025-07-18,74.69,25.31,0.0
ANTHEM,2025-09-30,74.69,25.31,0.0
ANTHEM,2025-12-31,74.69,25.31,0.0
ANTHEM,2026-03-31,74.68,25.32,0.0
ANTHEM,2026-06-30,71.42,28.58,0.0
ANURAS,2021-09-30,65.4,34.6,0.0
ANURAS,2021-12-31,65.4,34.6,0.0
ANURAS,2022-03-31,65.18,34.82,0.0
ANURAS,2022-06-30,65.17,34.83,0.0
ANURAS,2022-09-30,65.16,34.84,0.0
ANURAS,2022-12-31,60.96,39.04,0.0
ANURAS,2023-03-31,60.81,39.19,0.0
ANURAS,2023-06-30,60.77,39.23,0.0
ANURAS,2023-09-30,60.73,39.27,0.0
ANURAS,2023-12-31,61.41,38.59,0.0
ANURAS,2024-03-31,61.26,38.74,0.0
ANURAS,2024-06-30,61.23,38.77,0.0
ANURAS,2024-09-30,61.23,38.77,0.0
ANURAS,2024-12-31,61.18,38.82,0.0
ANURAS,2025-03-31,61.18,38.82,0.0
ANURAS,2025-06-30,61.18,38.82,0.0
ANURAS,2025-07-15,59.07,40.93,0.0
ANURAS,2025-09-30,59.07,40.93,0.0
ANURAS,2025-12-31,59.07,40.93,0.0
ANURAS,2026-03-31,59.07,40.93,0.0
ANURAS,2026-06-30,59.07,40.93,0.0
APARINDS,2021-09-30,60.46,39.54,0.0
APARINDS,2021-12-31,60.46,39.54,0.0
APARINDS,2022-03-31,60.57,39.43,0.0
APARINDS,2022-06-30,60.64,39.36,0.0
APARINDS,2022-09-30,60.64,39.36,0.0
APARINDS,2022-12-31,60.64,39.36,0.0
APARINDS,2023-03-31,60.64,39.36,0.0
APARINDS,2023-06-30,60.64,39.36,0.0
APARINDS,2023-09-30,60.64,39.36,0.0
APARINDS,2023-11-30,57.77,42.23,0.0
APARINDS,2023-12-31,57.77,42.23,0.0
APARINDS,2024-03-31,57.77,42.23,0.0
APARINDS,2024-06-30,57.77,42.23,0.0
APARINDS,2024-09-30,57.77,42.23,0.0
APARINDS,2024-12-31,57.77,42.23,0.0
APARINDS,2025-03-31,57.77,42.23,0.0
APARINDS,2025-06-30,57.77,42.23,0.0
APARINDS,2025-09-30,57.77,42.23,0.0
APARINDS,2025-12-31,57.77,42.23,0.0
APARINDS,2026-03-31,57.77,42.23,0.0
APARINDS,2026-06-30,57.76,42.24,0.0
APARINDS,2026-08-13,55.42,44.58,0.0
APLAPOLLO,2021-09-30,36.84,63.16,0.0
APLAPOLLO,2021-12-31,34.54,65.46,0.0
APLAPOLLO,2022-03-31,34.52,65.48,0.0
APLAPOLLO,2022-06-30,34.52,65.48,0.0
APLAPOLLO,2022-09-30,34.52,65.48,0.0
APLAPOLLO,2022-11-09,31.17,68.83,0.0
APLAPOLLO,2022-12-31,31.15,68.85,0.0
APLAPOLLO,2023-03-31,31.15,68.85,0.0
APLAPOLLO,2023-06-30,30.62,69.38,0.0
APLAPOLLO,2023-09-30,29.67,70.33,0.0
APLAPOLLO,2023-12-31,29.57,70.43,0.0
APLAPOLLO,2024-03-31,29.44,70.56,0.0
APLAPOLLO,2024-06-30,28.33,71.67,0.0
APLAPOLLO,2024-09-30,28.32,71.68,0.0
APLAPOLLO,2024-12-31,28.31,71.69,0.0
APLAPOLLO,2025-03-31,28.31,71.69,0.0
APLAPOLLO,2025-06-30,28.31,71.69,0.0
APLAPOLLO,2025-09-30,28.3,71.7,0.0
APLAPOLLO,2025-12-31,28.27,71.73,0.0
APLAPOLLO,2026-03-31,28.25,71.75,0.0
APLAPOLLO,2026-06-30,28.25,71.75,0.0
APOLLOHOSP,2021-09-30,29.82,70.18,0.0
APOLLOHOSP,2021-12-31,29.33,70.67,0.0
APOLLOHOSP,2022-03-31,29.33,70.67,0.0
APOLLOHOSP,2022-06-30,29.33,70.67,0.0
APOLLOHOSP,2022-09-30,29.33,70.67,0.0
APOLLOHOSP,2022-12-31,29.33,70.67,0.0
APOLLOHOSP,2023-03-31,29.33,70.67,0.0
APOLLOHOSP,2023-06-30,29.33,70.67,0.0
APOLLOHOSP,2023-09-30,29.33,70.67,0.0
APOLLOHOSP,2023-12-31,29.33,70.67,0.0
APOLLOHOSP,2024-03-31,29.33,70.67,0.0
APOLLOHOSP,2024-06-30,29.33,70.67,0.0
APOLLOHOSP,2024-09-30,29.33,70.67,0.0
APOLLOHOSP,2024-12-31,29.33,70.67,0.0
APOLLOHOSP,2025-03-31,29.34,70.66,0.0
APOLLOHOSP,2025-06-30,29.34,70.66,0.0
APOLLOHOSP,2025-09-30,28.02,71.98,0.0
APOLLOHOSP,2025-12-31,28.02,71.98,0.0
APOLLOHOSP,2026-03-31,28.02,71.98,0.0
APOLLOHOSP,2026-06-30,28.02,71.98,0.0
APOLLOTYRE,2020-09-30,41.75,58.25,0.0
APOLLOTYRE,2021-09-30,37.34,62.66,0.0
APOLLOTYRE,2021-12-31,37.34,62.66,0.0
APOLLOTYRE,2022-03-31,37.34,62.66,0.0
APOLLOTYRE,2022-06-30,37.34,62.66,0.0
APOLLOTYRE,2022-09-30,37.34,62.66,0.0
APOLLOTYRE,2022-12-31,37.34,62.66,0.0
APOLLOTYRE,2023-03-31,37.34,62.66,0.0
APOLLOTYRE,2023-06-30,37.34,62.66,0.0
APOLLOTYRE,2023-09-30,37.34,62.66,0.0
APOLLOTYRE,2023-12-31,37.34,62.66,0.0
APOLLOTYRE,2024-03-31,37.36,62.64,0.0
APOLLOTYRE,2024-06-30,37.36,62.64,0.0
APOLLOTYRE,2024-09-30,37.36,62.64,0.0
APOLLOTYRE,2024-12-31,37.36,62.64,0.0
APOLLOTYRE,2025-03-31,37.36,62.64,0.0
APOLLOTYRE,2025-06-30,36.95,62.83,0.22
APOLLOTYRE,2025-09-30,36.95,62.78,0.26
APOLLOTYRE,2025-12-31,36.93,62.79,0.28
APOLLOTYRE,2026-03-31,36.93,62.67,0.4
APOLLOTYRE,2026-06-30,36.93,62.67,0.4
APTUS,2021-09-30,62.51,37.49,0.0
APTUS,2021-12-31,62.35,37.65,0.0
APTUS,2022-03-31,62.35,37.65,0.0
APTUS,2022-06-30,62.35,37.65,0.0
APTUS,2022-09-30,62.21,37.79,0.0
APTUS,2022-12-31,62.21,37.79,0.0
APTUS,2023-03-31,62.2,37.8,0.0
APTUS,2023-06-30,62.2,37.8,0.0
APTUS,2023-09-30,62.12,37.88,0.0
APTUS,2023-12-31,62.09,37.91,0.0
APTUS,2024-03-31,61.09,38.91,0.0
APTUS,2024-06-30,53.97,46.03,0.0
APTUS,2024-09-30,53.91,46.09,0.0
APTUS,2024-12-31,52.98,47.02,0.0
APTUS,2025-03-31,52.98,47.02,0.0
APTUS,2025-06-30,40.37,59.63,0.0
APTUS,2025-09-30,23.87,76.13,0.0
APTUS,2025-12-31,23.87,76.13,0.0
APTUS,2026-03-31,23.87,76.13,0.0
APTUS,2026-06-30,23.86,76.14,0.0
ASAHIINDIA,2021-09-30,54.24,45.76,0.0
ASAHIINDIA,2021-12-31,54.24,45.76,0.0
ASAHIINDIA,2022-03-31,54.24,45.76,0.0
ASAHIINDIA,2022-06-30,54.24,45.76,0.0
ASAHIINDIA,2022-09-30,54.24,45.76,0.0
ASAHIINDIA,2022-12-31,54.24,45.76,0.0
ASAHIINDIA,2023-03-31,54.24,45.76,0.0
ASAHIINDIA,2023-06-30,54.24,45.76,0.0
ASAHIINDIA,2023-09-30,54.24,45.76,0.0
ASAHIINDIA,2023-12-31,54.23,45.77,0.0
ASAHIINDIA,2024-03-31,54.23,45.77,0.0
ASAHIINDIA,2024-06-30,54.23,45.77,0.0
ASAHIINDIA,2024-09-30,54.23,45.77,0.0
ASAHIINDIA,2024-12-31,54.23,45.77,0.0
ASAHIINDIA,2025-03-31,54.2,45.8,0.0
ASAHIINDIA,2025-06-30,54.09,45.91,0.0
ASAHIINDIA,2025-09-30,51.57,48.43,0.0
ASAHIINDIA,2025-12-31,51.57,48.43,0.0
ASAHIINDIA,2026-03-31,51.57,48.43,0.0
ASAHIINDIA,2026-06-30,51.57,48.43,0.0
ASHOKLEY,2021-09-30,51.54,48.46,0.0
ASHOKLEY,2021-12-31,51.54,48.46,0.0
ASHOKLEY,2022-03-31,51.54,48.46,0.0
ASHOKLEY,2022-06-30,51.54,48.46,0.0
ASHOKLEY,2022-09-30,51.54,48.46,0.0
ASHOKLEY,2022-12-31,51.53,48.47,0.0
ASHOKLEY,2023-03-31,51.53,48.47,0.0
ASHOKLEY,2023-06-30,51.53,48.47,0.0
ASHOKLEY,2023-09-30,51.53,48.47,0.0
ASHOKLEY,2023-12-31,51.53,48.47,0.0
ASHOKLEY,2024-03-31,51.52,48.48,0.0
ASHOKLEY,2024-06-30,51.52,48.48,0.0
ASHOKLEY,2024-09-30,51.52,48.48,0.0
ASHOKLEY,2024-12-31,51.52,48.48,0.0
ASHOKLEY,2025-03-31,51.52,48.48,0.0
ASHOKLEY,2025-06-30,51.52,48.48,0.0
ASHOKLEY,2025-07-17,51.52,48.48,0.0
ASHOKLEY,2025-09-30,51.51,48.49,0.0
ASHOKLEY,2025-12-31,51.51,48.49,0.0
ASHOKLEY,2026-03-31,51.51,48.49,0.0
ASHOKLEY,2026-06-30,51.51,48.49,0.0
ASIANPAINT,2021-09-30,52.79,47.18,0.02
ASIANPAINT,2021-12-31,52.63,47.35,0.02
ASIANPAINT,2022-03-31,52.63,47.35,0.02
ASIANPAINT,2022-06-30,52.63,47.34,0.04
ASIANPAINT,2022-09-30,52.63,47.34,0.04
ASIANPAINT,2022-12-31,52.63,47.34,0.04
ASIANPAINT,2023-03-31,52.63,47.34,0.04
ASIANPAINT,2023-06-30,52.63,47.34,0.04
ASIANPAINT,2023-09-30,52.63,47.34,0.04
ASIANPAINT,2023-12-31,52.63,47.34,0.04
ASIANPAINT,2024-03-31,52.63,47.34,0.04
ASIANPAINT,2024-06-30,52.63,47.32,0.06
ASIANPAINT,2024-09-30,52.63,47.32,0.05
ASIANPAINT,2024-12-31,52.63,47.32,0.05
ASIANPAINT,2025-03-31,52.63,47.33,0.05
ASIANPAINT,2025-06-30,52.63,47.31,0.07
ASIANPAINT,2025-09-30,52.63,47.31,0.06
ASIANPAINT,2025-12-31,52.63,47.31,0.06
ASIANPAINT,2026-03-31,52.63,47.32,0.06
ASIANPAINT,2026-06-30,52.63,47.29,0.09
ASTERDM,2021-09-30,37.88,61.64,0.48
ASTERDM,2021-12-31,37.88,61.65,0.47
ASTERDM,2022-03-31,37.88,61.66,0.46
ASTERDM,2022-06-30,37.88,61.67,0.45
ASTERDM,2022-09-30,37.88,61.67,0.45
ASTERDM,2022-12-31,37.88,61.67,0.44
ASTERDM,2023-03-31,41.88,57.69,0.43
ASTERDM,2023-06-30,41.88,57.7,0.42
ASTERDM,2023-09-30,41.88,57.7,0.41
ASTERDM,2023-12-31,41.88,57.75,0.37
ASTERDM,2024-03-31,41.88,57.77,0.35
ASTERDM,2024-06-30,41.88,57.8,0.32
ASTERDM,2024-09-30,41.88,57.82,0.3
ASTERDM,2024-12-31,41.88,57.84,0.28
ASTERDM,2025-03-31,41.89,57.85,0.26
ASTERDM,2025-04-29,40.38,59.37,0.25
ASTERDM,2025-06-30,40.39,59.36,0.25
ASTERDM,2025-09-30,40.39,59.38,0.23
ASTERDM,2025-12-31,40.39,59.38,0.23
ASTERDM,2026-03-31,40.39,59.38,0.23
ASTERDM,2026-06-30,40.39,59.61,0.0
ASTERDM,2026-07-13,53.72,46.28,0.0
ASTRAL,2021-06-30,55.74,44.26,0.0
ASTRAL,2021-09-30,55.73,44.27,0.0
ASTRAL,2021-12-31,55.73,44.27,0.0
ASTRAL,2022-03-31,55.73,44.27,0.0
ASTRAL,2022-06-30,55.73,44.27,0.0
ASTRAL,2022-09-30,55.85,44.15,0.0
ASTRAL,2022-12-31,55.85,44.15,0.0
ASTRAL,2023-03-15,55.85,44.15,0.0
ASTRAL,2023-03-31,55.85,44.15,0.0
ASTRAL,2023-06-30,55.85,44.15,0.0
ASTRAL,2023-09-30,55.85,44.15,0.0
ASTRAL,2023-12-31,54.1,45.9,0.0
ASTRAL,2024-03-31,54.1,45.9,0.0
ASTRAL,2024-06-30,54.1,45.9,0.0
ASTRAL,2024-09-30,54.1,45.9,0.0
ASTRAL,2024-12-31,54.1,45.9,0.0
ASTRAL,2025-03-31,54.1,45.9,0.0
ASTRAL,2025-06-30,54.1,45.9,0.0
ASTRAL,2025-09-30,54.21,45.79,0.0
ASTRAL,2025-12-31,54.22,45.78,0.0
ASTRAL,2026-03-31,54.22,45.78,0.0
ASTRAL,2026-06-30,54.22,45.78,0.0
ATGL,2021-09-30,74.8,25.2,0.0
ATGL,2021-12-31,74.8,25.2,0.0
ATGL,2022-03-31,74.8,25.2,0.0
ATGL,2022-06-30,74.8,25.2,0.0
ATGL,2022-09-30,74.8,25.2,0.0
ATGL,2022-12-31,74.8,25.2,0.0
ATGL,2023-03-31,74.8,25.2,0.0
ATGL,2023-06-30,74.8,25.2,0.0
ATGL,2023-09-30,74.8,25.2,0.0
ATGL,2023-12-31,74.8,25.2,0.0
ATGL,2024-03-31,74.8,25.2,0.0
ATGL,2024-06-30,74.8,25.2,0.0
ATGL,2024-09-30,74.8,25.2,0.0
ATGL,2024-12-31,74.8,25.2,0.0
ATGL,2025-03-31,74.8,25.2,0.0
ATGL,2025-06-30,74.8,25.2,0.0
ATGL,2025-09-30,74.8,25.2,0.0
ATGL,2025-12-31,74.8,25.2,0.0
ATGL,2026-03-31,74.8,25.2,0.0
ATGL,2026-06-30,74.8,25.2,0.0
ATHERENERG,2025-05-02,42.09,57.91,0.0
ATHERENERG,2025-06-30,42.09,57.91,0.0
ATHERENERG,2025-09-30,41.22,58.78,0.0
ATHERENERG,2025-12-31,40.86,59.14,0.0
ATHERENERG,2026-03-31,40.77,59.23,0.0
ATHERENERG,2026-06-30,40.72,59.28,0.0
ATHERENERG,2026-07-20,39.58,60.42,0.0
ATUL,2021-09-30,44.94,55.06,0.0
ATUL,2021-12-31,44.94,55.06,0.0
ATUL,2022-03-31,44.94,55.06,0.0
ATUL,2022-06-30,45.05,54.95,0.0
ATUL,2022-12-31,45.06,54.94,0.0
ATUL,2023-03-31,45.06,54.94,0.0
ATUL,2023-06-30,45.06,54.94,0.0
ATUL,2023-09-30,45.06,54.94,0.0
ATUL,2023-12-31,45.07,54.93,0.0
ATUL,2024-03-31,45.17,54.83,0.0
ATUL,2024-06-30,45.17,54.83,0.0
ATUL,2024-09-30,45.17,54.83,0.0
ATUL,2024-12-31,45.17,54.83,0.0
ATUL,2025-03-31,45.18,54.82,0.0
ATUL,2025-06-30,45.18,54.82,0.0
ATUL,2025-09-30,45.21,54.79,0.0
ATUL,2025-12-31,45.22,54.78,0.0
ATUL,2026-03-31,45.22,54.78,0.0
ATUL,2026-06-30,45.33,54.67,0.0
AUBANK,2021-09-30,28.39,71.61,0.0
AUBANK,2021-12-31,28.33,71.67,0.0
AUBANK,2022-03-31,28.23,71.77,0.0
AUBANK,2022-06-12,28.21,71.79,0.0
AUBANK,2022-06-30,28.21,71.79,0.0
AUBANK,2022-08-09,26.75,73.25,0.0
AUBANK,2022-09-30,25.58,74.42,0.0
AUBANK,2022-12-31,25.55,74.45,0.0
AUBANK,2023-03-31,25.54,74.46,0.0
AUBANK,2023-06-30,25.53,74.47,0.0
AUBANK,2023-09-30,25.49,74.51,0.0
AUBANK,2023-12-31,25.46,74.54,0.0
AUBANK,2024-03-31,25.45,74.55,0.0
AUBANK,2024-04-01,22.93,77.07,0.0
AUBANK,2024-06-30,22.92,77.08,0.0
AUBANK,2024-09-30,22.9,77.1,0.0
AUBANK,2024-12-31,22.88,77.12,0.0
AUBANK,2025-03-31,22.87,77.13,0.0
AUBANK,2025-06-30,22.85,77.15,0.0
AUBANK,2025-09-30,22.82,77.18,0.0
AUBANK,2025-12-31,22.79,77.21,0.0
AUBANK,2026-03-31,22.76,77.24,0.0
AUBANK,2026-06-30,22.74,77.26,0.0
AUROPHARMA,2021-09-30,51.83,48.17,0.0
AUROPHARMA,2021-12-31,51.83,48.17,0.0
AUROPHARMA,2022-03-31,51.83,48.17,0.0
AUROPHARMA,2022-06-30,51.83,48.17,0.0
AUROPHARMA,2022-09-30,51.83,48.17,0.0
AUROPHARMA,2022-12-31,51.83,48.17,0.0
AUROPHARMA,2023-03-31,51.83,48.17,0.0
AUROPHARMA,2023-06-30,51.83,48.17,0.0
AUROPHARMA,2023-09-30,51.83,48.17,0.0
AUROPHARMA,2023-12-31,51.83,48.17,0.0
AUROPHARMA,2024-03-31,51.83,48.17,0.0
AUROPHARMA,2024-06-30,51.8,48.2,0.0
AUROPHARMA,2024-09-30,51.82,48.18,0.0
AUROPHARMA,2024-12-31,51.82,48.18,0.0
AUROPHARMA,2025-03-31,51.82,48.18,0.0
AUROPHARMA,2025-06-30,51.82,48.18,0.0
AUROPHARMA,2025-09-30,51.82,48.18,0.0
AUROPHARMA,2025-12-31,51.82,48.18,0.0
AUROPHARMA,2026-03-31,51.82,48.18,0.0
AUROPHARMA,2026-06-30,51.88,48.12,0.0
AWL,2022-02-04,87.94,12.06,0.0
AWL,2022-03-31,87.94,12.06,0.0
AWL,2022-06-30,87.94,12.06,0.0
AWL,2022-09-30,87.94,12.06,0.0
AWL,2022-12-31,87.94,12.06,0.0
AWL,2023-03-31,87.94,12.06,0.0
AWL,2023-06-30,87.94,12.06,0.0
AWL,2023-09-30,87.94,12.06,0.0
AWL,2023-12-31,87.87,12.13,0.0
AWL,2024-03-31,87.87,12.13,0.0
AWL,2024-06-30,87.87,12.13,0.0
AWL,2024-09-30,87.87,12.13,0.0
AWL,2024-12-31,87.87,12.13,0.0
AWL,2025-01-13,74.36,25.3,0.34
AWL,2025-02-14,74.36,25.3,0.34
AWL,2025-03-31,74.36,25.3,0.34
AWL,2025-06-30,74.36,25.3,0.34
AWL,2025-09-30,63.94,35.73,0.34
AWL,2025-12-31,56.94,42.73,0.34
AWL,2026-03-31,56.94,42.61,0.45
AWL,2026-06-30,56.94,42.46,0.6
AXISBANK,2021-09-30,11.64,88.36,0.0
AXISBANK,2021-12-31,9.71,90.29,0.0
AXISBANK,2022-03-31,9.7,90.3,0.0
AXISBANK,2022-06-30,9.7,90.3,0.0
AXISBANK,2022-09-30,9.69,90.31,0.0
AXISBANK,2022-12-31,8.19,91.81,0.0
AXISBANK,2023-03-31,8.16,91.84,0.0
AXISBANK,2023-06-30,8.19,91.81,0.0
AXISBANK,2023-09-30,8.22,91.78,0.0
AXISBANK,2023-12-31,8.2,91.8,0.0
AXISBANK,2024-03-31,8.22,91.78,0.0
AXISBANK,2024-06-30,8.31,91.69,0.0
AXISBANK,2024-09-30,8.29,91.71,0.0
AXISBANK,2024-12-31,8.23,91.77,0.0
AXISBANK,2025-03-31,8.18,91.82,0.0
AXISBANK,2025-06-30,8.17,91.83,0.0
AXISBANK,2025-09-30,8.16,91.84,0.0
AXISBANK,2025-12-31,8.15,91.85,0.0
AXISBANK,2026-03-31,8.14,91.86,0.0
AXISBANK,2026-06-30,7.87,92.13,0.0
BAJAJ-AUTO,2021-09-30,53.7,46.3,0.0
BAJAJ-AUTO,2021-12-31,53.73,46.27,0.0
BAJAJ-AUTO,2022-03-31,53.77,46.23,0.0
BAJAJ-AUTO,2022-06-30,53.77,46.23,0.0
BAJAJ-AUTO,2022-09-30,54.84,45.16,0.0
BAJAJ-AUTO,2022-12-31,54.98,45.02,0.0
BAJAJ-AUTO,2023-03-31,54.98,45.02,0.0
BAJAJ-AUTO,2023-06-30,54.99,45.01,0.0
BAJAJ-AUTO,2023-09-30,54.98,45.02,0.0
BAJAJ-AUTO,2023-12-31,54.94,45.06,0.0
BAJAJ-AUTO,2024-03-31,55.06,44.94,0.0
BAJAJ-AUTO,2024-06-30,55.06,44.94,0.0
BAJAJ-AUTO,2024-09-30,55.04,44.96,0.0
BAJAJ-AUTO,2024-12-31,55.04,44.96,0.0
BAJAJ-AUTO,2025-03-31,55.04,44.92,0.04
BAJAJ-AUTO,2025-06-30,55.04,44.93,0.03
BAJAJ-AUTO,2025-09-30,55.04,44.95,0.01
BAJAJ-AUTO,2025-12-31,54.99,44.92,0.09
BAJAJ-AUTO,2026-03-31,55.01,44.91,0.08
BAJAJ-AUTO,2026-06-30,55.01,44.99,0.0
BAJAJFINSV,2021-03-31,60.8,39.02,0.18
BAJAJFINSV,2021-09-30,60.8,39.07,0.13
BAJAJFINSV,2021-12-31,60.8,39.08,0.12
BAJAJFINSV,2022-03-31,60.8,39.09,0.11
BAJAJFINSV,2022-06-30,60.8,39.11,0.09
BAJAJFINSV,2022-09-30,60.75,39.09,0.16
BAJAJFINSV,2022-12-31,60.75,39.11,0.14
BAJAJFINSV,2023-03-31,60.79,39.08,0.13
BAJAJFINSV,2023-06-30,60.79,39.11,0.1
BAJAJFINSV,2023-09-30,60.69,39.07,0.25
BAJAJFINSV,2023-12-31,60.69,39.1,0.21
BAJAJFINSV,2024-03-31,60.69,39.13,0.18
BAJAJFINSV,2024-06-30,60.64,39.17,0.19
BAJAJFINSV,2024-09-30,60.64,39.22,0.14
BAJAJFINSV,2024-12-31,60.64,39.24,0.12
BAJAJFINSV,2025-03-31,60.64,39.25,0.1
BAJAJFINSV,2025-06-30,58.81,41.09,0.1
BAJAJFINSV,2025-09-30,58.81,41.12,0.07
BAJAJFINSV,2025-12-31,58.81,41.17,0.02
BAJAJFINSV,2026-03-31,58.71,41.16,0.13
BAJAJFINSV,2026-06-30,58.71,41.24,0.06
BAJAJHFL,2024-09-13,88.75,11.25,0.0
BAJAJHFL,2024-09-30,88.75,11.25,0.0
BAJAJHFL,2024-12-31,88.75,11.25,0.0
BAJAJHFL,2025-03-31,88.75,11.25,0.0
BAJAJHFL,2025-06-30,88.7,11.25,0.05
BAJAJHFL,2025-09-30,88.7,11.25,0.04
BAJAJHFL,2025-12-31,86.7,13.25,0.04
BAJAJHFL,2026-03-31,86.7,13.25,0.04
BAJAJHFL,2026-06-30,86.7,13.25,0.04
BAJAJHLDNG,2021-09-30,50.07,49.93,0.0
BAJAJHLDNG,2021-12-31,50.48,49.52,0.0
BAJAJHLDNG,2022-03-31,51.09,48.91,0.0
BAJAJHLDNG,2022-06-30,51.2,48.8,0.0
BAJAJHLDNG,2022-09-30,51.2,48.8,0.0
BAJAJHLDNG,2022-12-31,51.36,48.64,0.0
BAJAJHLDNG,2023-03-31,51.46,48.54,0.0
BAJAJHLDNG,2023-06-30,51.46,48.54,0.0
BAJAJHLDNG,2023-09-30,51.46,48.54,0.0
BAJAJHLDNG,2023-12-31,51.46,48.54,0.0
BAJAJHLDNG,2024-03-31,51.46,48.54,0.0
BAJAJHLDNG,2024-06-30,51.46,48.54,0.0
BAJAJHLDNG,2024-09-30,51.46,48.54,0.0
BAJAJHLDNG,2024-12-31,51.46,48.54,0.0
BAJAJHLDNG,2025-03-31,51.46,48.54,0.0
BAJAJHLDNG,2025-06-30,51.46,48.54,0.0
BAJAJHLDNG,2025-09-30,51.46,48.54,0.0
BAJAJHLDNG,2025-12-31,51.46,48.54,0.0
BAJAJHLDNG,2026-03-31,51.46,48.54,0.0
BAJAJHLDNG,2026-06-30,51.46,48.54,0.0
BAJFINANCE,2021-09-30,56.03,43.79,0.17
BAJFINANCE,2021-12-31,56.03,43.87,0.1
BAJFINANCE,2022-03-31,55.86,43.78,0.36
BAJFINANCE,2022-06-30,55.86,43.84,0.29
BAJFINANCE,2022-09-30,55.86,43.92,0.22
BAJFINANCE,2022-12-31,55.91,43.9,0.18
BAJFINANCE,2023-03-31,55.91,43.92,0.17
BAJFINANCE,2023-06-30,55.87,44.0,0.13
BAJFINANCE,2023-09-30,55.87,44.03,0.1
BAJFINANCE,2023-11-09,54.78,45.14,0.09
BAJFINANCE,2023-12-31,54.78,45.17,0.05
BAJFINANCE,2024-03-31,54.69,45.15,0.16
BAJFINANCE,2024-06-30,54.7,45.22,0.08
BAJFINANCE,2024-09-30,54.7,45.25,0.05
BAJFINANCE,2024-12-31,54.7,45.27,0.04
BAJFINANCE,2025-03-31,54.73,45.17,0.1
BAJFINANCE,2025-06-17,54.73,45.23,0.04
BAJFINANCE,2025-06-30,54.73,45.24,0.03
BAJFINANCE,2025-09-30,54.66,45.22,0.12
BAJFINANCE,2025-12-31,54.7,45.21,0.1
BAJFINANCE,2026-03-31,54.7,45.22,0.07
BAJFINANCE,2026-06-30,54.67,45.24,0.08
BALKRISIND,2021-09-30,58.3,41.7,0.0
BALKRISIND,2021-12-31,58.29,41.71,0.0
BALKRISIND,2022-03-31,58.29,41.71,0.0
BALKRISIND,2022-06-30,58.29,41.71,0.0
BALKRISIND,2022-09-30,58.29,41.71,0.0
BALKRISIND,2022-12-31,58.29,41.71,0.0
BALKRISIND,2023-03-31,58.29,41.71,0.0
BALKRISIND,2023-06-30,58.29,41.71,0.0
BALKRISIND,2023-09-30,58.29,41.71,0.0
BALKRISIND,2023-12-31,58.29,41.71,0.0
BALKRISIND,2024-03-31,58.29,41.71,0.0
BALKRISIND,2024-06-30,58.29,41.71,0.0
BALKRISIND,2024-09-30,58.29,41.71,0.0
BALKRISIND,2024-12-31,58.29,41.71,0.0
BALKRISIND,2025-03-31,58.29,41.71,0.0
BALKRISIND,2025-06-30,58.29,41.71,0.0
BALKRISIND,2025-09-30,58.29,41.71,0.0
BALKRISIND,2025-12-31,58.29,41.71,0.0
BALKRISIND,2026-03-31,58.29,41.71,0.0
BALKRISIND,2026-06-30,58.29,41.71,0.0
BALRAMCHIN,2021-09-30,41.4,58.6,0.0
BALRAMCHIN,2021-10-26,42.42,57.58,0.0
BALRAMCHIN,2021-12-31,42.42,57.58,0.0
BALRAMCHIN,2022-03-31,42.42,57.58,0.0
BALRAMCHIN,2022-06-30,42.42,57.58,0.0
BALRAMCHIN,2022-09-30,42.42,57.58,0.0
BALRAMCHIN,2022-12-31,42.43,57.57,0.0
BALRAMCHIN,2023-03-31,42.9,57.1,0.0
BALRAMCHIN,2023-06-30,42.9,57.1,0.0
BALRAMCHIN,2023-09-30,42.9,57.1,0.0
BALRAMCHIN,2023-12-31,42.9,57.1,0.0
BALRAMCHIN,2024-03-31,42.9,57.1,0.0
BALRAMCHIN,2024-06-30,42.9,57.1,0.0
BALRAMCHIN,2024-09-30,42.9,57.1,0.0
BALRAMCHIN,2024-12-31,42.87,57.13,0.0
BALRAMCHIN,2025-03-31,42.87,57.13,0.0
BALRAMCHIN,2025-06-30,42.87,57.13,0.0
BALRAMCHIN,2025-09-30,42.86,57.14,0.0
BALRAMCHIN,2025-12-31,42.85,57.15,0.0
BALRAMCHIN,2026-03-31,42.85,57.15,0.0
BALRAMCHIN,2026-06-03,42.86,57.14,0.0
BALRAMCHIN,2026-06-30,42.86,57.14,0.0
BANDHANBNK,2021-09-30,39.99,60.01,0.0
BANDHANBNK,2021-12-31,39.99,60.01,0.0
BANDHANBNK,2022-03-31,39.99,60.01,0.0
BANDHANBNK,2022-06-30,39.99,60.01,0.0
BANDHANBNK,2022-09-30,39.99,60.01,0.0
BANDHANBNK,2022-12-31,39.99,60.01,0.0
BANDHANBNK,2023-03-31,39.99,60.01,0.0
BANDHANBNK,2023-06-30,39.99,60.01,0.0
BANDHANBNK,2023-09-30,39.98,60.02,0.0
BANDHANBNK,2023-12-31,39.98,60.02,0.0
BANDHANBNK,2024-03-31,39.98,60.02,0.0
BANDHANBNK,2024-06-30,39.98,60.02,0.0
BANDHANBNK,2024-09-30,39.98,60.02,0.0
BANDHANBNK,2024-12-31,39.98,60.02,0.0
BANDHANBNK,2025-03-31,39.98,60.02,0.0
BANDHANBNK,2025-06-30,40.92,59.08,0.0
BANDHANBNK,2025-09-30,40.29,59.71,0.0
BANDHANBNK,2025-12-31,39.74,60.26,0.0
BANDHANBNK,2026-03-31,38.98,61.02,0.0
BANDHANBNK,2026-06-30,37.54,62.46,0.0
BANKBARODA,2021-09-30,63.97,36.03,0.0
BANKBARODA,2021-12-31,63.97,36.03,0.0
BANKBARODA,2022-03-31,63.97,36.03,0.0
BANKBARODA,2022-06-30,63.97,36.03,0.0
BANKBARODA,2022-09-30,63.97,36.03,0.0
BANKBARODA,2022-12-31,63.97,36.03,0.0
BANKBARODA,2023-03-31,63.97,36.03,0.0
BANKBARODA,2023-06-30,63.97,36.03,0.0
BANKBARODA,2023-09-30,63.97,36.03,0.0
BANKBARODA,2023-12-31,63.97,36.03,0.0
BANKBARODA,2024-03-31,63.97,36.03,0.0
BANKBARODA,2024-06-30,63.97,36.03,0.0
BANKBARODA,2024-09-30,63.97,36.03,0.0
BANKBARODA,2024-12-31,63.97,36.03,0.0
BANKBARODA,2025-03-31,63.97,36.03,0.0
BANKBARODA,2025-06-30,63.97,36.03,0.0
BANKBARODA,2025-09-30,63.97,36.03,0.0
BANKBARODA,2025-12-31,63.97,36.03,0.0
BANKBARODA,2026-03-31,63.97,36.03,0.0
BANKBARODA,2026-06-30,63.97,36.03,0.0
BANKINDIA,2021-09-30,81.41,18.59,0.0
BANKINDIA,2021-12-31,81.41,18.59,0.0
BANKINDIA,2022-03-31,81.41,18.59,0.0
BANKINDIA,2022-06-30,81.41,18.59,0.0
BANKINDIA,2022-09-30,81.41,18.59,0.0
BANKINDIA,2022-12-31,81.41,18.59,0.0
BANKINDIA,2023-03-31,81.41,18.59,0.0
BANKINDIA,2023-06-30,81.41,18.59,0.0
BANKINDIA,2023-09-30,81.41,18.59,0.0
BANKINDIA,2023-12-11,73.38,26.62,0.0
BANKINDIA,2023-12-31,73.38,26.62,0.0
BANKINDIA,2024-03-31,73.38,26.62,0.0
BANKINDIA,2024-06-30,73.38,26.62,0.0
BANKINDIA,2024-09-30,73.38,26.62,0.0
BANKINDIA,2024-12-31,73.38,26.62,0.0
BANKINDIA,2025-03-31,73.38,26.62,0.0
BANKINDIA,2025-06-30,73.38,26.62,0.0
BANKINDIA,2025-09-30,73.38,26.62,0.0
BANKINDIA,2025-12-31,73.38,26.62,0.0
BANKINDIA,2026-03-31,73.38,26.62,0.0
BANKINDIA,2026-06-30,73.38,26.62,0.0
BATAINDIA,2021-09-30,52.96,47.04,0.0
BATAINDIA,2021-12-31,52.96,47.04,0.0
BATAINDIA,2022-03-31,52.96,47.04,0.0
BATAINDIA,2022-06-30,50.16,49.84,0.0
BATAINDIA,2022-09-30,50.16,49.84,0.0
BATAINDIA,2022-12-31,50.16,49.84,0.0
BATAINDIA,2023-03-31,50.16,49.84,0.0
BATAINDIA,2023-06-30,50.16,49.84,0.0
BATAINDIA,2023-09-30,50.16,49.84,0.0
BATAINDIA,2023-12-31,50.16,49.84,0.0
BATAINDIA,2024-03-31,50.16,49.84,0.0
BATAINDIA,2024-06-30,50.16,49.84,0.0
BATAINDIA,2024-09-30,50.16,49.84,0.0
BATAINDIA,2024-12-31,50.16,49.84,0.0
BATAINDIA,2025-03-31,50.16,49.84,0.0
BATAINDIA,2025-06-30,50.16,49.84,0.0
BATAINDIA,2025-09-30,50.16,49.84,0.0
BATAINDIA,2025-12-31,50.16,49.84,0.0
BATAINDIA,2026-03-31,50.16,49.84,0.0
BATAINDIA,2026-06-30,50.16,49.84,0.0
BBTC,2015-12-31,74.02,25.98,0.0
BBTC,2016-03-31,74.02,25.98,0.0
BBTC,2016-06-30,74.02,25.98,0.0
BBTC,2016-09-30,74.02,25.98,0.0
BBTC,2016-12-31,74.02,25.98,0.0
BBTC,2017-03-31,74.02,25.98,0.0
BBTC,2017-06-30,74.02,25.98,0.0
BBTC,2017-09-30,74.02,25.98,0.0
BBTC,2017-12-31,74.02,25.98,0.0
BBTC,2018-03-31,74.02,25.98,0.0
BBTC,2018-06-30,74.02,25.98,0.0
BBTC,2018-09-30,74.02,25.98,0.0
BBTC,2018-12-31,74.04,25.96,0.0
BBTC,2019-03-31,74.04,25.96,0.0
BBTC,2019-06-30,74.04,25.96,0.0
BBTC,2019-09-30,73.83,26.17,0.0
BBTC,2019-12-31,74.04,25.96,0.0
BBTC,2020-03-31,74.05,25.95,0.0
BBTC,2020-06-30,74.05,25.95,0.0
BBTC,2020-09-30,74.05,25.95,0.0
BBTC,2020-12-31,74.05,25.95,0.0
BBTC,2021-03-31,74.05,25.95,0.0
BBTC,2021-06-30,74.05,25.95,0.0
BBTC,2021-09-30,74.05,25.95,0.0
BBTC,2021-12-31,74.05,25.95,0.0
BBTC,2022-03-31,74.05,25.95,0.0
BBTC,2022-06-30,74.05,25.95,0.0
BBTC,2022-09-30,74.05,25.95,0.0
BBTC,2022-12-31,74.05,25.95,0.0
BBTC,2023-03-31,74.05,25.95,0.0
BBTC,2023-06-30,74.05,25.95,0.0
BBTC,2023-09-30,74.05,25.95,0.0
BBTC,2023-12-31,74.05,25.95,0.0
BBTC,2024-03-31,74.05,25.95,0.0
BBTC,2024-06-30,74.05,25.95,0.0
BBTC,2024-09-30,74.05,25.95,0.0
BBTC,2024-12-31,74.05,25.95,0.0
BBTC,2025-03-31,74.05,25.95,0.0
BBTC,2025-06-30,74.05,25.95,0.0
BBTC,2025-09-30,74.05,25.95,0.0
BBTC,2025-12-31,74.05,25.95,0.0
BBTC,2026-03-31,74.05,25.95,0.0
BBTC,2026-06-30,74.05,25.95,0.0
BDL,2021-09-30,74.93,25.07,0.0
BDL,2021-12-31,74.93,25.07,0.0
BDL,2022-03-31,74.93,25.07,0.0
BDL,2022-06-30,74.93,25.07,0.0
BDL,2022-09-30,74.93,25.07,0.0
BDL,2022-12-31,74.93,25.07,0.0
BDL,2023-03-31,74.93,25.07,0.0
BDL,2023-06-30,74.93,25.07,0.0
BDL,2023-09-30,74.93,25.07,0.0
BDL,2023-12-31,74.93,25.07,0.0
BDL,2024-03-31,74.93,25.07,0.0
BDL,2024-06-30,74.93,25.07,0.0
BDL,2024-09-30,74.93,25.07,0.0
BDL,2024-12-31,74.93,25.07,0.0
BDL,2025-03-31,74.93,25.07,0.0
BDL,2025-06-30,74.93,25.07,0.0
BDL,2025-09-30,74.93,25.07,0.0
BDL,2025-12-31,74.93,25.07,0.0
BDL,2026-03-31,74.93,25.07,0.0
BDL,2026-06-30,74.93,25.07,0.0
BEL,2021-09-30,51.14,48.86,0.0
BEL,2021-12-31,51.14,48.86,0.0
BEL,2022-03-31,51.14,48.86,0.0
BEL,2022-06-30,51.14,48.86,0.0
BEL,2022-09-19,51.14,48.86,0.0
BEL,2022-09-30,51.14,48.86,0.0
BEL,2022-12-31,51.14,48.86,0.0
BEL,2023-03-31,51.14,48.86,0.0
BEL,2023-06-30,51.14,48.86,0.0
BEL,2023-09-30,51.14,48.86,0.0
BEL,2023-12-31,51.14,48.86,0.0
BEL,2024-03-31,51.14,48.86,0.0
BEL,2024-06-30,51.14,48.86,0.0
BEL,2024-09-30,51.14,48.86,0.0
BEL,2024-12-31,51.14,48.86,0.0
BEL,2025-03-31,51.14,48.86,0.0
BEL,2025-06-30,51.14,48.86,0.0
BEL,2025-09-30,51.14,48.86,0.0
BEL,2025-12-31,51.14,48.86,0.0
BEL,2026-03-31,51.14,48.86,0.0
BEL,2026-06-30,51.14,48.86,0.0
BELRISE,2025-05-26,73.01,26.99,0.0
BELRISE,2025-06-30,73.01,26.99,0.0
BELRISE,2025-09-30,73.01,26.99,0.0
BELRISE,2025-12-31,66.46,33.54,0.0
BELRISE,2026-03-31,66.46,33.54,0.0
BELRISE,2026-06-30,66.46,33.54,0.0
BELRISE,2026-07-17,61.15,38.85,0.0
BEML,2021-09-30,54.03,45.97,0.0
BEML,2021-12-31,54.03,45.97,0.0
BEML,2022-03-31,54.03,45.97,0.0
BEML,2022-06-30,54.03,45.97,0.0
BEML,2022-09-30,54.03,45.97,0.0
BEML,2022-12-31,54.03,45.97,0.0
BEML,2023-03-31,54.03,45.97,0.0
BEML,2023-06-30,54.03,45.97,0.0
BEML,2023-09-30,54.03,45.97,0.0
BEML,2023-12-31,54.03,45.97,0.0
BEML,2024-03-31,54.03,45.97,0.0
BEML,2024-06-30,54.03,45.97,0.0
BEML,2024-09-30,54.03,45.97,0.0
BEML,2024-12-31,54.03,45.97,0.0
BEML,2025-03-31,54.03,45.97,0.0
BEML,2025-06-30,54.03,45.97,0.0
BEML,2025-09-30,54.03,45.97,0.0
BEML,2025-12-31,54.03,45.97,0.0
BEML,2026-03-31,54.03,45.97,0.0
BEML,2026-06-30,54.03,45.97,0.0
BERGEPAINT,2021-09-30,74.99,25.01,0.0
BERGEPAINT,2021-12-31,74.99,25.01,0.0
BERGEPAINT,2022-03-31,74.99,25.01,0.0
BERGEPAINT,2022-06-30,74.99,25.01,0.0
BERGEPAINT,2022-09-30,74.99,25.01,0.0
BERGEPAINT,2022-12-31,75.0,25.0,0.0
BERGEPAINT,2023-03-31,74.99,25.01,0.0
BERGEPAINT,2023-06-30,74.99,25.01,0.0
BERGEPAINT,2023-09-30,74.99,25.01,0.0
BERGEPAINT,2023-12-31,74.99,25.01,0.0
BERGEPAINT,2024-03-31,74.99,25.01,0.0
BERGEPAINT,2024-06-30,74.99,25.01,0.0
BERGEPAINT,2024-09-30,74.99,25.01,0.0
BERGEPAINT,2024-12-31,74.99,25.01,0.0
BERGEPAINT,2025-03-31,74.98,25.02,0.0
BERGEPAINT,2025-06-30,74.98,25.02,0.0
BERGEPAINT,2025-09-30,74.98,25.02,0.0
BERGEPAINT,2025-12-31,74.98,25.02,0.0
BERGEPAINT,2026-03-31,74.98,25.02,0.0
BERGEPAINT,2026-06-30,74.98,25.02,0.0
BHARATFORG,2015-12-31,47.24,52.76,0.0
BHARATFORG,2016-03-31,47.24,52.76,0.0
BHARATFORG,2016-06-30,47.24,52.76,0.0
BHARATFORG,2016-09-30,47.24,52.76,0.0
BHARATFORG,2016-12-31,46.24,53.76,0.0
BHARATFORG,2017-03-31,46.24,53.76,0.0
BHARATFORG,2017-06-30,46.24,53.76,0.0
BHARATFORG,2017-09-30,46.24,53.76,0.0
BHARATFORG,2017-12-31,46.24,53.76,0.0
BHARATFORG,2018-03-31,46.24,53.76,0.0
BHARATFORG,2018-06-30,46.24,53.76,0.0
BHARATFORG,2018-09-30,46.25,53.75,0.0
BHARATFORG,2018-12-31,46.25,53.75,0.0
BHARATFORG,2019-03-31,46.25,53.75,0.0
BHARATFORG,2019-06-30,46.25,53.75,0.0
BHARATFORG,2019-09-30,46.25,53.75,0.0
BHARATFORG,2019-12-31,46.25,53.75,0.0
BHARATFORG,2020-03-31,46.25,53.75,0.0
BHARATFORG,2020-06-30,46.25,53.75,0.0
BHARATFORG,2020-09-30,46.25,53.75,0.0
BHARATFORG,2020-12-31,46.25,53.75,0.0
BHARATFORG,2021-03-31,46.25,53.75,0.0
BHARATFORG,2021-06-30,45.25,54.75,0.0
BHARATFORG,2021-09-30,45.25,54.75,0.0
BHARATFORG,2021-12-31,45.25,54.75,0.0
BHARATFORG,2022-03-31,45.25,54.75,0.0
BHARATFORG,2022-06-30,45.25,54.75,0.0
BHARATFORG,2022-09-30,45.25,54.75,0.0
BHARATFORG,2022-12-31,45.25,54.75,0.0
BHARATFORG,2023-03-31,45.25,54.75,0.0
BHARATFORG,2023-06-30,45.25,54.75,0.0
BHARATFORG,2023-09-30,45.25,54.75,0.0
BHARATFORG,2023-12-31,45.25,54.75,0.0
BHARATFORG,2024-03-31,45.25,54.75,0.0
BHARATFORG,2024-06-30,45.25,54.75,0.0
BHARATFORG,2024-09-30,45.25,54.75,0.0
BHARATFORG,2024-12-31,44.07,55.93,0.0
BHARATFORG,2025-03-31,44.07,55.93,0.0
BHARATFORG,2025-06-30,44.07,55.93,0.0
BHARATFORG,2025-09-30,44.07,55.93,0.0
BHARATFORG,2025-12-31,44.07,55.93,0.0
BHARATFORG,2026-03-31,44.07,55.93,0.0
BHARATFORG,2026-06-30,44.07,55.93,0.0
BHARTIARTL,2020-09-30,56.23,43.74,0.03
BHARTIARTL,2021-09-30,55.86,44.1,0.05
BHARTIARTL,2021-10-27,55.93,44.02,0.05
BHARTIARTL,2021-12-31,55.93,44.02,0.05
BHARTIARTL,2022-03-31,55.93,44.02,0.05
BHARTIARTL,2022-06-30,55.93,44.02,0.05
BHARTIARTL,2022-09-30,55.13,44.82,0.04
BHARTIARTL,2022-12-31,55.12,44.82,0.05
BHARTIARTL,2023-03-31,55.02,44.93,0.05
BHARTIARTL,2023-06-30,54.97,44.99,0.05
BHARTIARTL,2023-09-30,54.75,45.21,0.04
BHARTIARTL,2023-12-31,54.57,45.38,0.06
BHARTIARTL,2024-03-31,53.49,46.46,0.05
BHARTIARTL,2024-06-30,53.17,46.77,0.06
BHARTIARTL,2024-09-30,53.14,46.8,0.07
BHARTIARTL,2024-12-31,53.11,46.81,0.07
BHARTIARTL,2025-03-31,52.42,47.51,0.07
BHARTIARTL,2025-06-30,51.25,48.68,0.07
BHARTIARTL,2025-09-30,50.27,49.68,0.05
BHARTIARTL,2025-12-31,48.87,51.08,0.05
BHARTIARTL,2026-03-31,48.87,51.09,0.04
BHARTIARTL,2026-06-23,50.07,49.89,0.04
BHARTIARTL,2026-06-30,50.07,49.89,0.04
BHARTIHEXA,2024-04-11,70.0,30.0,0.0
BHARTIHEXA,2024-06-30,70.0,30.0,0.0
BHARTIHEXA,2024-09-30,70.0,30.0,0.0
BHARTIHEXA,2024-12-31,70.0,30.0,0.0
BHARTIHEXA,2025-03-31,70.0,30.0,0.0
BHARTIHEXA,2025-06-30,70.0,30.0,0.0
BHARTIHEXA,2025-09-30,70.0,30.0,0.0
BHARTIHEXA,2025-12-31,70.0,30.0,0.0
BHARTIHEXA,2026-03-31,70.0,30.0,0.0
BHARTIHEXA,2026-06-30,70.0,30.0,0.0
BHEL,2021-09-30,63.17,36.83,0.0
BHEL,2021-12-31,63.17,36.83,0.0
BHEL,2022-03-31,63.17,36.83,0.0
BHEL,2022-06-30,63.17,36.83,0.0
BHEL,2022-09-30,63.17,36.83,0.0
BHEL,2022-12-31,63.17,36.83,0.0
BHEL,2023-03-31,63.17,36.83,0.0
BHEL,2023-06-30,63.17,36.83,0.0
BHEL,2023-09-30,63.17,36.83,0.0
BHEL,2023-12-31,63.17,36.83,0.0
BHEL,2024-03-31,63.17,36.83,0.0
BHEL,2024-06-30,63.17,36.83,0.0
BHEL,2024-09-30,63.17,36.83,0.0
BHEL,2024-12-31,63.17,36.83,0.0
BHEL,2025-03-31,63.17,36.83,0.0
BHEL,2025-06-30,63.17,36.83,0.0
BHEL,2025-09-30,63.17,36.83,0.0
BHEL,2025-12-31,63.17,36.83,0.0
BHEL,2026-03-31,58.17,41.83,0.0
BHEL,2026-06-30,58.17,41.83,0.0
BIKAJI,2022-11-11,75.97,24.03,0.0
BIKAJI,2022-12-31,75.97,24.03,0.0
BIKAJI,2023-03-31,75.97,24.03,0.0
BIKAJI,2023-06-30,75.37,24.63,0.0
BIKAJI,2023-09-30,75.21,24.79,0.0
BIKAJI,2023-12-31,75.18,24.82,0.0
BIKAJI,2024-03-31,75.1,24.9,0.0
BIKAJI,2024-06-30,75.1,24.9,0.0
BIKAJI,2024-09-30,74.98,25.02,0.0
BIKAJI,2024-12-31,74.98,25.02,0.0
BIKAJI,2025-03-31,74.92,25.08,0.0
BIKAJI,2025-06-30,74.92,25.08,0.0
BIKAJI,2025-09-30,73.92,26.08,0.0
BIKAJI,2025-12-31,73.92,26.08,0.0
BIKAJI,2026-03-31,73.88,26.12,0.0
BIKAJI,2026-06-30,73.88,26.12,0.0
BIOCON,2021-09-30,60.64,38.64,0.72
BIOCON,2021-12-31,60.64,38.71,0.65
BIOCON,2022-03-31,60.64,38.74,0.63
BIOCON,2022-06-30,60.64,38.63,0.73
BIOCON,2022-09-30,60.64,38.74,0.63
BIOCON,2022-12-31,60.64,38.78,0.58
BIOCON,2023-03-31,60.64,38.81,0.55
BIOCON,2023-06-30,60.64,38.87,0.49
BIOCON,2023-09-30,60.64,38.97,0.39
BIOCON,2023-12-31,60.64,39.03,0.33
BIOCON,2024-03-31,60.64,39.05,0.32
BIOCON,2024-06-30,60.64,39.08,0.28
BIOCON,2024-09-30,60.64,39.12,0.25
BIOCON,2024-12-31,60.64,39.14,0.22
BIOCON,2025-03-31,60.64,39.15,0.21
BIOCON,2025-06-19,54.45,45.37,0.18
BIOCON,2025-06-30,54.45,45.37,0.18
BIOCON,2025-09-30,54.45,45.41,0.14
BIOCON,2025-12-31,54.45,45.43,0.12
BIOCON,2026-01-05,48.27,51.63,0.1
BIOCON,2026-01-14,44.91,54.99,0.1
BIOCON,2026-03-31,44.91,55.0,0.09
BIOCON,2026-06-29,44.68,55.27,0.05
BIOCON,2026-06-30,44.68,55.27,0.05
BLS,2021-09-30,74.59,25.25,0.16
BLS,2021-12-31,74.59,25.33,0.08
BLS,2022-03-31,74.59,25.37,0.04
BLS,2022-05-18,74.59,25.38,0.03
BLS,2022-06-30,74.59,25.38,0.03
BLS,2022-09-30,74.4,25.36,0.24
BLS,2022-12-12,74.4,25.48,0.12
BLS,2022-12-31,74.4,25.54,0.06
BLS,2023-03-31,74.41,25.54,0.05
BLS,2023-06-30,71.68,28.28,0.04
BLS,2023-09-30,71.52,28.22,0.26
BLS,2023-12-31,71.52,28.37,0.11
BLS,2024-03-31,71.52,28.38,0.1
BLS,2024-06-30,71.52,28.41,0.07
BLS,2024-09-30,70.38,29.55,0.07
BLS,2024-12-31,70.38,29.57,0.06
BLS,2025-03-31,70.38,29.58,0.04
BLS,2025-06-30,70.39,29.58,0.03
BLS,2025-09-30,70.39,29.6,0.01
BLS,2025-12-31,70.39,29.59,0.02
BLS,2026-03-31,70.39,29.56,0.05
BLS,2026-06-30,70.39,29.57,0.04
BLUEDART,2021-09-30,75.0,25.0,0.0
BLUEDART,2021-12-31,75.0,25.0,0.0
BLUEDART,2022-03-31,75.0,25.0,0.0
BLUEDART,2022-06-30,75.0,25.0,0.0
BLUEDART,2022-09-30,75.0,25.0,0.0
BLUEDART,2022-12-31,75.0,25.0,0.0
BLUEDART,2023-03-31,75.0,25.0,0.0
BLUEDART,2023-06-30,75.0,25.0,0.0
BLUEDART,2023-09-30,75.0,25.0,0.0
BLUEDART,2023-12-31,75.0,25.0,0.0
BLUEDART,2024-03-31,75.0,25.0,0.0
BLUEDART,2024-06-30,75.0,25.0,0.0
BLUEDART,2024-09-30,75.0,25.0,0.0
BLUEDART,2024-12-31,75.0,25.0,0.0
BLUEDART,2025-03-31,75.0,25.0,0.0
BLUEDART,2025-06-30,75.0,25.0,0.0
BLUEDART,2025-09-30,75.0,25.0,0.0
BLUEDART,2025-12-31,75.0,25.0,0.0
BLUEDART,2026-03-31,75.0,25.0,0.0
BLUEDART,2026-06-30,75.0,25.0,0.0
BLUEJET,2023-10-30,86.0,14.0,0.0
BLUEJET,2023-12-31,86.0,14.0,0.0
BLUEJET,2024-03-31,86.0,14.0,0.0
BLUEJET,2024-06-30,86.0,14.0,0.0
BLUEJET,2024-09-30,86.0,14.0,0.0
BLUEJET,2024-12-31,86.0,14.0,0.0
BLUEJET,2025-03-31,86.0,14.0,0.0
BLUEJET,2025-06-30,86.0,14.0,0.0
BLUEJET,2025-09-30,79.81,20.19,0.0
BLUEJET,2025-12-31,79.81,20.19,0.0
BLUEJET,2026-03-31,79.81,20.19,0.0
BLUEJET,2026-06-30,79.81,20.19,0.0
BLUEJET,2026-07-09,73.15,26.85,0.0
BLUESTARCO,2021-09-30,38.76,61.24,0.0
BLUESTARCO,2021-12-31,38.76,61.24,0.0
BLUESTARCO,2022-03-31,38.78,61.22,0.0
BLUESTARCO,2022-06-30,38.78,61.22,0.0
BLUESTARCO,2022-09-30,38.78,61.22,0.0
BLUESTARCO,2022-12-31,38.78,61.22,0.0
BLUESTARCO,2023-03-31,38.78,61.22,0.0
BLUESTARCO,2023-06-21,38.91,61.09,0.0
BLUESTARCO,2023-06-30,38.91,61.09,0.0
BLUESTARCO,2023-09-22,36.46,63.54,0.0
BLUESTARCO,2023-09-30,36.49,63.51,0.0
BLUESTARCO,2023-12-31,36.49,63.51,0.0
BLUESTARCO,2024-03-31,36.49,63.51,0.0
BLUESTARCO,2024-06-30,36.52,63.48,0.0
BLUESTARCO,2024-09-30,36.46,63.54,0.0
BLUESTARCO,2024-12-31,36.46,63.54,0.0
BLUESTARCO,2025-03-31,36.47,63.53,0.0
BLUESTARCO,2025-06-30,36.49,63.5,0.01
BLUESTARCO,2025-09-30,36.49,63.5,0.01
BLUESTARCO,2025-12-31,36.49,63.5,0.01
BLUESTARCO,2026-03-31,36.49,63.5,0.01
BLUESTARCO,2026-06-30,36.5,63.49,0.01
BOSCHLTD,2021-09-30,70.54,29.46,0.0
BOSCHLTD,2021-12-31,70.54,29.46,0.0
BOSCHLTD,2022-03-31,70.54,29.46,0.0
BOSCHLTD,2022-06-30,70.54,29.46,0.0
BOSCHLTD,2022-09-30,70.54,29.46,0.0
BOSCHLTD,2022-12-31,70.54,29.46,0.0
BOSCHLTD,2023-03-31,70.54,29.46,0.0
BOSCHLTD,2023-06-30,70.54,29.46,0.0
BOSCHLTD,2023-09-30,70.54,29.46,0.0
BOSCHLTD,2023-12-31,70.54,29.46,0.0
BOSCHLTD,2024-03-31,70.54,29.46,0.0
BOSCHLTD,2024-06-30,70.54,29.46,0.0
BOSCHLTD,2024-09-30,70.54,29.46,0.0
BOSCHLTD,2024-12-31,70.54,29.46,0.0
BOSCHLTD,2025-03-31,70.54,29.46,0.0
BOSCHLTD,2025-06-30,70.54,29.46,0.0
BOSCHLTD,2025-09-30,70.54,29.46,0.0
BOSCHLTD,2025-12-31,70.54,29.46,0.0
BOSCHLTD,2026-03-31,70.54,29.46,0.0
BOSCHLTD,2026-06-30,70.54,29.46,0.0
BPCL,2021-09-30,52.98,46.71,0.32
BPCL,2021-12-31,52.98,46.71,0.32
BPCL,2022-03-31,52.98,46.71,0.32
BPCL,2022-06-30,52.98,46.71,0.32
BPCL,2022-09-30,52.98,47.02,0.0
BPCL,2022-12-31,52.98,46.71,0.32
BPCL,2023-03-31,52.98,46.71,0.32
BPCL,2023-06-30,52.98,46.71,0.32
BPCL,2023-09-30,52.98,46.71,0.32
BPCL,2023-12-31,52.98,46.71,0.32
BPCL,2024-03-31,52.98,47.02,0.0
BPCL,2024-06-24,52.98,47.02,0.0
BPCL,2024-06-30,52.98,47.02,0.0
BPCL,2024-09-30,52.98,47.02,0.0
BPCL,2024-12-31,52.98,47.02,0.0
BPCL,2025-03-31,52.98,47.02,0.0
BPCL,2025-06-30,52.98,47.02,0.0
BPCL,2025-09-30,52.98,47.02,0.0
BPCL,2025-12-31,52.98,47.02,0.0
BPCL,2026-03-31,52.98,47.02,0.0
BPCL,2026-06-30,52.98,47.02,0.0
BRIGADE,2021-09-30,43.96,56.04,0.0
BRIGADE,2021-12-31,43.91,56.09,0.0
BRIGADE,2022-03-31,43.88,56.12,0.0
BRIGADE,2022-06-30,43.85,56.15,0.0
BRIGADE,2022-09-30,43.82,56.18,0.0
BRIGADE,2022-12-31,43.81,56.19,0.0
BRIGADE,2023-03-31,43.79,56.21,0.0
BRIGADE,2023-06-30,43.78,56.22,0.0
BRIGADE,2023-09-30,43.77,56.23,0.0
BRIGADE,2023-12-31,43.75,56.25,0.0
BRIGADE,2024-03-31,43.72,56.28,0.0
BRIGADE,2024-06-30,43.72,56.28,0.0
BRIGADE,2024-09-05,41.38,58.62,0.0
BRIGADE,2024-09-30,41.37,58.63,0.0
BRIGADE,2024-12-31,41.37,58.63,0.0
BRIGADE,2025-03-31,41.14,58.86,0.0
BRIGADE,2025-06-30,41.13,58.87,0.0
BRIGADE,2025-09-30,41.12,58.88,0.0
BRIGADE,2025-12-31,41.12,58.88,0.0
BRIGADE,2026-03-31,41.11,58.89,0.0
BRIGADE,2026-06-18,41.1,58.9,0.0
BRIGADE,2026-06-30,41.1,58.9,0.0
BRITANNIA,2021-09-30,50.55,49.45,0.0
BRITANNIA,2021-12-31,50.55,49.45,0.0
BRITANNIA,2022-03-31,50.55,49.45,0.0
BRITANNIA,2022-06-30,50.55,49.45,0.0
BRITANNIA,2022-09-30,50.55,49.45,0.0
BRITANNIA,2022-12-31,50.55,49.45,0.0
BRITANNIA,2023-03-31,50.55,49.45,0.0
BRITANNIA,2023-06-30,50.55,49.45,0.0
BRITANNIA,2023-09-30,50.55,49.45,0.0
BRITANNIA,2023-12-31,50.55,49.45,0.0
BRITANNIA,2024-03-31,50.55,49.45,0.0
BRITANNIA,2024-06-30,50.55,49.45,0.0
BRITANNIA,2024-09-30,50.55,49.45,0.0
BRITANNIA,2024-12-31,50.55,49.45,0.0
BRITANNIA,2025-03-31,50.55,49.45,0.0
BRITANNIA,2025-06-30,50.55,49.45,0.0
BRITANNIA,2025-09-30,50.55,49.45,0.0
BRITANNIA,2025-12-31,50.55,49.45,0.0
BRITANNIA,2026-03-31,50.55,49.45,0.0
BRITANNIA,2026-06-30,50.55,49.45,0.0
BSE,2021-09-30,0.0,72.89,0.0
BSE,2021-12-31,0.0,72.99,0.0
BSE,2022-03-24,0.0,73.74,0.0
BSE,2022-03-31,0.0,73.52,0.0
BSE,2022-06-30,0.0,73.86,0.0
BSE,2022-09-30,0.0,73.97,0.0
BSE,2022-12-31,0.0,73.79,0.0
BSE,2023-03-31,0.0,74.14,0.0
BSE,2023-06-30,0.0,74.14,0.0
BSE,2023-09-30,0.0,74.89,0.0
BSE,2023-12-31,0.0,76.86,0.0
BSE,2024-03-31,0.0,77.64,0.0
BSE,2024-06-30,0.0,77.24,0.0
BSE,2024-09-30,0.0,77.1,0.0
BSE,2024-12-31,0.0,78.1,0.0
BSE,2025-03-31,0.0,77.88,0.0
BSE,2025-05-26,0.0,78.22,0.0
BSE,2025-06-30,0.0,79.43,0.0
BSE,2025-09-30,0.0,100.0,0.0
BSE,2025-12-31,0.0,100.0,0.0
BSE,2026-03-31,0.0,100.0,0.0
BSE,2026-06-30,0.0,100.0,0.0
BSOFT,2021-09-30,40.66,59.12,0.21
BSOFT,2021-12-31,40.55,59.29,0.16
BSOFT,2022-03-31,40.4,59.47,0.13
BSOFT,2022-06-30,40.32,59.55,0.13
BSOFT,2022-09-06,41.48,58.41,0.11
BSOFT,2022-09-30,41.48,58.42,0.1
BSOFT,2022-12-31,41.31,58.6,0.09
BSOFT,2023-03-31,41.08,58.85,0.08
BSOFT,2023-06-30,41.03,58.9,0.06
BSOFT,2023-09-30,40.97,58.99,0.04
BSOFT,2023-12-31,40.95,59.02,0.03
BSOFT,2024-03-31,40.92,59.07,0.02
BSOFT,2024-06-30,40.9,59.09,0.01
BSOFT,2024-09-30,40.86,59.13,0.01
BSOFT,2024-12-31,40.82,59.17,0.01
BSOFT,2025-03-31,40.63,59.36,0.01
BSOFT,2025-06-30,40.63,59.36,0.01
BSOFT,2025-09-30,40.53,59.46,0.01
BSOFT,2025-12-31,40.51,59.48,0.01
BSOFT,2026-03-31,40.39,59.61,0.0
BSOFT,2026-06-30,40.38,59.62,0.0
CAMS,2021-04-30,30.96,69.05,0.0
CAMS,2021-06-30,30.96,69.04,0.0
CAMS,2021-09-30,30.96,69.04,0.0
CAMS,2021-12-31,23.75,76.25,0.0
CAMS,2022-03-31,23.75,76.25,0.0
CAMS,2022-06-30,23.74,76.26,0.0
CAMS,2022-09-30,19.92,80.08,0.0
CAMS,2022-12-31,19.92,80.08,0.0
CAMS,2023-03-31,19.92,80.08,0.0
CAMS,2023-06-30,19.91,80.09,0.0
CAMS,2023-09-30,19.87,80.13,0.0
CAMS,2023-12-31,0.0,100.0,0.0
CAMS,2024-03-31,0.0,100.0,0.0
CAMS,2024-06-30,0.0,100.0,0.0
CAMS,2024-09-30,0.0,100.0,0.0
CAMS,2024-12-31,0.0,100.0,0.0
CAMS,2025-03-31,0.0,100.0,0.0
CAMS,2025-06-30,0.0,100.0,0.0
CAMS,2025-09-30,0.0,100.0,0.0
CAMS,2025-12-31,0.0,100.0,0.0
CAMS,2026-03-31,0.0,100.0,0.0
CAMS,2026-06-30,0.0,100.0,0.0
CANBK,2021-09-30,62.93,37.07,0.0
CANBK,2021-12-31,62.93,37.07,0.0
CANBK,2022-03-31,62.93,37.07,0.0
CANBK,2022-06-30,62.93,37.07,0.0
CANBK,2022-09-30,62.93,37.07,0.0
CANBK,2022-12-31,62.93,37.07,0.0
CANBK,2023-03-31,62.93,37.07,0.0
CANBK,2023-06-30,62.93,37.07,0.0
CANBK,2023-09-30,62.93,37.07,0.0
CANBK,2023-12-31,62.93,37.07,0.0
CANBK,2024-03-31,62.93,37.07,0.0
CANBK,2024-06-30,62.93,37.07,0.0
CANBK,2024-09-30,62.93,37.07,0.0
CANBK,2024-12-31,62.93,37.07,0.0
CANBK,2025-03-31,62.93,37.07,0.0
CANBK,2025-06-30,62.93,37.07,0.0
CANBK,2025-09-30,62.93,37.07,0.0
CANBK,2025-12-31,62.93,37.07,0.0
CANBK,2026-03-31,62.93,37.07,0.0
CANBK,2026-06-30,62.93,37.07,0.0
CANFINHOME,2021-09-30,29.99,70.01,0.0
CANFINHOME,2021-12-31,29.99,70.01,0.0
CANFINHOME,2022-03-31,29.99,70.01,0.0
CANFINHOME,2022-06-30,29.99,70.01,0.0
CANFINHOME,2022-09-30,29.99,70.01,0.0
CANFINHOME,2022-12-31,29.99,70.01,0.0
CANFINHOME,2023-03-31,29.99,70.01,0.0
CANFINHOME,2023-06-30,29.99,70.01,0.0
CANFINHOME,2023-09-30,29.99,70.01,0.0
CANFINHOME,2023-12-31,29.99,70.01,0.0
CANFINHOME,2024-03-31,29.99,70.01,0.0
CANFINHOME,2024-06-30,29.99,70.01,0.0
CANFINHOME,2024-09-30,29.99,70.01,0.0
CANFINHOME,2024-12-31,29.99,70.01,0.0
CANFINHOME,2025-03-31,29.99,70.01,0.0
CANFINHOME,2025-06-30,29.99,70.01,0.0
CANFINHOME,2025-09-30,29.99,70.01,0.0
CANFINHOME,2025-12-31,29.99,70.01,0.0
CANFINHOME,2026-03-31,29.99,70.01,0.0
CANFINHOME,2026-06-30,29.99,70.01,0.0
CANHLIFE,2025-10-16,62.0,38.0,0.0
CANHLIFE,2025-12-31,62.0,37.74,0.26
CANHLIFE,2026-03-31,62.0,37.74,0.26
CANHLIFE,2026-06-30,62.0,37.57,0.43
CAPLIPOINT,2021-09-30,69.03,30.97,0.0
CAPLIPOINT,2021-12-31,68.91,31.09,0.0
CAPLIPOINT,2022-03-31,68.89,31.11,0.0
CAPLIPOINT,2022-06-30,68.88,31.12,0.0
CAPLIPOINT,2022-09-30,68.88,31.12,0.0
CAPLIPOINT,2022-12-31,68.8,31.2,0.0
CAPLIPOINT,2023-03-31,70.66,29.34,0.0
CAPLIPOINT,2023-06-30,70.63,29.37,0.0
CAPLIPOINT,2023-09-30,70.63,29.37,0.0
CAPLIPOINT,2023-12-31,70.62,29.38,0.0
CAPLIPOINT,2024-03-31,70.62,29.38,0.0
CAPLIPOINT,2024-06-30,70.56,29.44,0.0
CAPLIPOINT,2024-09-30,70.56,29.44,0.0
CAPLIPOINT,2024-12-31,70.56,29.44,0.0
CAPLIPOINT,2025-03-31,70.56,29.44,0.0
CAPLIPOINT,2025-06-30,70.56,29.44,0.0
CAPLIPOINT,2025-09-30,70.57,29.43,0.0
CAPLIPOINT,2025-12-31,70.57,29.43,0.0
CAPLIPOINT,2026-03-31,70.57,29.43,0.0
CAPLIPOINT,2026-06-30,70.57,29.43,0.0
CARBORUNIV,2021-09-30,41.96,58.04,0.0
CARBORUNIV,2021-12-31,41.96,58.04,0.0
CARBORUNIV,2022-03-31,41.94,58.06,0.0
CARBORUNIV,2022-06-30,41.92,58.08,0.0
CARBORUNIV,2022-09-30,41.9,58.1,0.0
CARBORUNIV,2022-12-31,41.89,58.11,0.0
CARBORUNIV,2023-03-31,41.52,58.48,0.0
CARBORUNIV,2023-06-30,41.5,58.5,0.0
CARBORUNIV,2023-09-30,41.28,58.72,0.0
CARBORUNIV,2023-12-31,41.28,58.72,0.0
CARBORUNIV,2024-03-31,41.23,58.77,0.0
CARBORUNIV,2024-06-30,41.16,58.84,0.0
CARBORUNIV,2024-09-30,41.04,58.96,0.0
CARBORUNIV,2024-12-31,39.82,60.18,0.0
CARBORUNIV,2025-03-31,39.82,60.18,0.0
CARBORUNIV,2025-06-30,39.23,60.77,0.0
CARBORUNIV,2025-09-30,38.96,61.04,0.0
CARBORUNIV,2025-12-31,38.9,61.1,0.0
CARBORUNIV,2026-03-31,38.89,61.11,0.0
CARBORUNIV,2026-06-30,38.89,61.11,0.0
CARTRADE,2021-09-30,0.0,100.0,0.0
CARTRADE,2021-12-31,0.0,100.0,0.0
CARTRADE,2022-03-31,0.0,100.0,0.0
CARTRADE,2022-06-30,0.0,100.0,0.0
CARTRADE,2022-09-30,0.0,100.0,0.0
CARTRADE,2022-12-31,0.0,100.0,0.0
CARTRADE,2023-03-31,0.0,100.0,0.0
CARTRADE,2023-06-30,0.0,100.0,0.0
CARTRADE,2023-09-30,0.0,100.0,0.0
CARTRADE,2023-12-31,0.0,100.0,0.0
CARTRADE,2024-03-31,0.0,100.0,0.0
CARTRADE,2024-06-30,0.0,100.0,0.0
CARTRADE,2024-09-30,0.0,100.0,0.0
CARTRADE,2024-12-31,0.0,100.0,0.0
CARTRADE,2025-03-31,0.0,100.0,0.0
CARTRADE,2025-06-30,0.0,100.0,0.0
CARTRADE,2025-09-30,0.0,100.0,0.0
CARTRADE,2025-12-31,0.0,100.0,0.0
CARTRADE,2026-03-31,0.0,100.0,0.0
CARTRADE,2026-06-30,0.0,100.0,0.0
CASTROLIND,2021-09-30,51.0,49.0,0.0
CASTROLIND,2021-12-31,51.0,49.0,0.0
CASTROLIND,2022-03-31,51.0,49.0,0.0
CASTROLIND,2022-06-30,51.0,49.0,0.0
CASTROLIND,2022-09-30,51.0,49.0,0.0
CASTROLIND,2022-12-31,51.0,49.0,0.0
CASTROLIND,2023-03-31,51.0,49.0,0.0
CASTROLIND,2023-06-30,51.0,49.0,0.0
CASTROLIND,2023-09-30,51.0,49.0,0.0
CASTROLIND,2023-12-31,51.0,49.0,0.0
CASTROLIND,2024-03-31,51.0,49.0,0.0
CASTROLIND,2024-06-30,51.0,49.0,0.0
CASTROLIND,2024-09-30,51.0,49.0,0.0
CASTROLIND,2024-12-31,51.0,49.0,0.0
CASTROLIND,2025-03-31,51.0,49.0,0.0
CASTROLIND,2025-06-30,51.0,49.0,0.0
CASTROLIND,2025-09-30,51.0,49.0,0.0
CASTROLIND,2025-12-31,51.0,49.0,0.0
CASTROLIND,2026-03-31,51.0,49.0,0.0
CASTROLIND,2026-06-30,51.0,49.0,0.0
CCL,2021-09-30,46.19,53.81,0.0
CCL,2021-12-31,46.2,53.8,0.0
CCL,2022-03-31,46.26,53.74,0.0
CCL,2022-06-30,46.26,53.74,0.0
CCL,2022-09-30,46.26,53.74,0.0
CCL,2022-12-31,46.26,53.74,0.0
CCL,2023-03-31,46.26,53.74,0.0
CCL,2023-06-30,46.26,53.74,0.0
CCL,2023-09-30,46.26,53.74,0.0
CCL,2023-12-31,46.26,53.74,0.0
CCL,2024-03-31,46.26,53.74,0.0
CCL,2024-06-30,46.09,53.91,0.0
CCL,2024-09-30,46.09,53.91,0.0
CCL,2024-12-31,46.09,53.91,0.0
CCL,2025-03-31,46.09,53.91,0.0
CCL,2025-06-30,46.09,53.64,0.26
CCL,2025-09-30,46.11,53.64,0.25
CCL,2025-12-31,46.11,53.64,0.25
CCL,2026-03-31,46.11,53.64,0.25
CCL,2026-06-30,46.14,53.71,0.15
CDSL,2021-09-30,20.0,80.0,0.0
CDSL,2021-12-31,20.0,79.99,0.0
CDSL,2022-03-31,20.0,79.99,0.0
CDSL,2022-06-30,20.0,80.0,0.0
CDSL,2022-09-30,20.0,80.0,0.0
CDSL,2022-12-31,20.0,80.0,0.0
CDSL,2023-03-31,20.0,80.0,0.0
CDSL,2023-06-30,15.0,85.0,0.0
CDSL,2023-09-30,15.0,85.0,0.0
CDSL,2023-12-31,15.0,85.0,0.0
CDSL,2024-03-31,15.0,85.0,0.0
CDSL,2024-06-30,15.0,85.0,0.0
CDSL,2024-08-25,15.0,85.0,0.0
CDSL,2024-09-30,15.0,85.0,0.0
CDSL,2024-12-31,15.0,85.0,0.0
CDSL,2025-03-31,15.0,85.0,0.0
CDSL,2025-06-30,15.0,85.0,0.0
CDSL,2025-09-30,15.0,85.0,0.0
CDSL,2025-12-31,15.0,85.0,0.0
CDSL,2026-03-31,15.0,85.0,0.0
CDSL,2026-06-30,15.0,85.0,0.0
CEATLTD,2021-09-30,46.82,53.18,0.0
CEATLTD,2021-12-31,47.11,52.89,0.0
CEATLTD,2022-03-31,47.11,52.89,0.0
CEATLTD,2022-06-30,47.21,52.79,0.0
CEATLTD,2022-09-30,47.21,52.79,0.0
CEATLTD,2022-12-31,47.21,52.79,0.0
CEATLTD,2023-03-31,47.21,52.79,0.0
CEATLTD,2023-06-30,47.21,52.79,0.0
CEATLTD,2023-09-30,47.21,52.79,0.0
CEATLTD,2023-12-31,47.21,52.79,0.0
CEATLTD,2024-03-31,47.21,52.79,0.0
CEATLTD,2024-06-30,47.21,52.79,0.0
CEATLTD,2024-09-30,47.21,52.79,0.0
CEATLTD,2024-12-31,47.21,52.79,0.0
CEATLTD,2025-03-31,47.21,52.79,0.0
CEATLTD,2025-06-30,47.21,52.79,0.0
CEATLTD,2025-09-30,47.21,52.64,0.15
CEATLTD,2025-12-31,47.21,52.52,0.27
CEATLTD,2026-03-31,47.29,52.44,0.27
CEATLTD,2026-06-30,47.29,52.44,0.27
CEMPRO,2019-09-30,46.64,53.36,0.0
CEMPRO,2021-09-30,46.64,53.36,0.0
CEMPRO,2021-12-31,46.64,53.36,0.0
CEMPRO,2022-03-31,46.64,53.36,0.0
CEMPRO,2022-06-30,46.64,53.36,0.0
CEMPRO,2022-09-30,46.64,53.36,0.0
CEMPRO,2022-12-31,46.64,53.36,0.0
CEMPRO,2023-03-31,46.64,53.36,0.0
CEMPRO,2023-06-30,46.64,53.36,0.0
CEMPRO,2023-09-30,46.64,53.36,0.0
CEMPRO,2023-12-31,46.64,53.36,0.0
CEMPRO,2024-03-31,46.64,53.36,0.0
CEMPRO,2024-06-30,46.64,53.36,0.0
CEMPRO,2024-09-30,46.64,53.36,0.0
CEMPRO,2024-12-31,46.64,53.36,0.0
CEMPRO,2025-03-31,46.64,53.36,0.0
CEMPRO,2025-06-30,67.46,32.54,0.0
CEMPRO,2025-09-30,67.46,32.54,0.0
CEMPRO,2025-12-31,67.46,32.54,0.0
CEMPRO,2026-03-31,67.46,32.54,0.0
CEMPRO,2026-06-30,67.46,32.54,0.0
CENTRALBK,2021-09-30,93.08,6.92,0.0
CENTRALBK,2021-12-31,93.08,6.92,0.0
CENTRALBK,2022-03-31,93.08,6.92,0.0
CENTRALBK,2022-06-30,93.08,6.92,0.0
CENTRALBK,2022-09-30,93.08,6.92,0.0
CENTRALBK,2022-12-31,93.08,6.92,0.0
CENTRALBK,2023-03-31,93.08,6.92,0.0
CENTRALBK,2023-06-30,93.08,6.92,0.0
CENTRALBK,2023-09-30,93.08,6.92,0.0
CENTRALBK,2023-12-31,93.08,6.92,0.0
CENTRALBK,2024-03-31,93.08,6.92,0.0
CENTRALBK,2024-06-30,93.08,6.92,0.0
CENTRALBK,2024-09-30,93.08,6.92,0.0
CENTRALBK,2024-12-31,93.08,6.92,0.0
CENTRALBK,2025-03-28,89.27,10.73,0.0
CENTRALBK,2025-03-31,89.27,10.73,0.0
CENTRALBK,2025-06-30,89.27,10.73,0.0
CENTRALBK,2025-09-30,89.27,10.73,0.0
CENTRALBK,2025-12-31,89.27,10.73,0.0
CENTRALBK,2026-03-31,89.27,10.73,0.0
CENTRALBK,2026-05-27,81.19,18.81,0.0
CENTRALBK,2026-06-30,81.19,18.81,0.0
CESC,2021-09-30,52.11,47.89,0.0
CESC,2021-12-31,52.11,47.89,0.0
CESC,2022-03-31,52.11,47.89,0.0
CESC,2022-06-30,52.11,47.89,0.0
CESC,2022-09-30,52.11,47.89,0.0
CESC,2022-12-31,52.11,47.89,0.0
CESC,2023-03-31,52.11,47.89,0.0
CESC,2023-06-30,52.11,47.89,0.0
CESC,2023-09-30,52.11,47.89,0.0
CESC,2023-12-31,52.11,47.89,0.0
CESC,2024-03-31,52.11,47.89,0.0
CESC,2024-06-30,52.11,47.89,0.0
CESC,2024-09-30,52.11,47.89,0.0
CESC,2024-12-31,52.11,47.89,0.0
CESC,2025-03-31,52.11,47.89,0.0
CESC,2025-06-30,52.11,47.89,0.0
CESC,2025-09-30,52.11,47.89,0.0
CESC,2025-12-31,52.11,47.89,0.0
CESC,2026-03-31,52.11,47.89,0.0
CESC,2026-06-30,52.11,47.89,0.0
CGCL,2015-12-31,73.92,26.08,0.0
CGCL,2021-09-30,74.84,25.16,0.0
CGCL,2021-12-31,74.74,25.26,0.0
CGCL,2022-03-31,74.72,25.28,0.0
CGCL,2022-06-30,74.68,25.32,0.0
CGCL,2022-09-30,74.68,25.32,0.0
CGCL,2022-12-31,74.64,25.36,0.0
CGCL,2023-03-31,69.91,30.09,0.0
CGCL,2023-06-30,69.91,30.09,0.0
CGCL,2023-09-30,69.91,30.09,0.0
CGCL,2023-12-31,69.89,30.11,0.0
CGCL,2024-03-31,69.89,30.11,0.0
CGCL,2024-06-30,69.89,30.11,0.0
CGCL,2024-09-30,69.89,30.11,0.0
CGCL,2024-12-31,69.87,30.13,0.0
CGCL,2025-03-31,69.87,30.13,0.0
CGCL,2025-06-30,59.95,40.05,0.0
CGCL,2025-09-30,59.95,40.05,0.0
CGCL,2025-12-31,59.92,40.08,0.0
CGCL,2026-03-31,59.92,40.08,0.0
CGCL,2026-06-30,59.92,40.08,0.0
CGPOWER,2021-09-30,52.7,47.3,0.0
CGPOWER,2021-12-31,52.7,47.3,0.0
CGPOWER,2022-02-11,55.64,44.36,0.0
CGPOWER,2022-03-31,55.65,44.35,0.0
CGPOWER,2022-05-18,58.12,41.88,0.0
CGPOWER,2022-06-30,58.12,41.88,0.0
CGPOWER,2022-09-30,58.12,41.88,0.0
CGPOWER,2022-12-31,58.12,41.88,0.0
CGPOWER,2023-03-31,58.12,41.88,0.0
CGPOWER,2023-06-30,58.12,41.88,0.0
CGPOWER,2023-09-30,58.12,41.88,0.0
CGPOWER,2023-12-31,58.11,41.89,0.0
CGPOWER,2024-03-31,58.11,41.89,0.0
CGPOWER,2024-06-30,58.09,41.91,0.0
CGPOWER,2024-09-30,58.07,41.93,0.0
CGPOWER,2024-12-31,58.06,41.94,0.0
CGPOWER,2025-03-31,58.06,41.94,0.0
CGPOWER,2025-06-30,58.05,41.95,0.0
CGPOWER,2025-07-04,56.38,43.62,0.0
CGPOWER,2025-09-30,56.37,43.63,0.0
CGPOWER,2025-12-31,56.36,43.64,0.0
CGPOWER,2026-03-31,56.36,43.64,0.0
CGPOWER,2026-06-30,56.36,43.64,0.0
CHALET,2021-09-30,71.65,28.35,0.0
CHALET,2021-12-31,71.65,28.35,0.0
CHALET,2022-03-31,71.65,28.35,0.0
CHALET,2022-06-30,71.65,28.35,0.0
CHALET,2022-09-30,71.65,28.35,0.0
CHALET,2022-12-31,71.65,28.35,0.0
CHALET,2023-03-31,71.65,28.35,0.0
CHALET,2023-06-30,71.65,28.35,0.0
CHALET,2023-09-30,71.7,28.3,0.0
CHALET,2023-12-31,71.7,28.3,0.0
CHALET,2024-03-31,71.67,28.33,0.0
CHALET,2024-04-03,67.52,32.48,0.0
CHALET,2024-06-30,67.52,32.48,0.0
CHALET,2024-09-30,67.48,32.52,0.0
CHALET,2024-12-31,67.42,32.58,0.0
CHALET,2025-03-31,67.41,32.59,0.0
CHALET,2025-06-30,67.4,32.6,0.0
CHALET,2025-09-30,67.34,32.66,0.0
CHALET,2025-12-31,67.33,32.67,0.0
CHALET,2026-03-31,67.29,32.71,0.0
CHALET,2026-06-30,67.29,32.71,0.0
CHAMBLFERT,2021-09-30,60.39,39.52,0.09
CHAMBLFERT,2021-12-31,60.4,39.51,0.09
CHAMBLFERT,2022-03-31,60.46,39.46,0.08
CHAMBLFERT,2022-06-30,60.48,39.49,0.03
CHAMBLFERT,2022-09-30,60.48,39.49,0.03
CHAMBLFERT,2022-12-31,60.56,39.42,0.02
CHAMBLFERT,2023-03-31,60.56,39.42,0.02
CHAMBLFERT,2023-06-30,60.56,39.44,0.0
CHAMBLFERT,2023-09-30,60.56,39.44,0.0
CHAMBLFERT,2023-12-31,60.56,39.44,0.0
CHAMBLFERT,2024-02-13,60.7,39.3,0.0
CHAMBLFERT,2024-03-31,60.7,39.3,0.0
CHAMBLFERT,2024-06-30,60.7,39.3,0.0
CHAMBLFERT,2024-09-30,60.4,39.6,0.0
CHAMBLFERT,2024-12-31,60.4,39.6,0.0
CHAMBLFERT,2025-03-31,60.4,39.6,0.0
CHAMBLFERT,2025-06-30,60.5,39.5,0.0
CHAMBLFERT,2025-09-30,60.58,39.42,0.0
CHAMBLFERT,2025-12-31,60.85,39.15,0.0
CHAMBLFERT,2026-03-31,61.25,38.75,0.0
CHAMBLFERT,2026-06-30,61.34,38.66,0.0
CHENNPETRO,2021-09-30,67.29,32.71,0.0
CHENNPETRO,2021-12-31,67.29,32.71,0.0
CHENNPETRO,2022-03-31,67.29,32.71,0.0
CHENNPETRO,2022-06-30,67.29,32.71,0.0
CHENNPETRO,2022-09-30,67.29,32.71,0.0
CHENNPETRO,2022-12-31,67.29,32.71,0.0
CHENNPETRO,2023-03-31,67.29,32.71,0.0
CHENNPETRO,2023-06-30,67.29,32.71,0.0
CHENNPETRO,2023-09-30,67.29,32.71,0.0
CHENNPETRO,2023-12-31,67.29,32.71,0.0
CHENNPETRO,2024-03-31,67.29,32.71,0.0
CHENNPETRO,2024-06-30,67.29,32.71,0.0
CHENNPETRO,2024-09-30,67.29,32.71,0.0
CHENNPETRO,2024-12-31,67.29,32.71,0.0
CHENNPETRO,2025-03-31,67.29,32.71,0.0
CHENNPETRO,2025-06-30,67.29,32.71,0.0
CHENNPETRO,2025-09-30,67.29,32.71,0.0
CHENNPETRO,2025-12-31,67.29,32.71,0.0
CHENNPETRO,2026-03-31,67.29,32.71,0.0
CHENNPETRO,2026-06-30,67.29,32.71,0.0
CHOICEIN,2022-03-31,51.45,48.55,0.0
CHOICEIN,2022-04-07,51.45,48.55,0.0
CHOICEIN,2022-06-30,51.45,48.55,0.0
CHOICEIN,2022-09-23,51.45,48.55,0.0
CHOICEIN,2022-09-26,51.45,48.55,0.0
CHOICEIN,2022-09-30,51.45,48.55,0.0
CHOICEIN,2022-12-31,51.45,48.55,0.0
CHOICEIN,2023-03-31,55.32,44.68,0.0
CHOICEIN,2023-06-30,55.97,44.03,0.0
CHOICEIN,2023-09-30,56.27,43.73,0.0
CHOICEIN,2023-12-31,57.98,42.02,0.0
CHOICEIN,2024-02-21,57.87,42.13,0.0
CHOICEIN,2024-03-31,58.21,41.79,0.0
CHOICEIN,2024-06-06,58.21,41.79,0.0
CHOICEIN,2024-06-30,58.21,41.79,0.0
CHOICEIN,2024-09-30,58.21,41.79,0.0
CHOICEIN,2024-12-31,58.21,41.79,0.0
CHOICEIN,2025-03-31,58.13,41.87,0.0
CHOICEIN,2025-06-04,56.43,43.57,0.0
CHOICEIN,2025-06-30,56.43,43.57,0.0
CHOICEIN,2025-09-30,56.6,43.4,0.0
CHOICEIN,2025-11-12,55.7,44.3,0.0
CHOICEIN,2025-11-28,55.03,44.97,0.0
CHOICEIN,2025-12-05,53.65,46.35,0.0
CHOICEIN,2025-12-31,53.65,46.35,0.0
CHOICEIN,2026-03-31,53.65,46.35,0.0
CHOICEIN,2026-06-30,53.65,46.35,0.0
CHOLAFIN,2021-09-30,51.57,48.43,0.0
CHOLAFIN,2021-12-31,51.55,48.45,0.0
CHOLAFIN,2022-03-31,51.55,48.45,0.0
CHOLAFIN,2022-06-30,51.52,48.48,0.0
CHOLAFIN,2022-09-30,51.5,48.5,0.0
CHOLAFIN,2022-12-31,51.49,48.51,0.0
CHOLAFIN,2023-03-31,51.47,48.53,0.0
CHOLAFIN,2023-06-30,51.46,48.54,0.0
CHOLAFIN,2023-09-30,51.43,48.57,0.0
CHOLAFIN,2023-12-31,50.37,49.63,0.0
CHOLAFIN,2024-03-31,50.35,49.65,0.0
CHOLAFIN,2024-06-30,50.33,49.67,0.0
CHOLAFIN,2024-09-30,50.24,49.76,0.0
CHOLAFIN,2024-12-31,49.93,50.07,0.0
CHOLAFIN,2025-03-31,49.92,50.08,0.0
CHOLAFIN,2025-06-30,49.9,50.1,0.0
CHOLAFIN,2025-09-30,49.88,50.12,0.0
CHOLAFIN,2025-12-31,49.72,50.28,0.0
CHOLAFIN,2026-03-31,49.25,50.75,0.0
CHOLAFIN,2026-06-30,49.22,50.78,0.0
CHOLAHLDNG,2021-09-30,48.62,51.38,0.0
CHOLAHLDNG,2021-12-31,48.62,51.38,0.0
CHOLAHLDNG,2022-03-31,48.62,51.38,0.0
CHOLAHLDNG,2022-06-30,48.62,51.38,0.0
CHOLAHLDNG,2022-09-30,48.61,51.39,0.0
CHOLAHLDNG,2022-12-31,48.61,51.39,0.0
CHOLAHLDNG,2023-03-31,48.4,51.6,0.0
CHOLAHLDNG,2023-06-30,48.4,51.6,0.0
CHOLAHLDNG,2023-09-30,47.37,52.63,0.0
CHOLAHLDNG,2023-12-31,47.37,52.63,0.0
CHOLAHLDNG,2024-03-31,47.37,52.63,0.0
CHOLAHLDNG,2024-06-30,47.32,52.68,0.0
CHOLAHLDNG,2024-09-30,47.32,52.68,0.0
CHOLAHLDNG,2024-12-31,46.45,53.55,0.0
CHOLAHLDNG,2025-03-31,46.45,53.55,0.0
CHOLAHLDNG,2025-06-30,46.44,53.56,0.0
CHOLAHLDNG,2025-09-30,46.42,53.58,0.0
CHOLAHLDNG,2025-12-31,46.38,53.62,0.0
CHOLAHLDNG,2026-03-31,46.38,53.62,0.0
CHOLAHLDNG,2026-06-30,46.43,53.57,0.0
CIEINDIA,2021-09-30,72.19,27.81,0.0
CIEINDIA,2021-12-31,72.19,27.81,0.0
CIEINDIA,2022-03-31,72.17,27.83,0.0
CIEINDIA,2022-06-30,74.87,25.13,0.0
CIEINDIA,2022-09-30,74.96,25.04,0.0
CIEINDIA,2022-12-31,74.96,25.04,0.0
CIEINDIA,2023-03-31,68.89,31.11,0.0
CIEINDIA,2023-06-30,65.7,34.3,0.0
CIEINDIA,2023-09-30,65.7,34.3,0.0
CIEINDIA,2023-12-31,65.7,34.3,0.0
CIEINDIA,2024-03-31,65.7,34.3,0.0
CIEINDIA,2024-06-30,65.7,34.3,0.0
CIEINDIA,2024-09-30,65.7,34.3,0.0
CIEINDIA,2024-12-31,65.7,34.3,0.0
CIEINDIA,2025-03-31,65.7,34.3,0.0
CIEINDIA,2025-06-30,65.7,34.3,0.0
CIEINDIA,2025-09-30,65.7,34.3,0.0
CIEINDIA,2025-12-31,65.7,34.3,0.0
CIEINDIA,2026-03-31,65.7,34.3,0.0
CIEINDIA,2026-06-30,65.7,34.3,0.0
CIPLA,2021-09-30,36.12,63.88,0.0
CIPLA,2021-12-31,36.11,63.89,0.0
CIPLA,2022-03-31,33.63,66.37,0.0
CIPLA,2022-06-30,33.61,66.39,0.0
CIPLA,2022-09-30,33.61,66.39,0.0
CIPLA,2022-12-31,33.61,66.39,0.0
CIPLA,2023-03-31,33.55,66.45,0.0
CIPLA,2023-06-30,33.47,66.53,0.0
CIPLA,2023-09-30,33.47,66.53,0.0
CIPLA,2023-12-31,33.47,66.53,0.0
CIPLA,2024-03-31,33.47,66.53,0.0
CIPLA,2024-06-30,30.91,69.09,0.0
CIPLA,2024-09-30,30.92,69.08,0.0
CIPLA,2024-12-31,29.19,70.81,0.0
CIPLA,2025-03-31,29.2,70.8,0.0
CIPLA,2025-06-30,29.19,70.81,0.0
CIPLA,2025-09-30,29.21,70.79,0.0
CIPLA,2025-12-31,29.21,70.79,0.0
CIPLA,2026-03-31,29.21,70.79,0.0
CIPLA,2026-06-30,29.21,70.79,0.0
CLEAN,2021-09-30,78.51,21.49,0.0
CLEAN,2021-12-31,78.51,21.49,0.0
CLEAN,2022-03-31,78.51,21.49,0.0
CLEAN,2022-06-30,78.51,21.49,0.0
CLEAN,2022-09-30,78.5,21.5,0.0
CLEAN,2022-12-31,78.5,21.5,0.0
CLEAN,2023-03-31,78.5,21.5,0.0
CLEAN,2023-06-30,74.99,25.01,0.0
CLEAN,2023-09-30,74.98,25.02,0.0
CLEAN,2023-12-31,74.98,25.02,0.0
CLEAN,2024-03-31,74.98,25.02,0.0
CLEAN,2024-06-30,74.98,25.02,0.0
CLEAN,2024-09-30,74.97,25.03,0.0
CLEAN,2024-12-31,74.97,25.03,0.0
CLEAN,2025-03-31,74.97,25.03,0.0
CLEAN,2025-06-30,74.97,25.03,0.0
CLEAN,2025-09-30,50.97,49.03,0.0
CLEAN,2025-12-31,50.96,49.04,0.0
CLEAN,2026-03-31,51.29,48.71,0.0
CLEAN,2026-06-30,51.29,48.71,0.0
COALINDIA,2021-09-30,66.13,33.87,0.0
COALINDIA,2021-12-31,66.13,33.87,0.0
COALINDIA,2022-03-31,66.13,33.87,0.0
COALINDIA,2022-06-30,66.13,33.87,0.0
COALINDIA,2022-09-30,66.13,33.87,0.0
COALINDIA,2022-12-31,66.13,33.87,0.0
COALINDIA,2023-03-31,66.13,33.87,0.0
COALINDIA,2023-06-30,63.13,36.87,0.0
COALINDIA,2023-09-30,63.13,36.87,0.0
COALINDIA,2023-12-31,63.13,36.87,0.0
COALINDIA,2024-03-31,63.13,36.87,0.0
COALINDIA,2024-06-30,63.13,36.87,0.0
COALINDIA,2024-09-30,63.13,36.87,0.0
COALINDIA,2024-12-31,63.13,36.87,0.0
COALINDIA,2025-03-31,63.13,36.87,0.0
COALINDIA,2025-06-30,63.13,36.87,0.0
COALINDIA,2025-09-30,63.13,36.87,0.0
COALINDIA,2025-12-31,63.13,36.87,0.0
COALINDIA,2026-03-31,63.13,36.87,0.0
COALINDIA,2026-06-30,61.13,38.87,0.0
COCHINSHIP,2021-09-30,72.86,27.14,0.0
COCHINSHIP,2021-12-31,72.86,27.14,0.0
COCHINSHIP,2022-03-31,72.86,27.14,0.0
COCHINSHIP,2022-06-30,72.86,27.14,0.0
COCHINSHIP,2022-09-30,72.86,27.14,0.0
COCHINSHIP,2022-12-31,72.86,27.14,0.0
COCHINSHIP,2023-03-31,72.86,27.14,0.0
COCHINSHIP,2023-06-30,72.86,27.14,0.0
COCHINSHIP,2023-09-30,72.86,27.14,0.0
COCHINSHIP,2023-12-31,72.86,27.14,0.0
COCHINSHIP,2024-03-31,72.86,27.14,0.0
COCHINSHIP,2024-06-30,72.86,27.14,0.0
COCHINSHIP,2024-09-30,72.86,27.14,0.0
COCHINSHIP,2024-12-31,67.91,32.09,0.0
COCHINSHIP,2025-03-31,67.91,32.09,0.0
COCHINSHIP,2025-06-30,67.91,32.09,0.0
COCHINSHIP,2025-09-30,67.91,32.09,0.0
COCHINSHIP,2025-12-31,67.91,32.09,0.0
COCHINSHIP,2026-03-31,67.91,32.09,0.0
COCHINSHIP,2026-06-30,67.91,32.09,0.0
COFORGE,2021-09-30,50.18,49.82,0.0
COFORGE,2021-12-31,49.97,50.03,0.0
COFORGE,2022-03-31,40.09,59.9,0.0
COFORGE,2022-06-30,40.09,59.91,0.0
COFORGE,2022-09-30,40.06,59.94,0.0
COFORGE,2022-12-31,39.99,60.01,0.0
COFORGE,2023-03-31,30.16,69.84,0.0
COFORGE,2023-06-30,26.63,73.37,0.0
COFORGE,2023-09-30,0.0,100.0,0.0
COFORGE,2023-12-31,0.0,100.0,0.0
COFORGE,2024-03-31,0.0,100.0,0.0
COFORGE,2024-05-28,0.0,100.0,0.0
COFORGE,2024-06-30,0.0,100.0,0.0
COFORGE,2024-09-30,0.0,100.0,0.0
COFORGE,2024-12-31,0.0,100.0,0.0
COFORGE,2025-03-31,0.0,100.0,0.0
COFORGE,2025-06-30,0.0,100.0,0.0
COFORGE,2025-09-30,0.0,100.0,0.0
COFORGE,2025-12-31,0.0,100.0,0.0
COFORGE,2026-03-31,0.0,100.0,0.0
COFORGE,2026-04-23,0.0,100.0,0.0
COFORGE,2026-06-03,0.0,100.0,0.0
COFORGE,2026-06-30,0.0,100.0,0.0
COHANCE,2021-09-30,60.0,40.0,0.0
COHANCE,2021-12-31,60.0,40.0,0.0
COHANCE,2022-03-31,60.0,40.0,0.0
COHANCE,2022-06-30,60.0,40.0,0.0
COHANCE,2022-09-30,60.0,40.0,0.0
COHANCE,2022-12-31,60.0,40.0,0.0
COHANCE,2023-03-31,60.0,40.0,0.0
COHANCE,2023-06-30,60.0,40.0,0.0
COHANCE,2023-09-30,60.0,40.0,0.0
COHANCE,2023-12-31,60.0,40.0,0.0
COHANCE,2024-03-31,50.1,49.9,0.0
COHANCE,2024-06-30,50.1,49.9,0.0
COHANCE,2024-09-30,50.1,49.9,0.0
COHANCE,2024-12-31,50.1,49.9,0.0
COHANCE,2025-03-31,50.1,49.9,0.0
COHANCE,2025-05-09,66.41,33.59,0.0
COHANCE,2025-06-30,66.41,33.59,0.0
COHANCE,2025-09-30,57.49,42.51,0.0
COHANCE,2025-12-31,57.49,42.51,0.0
COHANCE,2026-03-31,57.49,42.51,0.0
COHANCE,2026-06-30,57.49,42.51,0.0
COLPAL,2021-09-30,51.0,49.0,0.0
COLPAL,2021-12-31,51.0,49.0,0.0
COLPAL,2022-03-31,51.0,49.0,0.0
COLPAL,2022-06-30,51.0,49.0,0.0
COLPAL,2022-09-30,51.0,49.0,0.0
COLPAL,2022-12-31,51.0,49.0,0.0
COLPAL,2023-03-31,51.0,49.0,0.0
COLPAL,2023-06-30,51.0,49.0,0.0
COLPAL,2023-09-30,51.0,49.0,0.0
COLPAL,2023-12-31,51.0,49.0,0.0
COLPAL,2024-03-31,51.0,49.0,0.0
COLPAL,2024-06-30,51.0,49.0,0.0
COLPAL,2024-09-30,51.0,49.0,0.0
COLPAL,2024-12-31,51.0,49.0,0.0
COLPAL,2025-03-31,51.0,49.0,0.0
COLPAL,2025-06-30,51.0,49.0,0.0
COLPAL,2025-09-30,51.0,49.0,0.0
COLPAL,2025-12-31,51.0,49.0,0.0
COLPAL,2026-03-31,51.0,49.0,0.0
COLPAL,2026-06-30,51.0,49.0,0.0
CONCOR,2021-09-30,54.8,45.2,0.0
CONCOR,2021-12-31,54.8,45.2,0.0
CONCOR,2022-03-31,54.8,45.2,0.0
CONCOR,2022-06-30,54.8,45.2,0.0
CONCOR,2022-09-30,54.8,45.2,0.0
CONCOR,2022-12-31,54.8,45.2,0.0
CONCOR,2023-03-31,54.8,45.2,0.0
CONCOR,2023-06-30,54.8,45.2,0.0
CONCOR,2023-09-30,54.8,45.2,0.0
CONCOR,2023-12-31,54.8,45.2,0.0
CONCOR,2024-03-31,54.8,45.2,0.0
CONCOR,2024-06-30,54.8,45.2,0.0
CONCOR,2024-09-30,54.8,45.2,0.0
CONCOR,2024-12-31,54.8,45.2,0.0
CONCOR,2025-03-31,54.8,45.2,0.0
CONCOR,2025-06-30,54.8,45.2,0.0
CONCOR,2025-07-07,54.8,45.2,0.0
CONCOR,2025-09-30,54.8,45.2,0.0
CONCOR,2025-12-31,54.8,45.2,0.0
CONCOR,2026-03-31,54.8,45.2,0.0
CONCOR,2026-06-30,54.8,45.2,0.0
CONCORDBIO,2023-09-30,44.08,55.92,0.0
CONCORDBIO,2023-12-31,44.08,55.92,0.0
CONCORDBIO,2024-03-31,44.08,55.92,0.0
CONCORDBIO,2024-06-30,44.08,55.92,0.0
CONCORDBIO,2024-09-30,44.08,55.92,0.0
CONCORDBIO,2024-12-31,44.08,55.92,0.0
CONCORDBIO,2025-03-31,44.08,55.92,0.0
CONCORDBIO,2025-06-30,44.08,55.92,0.0
CONCORDBIO,2025-09-30,44.08,55.92,0.0
CONCORDBIO,2025-12-31,44.08,55.92,0.0
CONCORDBIO,2026-03-31,44.08,55.92,0.0
CONCORDBIO,2026-06-30,44.08,55.92,0.0
COROMANDEL,2021-09-30,57.54,42.46,0.0
COROMANDEL,2021-12-31,57.53,42.47,0.0
COROMANDEL,2022-03-31,57.53,42.47,0.0
COROMANDEL,2022-06-30,57.48,42.52,0.0
COROMANDEL,2022-09-30,57.44,42.56,0.0
COROMANDEL,2022-12-31,57.41,42.59,0.0
COROMANDEL,2023-03-31,57.41,42.59,0.0
COROMANDEL,2023-06-30,57.4,42.6,0.0
COROMANDEL,2023-09-30,57.33,42.67,0.0
COROMANDEL,2023-12-31,57.33,42.67,0.0
COROMANDEL,2024-03-31,57.32,42.68,0.0
COROMANDEL,2024-06-30,57.31,42.69,0.0
COROMANDEL,2024-09-30,57.17,42.83,0.0
COROMANDEL,2024-12-31,56.97,43.03,0.0
COROMANDEL,2025-03-31,56.96,43.04,0.0
COROMANDEL,2025-06-30,56.9,43.0,0.1
COROMANDEL,2025-09-30,56.88,43.02,0.1
COROMANDEL,2025-12-31,56.86,43.04,0.1
COROMANDEL,2026-03-31,56.35,43.47,0.18
COROMANDEL,2026-06-30,56.35,43.48,0.17
CPPLUS,2025-08-04,77.12,22.88,0.0
CPPLUS,2025-09-30,77.12,22.88,0.0
CPPLUS,2025-12-31,76.91,23.09,0.0
CPPLUS,2026-03-31,74.74,25.26,0.0
CPPLUS,2026-06-30,74.71,25.29,0.0
CRAFTSMAN,2021-09-30,59.76,40.24,0.0
CRAFTSMAN,2021-12-31,59.76,40.24,0.0
CRAFTSMAN,2022-03-31,59.76,40.24,0.0
CRAFTSMAN,2022-06-30,59.48,40.52,0.0
CRAFTSMAN,2022-09-30,58.77,41.23,0.0
CRAFTSMAN,2022-12-31,58.77,41.23,0.0
CRAFTSMAN,2023-03-31,58.77,41.23,0.0
CRAFTSMAN,2023-06-30,54.99,45.01,0.0
CRAFTSMAN,2023-09-30,54.99,45.01,0.0
CRAFTSMAN,2023-12-31,54.99,45.01,0.0
CRAFTSMAN,2024-03-31,54.99,45.01,0.0
CRAFTSMAN,2024-06-21,48.7,51.3,0.0
CRAFTSMAN,2024-06-30,48.7,51.3,0.0
CRAFTSMAN,2024-09-30,48.7,51.3,0.0
CRAFTSMAN,2024-12-31,48.7,51.3,0.0
CRAFTSMAN,2025-03-31,48.7,51.3,0.0
CRAFTSMAN,2025-06-30,48.7,51.3,0.0
CRAFTSMAN,2025-09-30,48.7,51.3,0.0
CRAFTSMAN,2025-12-31,48.7,51.3,0.0
CRAFTSMAN,2026-03-31,48.7,51.3,0.0
CRAFTSMAN,2026-06-18,44.42,55.58,0.0
CRAFTSMAN,2026-06-30,42.41,57.59,0.0
CREDITACC,2021-03-31,73.99,26.01,0.0
CREDITACC,2021-09-30,73.91,26.09,0.0
CREDITACC,2021-12-31,73.89,26.11,0.0
CREDITACC,2022-03-31,73.85,26.15,0.0
CREDITACC,2022-06-30,73.82,26.18,0.0
CREDITACC,2022-09-30,73.74,26.26,0.0
CREDITACC,2022-12-31,73.71,26.29,0.0
CREDITACC,2023-03-31,73.68,26.32,0.0
CREDITACC,2023-06-30,66.77,33.23,0.0
CREDITACC,2023-09-30,66.69,33.31,0.0
CREDITACC,2023-12-31,66.66,33.34,0.0
CREDITACC,2024-03-31,66.58,33.42,0.0
CREDITACC,2024-06-30,66.56,33.44,0.0
CREDITACC,2024-09-30,66.54,33.46,0.0
CREDITACC,2024-12-31,66.5,33.5,0.0
CREDITACC,2025-03-31,66.43,33.57,0.0
CREDITACC,2025-06-30,66.43,33.57,0.0
CREDITACC,2025-09-30,66.37,33.63,0.0
CREDITACC,2025-12-31,66.28,33.72,0.0
CREDITACC,2026-03-31,66.24,33.76,0.0
CREDITACC,2026-06-30,66.21,33.79,0.0
CRISIL,2021-09-30,66.92,33.08,0.0
CRISIL,2021-12-31,66.88,33.12,0.0
CRISIL,2022-03-31,66.79,33.21,0.0
CRISIL,2022-06-30,66.74,33.26,0.0
CRISIL,2022-09-30,66.72,33.28,0.0
CRISIL,2022-12-31,66.7,33.3,0.0
CRISIL,2023-03-31,66.69,33.31,0.0
CRISIL,2023-06-30,66.67,33.33,0.0
CRISIL,2023-09-30,66.66,33.34,0.0
CRISIL,2023-12-31,66.65,33.35,0.0
CRISIL,2024-03-31,66.65,33.35,0.0
CRISIL,2024-06-30,66.64,33.36,0.0
CRISIL,2024-09-30,66.64,33.36,0.0
CRISIL,2024-12-31,66.64,33.36,0.0
CRISIL,2025-03-31,66.64,33.36,0.0
CRISIL,2025-06-30,66.64,33.36,0.0
CRISIL,2025-09-30,66.64,33.36,0.0
CRISIL,2025-12-31,66.64,33.36,0.0
CRISIL,2026-03-31,66.64,33.36,0.0
CRISIL,2026-06-30,66.64,33.36,0.0
CROMPTON,2021-06-30,5.99,94.01,0.0
CROMPTON,2021-09-30,5.99,94.01,0.0
CROMPTON,2021-12-31,5.99,94.01,0.0
CROMPTON,2022-03-31,5.94,94.06,0.0
CROMPTON,2022-06-30,5.94,94.06,0.0
CROMPTON,2022-09-30,2.54,97.46,0.0
CROMPTON,2022-12-31,0.0,100.0,0.0
CROMPTON,2023-03-31,0.0,100.0,0.0
CROMPTON,2023-06-30,0.0,100.0,0.0
CROMPTON,2023-09-30,0.0,100.0,0.0
CROMPTON,2023-12-31,0.0,100.0,0.0
CROMPTON,2024-03-31,0.0,100.0,0.0
CROMPTON,2024-06-30,0.0,100.0,0.0
CROMPTON,2024-09-30,0.0,100.0,0.0
CROMPTON,2024-12-31,0.0,100.0,0.0
CROMPTON,2025-03-31,0.0,100.0,0.0
CROMPTON,2025-06-30,0.0,100.0,0.0
CROMPTON,2025-09-30,0.0,100.0,0.0
CROMPTON,2025-12-31,0.0,100.0,0.0
CROMPTON,2026-03-31,0.0,100.0,0.0
CROMPTON,2026-06-30,0.0,100.0,0.0
CUB,2021-09-30,0.0,100.0,0.0
CUB,2021-12-31,0.0,100.0,0.0
CUB,2022-03-31,0.0,100.0,0.0
CUB,2022-06-30,0.0,100.0,0.0
CUB,2022-09-30,0.0,100.0,0.0
CUB,2022-12-31,0.0,100.0,0.0
CUB,2023-03-31,0.0,100.0,0.0
CUB,2023-06-30,0.0,100.0,0.0
CUB,2023-09-30,0.0,100.0,0.0
CUB,2023-12-31,0.0,100.0,0.0
CUB,2024-03-31,0.0,100.0,0.0
CUB,2024-06-30,0.0,100.0,0.0
CUB,2024-09-30,0.0,100.0,0.0
CUB,2024-12-31,0.0,100.0,0.0
CUB,2025-03-31,0.0,100.0,0.0
CUB,2025-06-30,0.0,100.0,0.0
CUB,2025-09-30,0.0,100.0,0.0
CUB,2025-12-31,0.0,100.0,0.0
CUB,2026-03-31,0.0,100.0,0.0
CUB,2026-06-30,0.0,100.0,0.0
CUMMINSIND,2021-09-30,51.0,49.0,0.0
CUMMINSIND,2021-12-31,51.0,49.0,0.0
CUMMINSIND,2022-03-31,51.0,49.0,0.0
CUMMINSIND,2022-06-30,51.0,49.0,0.0
CUMMINSIND,2022-09-30,51.0,49.0,0.0
CUMMINSIND,2022-12-31,51.0,49.0,0.0
CUMMINSIND,2023-03-31,51.0,49.0,0.0
CUMMINSIND,2023-06-30,51.0,49.0,0.0
CUMMINSIND,2023-09-30,51.0,49.0,0.0
CUMMINSIND,2023-12-31,51.0,49.0,0.0
CUMMINSIND,2024-03-31,51.0,49.0,0.0
CUMMINSIND,2024-06-30,51.0,49.0,0.0
CUMMINSIND,2024-09-30,51.0,49.0,0.0
CUMMINSIND,2024-12-31,51.0,49.0,0.0
CUMMINSIND,2025-03-31,51.0,49.0,0.0
CUMMINSIND,2025-06-30,51.0,49.0,0.0
CUMMINSIND,2025-09-30,51.0,49.0,0.0
CUMMINSIND,2025-12-31,51.0,49.0,0.0
CUMMINSIND,2026-03-31,51.0,49.0,0.0
CUMMINSIND,2026-06-30,51.0,49.0,0.0
CYIENT,2021-09-30,23.43,76.57,0.0
CYIENT,2021-12-31,23.41,76.59,0.0
CYIENT,2022-03-31,23.41,76.59,0.0
CYIENT,2022-06-30,23.4,76.6,0.0
CYIENT,2022-09-30,23.37,75.65,0.98
CYIENT,2022-12-31,23.36,75.66,0.98
CYIENT,2023-03-31,23.36,75.67,0.98
CYIENT,2023-06-30,23.35,75.72,0.92
CYIENT,2023-09-30,23.2,75.9,0.9
CYIENT,2023-12-31,23.2,75.91,0.89
CYIENT,2024-03-31,23.16,75.95,0.88
CYIENT,2024-06-30,23.16,76.01,0.84
CYIENT,2024-09-30,23.15,76.03,0.82
CYIENT,2024-12-31,23.14,76.05,0.81
CYIENT,2025-03-31,23.29,75.92,0.8
CYIENT,2025-06-30,23.28,76.04,0.68
CYIENT,2025-09-30,23.28,76.08,0.64
CYIENT,2025-12-31,23.29,76.1,0.62
CYIENT,2026-03-31,23.28,76.13,0.59
CYIENT,2026-06-30,23.28,76.25,0.47
CYIENT,2026-07-15,24.7,74.77,0.53
DABUR,2021-09-30,67.36,32.64,0.0
DABUR,2021-12-31,67.37,32.63,0.0
DABUR,2022-03-31,67.38,32.62,0.0
DABUR,2022-06-30,67.24,32.76,0.0
DABUR,2022-09-30,67.24,32.76,0.0
DABUR,2022-12-31,66.24,33.76,0.0
DABUR,2023-03-31,66.24,33.76,0.0
DABUR,2023-06-30,66.23,33.77,0.0
DABUR,2023-09-30,66.23,33.77,0.0
DABUR,2023-12-31,66.24,33.76,0.0
DABUR,2024-03-31,66.25,33.75,0.0
DABUR,2024-06-30,66.24,33.76,0.0
DABUR,2024-09-30,66.25,33.75,0.0
DABUR,2024-12-31,66.26,33.74,0.0
DABUR,2025-03-31,66.27,33.73,0.0
DABUR,2025-06-30,66.22,33.78,0.0
DABUR,2025-09-30,66.22,33.78,0.0
DABUR,2025-12-31,66.23,33.77,0.0
DABUR,2026-03-31,66.25,33.75,0.0
DABUR,2026-06-30,66.24,33.76,0.0
DALBHARAT,2021-09-30,55.97,44.03,0.0
DALBHARAT,2021-12-31,55.97,44.03,0.0
DALBHARAT,2022-03-31,55.9,44.1,0.0
DALBHARAT,2022-06-30,55.9,44.1,0.0
DALBHARAT,2022-09-30,55.87,44.13,0.0
DALBHARAT,2022-12-31,55.86,44.14,0.0
DALBHARAT,2023-03-31,55.86,44.14,0.0
DALBHARAT,2023-06-30,55.86,44.14,0.0
DALBHARAT,2023-09-30,55.85,44.15,0.0
DALBHARAT,2023-12-31,55.84,44.16,0.0
DALBHARAT,2024-03-31,55.84,44.16,0.0
DALBHARAT,2024-06-30,55.84,44.16,0.0
DALBHARAT,2024-09-30,55.84,44.16,0.0
DALBHARAT,2024-12-31,55.84,44.16,0.0
DALBHARAT,2025-03-31,55.84,44.16,0.0
DALBHARAT,2025-06-30,55.84,44.16,0.0
DALBHARAT,2025-09-30,55.84,44.16,0.0
DALBHARAT,2025-12-31,55.84,44.16,0.0
DALBHARAT,2026-03-31,55.84,44.16,0.0
DALBHARAT,2026-06-30,55.84,44.16,0.0
DATAPATTNS,2021-12-24,45.62,54.38,0.0
DATAPATTNS,2021-12-31,45.62,54.38,0.0
DATAPATTNS,2022-03-31,45.62,54.38,0.0
DATAPATTNS,2022-06-30,45.62,54.38,0.0
DATAPATTNS,2022-09-30,45.76,54.24,0.0
DATAPATTNS,2022-12-31,45.76,54.24,0.0
DATAPATTNS,2023-03-13,42.41,57.59,0.0
DATAPATTNS,2023-03-31,42.41,57.59,0.0
DATAPATTNS,2023-06-30,42.41,57.59,0.0
DATAPATTNS,2023-09-30,42.41,57.59,0.0
DATAPATTNS,2023-12-31,42.41,57.59,0.0
DATAPATTNS,2024-03-31,42.41,57.59,0.0
DATAPATTNS,2024-06-30,42.41,57.59,0.0
DATAPATTNS,2024-09-30,42.41,57.59,0.0
DATAPATTNS,2024-12-31,42.41,57.59,0.0
DATAPATTNS,2025-03-31,42.41,57.59,0.0
DATAPATTNS,2025-06-30,42.41,57.59,0.0
DATAPATTNS,2025-09-30,42.41,57.59,0.0
DATAPATTNS,2025-12-31,42.41,57.59,0.0
DATAPATTNS,2026-03-31,42.41,57.59,0.0
DATAPATTNS,2026-06-30,42.41,57.59,0.0
DCMSHRIRAM,2021-09-30,66.53,32.46,1.01
DCMSHRIRAM,2021-12-31,66.53,32.4,1.06
DCMSHRIRAM,2022-03-31,66.52,32.37,1.11
DCMSHRIRAM,2022-06-30,66.52,32.43,1.05
DCMSHRIRAM,2022-09-30,66.52,32.46,1.01
DCMSHRIRAM,2022-12-31,66.52,32.44,1.04
DCMSHRIRAM,2023-03-31,66.52,32.46,1.01
DCMSHRIRAM,2023-06-30,66.52,32.52,0.96
DCMSHRIRAM,2023-09-30,66.52,32.56,0.92
DCMSHRIRAM,2023-12-31,66.52,32.54,0.94
DCMSHRIRAM,2024-03-31,66.52,32.56,0.92
DCMSHRIRAM,2024-06-30,66.52,32.6,0.87
DCMSHRIRAM,2024-09-30,66.52,32.76,0.72
DCMSHRIRAM,2024-12-31,66.52,32.77,0.71
DCMSHRIRAM,2025-03-31,66.52,32.69,0.79
DCMSHRIRAM,2025-06-30,66.52,32.72,0.75
DCMSHRIRAM,2025-09-30,66.52,32.77,0.71
DCMSHRIRAM,2025-12-31,66.52,32.77,0.7
DCMSHRIRAM,2026-03-31,66.52,32.78,0.7
DCMSHRIRAM,2026-06-30,66.52,32.8,0.68
DEEPAKFERT,2021-09-30,53.06,46.94,0.0
DEEPAKFERT,2021-10-22,47.58,52.42,0.0
DEEPAKFERT,2021-12-31,47.58,52.42,0.0
DEEPAKFERT,2022-03-31,47.58,52.42,0.0
DEEPAKFERT,2022-06-30,47.58,52.42,0.0
DEEPAKFERT,2022-09-30,45.46,54.54,0.0
DEEPAKFERT,2022-12-31,45.46,54.54,0.0
DEEPAKFERT,2023-03-31,45.46,54.54,0.0
DEEPAKFERT,2023-06-30,45.46,54.54,0.0
DEEPAKFERT,2023-09-30,45.46,54.54,0.0
DEEPAKFERT,2023-12-31,45.46,54.54,0.0
DEEPAKFERT,2024-03-31,45.63,54.37,0.0
DEEPAKFERT,2024-06-30,45.63,54.37,0.0
DEEPAKFERT,2024-09-30,45.63,54.37,0.0
DEEPAKFERT,2024-12-31,45.63,54.37,0.0
DEEPAKFERT,2025-03-31,45.63,54.37,0.0
DEEPAKFERT,2025-06-30,45.63,54.37,0.0
DEEPAKFERT,2025-09-30,45.63,54.37,0.0
DEEPAKFERT,2025-12-31,45.63,54.37,0.0
DEEPAKFERT,2026-03-31,45.63,54.37,0.0
DEEPAKFERT,2026-06-30,45.63,54.37,0.0
DEEPAKNTR,2021-09-30,45.69,54.31,0.0
DEEPAKNTR,2021-12-31,45.69,54.31,0.0
DEEPAKNTR,2022-03-31,45.72,54.28,0.0
DEEPAKNTR,2022-06-30,45.72,54.28,0.0
DEEPAKNTR,2022-09-30,45.72,54.28,0.0
DEEPAKNTR,2022-12-31,45.72,54.28,0.0
DEEPAKNTR,2023-03-31,49.13,50.87,0.0
DEEPAKNTR,2023-06-30,49.13,50.87,0.0
DEEPAKNTR,2023-09-30,49.13,50.87,0.0
DEEPAKNTR,2023-12-31,49.13,50.87,0.0
DEEPAKNTR,2024-03-31,49.13,50.87,0.0
DEEPAKNTR,2024-06-30,49.24,50.76,0.0
DEEPAKNTR,2024-09-30,49.24,50.76,0.0
DEEPAKNTR,2024-12-31,49.24,50.76,0.0
DEEPAKNTR,2025-03-31,49.28,50.72,0.0
DEEPAKNTR,2025-06-30,49.28,50.72,0.0
DEEPAKNTR,2025-09-30,49.28,50.72,0.0
DEEPAKNTR,2025-12-31,49.33,50.67,0.0
DEEPAKNTR,2026-03-31,49.33,50.67,0.0
DEEPAKNTR,2026-06-30,49.34,50.66,0.0
DELHIVERY,2022-05-20,0.0,100.0,0.0
DELHIVERY,2022-06-30,0.0,100.0,0.0
DELHIVERY,2022-09-30,0.0,100.0,0.0
DELHIVERY,2022-12-31,0.0,100.0,0.0
DELHIVERY,2023-03-31,0.0,100.0,0.0
DELHIVERY,2023-06-30,0.0,100.0,0.0
DELHIVERY,2023-09-30,0.0,100.0,0.0
DELHIVERY,2023-12-31,0.0,100.0,0.0
DELHIVERY,2024-03-31,0.0,100.0,0.0
DELHIVERY,2024-06-30,0.0,100.0,0.0
DELHIVERY,2024-09-30,0.0,100.0,0.0
DELHIVERY,2024-12-31,0.0,100.0,0.0
DELHIVERY,2025-03-31,0.0,100.0,0.0
DELHIVERY,2025-06-30,0.0,100.0,0.0
DELHIVERY,2025-09-30,0.0,100.0,0.0
DELHIVERY,2025-12-31,0.0,100.0,0.0
DELHIVERY,2026-03-31,0.0,100.0,0.0
DELHIVERY,2026-06-30,0.0,100.0,0.0
DEVYANI,2021-09-30,62.91,37.09,0.0
DEVYANI,2021-12-31,62.91,37.09,0.0
DEVYANI,2022-03-31,62.8,37.2,0.0
DEVYANI,2022-06-30,62.8,37.2,0.0
DEVYANI,2022-09-30,62.8,37.2,0.0
DEVYANI,2022-12-31,62.8,37.2,0.0
DEVYANI,2023-03-31,62.79,37.21,0.0
DEVYANI,2023-06-30,62.76,37.24,0.0
DEVYANI,2023-09-30,62.74,37.26,0.0
DEVYANI,2023-12-31,62.74,37.26,0.0
DEVYANI,2024-03-31,62.74,37.26,0.0
DEVYANI,2024-06-30,62.73,37.27,0.0
DEVYANI,2024-09-30,62.72,37.28,0.0
DEVYANI,2024-12-31,62.72,37.28,0.0
DEVYANI,2025-03-31,62.72,37.28,0.0
DEVYANI,2025-06-30,62.62,37.38,0.0
DEVYANI,2025-09-30,61.42,38.58,0.0
DEVYANI,2025-12-31,61.37,38.63,0.0
DEVYANI,2026-03-31,61.36,38.64,0.0
DEVYANI,2026-06-30,61.36,38.64,0.0
DIVISLAB,2021-09-30,51.95,48.05,0.0
DIVISLAB,2021-12-31,51.95,48.05,0.0
DIVISLAB,2022-03-31,51.94,48.06,0.0
DIVISLAB,2022-06-30,51.94,48.06,0.0
DIVISLAB,2022-09-30,51.94,48.06,0.0
DIVISLAB,2022-12-31,51.94,48.06,0.0
DIVISLAB,2023-03-31,51.94,48.06,0.0
DIVISLAB,2023-06-30,51.93,48.07,0.0
DIVISLAB,2023-09-30,51.93,48.07,0.0
DIVISLAB,2023-12-31,51.92,48.08,0.0
DIVISLAB,2024-03-31,51.92,48.08,0.0
DIVISLAB,2024-06-30,51.9,48.1,0.0
DIVISLAB,2024-09-30,51.89,48.11,0.0
DIVISLAB,2024-12-31,51.89,48.11,0.0
DIVISLAB,2025-03-31,51.89,48.11,0.0
DIVISLAB,2025-06-30,51.89,48.11,0.0
DIVISLAB,2025-09-30,51.89,48.11,0.0
DIVISLAB,2025-12-31,51.88,48.12,0.0
DIVISLAB,2026-03-31,51.88,48.12,0.0
DIVISLAB,2026-06-30,51.88,48.12,0.0
DIXON,2021-09-30,34.93,65.07,0.0
DIXON,2021-12-31,34.52,65.48,0.0
DIXON,2022-03-31,34.3,65.7,0.0
DIXON,2022-06-30,34.3,65.7,0.0
DIXON,2022-09-30,34.27,65.73,0.0
DIXON,2022-12-31,34.06,65.94,0.0
DIXON,2023-03-31,34.05,65.95,0.0
DIXON,2023-06-30,34.04,65.96,0.0
DIXON,2023-09-30,33.8,66.2,0.0
DIXON,2023-12-31,33.63,66.37,0.0
DIXON,2024-03-31,33.44,66.56,0.0
DIXON,2024-06-30,33.24,66.76,0.0
DIXON,2024-09-30,32.89,67.11,0.0
DIXON,2024-12-31,32.42,67.58,0.0
DIXON,2025-03-31,32.27,67.73,0.0
DIXON,2025-06-30,28.95,71.05,0.0
DIXON,2025-09-30,28.92,71.08,0.0
DIXON,2025-12-31,28.83,71.17,0.0
DIXON,2026-03-31,28.68,71.32,0.0
DIXON,2026-06-30,28.55,71.45,0.0
DLF,2021-09-30,74.95,25.05,0.0
DLF,2021-12-31,74.95,25.05,0.0
DLF,2022-03-31,74.95,25.05,0.0
DLF,2022-06-30,74.95,25.05,0.0
DLF,2022-09-30,74.95,25.05,0.0
DLF,2022-12-31,74.95,25.05,0.0
DLF,2023-03-31,74.95,25.05,0.0
DLF,2023-06-30,74.95,25.05,0.0
DLF,2023-09-30,74.08,25.92,0.0
DLF,2023-12-31,74.08,25.92,0.0
DLF,2024-03-31,74.08,25.92,0.0
DLF,2024-06-30,74.08,25.92,0.0
DLF,2024-09-30,74.08,25.92,0.0
DLF,2024-12-31,74.08,25.92,0.0
DLF,2025-03-31,74.08,25.92,0.0
DLF,2025-06-30,74.08,25.92,0.0
DLF,2025-09-30,74.08,25.92,0.0
DLF,2025-12-31,74.08,25.92,0.0
DLF,2026-03-31,74.08,25.92,0.0
DLF,2026-06-30,74.08,25.92,0.0
DMART,2021-09-30,74.99,25.01,0.0
DMART,2021-12-31,74.99,25.01,0.0
DMART,2022-03-31,74.99,25.01,0.0
DMART,2022-06-30,74.99,25.01,0.0
DMART,2022-09-30,74.99,25.01,0.0
DMART,2022-12-31,74.99,25.01,0.0
DMART,2023-03-31,74.93,25.07,0.0
DMART,2023-06-30,74.65,25.35,0.0
DMART,2023-09-30,74.65,25.35,0.0
DMART,2023-12-31,74.65,25.35,0.0
DMART,2024-03-31,74.65,25.35,0.0
DMART,2024-06-30,74.65,25.35,0.0
DMART,2024-09-30,74.65,25.35,0.0
DMART,2024-12-31,74.65,25.35,0.0
DMART,2025-03-31,74.65,25.35,0.0
DMART,2025-06-30,74.65,25.35,0.0
DMART,2025-09-30,74.65,25.35,0.0
DMART,2025-12-31,74.65,25.35,0.0
DMART,2026-03-31,74.51,25.49,0.0
DMART,2026-06-30,74.48,25.52,0.0
DOMS,2023-12-18,74.96,25.04,0.0
DOMS,2023-12-31,74.96,25.04,0.0
DOMS,2024-03-31,74.96,25.04,0.0
DOMS,2024-06-30,74.96,25.04,0.0
DOMS,2024-09-30,74.96,25.04,0.0
DOMS,2024-12-31,70.39,29.61,0.0
DOMS,2025-03-31,70.39,29.61,0.0
DOMS,2025-06-30,70.39,29.61,0.0
DOMS,2025-09-30,70.39,29.61,0.0
DOMS,2025-12-31,70.39,29.61,0.0
DOMS,2026-03-31,70.39,29.61,0.0
DOMS,2026-06-30,63.39,36.61,0.0
DRREDDY,2021-09-30,26.72,72.99,0.29
DRREDDY,2021-12-31,26.72,73.0,0.28
DRREDDY,2022-03-31,26.72,73.0,0.28
DRREDDY,2022-06-30,26.71,73.01,0.28
DRREDDY,2022-09-30,26.71,73.02,0.27
DRREDDY,2022-12-31,26.7,73.05,0.25
DRREDDY,2023-03-31,26.7,73.08,0.22
DRREDDY,2023-06-30,26.69,73.1,0.21
DRREDDY,2023-09-30,26.66,73.16,0.18
DRREDDY,2023-12-31,26.65,73.17,0.18
DRREDDY,2024-03-31,26.65,73.17,0.17
DRREDDY,2024-06-30,26.65,73.18,0.17
DRREDDY,2024-09-30,26.64,73.2,0.16
DRREDDY,2024-12-31,26.64,73.2,0.16
DRREDDY,2025-03-31,26.64,73.07,0.29
DRREDDY,2025-06-30,26.64,73.1,0.26
DRREDDY,2025-09-30,26.64,73.11,0.25
DRREDDY,2025-12-31,26.64,73.12,0.25
DRREDDY,2026-03-31,26.63,73.13,0.24
DRREDDY,2026-06-30,26.64,73.16,0.2
ECLERX,2021-09-30,53.81,44.18,2.01
ECLERX,2021-11-10,54.02,43.96,2.02
ECLERX,2021-12-31,53.38,44.53,2.09
ECLERX,2022-03-31,53.38,44.47,2.15
ECLERX,2022-06-30,53.38,44.51,2.11
ECLERX,2022-09-23,53.38,44.51,2.11
ECLERX,2022-09-30,53.38,44.48,2.14
ECLERX,2022-12-31,53.38,44.45,2.17
ECLERX,2023-02-28,53.61,44.34,2.05
ECLERX,2023-03-31,53.61,44.37,2.02
ECLERX,2023-06-30,53.61,44.67,1.72
ECLERX,2023-09-30,53.61,44.71,1.68
ECLERX,2023-12-31,53.61,44.76,1.63
ECLERX,2024-03-31,53.61,44.73,1.66
ECLERX,2024-06-30,53.61,44.96,1.43
ECLERX,2024-07-25,53.81,44.75,1.44
ECLERX,2024-09-30,53.81,44.77,1.42
ECLERX,2024-12-31,53.81,44.86,1.33
ECLERX,2025-03-31,53.81,44.75,1.44
ECLERX,2025-06-30,53.81,44.8,1.39
ECLERX,2025-09-30,53.81,44.67,1.52
ECLERX,2025-12-31,53.81,44.39,1.8
ECLERX,2026-01-07,54.52,43.65,1.83
ECLERX,2026-03-16,54.52,43.5,1.97
ECLERX,2026-03-31,54.52,43.32,2.15
ECLERX,2026-06-30,54.52,43.29,2.19
EICHERMOT,2021-09-30,49.22,50.78,0.0
EICHERMOT,2021-12-31,49.22,50.78,0.0
EICHERMOT,2022-03-31,49.21,50.79,0.0
EICHERMOT,2022-06-30,49.21,50.79,0.0
EICHERMOT,2022-09-30,49.21,50.79,0.0
EICHERMOT,2022-12-31,49.21,50.79,0.0
EICHERMOT,2023-03-31,49.2,50.8,0.0
EICHERMOT,2023-06-30,49.17,50.83,0.0
EICHERMOT,2023-09-30,49.16,50.84,0.0
EICHERMOT,2023-12-31,49.15,50.85,0.0
EICHERMOT,2024-03-31,49.15,50.85,0.0
EICHERMOT,2024-06-30,49.11,50.89,0.0
EICHERMOT,2024-09-30,49.1,50.9,0.0
EICHERMOT,2024-12-31,49.09,50.91,0.0
EICHERMOT,2025-03-31,49.08,50.92,0.0
EICHERMOT,2025-06-30,49.07,50.93,0.0
EICHERMOT,2025-09-30,49.06,50.94,0.0
EICHERMOT,2025-12-31,49.06,50.94,0.0
EICHERMOT,2026-03-31,49.06,50.94,0.0
EICHERMOT,2026-06-30,49.02,50.98,0.0
EIDPARRY,2021-09-30,44.68,55.32,0.0
EIDPARRY,2021-12-31,44.66,55.34,0.0
EIDPARRY,2022-03-31,44.64,55.36,0.0
EIDPARRY,2022-06-30,44.61,55.39,0.0
EIDPARRY,2022-09-30,44.55,55.45,0.0
EIDPARRY,2022-12-31,44.55,55.45,0.0
EIDPARRY,2023-03-31,44.55,55.45,0.0
EIDPARRY,2023-06-30,44.51,55.49,0.0
EIDPARRY,2023-09-30,44.51,55.49,0.0
EIDPARRY,2023-12-31,42.23,57.77,0.0
EIDPARRY,2024-03-31,42.23,57.77,0.0
EIDPARRY,2024-06-30,42.23,57.77,0.0
EIDPARRY,2024-09-30,42.22,57.78,0.0
EIDPARRY,2024-12-31,41.69,58.31,0.0
EIDPARRY,2025-03-31,41.61,58.39,0.0
EIDPARRY,2025-06-30,41.54,58.46,0.0
EIDPARRY,2025-09-30,41.49,58.51,0.0
EIDPARRY,2025-12-31,41.44,58.56,0.0
EIDPARRY,2026-03-31,41.44,58.56,0.0
EIDPARRY,2026-06-30,41.28,58.72,0.0
EIHOTEL,2021-09-30,35.74,64.26,0.0
EIHOTEL,2021-12-31,35.74,64.26,0.0
EIHOTEL,2022-03-31,35.74,64.26,0.0
EIHOTEL,2022-06-30,35.74,64.26,0.0
EIHOTEL,2022-09-30,35.74,64.26,0.0
EIHOTEL,2022-12-31,35.74,64.26,0.0
EIHOTEL,2023-03-31,32.85,67.15,0.0
EIHOTEL,2023-06-30,32.85,67.15,0.0
EIHOTEL,2023-09-30,32.85,67.15,0.0
EIHOTEL,2023-12-31,32.85,67.15,0.0
EIHOTEL,2024-03-31,32.85,67.15,0.0
EIHOTEL,2024-06-30,32.85,67.15,0.0
EIHOTEL,2024-09-30,32.85,67.15,0.0
EIHOTEL,2024-12-31,32.85,67.15,0.0
EIHOTEL,2025-03-31,32.85,67.15,0.0
EIHOTEL,2025-06-30,32.85,67.15,0.0
EIHOTEL,2025-09-30,32.85,67.15,0.0
EIHOTEL,2025-12-31,32.85,67.15,0.0
EIHOTEL,2026-03-31,32.85,67.15,0.0
EIHOTEL,2026-06-30,32.85,67.15,0.0
ELECON,2021-09-30,59.21,40.79,0.0
ELECON,2021-12-31,59.21,40.79,0.0
ELECON,2022-03-31,59.26,40.74,0.0
ELECON,2022-06-30,59.26,40.74,0.0
ELECON,2022-09-30,59.29,40.71,0.0
ELECON,2022-12-31,59.29,40.71,0.0
ELECON,2023-03-31,59.29,40.71,0.0
ELECON,2023-06-30,59.29,40.71,0.0
ELECON,2023-09-30,59.29,40.71,0.0
ELECON,2023-12-31,59.29,40.71,0.0
ELECON,2024-03-31,59.27,40.73,0.0
ELECON,2024-06-30,59.27,40.73,0.0
ELECON,2024-09-30,59.27,40.73,0.0
ELECON,2024-12-31,59.27,40.73,0.0
ELECON,2025-03-31,59.27,40.73,0.0
ELECON,2025-06-30,59.27,40.73,0.0
ELECON,2025-09-30,59.27,40.73,0.0
ELECON,2025-12-31,59.27,40.73,0.0
ELECON,2026-03-31,59.27,40.73,0.0
ELECON,2026-06-30,59.27,40.73,0.0
ELGIEQUIP,2021-09-30,31.91,67.98,0.12
ELGIEQUIP,2021-12-31,31.91,67.9,0.19
ELGIEQUIP,2022-03-31,31.32,68.49,0.19
ELGIEQUIP,2022-06-30,31.32,68.49,0.19
ELGIEQUIP,2022-09-30,31.19,68.62,0.19
ELGIEQUIP,2022-12-31,31.19,68.62,0.19
ELGIEQUIP,2023-03-31,31.19,68.64,0.17
ELGIEQUIP,2023-06-30,31.19,68.67,0.14
ELGIEQUIP,2023-09-30,31.19,68.63,0.18
ELGIEQUIP,2023-12-31,31.19,68.65,0.16
ELGIEQUIP,2024-03-31,31.19,68.65,0.16
ELGIEQUIP,2024-06-30,31.19,68.58,0.23
ELGIEQUIP,2024-09-30,31.19,68.64,0.17
ELGIEQUIP,2024-12-31,31.19,68.63,0.18
ELGIEQUIP,2025-03-31,31.19,68.43,0.38
ELGIEQUIP,2025-06-30,31.19,68.43,0.38
ELGIEQUIP,2025-09-30,31.19,68.43,0.38
ELGIEQUIP,2025-12-31,31.19,68.45,0.35
ELGIEQUIP,2026-03-31,31.19,68.28,0.53
ELGIEQUIP,2026-06-30,31.19,68.32,0.49
EMAMILTD,2021-09-30,53.86,46.14,0.0
EMAMILTD,2021-12-31,53.86,46.14,0.0
EMAMILTD,2022-03-31,54.27,45.73,0.0
EMAMILTD,2022-06-30,54.27,45.73,0.0
EMAMILTD,2022-09-30,54.27,45.73,0.0
EMAMILTD,2022-12-31,54.27,45.73,0.0
EMAMILTD,2023-03-31,54.27,45.73,0.0
EMAMILTD,2023-06-30,54.52,45.48,0.0
EMAMILTD,2023-09-30,54.84,45.16,0.0
EMAMILTD,2023-12-31,54.84,45.16,0.0
EMAMILTD,2024-03-31,54.84,45.16,0.0
EMAMILTD,2024-06-30,54.84,45.16,0.0
EMAMILTD,2024-09-30,54.84,45.16,0.0
EMAMILTD,2024-12-31,54.84,45.16,0.0
EMAMILTD,2025-03-31,54.84,45.16,0.0
EMAMILTD,2025-06-30,54.84,45.16,0.0
EMAMILTD,2025-09-30,54.84,45.16,0.0
EMAMILTD,2025-12-31,54.84,45.16,0.0
EMAMILTD,2026-03-31,54.84,45.16,0.0
EMAMILTD,2026-06-30,54.84,45.16,0.0
EMCURE,2024-07-08,78.08,21.92,0.0
EMCURE,2024-09-30,78.08,21.92,0.0
EMCURE,2024-12-31,77.94,22.06,0.0
EMCURE,2025-03-31,77.92,22.08,0.0
EMCURE,2025-06-30,77.91,22.09,0.0
EMCURE,2025-09-30,77.88,22.12,0.0
EMCURE,2025-12-31,77.87,22.13,0.0
EMCURE,2026-03-31,77.87,22.13,0.0
EMCURE,2026-06-30,77.83,22.17,0.0
EMMVEE,2025-11-17,80.03,19.97,0.0
EMMVEE,2025-12-31,80.03,19.97,0.0
EMMVEE,2026-03-31,80.03,19.97,0.0
EMMVEE,2026-06-30,80.03,19.97,0.0
ENDURANCE,2021-09-30,75.0,25.0,0.0
ENDURANCE,2021-12-31,75.0,25.0,0.0
ENDURANCE,2022-03-31,75.0,25.0,0.0
ENDURANCE,2022-06-30,75.0,25.0,0.0
ENDURANCE,2022-09-30,75.0,25.0,0.0
ENDURANCE,2022-12-31,75.0,25.0,0.0
ENDURANCE,2023-03-31,75.0,25.0,0.0
ENDURANCE,2023-06-30,75.0,25.0,0.0
ENDURANCE,2023-09-30,75.0,25.0,0.0
ENDURANCE,2023-12-31,75.0,25.0,0.0
ENDURANCE,2024-03-31,75.0,25.0,0.0
ENDURANCE,2024-06-30,75.0,25.0,0.0
ENDURANCE,2024-09-30,75.0,25.0,0.0
ENDURANCE,2024-12-31,75.0,25.0,0.0
ENDURANCE,2025-03-31,75.0,25.0,0.0
ENDURANCE,2025-06-30,75.0,25.0,0.0
ENDURANCE,2025-09-30,75.0,25.0,0.0
ENDURANCE,2025-12-31,75.0,25.0,0.0
ENDURANCE,2026-03-31,75.0,25.0,0.0
ENDURANCE,2026-06-30,75.0,25.0,0.0
ENGINERSIN,2021-09-30,51.32,48.68,0.0
ENGINERSIN,2021-12-31,51.32,48.68,0.0
ENGINERSIN,2022-03-31,51.32,48.68,0.0
ENGINERSIN,2022-06-30,51.32,48.68,0.0
ENGINERSIN,2022-09-30,51.32,48.68,0.0
ENGINERSIN,2022-12-31,51.32,48.68,0.0
ENGINERSIN,2023-03-31,51.32,48.68,0.0
ENGINERSIN,2023-06-30,51.32,48.68,0.0
ENGINERSIN,2023-09-30,51.32,48.68,0.0
ENGINERSIN,2023-12-31,51.32,48.68,0.0
ENGINERSIN,2024-03-31,51.32,48.68,0.0
ENGINERSIN,2024-06-30,51.32,48.68,0.0
ENGINERSIN,2024-09-30,51.32,48.68,0.0
ENGINERSIN,2024-12-31,51.32,48.68,0.0
ENGINERSIN,2025-03-31,51.32,48.68,0.0
ENGINERSIN,2025-06-30,51.32,48.68,0.0
ENGINERSIN,2025-09-30,51.32,48.68,0.0
ENGINERSIN,2025-12-31,51.32,48.68,0.0
ENGINERSIN,2026-03-31,51.32,48.68,0.0
ENGINERSIN,2026-06-30,51.32,48.68,0.0
ENRIN,2025-06-13,75.0,25.0,0.0
ENRIN,2025-06-30,75.0,25.0,0.0
ENRIN,2025-09-30,75.0,25.0,0.0
ENRIN,2025-12-31,75.0,25.0,0.0
ENRIN,2026-03-31,75.0,25.0,0.0
ENRIN,2026-06-30,75.0,25.0,0.0
ERIS,2017-06-28,55.93,44.07,0.0
ERIS,2017-06-30,55.93,44.07,0.0
ERIS,2017-09-30,55.93,44.07,0.0
ERIS,2017-12-31,55.93,44.07,0.0
ERIS,2018-03-31,55.93,44.07,0.0
ERIS,2018-06-30,55.93,44.07,0.0
ERIS,2018-09-30,55.92,44.08,0.0
ERIS,2018-12-31,56.04,43.96,0.0
ERIS,2019-03-31,56.1,43.9,0.0
ERIS,2019-06-30,56.23,43.77,0.0
ERIS,2019-09-30,56.23,43.77,0.0
ERIS,2019-12-31,56.23,43.77,0.0
ERIS,2020-03-31,55.55,44.45,0.0
ERIS,2020-06-30,55.55,44.45,0.0
ERIS,2020-09-30,54.08,45.92,0.0
ERIS,2020-12-31,54.23,45.77,0.0
ERIS,2021-03-31,54.13,45.87,0.0
ERIS,2021-06-30,52.69,47.31,0.0
ERIS,2021-09-30,52.68,47.32,0.0
ERIS,2021-12-31,52.66,47.34,0.0
ERIS,2022-03-31,52.66,47.34,0.0
ERIS,2022-06-30,52.3,47.7,0.0
ERIS,2022-09-30,52.29,47.71,0.0
ERIS,2022-12-31,52.7,47.3,0.0
ERIS,2023-03-31,52.86,47.14,0.0
ERIS,2023-06-30,52.86,47.14,0.0
ERIS,2023-09-30,54.91,45.09,0.0
ERIS,2023-12-31,54.9,45.1,0.0
ERIS,2024-03-31,54.9,45.1,0.0
ERIS,2024-06-30,54.88,45.12,0.0
ERIS,2024-09-30,54.87,45.13,0.0
ERIS,2024-12-31,54.86,45.14,0.0
ERIS,2025-03-31,54.85,45.15,0.0
ERIS,2025-06-30,54.83,45.17,0.0
ERIS,2025-09-30,54.85,45.15,0.0
ERIS,2025-12-31,54.85,45.15,0.0
ERIS,2026-03-31,53.92,46.08,0.0
ERIS,2026-06-30,54.14,45.86,0.0
ESCORTS,2021-09-30,36.59,61.35,2.06
ESCORTS,2021-12-27,30.25,67.57,2.18
ESCORTS,2021-12-31,30.25,67.57,2.18
ESCORTS,2022-02-18,28.1,69.87,2.03
ESCORTS,2022-03-31,28.1,70.1,1.8
ESCORTS,2022-06-30,72.9,25.3,1.8
ESCORTS,2022-09-30,72.9,25.39,1.7
ESCORTS,2022-12-31,72.9,25.42,1.67
ESCORTS,2023-03-31,72.9,25.45,1.65
ESCORTS,2023-05-28,67.64,30.4,1.96
ESCORTS,2023-06-30,67.64,30.4,1.95
ESCORTS,2023-09-30,67.64,30.44,1.92
ESCORTS,2023-12-31,67.64,30.46,1.9
ESCORTS,2024-03-31,67.64,30.49,1.86
ESCORTS,2024-06-30,67.64,30.63,1.73
ESCORTS,2024-09-30,68.04,30.26,1.7
ESCORTS,2024-12-31,68.04,30.27,1.68
ESCORTS,2025-03-31,68.04,30.28,1.68
ESCORTS,2025-06-30,68.04,30.29,1.67
ESCORTS,2025-09-30,68.04,30.3,1.66
ESCORTS,2025-12-31,68.04,30.3,1.66
ESCORTS,2026-03-31,68.04,30.3,1.65
ESCORTS,2026-06-30,68.04,30.31,1.65
ETERNAL,2021-09-30,0.0,96.43,3.57
ETERNAL,2021-12-31,0.0,97.03,2.97
ETERNAL,2022-03-31,0.0,97.09,2.91
ETERNAL,2022-06-30,0.0,97.19,2.81
ETERNAL,2022-08-10,0.0,97.51,2.49
ETERNAL,2022-09-30,0.0,97.52,2.48
ETERNAL,2022-12-31,0.0,97.74,2.26
ETERNAL,2023-03-31,0.0,97.78,2.22
ETERNAL,2023-06-30,0.0,97.91,2.09
ETERNAL,2023-09-30,0.0,98.18,1.82
ETERNAL,2023-12-31,0.0,98.34,1.66
ETERNAL,2024-03-31,0.0,98.42,1.58
ETERNAL,2024-06-30,0.0,98.55,1.45
ETERNAL,2024-09-30,0.0,98.73,1.27
ETERNAL,2024-11-29,0.0,98.82,1.18
ETERNAL,2024-12-02,0.0,93.93,6.07
ETERNAL,2024-12-31,0.0,93.93,6.07
ETERNAL,2025-03-31,0.0,94.02,5.98
ETERNAL,2025-06-30,0.0,94.09,5.91
ETERNAL,2025-09-30,0.0,94.29,5.71
ETERNAL,2025-12-31,0.0,94.42,5.58
ETERNAL,2026-03-31,0.0,95.27,4.73
ETERNAL,2026-06-30,0.0,95.39,4.61
EXIDEIND,2021-09-30,45.99,54.01,0.0
EXIDEIND,2021-12-31,45.99,54.01,0.0
EXIDEIND,2022-03-31,45.99,54.01,0.0
EXIDEIND,2022-06-30,45.99,54.01,0.0
EXIDEIND,2022-09-30,45.99,54.01,0.0
EXIDEIND,2022-12-31,45.99,54.01,0.0
EXIDEIND,2023-03-31,45.99,54.01,0.0
EXIDEIND,2023-06-30,45.99,54.01,0.0
EXIDEIND,2023-09-30,45.99,54.01,0.0
EXIDEIND,2023-12-31,45.99,54.01,0.0
EXIDEIND,2024-03-31,45.99,54.01,0.0
EXIDEIND,2024-06-30,45.99,54.01,0.0
EXIDEIND,2024-09-30,45.99,54.01,0.0
EXIDEIND,2024-12-31,45.99,54.01,0.0
EXIDEIND,2025-03-31,45.99,54.01,0.0
EXIDEIND,2025-06-30,45.99,54.01,0.0
EXIDEIND,2025-09-30,45.99,54.01,0.0
EXIDEIND,2025-12-31,45.99,54.01,0.0
EXIDEIND,2026-03-31,45.99,54.01,0.0
EXIDEIND,2026-06-30,45.99,54.01,0.0
FACT,2021-09-30,90.0,10.0,0.0
FACT,2021-12-31,90.0,10.01,0.0
FACT,2022-03-31,90.0,10.0,0.0
FACT,2022-06-30,90.0,10.0,0.0
FACT,2022-09-30,90.0,10.0,0.0
FACT,2022-12-31,90.0,10.0,0.0
FACT,2023-03-31,90.0,10.0,0.0
FACT,2023-06-30,90.0,10.0,0.0
FACT,2023-09-30,90.0,10.0,0.0
FACT,2023-12-31,90.0,10.0,0.0
FACT,2024-03-31,90.0,10.0,0.0
FACT,2024-06-30,90.0,10.0,0.0
FACT,2024-09-30,90.0,10.0,0.0
FACT,2024-12-31,90.0,10.0,0.0
FACT,2025-03-31,90.0,10.0,0.0
FACT,2025-06-30,90.0,10.0,0.0
FACT,2025-09-30,90.0,10.0,0.0
FACT,2025-12-31,90.0,10.0,0.0
FACT,2026-03-31,90.0,10.0,0.0
FACT,2026-06-30,90.0,10.0,0.0
FEDERALBNK,2021-09-30,0.0,100.0,0.0
FEDERALBNK,2021-12-31,0.0,100.0,0.0
FEDERALBNK,2022-03-31,0.0,100.0,0.0
FEDERALBNK,2022-06-30,0.0,100.0,0.0
FEDERALBNK,2022-09-30,0.0,100.0,0.0
FEDERALBNK,2022-12-31,0.0,100.0,0.0
FEDERALBNK,2023-03-31,0.0,100.0,0.0
FEDERALBNK,2023-06-30,0.0,100.0,0.0
FEDERALBNK,2023-07-25,0.0,100.0,0.0
FEDERALBNK,2023-09-30,0.0,100.0,0.0
FEDERALBNK,2023-10-11,0.0,100.0,0.0
FEDERALBNK,2023-12-31,0.0,100.0,0.0
FEDERALBNK,2024-03-31,0.0,100.0,0.0
FEDERALBNK,2024-06-30,0.0,100.0,0.0
FEDERALBNK,2024-09-30,0.0,100.0,0.0
FEDERALBNK,2024-12-31,0.0,100.0,0.0
FEDERALBNK,2025-03-31,0.0,100.0,0.0
FEDERALBNK,2025-06-30,0.0,100.0,0.0
FEDERALBNK,2025-09-30,0.0,100.0,0.0
FEDERALBNK,2025-12-31,0.0,100.0,0.0
FEDERALBNK,2026-03-31,0.0,100.0,0.0
FEDERALBNK,2026-06-30,0.0,100.0,0.0
FINCABLES,2021-09-30,35.92,64.08,0.0
FINCABLES,2021-12-31,35.92,64.08,0.0
FINCABLES,2022-03-31,35.92,64.08,0.0
FINCABLES,2022-06-30,35.92,64.08,0.0
FINCABLES,2022-09-30,35.92,64.08,0.0
FINCABLES,2022-12-31,35.92,64.08,0.0
FINCABLES,2023-03-31,35.92,64.08,0.0
FINCABLES,2023-06-30,35.92,64.08,0.0
FINCABLES,2023-09-30,35.92,64.08,0.0
FINCABLES,2023-12-31,35.92,64.08,0.0
FINCABLES,2024-03-31,35.92,64.08,0.0
FINCABLES,2024-06-30,35.86,64.14,0.0
FINCABLES,2024-09-30,35.86,64.14,0.0
FINCABLES,2024-12-31,35.86,64.14,0.0
FINCABLES,2025-03-31,35.86,64.14,0.0
FINCABLES,2025-06-30,35.86,64.14,0.0
FINCABLES,2025-09-30,35.86,64.14,0.0
FINCABLES,2025-12-31,35.86,64.14,0.0
FINCABLES,2026-03-31,35.86,64.14,0.0
FINCABLES,2026-06-30,35.86,64.14,0.0
FIRSTCRY,2024-08-10,0.0,89.61,10.39
FIRSTCRY,2024-09-30,0.0,92.2,7.8
FIRSTCRY,2024-12-31,0.0,92.25,7.75
FIRSTCRY,2025-03-31,0.0,92.4,7.6
FIRSTCRY,2025-06-30,0.0,92.61,7.39
FIRSTCRY,2025-09-30,0.0,92.69,7.31
FIRSTCRY,2025-12-31,0.0,92.91,7.09
FIRSTCRY,2026-03-31,0.0,92.94,7.06
FIRSTCRY,2026-06-30,0.0,93.02,6.98
FIVESTAR,2022-11-17,34.87,65.13,0.0
FIVESTAR,2022-12-31,34.87,65.13,0.0
FIVESTAR,2023-03-31,34.87,65.13,0.0
FIVESTAR,2023-06-30,34.39,65.61,0.0
FIVESTAR,2023-09-30,31.3,68.7,0.0
FIVESTAR,2023-12-31,26.53,73.47,0.0
FIVESTAR,2024-03-31,26.51,73.49,0.0
FIVESTAR,2024-06-30,26.51,73.49,0.0
FIVESTAR,2024-09-30,21.59,78.41,0.0
FIVESTAR,2024-12-31,21.55,78.45,0.0
FIVESTAR,2025-03-31,21.47,78.53,0.0
FIVESTAR,2025-06-30,21.47,78.53,0.0
FIVESTAR,2025-09-30,18.57,81.43,0.0
FIVESTAR,2025-12-31,18.56,81.44,0.0
FIVESTAR,2026-03-31,18.61,81.39,0.0
FIVESTAR,2026-06-30,18.61,81.39,0.0
FLUOROCHEM,2021-09-30,67.65,32.35,0.0
FLUOROCHEM,2021-12-31,66.35,33.65,0.0
FLUOROCHEM,2022-03-31,66.08,33.92,0.0
FLUOROCHEM,2022-06-30,66.08,33.92,0.0
FLUOROCHEM,2022-09-30,66.08,33.92,0.0
FLUOROCHEM,2022-12-31,63.81,36.19,0.0
FLUOROCHEM,2023-03-31,63.81,36.19,0.0
FLUOROCHEM,2023-06-30,63.81,36.19,0.0
FLUOROCHEM,2023-09-30,63.81,36.19,0.0
FLUOROCHEM,2023-12-31,63.81,36.19,0.0
FLUOROCHEM,2024-03-31,63.81,36.19,0.0
FLUOROCHEM,2024-06-30,62.58,37.42,0.0
FLUOROCHEM,2024-09-30,62.58,37.42,0.0
FLUOROCHEM,2024-12-31,62.58,37.42,0.0
FLUOROCHEM,2025-03-31,62.58,37.42,0.0
FLUOROCHEM,2025-06-30,62.58,37.42,0.0
FLUOROCHEM,2025-09-30,61.39,38.61,0.0
FLUOROCHEM,2025-12-31,61.39,38.61,0.0
FLUOROCHEM,2026-03-31,61.39,38.61,0.0
FLUOROCHEM,2026-06-30,61.39,38.61,0.0
FORCEMOT,2024-02-13,61.63,38.37,0.0
FORCEMOT,2024-03-31,61.63,38.37,0.0
FORCEMOT,2024-06-30,61.63,38.37,0.0
FORCEMOT,2024-09-30,61.63,38.37,0.0
FORCEMOT,2024-12-31,61.63,38.37,0.0
FORCEMOT,2025-03-31,61.63,38.37,0.0
FORCEMOT,2025-06-30,61.63,38.37,0.0
FORCEMOT,2025-09-30,61.63,38.37,0.0
FORCEMOT,2025-12-31,61.63,38.37,0.0
FORCEMOT,2026-03-31,61.63,38.37,0.0
FORCEMOT,2026-06-30,61.63,38.37,0.0
FORTIS,2021-09-30,31.17,68.83,0.0
FORTIS,2021-12-31,31.17,68.83,0.0
FORTIS,2022-03-31,31.17,68.83,0.0
FORTIS,2022-06-30,31.17,68.83,0.0
FORTIS,2022-09-30,31.17,68.83,0.0
FORTIS,2022-12-31,31.17,68.83,0.0
FORTIS,2023-03-31,31.17,68.83,0.0
FORTIS,2023-06-30,31.17,68.83,0.0
FORTIS,2023-09-30,31.17,68.83,0.0
FORTIS,2023-12-31,31.17,68.83,0.0
FORTIS,2024-03-31,31.17,68.83,0.0
FORTIS,2024-06-30,31.17,68.83,0.0
FORTIS,2024-09-30,31.17,68.83,0.0
FORTIS,2024-12-31,31.17,68.83,0.0
FORTIS,2025-03-31,31.17,68.83,0.0
FORTIS,2025-06-30,31.17,68.83,0.0
FORTIS,2025-09-30,31.17,68.83,0.0
FORTIS,2025-12-31,31.17,68.83,0.0
FORTIS,2026-03-31,31.17,68.83,0.0
FORTIS,2026-06-30,31.17,68.83,0.0
FSL,2021-09-30,53.66,43.89,2.46
FSL,2021-12-31,53.66,44.0,2.34
FSL,2022-03-31,53.66,43.9,2.44
FSL,2022-06-30,53.66,44.02,2.32
FSL,2022-09-30,53.66,43.92,2.42
FSL,2022-12-31,53.66,43.98,2.37
FSL,2023-03-31,53.66,44.11,2.24
FSL,2023-06-30,53.66,44.28,2.06
FSL,2023-09-30,53.66,44.34,2.0
FSL,2023-12-31,53.66,44.9,1.44
FSL,2024-03-31,53.66,45.0,1.35
FSL,2024-06-30,53.66,45.03,1.32
FSL,2024-09-30,53.66,45.22,1.12
FSL,2024-12-31,53.66,45.25,1.09
FSL,2025-03-31,53.66,45.23,1.11
FSL,2025-06-30,53.66,45.45,0.89
FSL,2025-09-30,53.66,45.46,0.88
FSL,2025-12-31,53.66,45.51,0.83
FSL,2026-03-31,53.66,45.39,0.95
FSL,2026-06-30,53.66,45.49,0.85
GABRIEL,2021-09-30,55.0,45.0,0.0
GABRIEL,2021-12-31,55.0,45.0,0.0
GABRIEL,2022-03-31,55.0,45.0,0.0
GABRIEL,2022-06-30,55.0,45.0,0.0
GABRIEL,2022-09-30,55.0,45.0,0.0
GABRIEL,2022-12-31,55.0,45.0,0.0
GABRIEL,2023-03-31,55.0,45.0,0.0
GABRIEL,2023-06-30,55.0,45.0,0.0
GABRIEL,2023-09-30,55.0,45.0,0.0
GABRIEL,2023-12-31,55.0,45.0,0.0
GABRIEL,2024-03-31,55.0,45.0,0.0
GABRIEL,2024-06-30,55.0,45.0,0.0
GABRIEL,2024-09-30,55.0,45.0,0.0
GABRIEL,2024-12-31,55.0,45.0,0.0
GABRIEL,2025-03-31,55.0,45.0,0.0
GABRIEL,2025-06-30,55.0,45.0,0.0
GABRIEL,2025-09-30,55.0,45.0,0.0
GABRIEL,2025-12-31,55.0,45.0,0.0
GABRIEL,2026-03-31,55.03,44.97,0.0
GABRIEL,2026-06-09,63.55,36.45,0.0
GABRIEL,2026-06-30,63.55,36.45,0.0
GAIL,2021-09-30,51.85,48.15,0.0
GAIL,2021-12-31,51.8,48.2,0.0
GAIL,2022-03-31,51.8,48.2,0.0
GAIL,2022-06-30,51.89,48.11,0.0
GAIL,2022-09-09,51.9,48.1,0.0
GAIL,2022-09-30,51.9,48.1,0.0
GAIL,2022-12-31,51.91,48.09,0.0
GAIL,2023-03-31,51.91,48.09,0.0
GAIL,2023-06-30,51.91,48.09,0.0
GAIL,2023-09-30,51.91,48.09,0.0
GAIL,2023-12-31,51.9,48.1,0.0
GAIL,2024-03-31,51.9,48.1,0.0
GAIL,2024-06-30,51.92,48.08,0.0
GAIL,2024-09-30,51.92,48.08,0.0
GAIL,2024-12-31,51.9,48.1,0.0
GAIL,2025-03-31,51.88,48.12,0.0
GAIL,2025-06-30,51.88,48.12,0.0
GAIL,2025-09-30,51.88,48.12,0.0
GAIL,2025-12-31,51.88,48.12,0.0
GAIL,2026-03-31,51.88,48.12,0.0
GAIL,2026-06-30,51.79,48.21,0.0
GALLANTT,2021-09-30,67.24,32.76,0.0
GALLANTT,2021-12-31,67.24,32.76,0.0
GALLANTT,2022-03-31,67.24,32.76,0.0
GALLANTT,2022-06-30,68.72,31.27,0.0
GALLANTT,2022-09-30,68.72,31.28,0.0
GALLANTT,2022-12-31,68.73,31.27,0.0
GALLANTT,2023-03-31,68.75,31.25,0.0
GALLANTT,2023-06-30,68.79,31.21,0.0
GALLANTT,2023-09-30,68.94,31.06,0.0
GALLANTT,2023-12-31,68.94,31.06,0.0
GALLANTT,2024-03-31,68.93,31.07,0.0
GALLANTT,2024-06-30,68.93,31.07,0.0
GALLANTT,2024-09-30,68.93,31.07,0.0
GALLANTT,2024-12-31,68.93,31.07,0.0
GALLANTT,2025-03-31,68.93,31.07,0.0
GALLANTT,2025-06-30,68.93,31.07,0.0
GALLANTT,2025-09-30,68.93,31.07,0.0
GALLANTT,2025-12-31,69.83,30.17,0.0
GALLANTT,2026-03-31,70.0,30.0,0.0
GALLANTT,2026-06-30,70.03,29.97,0.0
GESHIP,2019-09-30,30.07,69.93,0.0
GESHIP,2021-09-30,29.21,70.79,0.0
GESHIP,2021-12-31,29.21,70.79,0.0
GESHIP,2022-03-12,29.95,70.05,0.0
GESHIP,2022-03-31,30.06,69.94,0.0
GESHIP,2022-06-30,30.07,69.93,0.0
GESHIP,2022-09-30,30.07,69.93,0.0
GESHIP,2022-12-31,30.07,69.93,0.0
GESHIP,2023-03-31,30.07,69.93,0.0
GESHIP,2023-06-30,30.07,69.93,0.0
GESHIP,2023-09-30,30.07,69.93,0.0
GESHIP,2023-12-31,30.07,69.93,0.0
GESHIP,2024-03-31,30.07,69.93,0.0
GESHIP,2024-06-30,30.07,69.93,0.0
GESHIP,2024-09-30,30.07,69.93,0.0
GESHIP,2024-12-31,30.07,69.93,0.0
GESHIP,2025-03-31,30.07,69.93,0.0
GESHIP,2025-06-30,30.07,69.93,0.0
GESHIP,2025-09-30,30.07,69.93,0.0
GESHIP,2025-12-31,30.07,69.93,0.0
GESHIP,2026-03-31,30.07,69.93,0.0
GESHIP,2026-06-30,30.07,69.93,0.0
GICRE,2021-09-30,85.78,14.22,0.0
GICRE,2021-12-31,85.78,14.22,0.0
GICRE,2022-03-31,85.78,14.22,0.0
GICRE,2022-06-30,85.78,14.22,0.0
GICRE,2022-09-30,85.78,14.22,0.0
GICRE,2022-12-31,85.78,14.22,0.0
GICRE,2023-03-31,85.78,14.22,0.0
GICRE,2023-06-30,85.78,14.22,0.0
GICRE,2023-09-30,85.78,14.22,0.0
GICRE,2023-12-31,85.78,14.22,0.0
GICRE,2024-03-31,85.78,14.22,0.0
GICRE,2024-06-30,85.78,14.22,0.0
GICRE,2024-09-30,82.4,17.6,0.0
GICRE,2024-12-31,82.4,17.6,0.0
GICRE,2025-03-31,82.4,17.6,0.0
GICRE,2025-06-30,82.4,17.6,0.0
GICRE,2025-09-30,82.4,17.6,0.0
GICRE,2025-12-31,82.4,17.6,0.0
GICRE,2026-03-31,82.4,17.6,0.0
GICRE,2026-06-30,77.4,22.6,0.0
GILLETTE,2021-09-30,75.0,25.0,0.0
GILLETTE,2021-12-31,75.0,25.0,0.0
GILLETTE,2022-03-31,75.0,25.0,0.0
GILLETTE,2022-06-30,75.0,25.0,0.0
GILLETTE,2022-09-30,75.0,25.0,0.0
GILLETTE,2022-12-31,75.0,25.0,0.0
GILLETTE,2023-03-31,75.0,25.0,0.0
GILLETTE,2023-06-30,75.0,25.0,0.0
GILLETTE,2023-09-30,75.0,25.0,0.0
GILLETTE,2023-12-31,75.0,25.0,0.0
GILLETTE,2024-03-31,75.0,25.0,0.0
GILLETTE,2024-06-30,75.0,25.0,0.0
GILLETTE,2024-09-30,75.0,25.0,0.0
GILLETTE,2024-12-31,75.0,25.0,0.0
GILLETTE,2025-03-31,75.0,25.0,0.0
GILLETTE,2025-06-30,75.0,25.0,0.0
GILLETTE,2025-09-30,75.0,25.0,0.0
GILLETTE,2025-12-31,75.0,25.0,0.0
GILLETTE,2026-03-31,75.0,25.0,0.0
GILLETTE,2026-06-30,75.0,25.0,0.0
GLAND,2021-09-30,58.02,41.97,0.0
GLAND,2021-12-31,58.0,42.0,0.0
GLAND,2022-03-31,58.0,42.0,0.0
GLAND,2022-06-30,57.87,42.13,0.0
GLAND,2022-09-30,57.86,42.14,0.0
GLAND,2022-12-31,57.86,42.14,0.0
GLAND,2023-03-31,57.86,42.14,0.0
GLAND,2023-06-30,57.86,42.14,0.0
GLAND,2023-09-30,57.86,42.14,0.0
GLAND,2023-12-31,57.86,42.14,0.0
GLAND,2024-03-31,57.86,42.14,0.0
GLAND,2024-06-30,51.83,48.17,0.0
GLAND,2024-09-30,51.83,48.17,0.0
GLAND,2024-12-31,51.83,48.17,0.0
GLAND,2025-03-31,51.83,48.17,0.0
GLAND,2025-06-30,51.83,48.17,0.0
GLAND,2025-09-30,51.83,48.17,0.0
GLAND,2025-12-31,51.83,48.17,0.0
GLAND,2026-03-31,51.83,48.17,0.0
GLAND,2026-06-30,51.77,48.23,0.0
GLAXO,2021-09-30,75.0,25.0,0.0
GLAXO,2021-12-31,75.0,25.0,0.0
GLAXO,2022-03-31,75.0,25.0,0.0
GLAXO,2022-06-30,75.0,25.0,0.0
GLAXO,2022-09-30,75.0,25.0,0.0
GLAXO,2022-12-31,75.0,25.0,0.0
GLAXO,2023-03-31,75.0,25.0,0.0
GLAXO,2023-06-30,75.0,25.0,0.0
GLAXO,2023-09-30,75.0,25.0,0.0
GLAXO,2023-12-31,75.0,25.0,0.0
GLAXO,2024-03-31,75.0,25.0,0.0
GLAXO,2024-06-30,75.0,25.0,0.0
GLAXO,2024-09-30,75.0,25.0,0.0
GLAXO,2024-12-31,75.0,25.0,0.0
GLAXO,2025-03-31,75.0,25.0,0.0
GLAXO,2025-06-30,75.0,25.0,0.0
GLAXO,2025-09-30,75.0,25.0,0.0
GLAXO,2025-12-31,75.0,25.0,0.0
GLAXO,2026-03-31,75.0,25.0,0.0
GLAXO,2026-06-30,75.0,25.0,0.0
GLENMARK,2020-09-30,46.63,53.37,0.0
GLENMARK,2021-09-30,46.65,53.35,0.0
GLENMARK,2021-12-31,46.65,53.35,0.0
GLENMARK,2022-03-31,46.65,53.35,0.0
GLENMARK,2022-06-30,46.65,53.35,0.0
GLENMARK,2022-09-30,46.65,53.35,0.0
GLENMARK,2022-12-31,46.65,53.35,0.0
GLENMARK,2023-03-31,46.65,53.35,0.0
GLENMARK,2023-06-30,46.65,53.35,0.0
GLENMARK,2023-09-30,46.65,53.35,0.0
GLENMARK,2023-12-31,46.65,53.35,0.0
GLENMARK,2024-03-31,46.64,53.36,0.0
GLENMARK,2024-06-30,46.65,53.35,0.0
GLENMARK,2024-09-30,46.65,53.35,0.0
GLENMARK,2024-12-31,46.65,53.35,0.0
GLENMARK,2025-03-31,46.65,53.35,0.0
GLENMARK,2025-06-30,46.65,53.35,0.0
GLENMARK,2025-09-30,46.65,53.35,0.0
GLENMARK,2025-12-31,46.65,53.35,0.0
GLENMARK,2026-03-31,46.65,53.35,0.0
GLENMARK,2026-06-30,46.65,53.35,0.0
GMDCLTD,2021-09-30,74.0,26.0,0.0
GMDCLTD,2021-12-31,74.0,26.0,0.0
GMDCLTD,2022-03-31,74.0,26.0,0.0
GMDCLTD,2022-06-30,74.0,25.99,0.0
GMDCLTD,2022-09-30,74.0,26.0,0.0
GMDCLTD,2022-12-31,74.0,26.0,0.0
GMDCLTD,2023-03-31,74.0,26.0,0.0
GMDCLTD,2023-06-30,74.0,26.0,0.0
GMDCLTD,2023-09-30,74.0,26.0,0.0
GMDCLTD,2023-12-31,74.0,26.0,0.0
GMDCLTD,2024-03-31,74.0,26.0,0.0
GMDCLTD,2024-06-30,74.0,26.0,0.0
GMDCLTD,2024-09-30,74.0,26.0,0.0
GMDCLTD,2024-12-31,74.0,26.0,0.0
GMDCLTD,2025-03-31,74.0,26.0,0.0
GMDCLTD,2025-06-30,74.0,26.0,0.0
GMDCLTD,2025-09-30,74.0,26.0,0.0
GMDCLTD,2025-12-31,74.0,26.0,0.0
GMDCLTD,2026-03-31,74.0,26.0,0.0
GMDCLTD,2026-06-30,74.0,26.0,0.0
GMRAIRPORT,2021-09-30,60.5,39.5,0.0
GMRAIRPORT,2021-12-31,59.83,40.17,0.0
GMRAIRPORT,2022-03-31,58.9,41.1,0.0
GMRAIRPORT,2022-06-30,58.9,41.1,0.0
GMRAIRPORT,2022-09-30,58.9,41.1,0.0
GMRAIRPORT,2022-12-31,58.9,41.1,0.0
GMRAIRPORT,2023-03-31,59.0,41.0,0.0
GMRAIRPORT,2023-06-30,59.07,40.93,0.0
GMRAIRPORT,2023-09-30,59.07,40.93,0.0
GMRAIRPORT,2023-12-31,59.07,40.93,0.0
GMRAIRPORT,2024-03-31,59.07,40.93,0.0
GMRAIRPORT,2024-06-30,59.07,40.93,0.0
GMRAIRPORT,2024-07-10,49.88,50.12,0.0
GMRAIRPORT,2024-07-25,66.07,33.93,0.0
GMRAIRPORT,2024-09-30,66.07,33.93,0.0
GMRAIRPORT,2024-12-31,66.07,33.93,0.0
GMRAIRPORT,2025-03-31,66.24,33.76,0.0
GMRAIRPORT,2025-06-30,66.24,33.76,0.0
GMRAIRPORT,2025-09-30,66.24,33.76,0.0
GMRAIRPORT,2025-12-31,66.24,33.76,0.0
GMRAIRPORT,2026-03-31,66.33,33.67,0.0
GMRAIRPORT,2026-06-30,67.16,32.84,0.0
GODFRYPHLP,2021-09-30,72.83,27.17,0.0
GODFRYPHLP,2021-12-31,72.83,27.17,0.0
GODFRYPHLP,2022-03-31,72.83,27.17,0.0
GODFRYPHLP,2022-06-30,72.83,27.17,0.0
GODFRYPHLP,2022-09-30,72.83,27.17,0.0
GODFRYPHLP,2022-12-31,72.58,27.42,0.0
GODFRYPHLP,2023-03-31,72.58,27.42,0.0
GODFRYPHLP,2023-06-30,72.58,27.42,0.0
GODFRYPHLP,2023-09-30,72.58,27.42,0.0
GODFRYPHLP,2023-12-31,72.58,27.42,0.0
GODFRYPHLP,2024-03-31,72.58,27.01,0.41
GODFRYPHLP,2024-06-30,72.58,27.01,0.41
GODFRYPHLP,2024-09-30,72.58,27.01,0.41
GODFRYPHLP,2024-12-31,72.58,27.09,0.33
GODFRYPHLP,2025-03-31,72.58,27.42,0.0
GODFRYPHLP,2025-06-30,72.58,27.42,0.0
GODFRYPHLP,2025-09-17,72.58,27.42,0.0
GODFRYPHLP,2025-09-30,72.58,27.42,0.0
GODFRYPHLP,2025-12-31,72.58,27.42,0.0
GODFRYPHLP,2026-03-31,72.58,27.42,0.0
GODFRYPHLP,2026-06-30,72.58,27.42,0.0
GODIGIT,2024-05-21,73.58,26.42,0.0
GODIGIT,2024-06-30,73.58,26.42,0.0
GODIGIT,2024-09-30,73.28,26.72,0.0
GODIGIT,2024-12-31,73.18,26.82,0.0
GODIGIT,2025-03-31,73.12,26.88,0.0
GODIGIT,2025-06-30,73.1,26.9,0.0
GODIGIT,2025-09-30,73.09,26.91,0.0
GODIGIT,2025-12-31,73.03,26.97,0.0
GODIGIT,2026-03-31,73.01,26.99,0.0
GODIGIT,2026-06-30,73.0,27.0,0.0
GODREJCP,2021-09-30,63.22,36.78,0.0
GODREJCP,2021-12-31,63.22,36.78,0.0
GODREJCP,2022-03-31,63.22,36.78,0.0
GODREJCP,2022-06-30,63.22,36.78,0.0
GODREJCP,2022-09-30,63.22,36.78,0.0
GODREJCP,2022-12-31,63.21,36.79,0.0
GODREJCP,2023-03-31,63.21,36.79,0.0
GODREJCP,2023-06-30,63.21,36.79,0.0
GODREJCP,2023-09-30,63.21,36.79,0.0
GODREJCP,2023-12-31,63.21,36.79,0.0
GODREJCP,2024-03-31,63.21,36.79,0.0
GODREJCP,2024-06-30,63.01,36.99,0.0
GODREJCP,2024-09-30,63.0,37.0,0.0
GODREJCP,2024-12-31,53.04,46.96,0.0
GODREJCP,2025-03-31,53.07,46.93,0.0
GODREJCP,2025-06-30,53.07,46.93,0.0
GODREJCP,2025-09-30,53.06,46.94,0.0
GODREJCP,2025-12-31,53.05,46.95,0.0
GODREJCP,2026-03-31,53.05,46.95,0.0
GODREJCP,2026-06-30,53.05,46.95,0.0
GODREJIND,2021-09-30,67.18,32.82,0.0
GODREJIND,2021-12-31,67.18,32.82,0.0
GODREJIND,2022-03-31,67.18,32.82,0.0
GODREJIND,2022-06-30,67.18,32.82,0.0
GODREJIND,2022-09-30,67.17,32.83,0.0
GODREJIND,2022-12-31,67.17,32.83,0.0
GODREJIND,2023-03-31,67.17,32.83,0.0
GODREJIND,2023-06-30,67.17,32.83,0.0
GODREJIND,2023-09-30,67.16,32.84,0.0
GODREJIND,2023-12-31,67.16,32.84,0.0
GODREJIND,2024-03-31,67.16,32.84,0.0
GODREJIND,2024-06-30,67.16,32.84,0.0
GODREJIND,2024-09-30,67.69,32.31,0.0
GODREJIND,2024-12-31,65.73,34.27,0.0
GODREJIND,2025-03-31,69.65,30.35,0.0
GODREJIND,2025-06-30,70.97,29.03,0.0
GODREJIND,2025-09-30,71.31,28.69,0.0
GODREJIND,2025-12-31,74.64,25.36,0.0
GODREJIND,2026-03-31,74.64,25.36,0.0
GODREJIND,2026-06-30,74.64,25.36,0.0
GODREJPROP,2019-03-31,70.83,29.17,0.0
GODREJPROP,2019-06-29,64.45,35.55,0.0
GODREJPROP,2019-06-30,64.45,35.55,0.0
GODREJPROP,2019-09-30,64.45,35.55,0.0
GODREJPROP,2019-12-31,64.45,35.55,0.0
GODREJPROP,2020-03-31,64.45,35.55,0.0
GODREJPROP,2020-06-30,64.44,35.56,0.0
GODREJPROP,2020-09-30,64.44,35.56,0.0
GODREJPROP,2020-12-31,64.44,35.56,0.0
GODREJPROP,2021-03-16,58.44,41.56,0.0
GODREJPROP,2021-09-30,58.43,41.57,0.0
GODREJPROP,2021-12-31,58.43,41.57,0.0
GODREJPROP,2022-03-31,58.43,41.57,0.0
GODREJPROP,2022-06-30,58.43,41.57,0.0
GODREJPROP,2022-09-30,58.48,41.52,0.0
GODREJPROP,2022-12-31,58.48,41.52,0.0
GODREJPROP,2023-03-31,58.48,41.52,0.0
GODREJPROP,2023-06-30,58.48,41.52,0.0
GODREJPROP,2023-09-30,58.48,41.52,0.0
GODREJPROP,2023-12-31,58.48,41.52,0.0
GODREJPROP,2024-03-31,58.48,41.52,0.0
GODREJPROP,2024-06-30,58.48,41.52,0.0
GODREJPROP,2024-09-30,58.48,41.52,0.0
GODREJPROP,2024-12-03,46.48,53.52,0.0
GODREJPROP,2024-12-31,46.5,53.5,0.0
GODREJPROP,2025-03-31,46.67,53.33,0.0
GODREJPROP,2025-06-30,46.7,53.3,0.0
GODREJPROP,2025-09-30,47.05,52.95,0.0
GODREJPROP,2025-12-31,47.17,52.83,0.0
GODREJPROP,2026-03-31,51.66,48.34,0.0
GODREJPROP,2026-06-30,51.66,48.34,0.0
GPIL,2021-09-30,67.5,32.5,0.0
GPIL,2021-10-30,67.5,32.5,0.0
GPIL,2021-12-31,67.5,32.5,0.0
GPIL,2022-03-31,67.5,32.5,0.0
GPIL,2022-06-30,67.5,32.5,0.0
GPIL,2022-09-30,67.5,32.5,0.0
GPIL,2022-12-31,67.5,32.5,0.0
GPIL,2023-03-31,67.5,32.5,0.0
GPIL,2023-04-28,67.68,32.32,0.0
GPIL,2023-06-30,67.68,32.32,0.0
GPIL,2023-09-30,63.26,36.74,0.0
GPIL,2023-12-31,63.26,36.74,0.0
GPIL,2024-03-31,63.26,36.74,0.0
GPIL,2024-06-30,63.26,36.74,0.0
GPIL,2024-09-30,63.49,36.51,0.0
GPIL,2024-12-31,63.51,36.49,0.0
GPIL,2025-03-31,63.51,36.49,0.0
GPIL,2025-06-30,63.48,36.52,0.0
GPIL,2025-09-30,63.51,36.49,0.0
GPIL,2025-12-31,63.49,36.51,0.0
GPIL,2026-03-31,63.34,36.66,0.0
GPIL,2026-06-30,63.18,36.82,0.0
GRANULES,2021-09-30,42.04,57.96,0.0
GRANULES,2021-12-31,41.98,58.02,0.0
GRANULES,2022-03-31,41.98,58.02,0.0
GRANULES,2022-06-30,41.98,58.02,0.0
GRANULES,2022-09-30,41.93,58.07,0.0
GRANULES,2022-10-19,42.02,57.98,0.0
GRANULES,2022-12-31,42.02,57.98,0.0
GRANULES,2023-03-31,42.02,57.98,0.0
GRANULES,2023-06-30,42.02,57.98,0.0
GRANULES,2023-09-30,41.96,58.04,0.0
GRANULES,2023-12-31,41.96,58.04,0.0
GRANULES,2024-03-31,41.96,58.04,0.0
GRANULES,2024-06-30,38.87,61.13,0.0
GRANULES,2024-09-30,38.87,61.13,0.0
GRANULES,2024-12-31,38.85,61.15,0.0
GRANULES,2025-03-31,38.84,61.16,0.0
GRANULES,2025-06-30,38.82,61.18,0.0
GRANULES,2025-09-30,38.82,61.18,0.0
GRANULES,2025-12-31,38.82,61.18,0.0
GRANULES,2026-02-23,38.02,61.98,0.0
GRANULES,2026-03-31,38.02,61.98,0.0
GRANULES,2026-06-30,38.02,61.98,0.0
GRAPHITE,2021-09-30,65.34,34.66,0.0
GRAPHITE,2021-12-31,65.34,34.66,0.0
GRAPHITE,2022-03-31,65.34,34.66,0.0
GRAPHITE,2022-06-30,65.34,34.66,0.0
GRAPHITE,2022-09-30,65.34,34.66,0.0
GRAPHITE,2022-12-31,65.34,34.66,0.0
GRAPHITE,2023-03-31,65.34,34.66,0.0
GRAPHITE,2023-06-30,65.34,34.66,0.0
GRAPHITE,2023-09-30,65.34,34.66,0.0
GRAPHITE,2023-12-31,65.34,34.66,0.0
GRAPHITE,2024-03-31,65.34,34.66,0.0
GRAPHITE,2024-06-30,65.34,34.66,0.0
GRAPHITE,2024-09-30,65.34,34.66,0.0
GRAPHITE,2024-12-31,65.34,34.66,0.0
GRAPHITE,2025-03-31,65.34,34.66,0.0
GRAPHITE,2025-06-30,65.34,34.66,0.0
GRAPHITE,2025-09-30,65.34,34.66,0.0
GRAPHITE,2025-12-31,65.34,34.66,0.0
GRAPHITE,2026-03-31,65.34,34.66,0.0
GRAPHITE,2026-06-30,65.34,34.66,0.0
GRASIM,2021-09-30,42.26,57.49,0.26
GRASIM,2021-12-31,42.54,57.21,0.25
GRASIM,2022-03-31,42.76,57.01,0.23
GRASIM,2022-06-30,42.76,57.02,0.22
GRASIM,2022-09-30,42.75,56.97,0.28
GRASIM,2022-12-31,42.75,56.94,0.31
GRASIM,2023-03-31,42.75,56.95,0.3
GRASIM,2023-06-30,42.75,56.95,0.3
GRASIM,2023-09-30,42.75,56.91,0.35
GRASIM,2023-12-31,42.75,56.92,0.33
GRASIM,2024-02-02,43.06,56.62,0.32
GRASIM,2024-03-31,43.06,56.63,0.31
GRASIM,2024-06-30,43.06,56.64,0.3
GRASIM,2024-09-30,43.11,56.57,0.31
GRASIM,2024-12-31,43.11,56.58,0.31
GRASIM,2025-03-31,43.11,56.58,0.3
GRASIM,2025-06-30,43.11,56.59,0.3
GRASIM,2025-09-30,43.11,56.58,0.31
GRASIM,2025-12-31,43.22,56.42,0.36
GRASIM,2026-03-31,43.74,55.92,0.34
GRASIM,2026-06-30,43.74,55.93,0.34
GRAVITA,2021-09-30,73.0,25.0,2.0
GRAVITA,2021-12-31,73.0,25.0,2.0
GRAVITA,2022-03-31,73.0,25.0,2.0
GRAVITA,2022-06-30,73.0,25.0,2.0
GRAVITA,2022-09-30,73.0,25.0,2.0
GRAVITA,2022-12-31,73.0,25.0,2.0
GRAVITA,2023-03-31,73.0,25.0,2.0
GRAVITA,2023-06-30,66.48,31.54,1.98
GRAVITA,2023-09-30,66.48,32.07,1.45
GRAVITA,2023-12-31,66.48,32.07,1.45
GRAVITA,2024-03-31,66.48,32.07,1.45
GRAVITA,2024-06-30,63.37,35.18,1.45
GRAVITA,2024-09-30,63.37,35.18,1.45
GRAVITA,2024-12-19,59.27,39.37,1.35
GRAVITA,2024-12-31,59.27,39.37,1.35
GRAVITA,2025-03-31,59.27,39.37,1.35
GRAVITA,2025-06-30,55.88,42.78,1.33
GRAVITA,2025-09-30,55.88,42.78,1.33
GRAVITA,2025-12-31,55.88,42.79,1.32
GRAVITA,2026-03-31,55.88,42.79,1.32
GRAVITA,2026-06-30,55.88,42.8,1.32
GROWW,2025-11-11,27.81,72.19,0.0
GROWW,2025-12-31,27.81,72.19,0.0
GROWW,2026-03-31,27.38,71.31,1.31
GROWW,2026-06-30,27.14,71.75,1.11
GRSE,2021-09-30,74.5,25.5,0.0
GRSE,2021-12-31,74.5,25.5,0.0
GRSE,2022-03-31,74.5,25.5,0.0
GRSE,2022-06-30,74.5,25.5,0.0
GRSE,2022-09-30,74.5,25.5,0.0
GRSE,2022-12-31,74.5,25.5,0.0
GRSE,2023-03-31,74.5,25.5,0.0
GRSE,2023-06-30,74.5,25.5,0.0
GRSE,2023-09-30,74.5,25.5,0.0
GRSE,2023-12-31,74.5,25.5,0.0
GRSE,2024-03-31,74.5,25.5,0.0
GRSE,2024-06-30,74.5,25.5,0.0
GRSE,2024-09-30,74.5,25.5,0.0
GRSE,2024-12-31,74.5,25.5,0.0
GRSE,2025-03-31,74.5,25.5,0.0
GRSE,2025-06-30,74.5,25.5,0.0
GRSE,2025-09-30,74.5,25.5,0.0
GRSE,2025-12-31,74.5,25.5,0.0
GRSE,2026-03-31,74.5,25.5,0.0
GRSE,2026-06-30,74.5,25.5,0.0
HAL,2021-09-30,75.15,24.85,0.0
HAL,2021-12-31,75.15,24.85,0.0
HAL,2022-03-31,75.15,24.85,0.0
HAL,2022-06-30,75.15,24.85,0.0
HAL,2022-09-30,75.15,24.85,0.0
HAL,2022-12-31,75.15,24.85,0.0
HAL,2023-03-31,71.65,28.35,0.0
HAL,2023-06-30,71.64,28.36,0.0
HAL,2023-09-30,71.64,28.36,0.0
HAL,2023-12-31,71.64,28.36,0.0
HAL,2024-03-31,71.64,28.36,0.0
HAL,2024-06-30,71.64,28.36,0.0
HAL,2024-09-30,71.64,28.36,0.0
HAL,2024-12-31,71.64,28.36,0.0
HAL,2025-03-31,71.64,28.36,0.0
HAL,2025-06-30,71.64,28.36,0.0
HAL,2025-09-30,71.64,28.36,0.0
HAL,2025-12-31,71.64,28.36,0.0
HAL,2026-03-31,71.64,28.36,0.0
HAL,2026-06-30,71.64,28.36,0.0
HAVELLS,2021-09-30,59.47,40.52,0.01
HAVELLS,2021-12-31,59.47,40.52,0.01
HAVELLS,2022-03-31,59.47,40.52,0.01
HAVELLS,2022-06-30,59.45,40.51,0.04
HAVELLS,2022-09-30,59.45,40.54,0.01
HAVELLS,2022-12-31,59.45,40.54,0.01
HAVELLS,2023-03-31,59.45,40.54,0.01
HAVELLS,2023-06-30,59.43,40.53,0.03
HAVELLS,2023-09-30,59.43,40.57,0.0
HAVELLS,2023-12-31,59.43,40.57,0.0
HAVELLS,2024-03-31,59.43,40.57,0.0
HAVELLS,2024-06-30,59.41,40.55,0.04
HAVELLS,2024-09-30,59.41,40.59,0.0
HAVELLS,2024-12-31,59.41,40.59,0.0
HAVELLS,2025-03-31,59.41,40.59,0.0
HAVELLS,2025-06-30,59.38,40.57,0.04
HAVELLS,2025-09-30,59.38,40.62,0.0
HAVELLS,2025-12-31,59.38,40.62,0.0
HAVELLS,2026-03-31,59.38,40.62,0.0
HAVELLS,2026-06-30,59.35,40.65,0.0
HBLENGINE,2021-09-30,58.6,41.4,0.0
HBLENGINE,2021-12-31,58.95,41.05,0.0
HBLENGINE,2022-03-31,58.97,41.03,0.0
HBLENGINE,2022-06-30,58.97,41.03,0.0
HBLENGINE,2022-09-30,58.97,41.03,0.0
HBLENGINE,2022-12-31,59.02,40.98,0.0
HBLENGINE,2023-03-31,59.08,40.92,0.0
HBLENGINE,2023-06-30,59.1,40.9,0.0
HBLENGINE,2023-09-30,59.11,40.89,0.0
HBLENGINE,2023-12-31,59.11,40.89,0.0
HBLENGINE,2024-03-31,59.11,40.89,0.0
HBLENGINE,2024-06-30,59.11,40.89,0.0
HBLENGINE,2024-09-30,59.11,40.89,0.0
HBLENGINE,2024-12-31,59.11,40.89,0.0
HBLENGINE,2025-03-31,59.11,40.89,0.0
HBLENGINE,2025-06-30,59.11,40.89,0.0
HBLENGINE,2025-09-30,59.11,40.89,0.0
HBLENGINE,2025-12-31,59.11,40.89,0.0
HBLENGINE,2026-03-31,59.11,40.89,0.0
HBLENGINE,2026-06-30,59.11,40.89,0.0
HCLTECH,2021-09-30,60.33,39.67,0.0
HCLTECH,2021-12-31,60.33,39.47,0.2
HCLTECH,2022-03-31,60.72,39.05,0.23
HCLTECH,2022-06-30,60.72,39.05,0.23
HCLTECH,2022-09-30,60.72,39.05,0.23
HCLTECH,2022-12-31,60.72,39.05,0.23
HCLTECH,2023-03-31,60.81,38.95,0.23
HCLTECH,2023-06-30,60.81,38.96,0.23
HCLTECH,2023-09-30,60.81,38.97,0.21
HCLTECH,2023-12-31,60.81,38.98,0.21
HCLTECH,2024-03-31,60.81,38.98,0.21
HCLTECH,2024-06-30,60.81,38.91,0.28
HCLTECH,2024-09-30,60.81,39.0,0.18
HCLTECH,2024-12-31,60.81,39.06,0.13
HCLTECH,2025-03-31,60.81,39.01,0.18
HCLTECH,2025-06-30,60.81,39.02,0.16
HCLTECH,2025-09-30,60.81,38.89,0.3
HCLTECH,2025-12-31,60.81,38.89,0.3
HCLTECH,2026-03-31,60.86,38.85,0.29
HCLTECH,2026-06-30,60.88,38.83,0.29
HDBFS,2025-07-01,74.19,25.58,0.23
HDBFS,2025-09-30,74.19,25.58,0.23
HDBFS,2025-12-31,74.15,25.62,0.23
HDBFS,2026-03-31,74.12,25.65,0.23
HDBFS,2026-06-30,74.12,25.65,0.23
HDFCAMC,2021-09-30,68.85,31.15,0.0
HDFCAMC,2021-12-31,68.84,31.16,0.0
HDFCAMC,2022-03-31,68.81,31.19,0.0
HDFCAMC,2022-06-30,68.8,31.2,0.0
HDFCAMC,2022-09-30,62.8,37.2,0.0
HDFCAMC,2022-12-31,62.78,37.22,0.0
HDFCAMC,2023-03-31,62.77,37.23,0.0
HDFCAMC,2023-06-30,52.55,47.45,0.0
HDFCAMC,2023-09-30,52.55,47.45,0.0
HDFCAMC,2023-12-31,52.55,47.45,0.0
HDFCAMC,2024-03-31,52.55,47.45,0.0
HDFCAMC,2024-06-30,52.52,47.48,0.0
HDFCAMC,2024-09-30,52.51,47.49,0.0
HDFCAMC,2024-12-31,52.48,47.52,0.0
HDFCAMC,2025-03-31,52.47,47.53,0.0
HDFCAMC,2025-06-30,52.44,47.56,0.0
HDFCAMC,2025-09-30,52.42,47.58,0.0
HDFCAMC,2025-11-27,52.38,47.62,0.0
HDFCAMC,2025-12-31,52.38,47.62,0.0
HDFCAMC,2026-03-31,52.37,47.63,0.0
HDFCAMC,2026-06-30,52.34,47.66,0.0
HDFCBANK,2021-09-30,25.83,74.17,0.0
HDFCBANK,2021-12-31,25.8,74.2,0.0
HDFCBANK,2022-03-31,25.78,74.22,0.0
HDFCBANK,2022-06-30,25.73,74.27,0.0
HDFCBANK,2022-09-30,25.64,74.36,0.0
HDFCBANK,2022-12-31,25.6,74.4,0.0
HDFCBANK,2023-03-31,25.59,74.41,0.0
HDFCBANK,2023-06-30,25.52,74.48,0.0
HDFCBANK,2023-07-14,0.0,100.0,0.0
HDFCBANK,2023-09-30,0.0,100.0,0.0
HDFCBANK,2023-12-31,0.0,100.0,0.0
HDFCBANK,2024-03-31,0.0,100.0,0.0
HDFCBANK,2024-06-30,0.0,100.0,0.0
HDFCBANK,2024-09-30,0.0,100.0,0.0
HDFCBANK,2024-12-31,0.0,100.0,0.0
HDFCBANK,2025-03-31,0.0,100.0,0.0
HDFCBANK,2025-06-30,0.0,100.0,0.0
HDFCBANK,2025-08-28,0.0,100.0,0.0
HDFCBANK,2025-09-30,0.0,100.0,0.0
HDFCBANK,2025-12-31,0.0,100.0,0.0
HDFCBANK,2026-03-31,0.0,100.0,0.0
HDFCBANK,2026-06-30,0.0,100.0,0.0
HDFCLIFE,2021-09-30,53.81,46.16,0.03
HDFCLIFE,2021-12-31,53.77,46.21,0.03
HDFCLIFE,2022-01-01,51.55,48.42,0.03
HDFCLIFE,2022-03-31,51.53,48.44,0.03
HDFCLIFE,2022-06-30,51.52,48.46,0.03
HDFCLIFE,2022-09-30,50.32,49.65,0.03
HDFCLIFE,2022-12-31,50.32,49.66,0.03
HDFCLIFE,2023-03-31,50.31,49.66,0.03
HDFCLIFE,2023-06-30,50.33,49.64,0.03
HDFCLIFE,2023-09-30,50.39,49.59,0.03
HDFCLIFE,2023-12-31,50.37,49.6,0.03
HDFCLIFE,2024-03-31,50.37,49.61,0.03
HDFCLIFE,2024-06-30,50.37,49.61,0.03
HDFCLIFE,2024-09-30,50.34,49.64,0.03
HDFCLIFE,2024-12-31,50.32,49.65,0.03
HDFCLIFE,2025-03-31,50.32,49.66,0.03
HDFCLIFE,2025-06-30,50.28,49.7,0.03
HDFCLIFE,2025-09-30,50.25,49.73,0.03
HDFCLIFE,2025-12-31,50.21,49.76,0.03
HDFCLIFE,2026-03-31,50.21,49.77,0.03
HDFCLIFE,2026-06-30,50.54,49.44,0.02
HEG,2021-09-30,55.13,44.87,0.0
HEG,2021-12-31,55.13,44.87,0.0
HEG,2022-03-31,55.13,44.87,0.0
HEG,2022-06-30,55.13,44.87,0.0
HEG,2022-09-30,55.13,44.87,0.0
HEG,2022-12-31,55.13,44.87,0.0
HEG,2023-03-31,55.78,44.22,0.0
HEG,2023-06-30,55.78,44.22,0.0
HEG,2023-09-30,55.78,44.22,0.0
HEG,2023-12-31,55.78,44.22,0.0
HEG,2024-03-31,55.78,44.22,0.0
HEG,2024-06-30,55.78,44.22,0.0
HEG,2024-09-30,55.78,44.22,0.0
HEG,2024-12-31,55.78,44.22,0.0
HEG,2025-03-31,55.78,44.22,0.0
HEG,2025-06-30,55.78,44.22,0.0
HEG,2025-09-30,55.78,44.22,0.0
HEG,2025-12-31,56.13,43.87,0.0
HEG,2026-03-31,56.28,43.72,0.0
HEG,2026-06-30,56.28,43.72,0.0
HEROMOTOCO,2021-09-30,34.76,65.24,0.0
HEROMOTOCO,2021-12-31,34.75,65.25,0.0
HEROMOTOCO,2022-03-31,34.75,65.25,0.0
HEROMOTOCO,2022-06-30,34.78,65.22,0.0
HEROMOTOCO,2022-09-30,34.77,65.23,0.0
HEROMOTOCO,2022-12-31,34.77,65.23,0.0
HEROMOTOCO,2023-03-31,34.77,65.23,0.0
HEROMOTOCO,2023-06-30,34.77,65.23,0.0
HEROMOTOCO,2023-09-30,34.77,65.23,0.0
HEROMOTOCO,2023-12-31,34.76,65.24,0.0
HEROMOTOCO,2024-03-31,34.76,65.24,0.0
HEROMOTOCO,2024-06-30,34.76,65.24,0.0
HEROMOTOCO,2024-09-30,34.75,65.25,0.0
HEROMOTOCO,2024-12-31,34.74,65.26,0.0
HEROMOTOCO,2025-03-31,34.74,65.26,0.0
HEROMOTOCO,2025-06-30,34.74,65.26,0.0
HEROMOTOCO,2025-09-30,34.73,65.27,0.0
HEROMOTOCO,2025-12-31,34.73,65.27,0.0
HEROMOTOCO,2026-03-31,34.73,65.27,0.0
HEROMOTOCO,2026-06-30,34.73,65.27,0.0
HEXT,2025-02-17,74.71,25.29,0.0
HEXT,2025-03-31,74.71,25.29,0.0
HEXT,2025-06-30,74.57,25.25,0.18
HEXT,2025-09-30,74.55,25.44,0.01
HEXT,2025-12-31,74.3,25.43,0.27
HEXT,2026-03-31,74.3,25.44,0.26
HEXT,2026-06-30,74.3,25.5,0.2
HFCL,2021-09-30,41.89,57.89,0.22
HFCL,2021-12-10,39.23,60.59,0.18
HFCL,2021-12-31,39.23,60.6,0.17
HFCL,2022-03-31,39.23,60.64,0.12
HFCL,2022-06-30,39.2,60.62,0.18
HFCL,2022-09-30,39.2,60.67,0.13
HFCL,2022-12-31,39.24,60.65,0.12
HFCL,2023-03-31,39.24,60.66,0.1
HFCL,2023-06-30,39.24,60.67,0.09
HFCL,2023-08-31,37.84,62.08,0.08
HFCL,2023-09-30,37.84,62.09,0.08
HFCL,2023-12-31,37.84,62.09,0.08
HFCL,2024-03-31,37.68,62.25,0.06
HFCL,2024-06-30,37.63,62.31,0.06
HFCL,2024-09-30,36.24,63.71,0.05
HFCL,2024-12-31,35.89,64.06,0.04
HFCL,2025-03-31,34.37,65.59,0.04
HFCL,2025-06-30,31.58,68.38,0.04
HFCL,2025-09-30,30.02,69.94,0.04
HFCL,2025-12-24,28.29,71.68,0.03
HFCL,2025-12-31,28.29,71.68,0.03
HFCL,2026-03-31,28.29,71.69,0.02
HFCL,2026-06-30,28.29,71.69,0.02
HINDALCO,2021-09-30,34.65,65.06,0.29
HINDALCO,2021-12-31,34.65,65.0,0.34
HINDALCO,2022-03-31,34.64,65.04,0.31
HINDALCO,2022-06-30,34.64,65.07,0.29
HINDALCO,2022-09-30,34.64,65.0,0.36
HINDALCO,2022-12-31,34.64,64.95,0.41
HINDALCO,2023-03-31,34.64,64.95,0.41
HINDALCO,2023-06-30,34.64,64.97,0.39
HINDALCO,2023-09-30,34.64,64.94,0.42
HINDALCO,2023-12-31,34.64,64.89,0.47
HINDALCO,2024-03-31,34.64,64.9,0.46
HINDALCO,2024-06-30,34.64,64.92,0.44
HINDALCO,2024-09-30,34.64,64.86,0.5
HINDALCO,2024-12-31,34.64,64.88,0.48
HINDALCO,2025-03-31,34.64,64.89,0.47
HINDALCO,2025-06-30,34.64,64.91,0.45
HINDALCO,2025-09-30,34.64,64.82,0.54
HINDALCO,2025-12-31,34.64,64.85,0.51
HINDALCO,2026-03-31,34.64,64.87,0.49
HINDALCO,2026-06-30,34.66,64.87,0.47
HINDCOPPER,2021-09-30,66.14,33.86,0.0
HINDCOPPER,2021-12-31,66.14,33.86,0.0
HINDCOPPER,2022-03-31,66.14,33.86,0.0
HINDCOPPER,2022-06-30,66.14,33.86,0.0
HINDCOPPER,2022-09-30,66.14,33.86,0.0
HINDCOPPER,2022-12-31,66.14,33.86,0.0
HINDCOPPER,2023-03-31,66.14,33.86,0.0
HINDCOPPER,2023-06-30,66.14,33.86,0.0
HINDCOPPER,2023-09-30,66.14,33.86,0.0
HINDCOPPER,2023-12-31,66.14,33.86,0.0
HINDCOPPER,2024-03-31,66.14,33.86,0.0
HINDCOPPER,2024-06-30,66.14,33.86,0.0
HINDCOPPER,2024-09-30,66.14,33.86,0.0
HINDCOPPER,2024-12-31,66.14,33.86,0.0
HINDCOPPER,2025-03-31,66.14,33.86,0.0
HINDCOPPER,2025-06-30,66.14,33.86,0.0
HINDCOPPER,2025-09-30,66.14,33.86,0.0
HINDCOPPER,2025-12-31,66.14,33.86,0.0
HINDCOPPER,2026-03-31,66.14,33.86,0.0
HINDCOPPER,2026-06-30,66.14,33.86,0.0
HINDPETRO,2021-09-30,54.9,45.1,0.0
HINDPETRO,2021-12-31,54.9,45.1,0.0
HINDPETRO,2022-03-31,54.9,45.1,0.0
HINDPETRO,2022-06-30,54.9,45.1,0.0
HINDPETRO,2022-09-30,54.9,45.1,0.0
HINDPETRO,2022-12-31,54.9,45.1,0.0
HINDPETRO,2023-03-31,54.9,45.1,0.0
HINDPETRO,2023-06-30,54.9,45.1,0.0
HINDPETRO,2023-09-30,54.9,45.1,0.0
HINDPETRO,2023-12-31,54.9,45.1,0.0
HINDPETRO,2024-03-31,54.9,45.1,0.0
HINDPETRO,2024-06-25,54.9,45.1,0.0
HINDPETRO,2024-06-30,54.9,45.1,0.0
HINDPETRO,2024-09-30,54.9,45.1,0.0
HINDPETRO,2024-12-31,54.9,45.1,0.0
HINDPETRO,2025-03-31,54.9,45.1,0.0
HINDPETRO,2025-06-30,54.9,45.1,0.0
HINDPETRO,2025-09-30,54.9,45.1,0.0
HINDPETRO,2025-12-31,54.9,45.1,0.0
HINDPETRO,2026-03-31,54.9,45.1,0.0
HINDPETRO,2026-06-30,54.9,45.1,0.0
HINDUNILVR,2021-09-30,61.9,38.08,0.0
HINDUNILVR,2021-12-31,61.9,38.1,0.0
HINDUNILVR,2022-03-31,61.9,38.1,0.0
HINDUNILVR,2022-06-30,61.9,38.1,0.0
HINDUNILVR,2022-09-30,61.9,38.1,0.0
HINDUNILVR,2022-12-31,61.9,38.1,0.0
HINDUNILVR,2023-03-31,61.9,38.1,0.0
HINDUNILVR,2023-06-30,61.9,38.1,0.0
HINDUNILVR,2023-09-30,61.9,38.1,0.0
HINDUNILVR,2023-12-31,61.9,38.1,0.0
HINDUNILVR,2024-03-31,61.9,38.1,0.0
HINDUNILVR,2024-06-30,61.9,38.1,0.0
HINDUNILVR,2024-09-30,61.9,38.1,0.0
HINDUNILVR,2024-12-31,61.9,38.1,0.0
HINDUNILVR,2025-03-31,61.9,38.1,0.0
HINDUNILVR,2025-06-30,61.9,38.1,0.0
HINDUNILVR,2025-09-30,61.9,38.1,0.0
HINDUNILVR,2025-12-31,61.9,38.1,0.0
HINDUNILVR,2026-03-31,61.9,38.1,0.0
HINDUNILVR,2026-06-30,61.9,38.1,0.0
HINDZINC,2021-09-30,64.92,35.08,0.0
HINDZINC,2021-12-31,64.92,35.08,0.0
HINDZINC,2022-03-31,64.92,35.08,0.0
HINDZINC,2022-06-30,64.92,35.08,0.0
HINDZINC,2022-09-30,64.92,35.08,0.0
HINDZINC,2022-12-31,64.92,35.08,0.0
HINDZINC,2023-03-31,64.92,35.08,0.0
HINDZINC,2023-06-30,64.92,35.08,0.0
HINDZINC,2023-09-30,64.92,35.08,0.0
HINDZINC,2023-12-31,64.92,35.08,0.0
HINDZINC,2024-03-31,64.92,35.08,0.0
HINDZINC,2024-06-30,64.92,35.08,0.0
HINDZINC,2024-09-30,63.42,36.58,0.0
HINDZINC,2024-12-31,63.42,36.58,0.0
HINDZINC,2025-03-31,63.42,36.58,0.0
HINDZINC,2025-06-30,61.84,38.16,0.0
HINDZINC,2025-09-30,61.84,38.16,0.0
HINDZINC,2025-12-31,61.84,38.16,0.0
HINDZINC,2026-03-31,60.71,39.29,0.0
HINDZINC,2026-06-30,60.71,39.29,0.0
HOMEFIRST,2021-09-30,33.65,66.34,0.02
HOMEFIRST,2021-12-31,33.62,66.36,0.02
HOMEFIRST,2022-03-31,33.6,66.38,0.02
HOMEFIRST,2022-06-30,33.58,66.4,0.01
HOMEFIRST,2022-09-30,33.57,66.43,0.0
HOMEFIRST,2022-12-31,33.52,66.48,0.0
HOMEFIRST,2023-03-31,33.46,66.54,0.0
HOMEFIRST,2023-06-30,30.21,69.79,0.0
HOMEFIRST,2023-09-30,30.19,69.81,0.0
HOMEFIRST,2023-12-31,23.6,76.4,0.0
HOMEFIRST,2024-03-31,23.56,76.44,0.0
HOMEFIRST,2024-06-30,23.45,76.55,0.0
HOMEFIRST,2024-09-30,23.38,76.62,0.0
HOMEFIRST,2024-12-31,14.31,85.69,0.0
HOMEFIRST,2025-03-31,14.25,85.75,0.0
HOMEFIRST,2025-04-11,12.47,87.53,0.0
HOMEFIRST,2025-06-30,12.43,87.57,0.0
HOMEFIRST,2025-09-30,12.39,87.61,0.0
HOMEFIRST,2025-12-31,12.35,87.65,0.0
HOMEFIRST,2026-03-31,6.99,93.01,0.0
HOMEFIRST,2026-06-30,6.97,93.03,0.0
HONASA,2023-11-03,35.34,64.66,0.0
HONASA,2023-12-31,35.34,64.66,0.0
HONASA,2024-03-31,35.07,64.93,0.0
HONASA,2024-06-30,35.07,64.93,0.0
HONASA,2024-09-30,34.98,65.02,0.0
HONASA,2024-12-31,35.03,64.97,0.0
HONASA,2025-03-31,34.99,65.01,0.0
HONASA,2025-06-30,34.99,65.01,0.0
HONASA,2025-09-30,34.97,65.03,0.0
HONASA,2025-12-31,35.54,64.46,0.0
HONASA,2026-03-31,35.54,64.46,0.0
HONASA,2026-06-30,35.47,64.53,0.0
HONAUT,2021-09-30,75.0,25.0,0.0
HONAUT,2021-12-31,75.0,25.0,0.0
HONAUT,2022-03-31,75.0,25.0,0.0
HONAUT,2022-06-30,75.0,25.0,0.0
HONAUT,2022-09-30,75.0,25.0,0.0
HONAUT,2022-12-31,75.0,25.0,0.0
HONAUT,2023-03-31,75.0,25.0,0.0
HONAUT,2023-06-30,75.0,25.0,0.0
HONAUT,2023-09-30,75.0,25.0,0.0
HONAUT,2023-12-31,75.0,25.0,0.0
HONAUT,2024-03-31,75.0,25.0,0.0
HONAUT,2024-06-30,75.0,25.0,0.0
HONAUT,2024-09-30,75.0,25.0,0.0
HONAUT,2024-12-31,75.0,25.0,0.0
HONAUT,2025-03-31,75.0,25.0,0.0
HONAUT,2025-06-30,75.0,25.0,0.0
HONAUT,2025-09-30,75.0,25.0,0.0
HONAUT,2025-12-31,75.0,25.0,0.0
HONAUT,2026-03-31,75.0,25.0,0.0
HONAUT,2026-06-30,75.0,25.0,0.0
HSCL,2021-09-30,45.43,54.57,0.0
HSCL,2021-12-31,45.43,54.57,0.0
HSCL,2022-03-31,45.43,54.57,0.0
HSCL,2022-06-30,45.39,54.61,0.0
HSCL,2022-09-30,45.39,54.61,0.0
HSCL,2022-12-31,45.38,54.62,0.0
HSCL,2023-02-17,47.06,52.94,0.0
HSCL,2023-03-31,45.62,54.38,0.0
HSCL,2023-06-30,44.96,55.04,0.0
HSCL,2023-09-30,44.86,55.14,0.0
HSCL,2023-12-31,44.79,55.21,0.0
HSCL,2024-01-19,48.87,51.13,0.0
HSCL,2024-02-02,50.29,49.71,0.0
HSCL,2024-03-31,50.29,49.71,0.0
HSCL,2024-06-30,50.2,49.8,0.0
HSCL,2024-09-30,50.78,49.22,0.0
HSCL,2024-12-31,51.56,48.44,0.0
HSCL,2025-03-31,51.61,48.39,0.0
HSCL,2025-06-30,51.61,48.39,0.0
HSCL,2025-09-30,51.57,48.43,0.0
HSCL,2025-11-07,52.5,47.5,0.0
HSCL,2025-12-31,52.5,47.5,0.0
HSCL,2026-03-31,52.5,47.5,0.0
HSCL,2026-06-30,52.5,47.5,0.0
HUDCO,2021-09-30,81.81,18.19,0.0
HUDCO,2021-12-31,81.81,18.19,0.0
HUDCO,2022-03-31,81.81,18.19,0.0
HUDCO,2022-06-30,81.81,18.19,0.0
HUDCO,2022-09-30,81.81,18.19,0.0
HUDCO,2022-12-31,81.81,18.19,0.0
HUDCO,2023-03-31,81.81,18.19,0.0
HUDCO,2023-06-30,81.81,18.19,0.0
HUDCO,2023-09-30,81.81,18.19,0.0
HUDCO,2023-12-31,75.17,24.83,0.0
HUDCO,2024-03-31,75.0,25.0,0.0
HUDCO,2024-06-30,75.0,25.0,0.0
HUDCO,2024-09-30,75.0,25.0,0.0
HUDCO,2024-12-31,75.0,25.0,0.0
HUDCO,2025-03-31,75.0,25.0,0.0
HUDCO,2025-06-30,75.0,25.0,0.0
HUDCO,2025-09-30,75.0,25.0,0.0
HUDCO,2025-12-31,75.0,25.0,0.0
HUDCO,2026-03-31,75.0,25.0,0.0
HUDCO,2026-06-30,75.0,25.0,0.0
HYUNDAI,2024-10-19,82.5,17.5,0.0
HYUNDAI,2024-12-31,82.5,17.5,0.0
HYUNDAI,2025-03-31,82.5,17.5,0.0
HYUNDAI,2025-06-30,82.5,17.5,0.0
HYUNDAI,2025-09-30,82.5,17.5,0.0
HYUNDAI,2025-12-31,82.5,17.5,0.0
HYUNDAI,2026-03-31,82.5,17.5,0.0
HYUNDAI,2026-06-30,82.5,17.5,0.0
ICICIAMC,2025-12-18,87.59,12.41,0.0
ICICIAMC,2025-12-31,87.59,12.41,0.0
ICICIAMC,2026-03-31,87.59,12.41,0.0
ICICIAMC,2026-06-30,87.6,12.4,0.0
ICICIBANK,2021-09-30,0.0,100.0,0.0
ICICIBANK,2021-12-31,0.0,100.0,0.0
ICICIBANK,2022-03-31,0.0,100.0,0.0
ICICIBANK,2022-06-30,0.0,100.0,0.0
ICICIBANK,2022-09-30,0.0,100.0,0.0
ICICIBANK,2022-12-31,0.0,100.0,0.0
ICICIBANK,2023-03-31,0.0,100.0,0.0
ICICIBANK,2023-06-30,0.0,100.0,0.0
ICICIBANK,2023-09-30,0.0,100.0,0.0
ICICIBANK,2023-12-31,0.0,100.0,0.0
ICICIBANK,2024-03-31,0.0,100.0,0.0
ICICIBANK,2024-06-30,0.0,100.0,0.0
ICICIBANK,2024-09-30,0.0,100.0,0.0
ICICIBANK,2024-12-31,0.0,100.0,0.0
ICICIBANK,2025-03-31,0.0,100.0,0.0
ICICIBANK,2025-06-30,0.0,100.0,0.0
ICICIBANK,2025-09-30,0.0,100.0,0.0
ICICIBANK,2025-12-31,0.0,100.0,0.0
ICICIBANK,2026-03-31,0.0,100.0,0.0
ICICIBANK,2026-06-30,0.0,100.0,0.0
ICICIGI,2021-09-30,48.08,51.93,0.0
ICICIGI,2021-12-31,48.05,51.95,0.0
ICICIGI,2022-03-31,48.04,51.96,0.0
ICICIGI,2022-06-30,48.03,51.97,0.0
ICICIGI,2022-09-30,48.02,51.98,0.0
ICICIGI,2022-12-31,48.02,51.98,0.0
ICICIGI,2023-03-31,48.02,51.98,0.0
ICICIGI,2023-06-30,48.01,51.99,0.0
ICICIGI,2023-09-30,48.0,52.0,0.0
ICICIGI,2023-12-31,47.91,52.09,0.0
ICICIGI,2024-03-31,51.27,48.73,0.0
ICICIGI,2024-06-30,51.81,48.19,0.0
ICICIGI,2024-09-30,51.66,48.34,0.0
ICICIGI,2024-12-31,51.6,48.4,0.0
ICICIGI,2025-03-31,51.55,48.45,0.0
ICICIGI,2025-06-30,51.46,48.54,0.0
ICICIGI,2025-09-30,51.37,48.63,0.0
ICICIGI,2025-12-31,51.31,48.69,0.0
ICICIGI,2026-03-31,51.29,48.71,0.0
ICICIGI,2026-06-30,51.22,48.78,0.0
ICICIPRULI,2021-09-30,73.42,26.58,0.0
ICICIPRULI,2021-12-31,73.41,26.59,0.0
ICICIPRULI,2022-03-31,73.41,26.59,0.0
ICICIPRULI,2022-06-30,73.4,26.6,0.0
ICICIPRULI,2022-09-30,73.35,26.65,0.0
ICICIPRULI,2022-12-31,73.35,26.65,0.0
ICICIPRULI,2023-03-31,73.35,26.65,0.0
ICICIPRULI,2023-06-30,73.33,26.67,0.0
ICICIPRULI,2023-09-30,73.29,26.71,0.0
ICICIPRULI,2023-12-31,73.27,26.73,0.0
ICICIPRULI,2024-03-31,73.24,26.76,0.0
ICICIPRULI,2024-06-30,73.18,26.82,0.0
ICICIPRULI,2024-09-30,73.05,26.95,0.0
ICICIPRULI,2024-12-31,73.01,26.99,0.0
ICICIPRULI,2025-03-31,73.0,27.0,0.0
ICICIPRULI,2025-06-30,72.96,27.04,0.0
ICICIPRULI,2025-09-30,72.93,27.07,0.0
ICICIPRULI,2025-12-31,72.88,27.12,0.0
ICICIPRULI,2026-03-31,72.8,27.2,0.0
ICICIPRULI,2026-06-30,72.73,27.27,0.0
IDBI,2021-09-30,94.71,5.29,0.0
IDBI,2021-12-31,94.71,5.29,0.0
IDBI,2022-03-31,94.71,5.29,0.0
IDBI,2022-06-30,94.71,5.29,0.0
IDBI,2022-09-30,94.71,5.29,0.0
IDBI,2022-12-31,94.71,5.29,0.0
IDBI,2023-03-31,94.71,5.29,0.0
IDBI,2023-06-30,94.71,5.29,0.0
IDBI,2023-09-30,94.71,5.29,0.0
IDBI,2023-12-31,94.71,5.29,0.0
IDBI,2024-03-31,94.71,5.29,0.0
IDBI,2024-06-30,94.71,5.29,0.0
IDBI,2024-09-30,94.71,5.29,0.0
IDBI,2024-12-31,94.71,5.29,0.0
IDBI,2025-03-31,94.71,5.29,0.0
IDBI,2025-06-30,94.71,5.29,0.0
IDBI,2025-09-30,94.71,5.29,0.0
IDBI,2025-12-31,94.71,5.29,0.0
IDBI,2026-03-31,94.71,5.29,0.0
IDBI,2026-06-30,94.71,5.29,0.0
IDEA,2021-09-30,72.05,27.95,0.0
IDEA,2021-12-31,72.05,27.95,0.0
IDEA,2022-03-31,74.99,25.01,0.0
IDEA,2022-06-30,74.99,25.01,0.0
IDEA,2022-09-30,74.99,25.01,0.0
IDEA,2022-12-31,74.99,25.01,0.0
IDEA,2023-02-07,49.92,50.08,0.0
IDEA,2023-03-31,50.36,49.64,0.0
IDEA,2023-06-30,50.36,49.64,0.0
IDEA,2023-09-30,50.36,49.64,0.0
IDEA,2023-12-31,50.36,49.64,0.0
IDEA,2024-03-23,48.91,51.09,0.0
IDEA,2024-03-31,48.91,51.09,0.0
IDEA,2024-04-23,36.87,63.13,0.0
IDEA,2024-05-21,38.17,61.83,0.0
IDEA,2024-06-30,38.17,61.83,0.0
IDEA,2024-07-19,37.17,62.83,0.0
IDEA,2024-09-30,37.32,62.68,0.0
IDEA,2024-12-31,37.32,62.68,0.0
IDEA,2025-01-09,38.8,61.2,0.0
IDEA,2025-03-31,38.8,61.2,0.0
IDEA,2025-04-08,25.57,74.43,0.0
IDEA,2025-06-30,25.57,74.43,0.0
IDEA,2025-09-30,25.57,74.43,0.0
IDEA,2025-12-31,25.57,74.43,0.0
IDEA,2026-03-31,25.64,74.36,0.0
IDEA,2026-06-30,25.64,74.36,0.0
IDFCFIRSTB,2021-09-30,36.52,63.48,0.0
IDFCFIRSTB,2021-12-31,36.51,63.49,0.0
IDFCFIRSTB,2022-03-31,36.49,63.51,0.0
IDFCFIRSTB,2022-06-30,36.48,63.52,0.0
IDFCFIRSTB,2022-09-30,36.47,63.53,0.0
IDFCFIRSTB,2022-12-31,36.38,63.62,0.0
IDFCFIRSTB,2023-03-23,39.99,60.01,0.0
IDFCFIRSTB,2023-03-31,39.99,60.01,0.0
IDFCFIRSTB,2023-06-30,39.93,60.07,0.0
IDFCFIRSTB,2023-09-30,39.37,60.63,0.0
IDFCFIRSTB,2023-10-06,37.51,62.49,0.0
IDFCFIRSTB,2023-12-31,37.45,62.55,0.0
IDFCFIRSTB,2024-03-31,37.43,62.57,0.0
IDFCFIRSTB,2024-06-30,37.37,62.63,0.0
IDFCFIRSTB,2024-07-04,35.39,64.61,0.0
IDFCFIRSTB,2024-09-30,35.37,64.63,0.0
IDFCFIRSTB,2024-10-11,0.0,100.0,0.0
IDFCFIRSTB,2024-12-31,0.0,100.0,0.0
IDFCFIRSTB,2025-03-31,0.0,100.0,0.0
IDFCFIRSTB,2025-06-30,0.0,100.0,0.0
IDFCFIRSTB,2025-08-01,0.0,100.0,0.0
IDFCFIRSTB,2025-08-19,0.0,100.0,0.0
IDFCFIRSTB,2025-09-30,0.0,100.0,0.0
IDFCFIRSTB,2025-10-08,0.0,100.0,0.0
IDFCFIRSTB,2025-10-27,0.0,100.0,0.0
IDFCFIRSTB,2025-12-31,0.0,100.0,0.0
IDFCFIRSTB,2026-03-31,0.0,100.0,0.0
IDFCFIRSTB,2026-06-30,0.0,100.0,0.0
IEX,2021-09-30,0.0,99.69,0.31
IEX,2021-12-08,0.0,99.69,0.31
IEX,2021-12-31,0.0,99.69,0.31
IEX,2022-03-31,0.0,99.71,0.29
IEX,2022-06-30,0.0,99.71,0.29
IEX,2022-09-30,0.0,99.73,0.27
IEX,2022-12-31,0.0,99.73,0.27
IEX,2023-03-31,0.0,99.72,0.28
IEX,2023-06-30,0.0,99.72,0.28
IEX,2023-09-30,0.0,99.72,0.28
IEX,2023-12-31,0.0,99.72,0.28
IEX,2024-03-31,0.0,99.72,0.28
IEX,2024-06-30,0.0,99.72,0.28
IEX,2024-09-30,0.0,99.72,0.28
IEX,2024-12-31,0.0,99.72,0.28
IEX,2025-03-31,0.0,99.73,0.27
IEX,2025-06-30,0.0,99.73,0.27
IEX,2025-09-30,0.0,99.73,0.27
IEX,2025-12-31,0.0,99.73,0.27
IEX,2026-03-31,0.0,99.73,0.27
IEX,2026-06-30,0.0,99.73,0.27
IFCI,2021-09-30,63.81,36.19,0.0
IFCI,2021-12-31,63.81,36.19,0.0
IFCI,2022-02-25,64.86,35.14,0.0
IFCI,2022-03-31,64.86,35.14,0.0
IFCI,2022-06-30,64.86,35.14,0.0
IFCI,2022-09-30,64.86,35.14,0.0
IFCI,2022-10-27,66.35,33.65,0.0
IFCI,2022-12-31,66.35,33.65,0.0
IFCI,2023-03-31,66.35,33.65,0.0
IFCI,2023-04-27,70.32,29.68,0.0
IFCI,2023-06-30,70.32,29.68,0.0
IFCI,2023-09-30,70.32,29.68,0.0
IFCI,2023-12-31,70.32,29.68,0.0
IFCI,2024-03-31,70.32,29.68,0.0
IFCI,2024-04-18,71.72,28.28,0.0
IFCI,2024-06-30,71.72,28.28,0.0
IFCI,2024-09-30,71.72,28.28,0.0
IFCI,2024-12-31,71.72,28.28,0.0
IFCI,2025-02-28,72.57,27.43,0.0
IFCI,2025-03-31,72.57,27.43,0.0
IFCI,2025-06-30,72.57,27.43,0.0
IFCI,2025-09-30,72.57,27.43,0.0
IFCI,2025-12-31,72.57,27.43,0.0
IFCI,2026-03-31,72.57,27.43,0.0
IFCI,2026-06-30,72.57,27.43,0.0
IGIL,2024-12-19,76.55,23.45,0.0
IGIL,2024-12-31,76.55,23.45,0.0
IGIL,2025-03-31,76.55,23.45,0.0
IGIL,2025-06-30,76.55,23.45,0.0
IGIL,2025-09-30,76.55,23.45,0.0
IGIL,2025-12-31,76.55,23.45,0.0
IGIL,2026-03-31,76.55,23.45,0.0
IGIL,2026-06-30,76.55,23.45,0.0
IGL,2021-09-30,45.0,55.0,0.0
IGL,2021-12-31,45.0,55.0,0.0
IGL,2022-03-31,45.0,55.0,0.0
IGL,2022-06-30,45.0,55.0,0.0
IGL,2022-09-30,45.0,55.0,0.0
IGL,2022-12-31,45.0,55.0,0.0
IGL,2023-03-31,45.0,55.0,0.0
IGL,2023-06-30,45.0,55.0,0.0
IGL,2023-09-30,45.0,55.0,0.0
IGL,2023-12-31,45.0,55.0,0.0
IGL,2024-03-31,45.0,55.0,0.0
IGL,2024-06-30,45.0,55.0,0.0
IGL,2024-09-30,45.0,55.0,0.0
IGL,2024-12-31,45.0,55.0,0.0
IGL,2025-02-01,45.0,55.0,0.0
IGL,2025-03-31,45.0,55.0,0.0
IGL,2025-06-30,45.0,55.0,0.0
IGL,2025-09-30,45.0,55.0,0.0
IGL,2025-12-31,45.0,55.0,0.0
IGL,2026-03-31,45.0,55.0,0.0
IGL,2026-06-30,45.0,55.0,0.0
IIFL,2021-09-30,24.93,75.07,0.0
IIFL,2021-12-31,24.93,75.07,0.0
IIFL,2022-03-31,24.91,75.09,0.0
IIFL,2022-06-30,24.9,75.1,0.0
IIFL,2022-09-30,24.9,75.1,0.0
IIFL,2022-12-31,24.88,75.12,0.0
IIFL,2023-03-31,24.85,75.15,0.0
IIFL,2023-06-30,24.84,75.16,0.0
IIFL,2023-09-30,24.81,75.19,0.0
IIFL,2023-12-31,24.79,75.21,0.0
IIFL,2024-03-31,24.78,75.22,0.0
IIFL,2024-05-17,24.92,75.08,0.0
IIFL,2024-06-30,24.91,75.09,0.0
IIFL,2024-09-30,24.91,75.09,0.0
IIFL,2024-12-31,24.9,75.1,0.0
IIFL,2025-03-31,24.89,75.11,0.0
IIFL,2025-06-30,24.87,75.13,0.0
IIFL,2025-09-30,24.87,75.13,0.0
IIFL,2025-12-31,24.85,75.15,0.0
IIFL,2026-03-31,24.85,75.15,0.0
IIFL,2026-06-30,24.85,75.15,0.0
IKS,2024-12-18,63.72,33.43,2.85
IKS,2024-12-31,63.72,33.43,2.85
IKS,2025-03-31,63.72,33.7,2.58
IKS,2025-06-30,63.72,33.71,2.57
IKS,2025-09-30,63.72,33.82,2.46
IKS,2025-12-31,63.72,33.91,2.37
IKS,2026-03-31,63.72,33.97,2.31
IKS,2026-06-30,63.72,34.05,2.22
INDGN,2024-05-10,0.0,99.84,0.16
INDGN,2024-06-30,0.0,100.0,0.0
INDGN,2024-09-30,0.0,100.0,0.0
INDGN,2024-12-31,0.0,100.0,0.0
INDGN,2025-03-31,0.0,100.0,0.0
INDGN,2025-06-30,0.0,100.0,0.0
INDGN,2025-09-30,0.0,100.0,0.0
INDGN,2025-12-31,0.0,100.0,0.0
INDGN,2026-03-31,0.0,100.0,0.0
INDGN,2026-06-30,0.0,100.0,0.0
INDHOTEL,2021-09-30,40.75,59.25,0.0
INDHOTEL,2021-12-31,41.05,58.95,0.0
INDHOTEL,2022-03-31,38.19,61.81,0.0
INDHOTEL,2022-06-30,38.19,61.81,0.0
INDHOTEL,2022-09-30,38.19,61.81,0.0
INDHOTEL,2022-12-31,38.19,61.81,0.0
INDHOTEL,2023-03-31,38.19,61.81,0.0
INDHOTEL,2023-06-30,38.19,61.81,0.0
INDHOTEL,2023-09-30,38.19,61.81,0.0
INDHOTEL,2023-12-31,38.12,61.88,0.0
INDHOTEL,2024-03-31,38.12,61.88,0.0
INDHOTEL,2024-06-30,38.12,61.88,0.0
INDHOTEL,2024-09-30,38.12,61.88,0.0
INDHOTEL,2024-12-31,38.12,61.88,0.0
INDHOTEL,2025-03-31,38.12,61.88,0.0
INDHOTEL,2025-06-30,38.12,61.88,0.0
INDHOTEL,2025-09-30,38.12,61.88,0.0
INDHOTEL,2025-12-31,38.12,61.88,0.0
INDHOTEL,2026-03-31,38.12,61.88,0.0
INDHOTEL,2026-06-30,38.12,61.88,0.0
INDIACEM,2021-09-30,28.42,71.59,0.0
INDIACEM,2021-12-31,28.42,71.58,0.0
INDIACEM,2022-03-31,28.42,71.57,0.0
INDIACEM,2022-06-30,28.42,71.58,0.0
INDIACEM,2022-09-30,28.42,71.58,0.0
INDIACEM,2022-12-31,28.42,71.59,0.0
INDIACEM,2023-03-31,28.42,71.58,0.0
INDIACEM,2023-06-30,28.42,71.58,0.0
INDIACEM,2023-09-30,28.42,71.58,0.0
INDIACEM,2023-12-31,28.42,71.58,0.0
INDIACEM,2024-03-31,28.42,71.58,0.0
INDIACEM,2024-06-30,28.42,71.58,0.0
INDIACEM,2024-09-30,28.42,71.58,0.0
INDIACEM,2024-12-31,55.49,44.51,0.0
INDIACEM,2025-03-31,81.49,18.51,0.0
INDIACEM,2025-06-30,81.49,18.51,0.0
INDIACEM,2025-09-30,75.6,24.4,0.0
INDIACEM,2025-12-31,75.0,25.0,0.0
INDIACEM,2026-03-31,75.0,25.0,0.0
INDIACEM,2026-06-30,75.0,25.0,0.0
INDIAMART,2021-09-30,49.52,49.75,0.72
INDIAMART,2021-12-31,49.52,50.44,0.04
INDIAMART,2022-03-31,49.52,50.44,0.04
INDIAMART,2022-06-30,49.22,50.04,0.72
INDIAMART,2022-09-30,49.22,50.57,0.21
INDIAMART,2022-12-31,49.22,50.64,0.15
INDIAMART,2023-03-31,49.22,50.67,0.12
INDIAMART,2023-06-22,49.22,50.67,0.12
INDIAMART,2023-06-30,49.22,50.67,0.12
INDIAMART,2023-09-25,49.21,50.68,0.11
INDIAMART,2023-09-30,49.21,50.68,0.11
INDIAMART,2023-12-31,49.21,50.71,0.08
INDIAMART,2024-03-31,49.21,50.74,0.05
INDIAMART,2024-06-30,49.21,50.74,0.05
INDIAMART,2024-09-30,49.21,50.75,0.04
INDIAMART,2024-12-31,49.17,50.74,0.09
INDIAMART,2025-03-31,49.17,50.79,0.05
INDIAMART,2025-06-30,49.17,50.8,0.03
INDIAMART,2025-09-30,49.17,50.81,0.03
INDIAMART,2025-12-31,49.12,50.83,0.05
INDIAMART,2026-03-31,49.12,50.87,0.01
INDIAMART,2026-06-30,49.07,50.91,0.02
INDIANB,2021-09-30,79.86,20.14,0.0
INDIANB,2021-12-31,79.86,20.14,0.0
INDIANB,2022-03-31,79.86,20.14,0.0
INDIANB,2022-06-30,79.86,20.14,0.0
INDIANB,2022-09-30,79.86,20.14,0.0
INDIANB,2022-12-31,79.86,20.14,0.0
INDIANB,2023-03-31,79.86,20.14,0.0
INDIANB,2023-06-30,79.86,20.14,0.0
INDIANB,2023-09-30,79.86,20.14,0.0
INDIANB,2023-12-16,73.84,26.16,0.0
INDIANB,2023-12-31,73.84,26.16,0.0
INDIANB,2024-03-31,73.84,26.16,0.0
INDIANB,2024-06-30,73.84,26.16,0.0
INDIANB,2024-09-30,73.84,26.16,0.0
INDIANB,2024-12-31,73.84,26.16,0.0
INDIANB,2025-03-31,73.84,26.16,0.0
INDIANB,2025-06-30,73.84,26.16,0.0
INDIANB,2025-09-30,73.84,26.16,0.0
INDIANB,2025-12-31,73.84,26.16,0.0
INDIANB,2026-03-31,73.84,26.16,0.0
INDIANB,2026-06-30,73.84,26.16,0.0
INDIGO,2021-09-30,74.79,25.21,0.0
INDIGO,2021-12-31,74.78,25.22,0.0
INDIGO,2022-03-31,74.77,25.23,0.0
INDIGO,2022-06-30,74.77,25.23,0.0
INDIGO,2022-09-30,71.93,28.07,0.0
INDIGO,2022-12-31,71.92,28.08,0.0
INDIGO,2023-03-31,67.86,32.14,0.0
INDIGO,2023-06-30,67.77,32.23,0.0
INDIGO,2023-09-30,63.24,36.76,0.0
INDIGO,2023-12-31,63.13,36.87,0.0
INDIGO,2024-03-31,57.29,42.71,0.0
INDIGO,2024-06-30,55.29,44.71,0.0
INDIGO,2024-09-30,49.29,50.71,0.0
INDIGO,2024-12-31,49.27,50.73,0.0
INDIGO,2025-03-31,49.27,50.73,0.0
INDIGO,2025-06-30,43.54,56.46,0.0
INDIGO,2025-09-30,41.58,58.42,0.0
INDIGO,2025-12-31,41.58,58.42,0.0
INDIGO,2026-03-31,41.57,58.43,0.0
INDIGO,2026-06-30,41.57,58.43,0.0
INDUSINDBK,2021-06-30,16.54,83.46,0.0
INDUSINDBK,2021-09-30,16.54,83.46,0.0
INDUSINDBK,2021-12-31,16.53,83.47,0.0
INDUSINDBK,2022-03-31,16.52,83.48,0.0
INDUSINDBK,2022-06-30,16.51,83.49,0.0
INDUSINDBK,2022-09-30,16.51,83.49,0.0
INDUSINDBK,2022-12-31,16.51,83.49,0.0
INDUSINDBK,2023-03-31,16.5,83.5,0.0
INDUSINDBK,2023-06-30,16.49,83.51,0.0
INDUSINDBK,2023-09-30,16.47,83.53,0.0
INDUSINDBK,2023-12-31,16.45,83.55,0.0
INDUSINDBK,2024-03-31,16.4,83.6,0.0
INDUSINDBK,2024-06-30,16.38,83.62,0.0
INDUSINDBK,2024-09-30,16.36,83.64,0.0
INDUSINDBK,2024-12-31,16.29,83.71,0.0
INDUSINDBK,2025-03-31,15.83,84.17,0.0
INDUSINDBK,2025-06-30,15.82,84.18,0.0
INDUSINDBK,2025-09-30,15.82,84.18,0.0
INDUSINDBK,2025-12-31,15.82,84.18,0.0
INDUSINDBK,2026-03-31,15.82,84.18,0.0
INDUSINDBK,2026-06-30,15.82,84.18,0.0
INDUSTOWER,2021-09-30,69.85,30.13,0.02
INDUSTOWER,2021-12-31,69.85,30.13,0.03
INDUSTOWER,2022-03-31,67.49,32.49,0.02
INDUSTOWER,2022-06-30,68.81,31.17,0.02
INDUSTOWER,2022-09-30,69.0,30.99,0.02
INDUSTOWER,2022-12-31,69.0,30.99,0.01
INDUSTOWER,2023-03-31,69.0,30.98,0.03
INDUSTOWER,2023-06-30,69.0,30.98,0.02
INDUSTOWER,2023-09-30,69.0,30.99,0.01
INDUSTOWER,2023-12-31,69.0,30.96,0.04
INDUSTOWER,2024-03-31,69.0,30.97,0.04
INDUSTOWER,2024-06-30,52.01,47.95,0.03
INDUSTOWER,2024-09-04,53.01,46.98,0.01
INDUSTOWER,2024-09-30,53.01,46.98,0.01
INDUSTOWER,2024-12-31,50.0,49.96,0.04
INDUSTOWER,2025-03-31,50.0,49.96,0.03
INDUSTOWER,2025-06-30,50.0,49.96,0.03
INDUSTOWER,2025-09-30,51.03,48.93,0.04
INDUSTOWER,2025-12-31,51.03,48.93,0.04
INDUSTOWER,2026-03-31,51.26,48.71,0.04
INDUSTOWER,2026-06-30,51.26,48.71,0.04
INFY,2021-09-30,13.12,86.53,0.35
INFY,2021-12-31,13.12,86.54,0.34
INFY,2022-03-31,13.11,86.56,0.33
INFY,2022-06-30,13.11,86.57,0.31
INFY,2022-09-30,15.16,84.48,0.35
INFY,2022-12-31,15.11,84.54,0.34
INFY,2023-03-31,15.14,84.52,0.33
INFY,2023-06-30,14.94,84.74,0.32
INFY,2023-09-30,14.89,84.8,0.31
INFY,2023-12-31,14.78,84.92,0.3
INFY,2024-03-31,14.71,84.99,0.29
INFY,2024-06-30,14.61,85.12,0.27
INFY,2024-09-30,14.43,85.3,0.27
INFY,2024-12-31,14.43,85.3,0.27
INFY,2025-03-31,14.6,85.14,0.26
INFY,2025-06-30,14.61,85.15,0.25
INFY,2025-09-30,14.3,85.46,0.24
INFY,2025-12-04,14.55,85.21,0.24
INFY,2025-12-31,14.52,85.24,0.24
INFY,2026-03-31,14.38,85.38,0.23
INFY,2026-06-30,13.82,85.97,0.21
INOXWIND,2021-09-30,66.82,33.18,0.0
INOXWIND,2021-12-31,67.55,32.45,0.0
INOXWIND,2022-03-31,67.55,32.45,0.0
INOXWIND,2022-05-25,71.64,28.36,0.0
INOXWIND,2022-06-02,72.24,27.76,0.0
INOXWIND,2022-06-30,72.24,27.76,0.0
INOXWIND,2022-09-30,72.24,27.76,0.0
INOXWIND,2022-12-31,72.24,27.76,0.0
INOXWIND,2023-03-15,72.01,27.99,0.0
INOXWIND,2023-03-31,72.01,27.99,0.0
INOXWIND,2023-06-30,72.01,27.99,0.0
INOXWIND,2023-09-30,64.64,35.36,0.0
INOXWIND,2023-12-31,52.87,47.13,0.0
INOXWIND,2024-03-31,52.87,47.13,0.0
INOXWIND,2024-05-27,52.87,47.13,0.0
INOXWIND,2024-06-30,48.27,51.73,0.0
INOXWIND,2024-09-30,48.27,51.73,0.0
INOXWIND,2024-12-31,48.27,51.73,0.0
INOXWIND,2025-03-31,48.27,51.73,0.0
INOXWIND,2025-06-24,44.18,55.82,0.0
INOXWIND,2025-06-30,44.18,55.82,0.0
INOXWIND,2025-08-21,44.18,55.82,0.0
INOXWIND,2025-09-30,44.18,55.82,0.0
INOXWIND,2025-12-31,44.18,55.82,0.0
INOXWIND,2026-03-31,44.18,55.82,0.0
INOXWIND,2026-06-30,44.18,55.82,0.0
INTELLECT,2021-09-30,30.96,69.03,0.01
INTELLECT,2021-12-31,30.91,69.08,0.01
INTELLECT,2022-03-31,30.86,69.13,0.01
INTELLECT,2022-06-30,30.76,69.23,0.01
INTELLECT,2022-09-30,30.66,69.33,0.01
INTELLECT,2022-12-31,30.64,69.36,0.01
INTELLECT,2023-03-31,30.6,69.4,0.01
INTELLECT,2023-06-30,30.5,69.5,0.0
INTELLECT,2023-09-30,30.42,69.58,0.0
INTELLECT,2023-12-31,30.38,69.62,0.0
INTELLECT,2024-03-31,30.35,69.65,0.0
INTELLECT,2024-06-30,30.26,69.74,0.0
INTELLECT,2024-09-30,30.05,69.95,0.0
INTELLECT,2024-12-31,29.95,70.05,0.0
INTELLECT,2025-03-31,29.91,70.09,0.0
INTELLECT,2025-06-30,29.87,70.13,0.0
INTELLECT,2025-09-30,29.84,70.16,0.0
INTELLECT,2025-12-31,29.81,70.19,0.0
INTELLECT,2026-03-31,29.73,70.27,0.0
INTELLECT,2026-06-30,29.62,70.38,0.0
IOB,2021-09-30,96.38,3.62,0.0
IOB,2021-12-31,96.38,3.62,0.0
IOB,2022-03-31,96.38,3.62,0.0
IOB,2022-06-30,96.38,3.62,0.0
IOB,2022-09-30,96.38,3.62,0.0
IOB,2022-12-31,96.38,3.62,0.0
IOB,2023-03-31,96.38,3.62,0.0
IOB,2023-06-30,96.38,3.62,0.0
IOB,2023-09-30,96.38,3.62,0.0
IOB,2023-12-31,96.38,3.62,0.0
IOB,2024-03-31,96.38,3.62,0.0
IOB,2024-06-30,96.38,3.62,0.0
IOB,2024-09-30,96.38,3.62,0.0
IOB,2024-12-31,96.38,3.62,0.0
IOB,2025-03-24,94.61,5.39,0.0
IOB,2025-03-31,94.61,5.39,0.0
IOB,2025-06-30,94.61,5.39,0.0
IOB,2025-09-30,94.61,5.39,0.0
IOB,2025-12-18,92.44,7.56,0.0
IOB,2025-12-31,92.44,7.56,0.0
IOB,2026-03-31,92.44,7.56,0.0
IOB,2026-06-30,92.44,7.56,0.0
IOC,2021-09-30,51.5,48.5,0.0
IOC,2021-12-31,51.5,48.5,0.0
IOC,2022-03-31,51.5,48.5,0.0
IOC,2022-06-30,51.5,48.5,0.0
IOC,2022-07-04,51.5,48.5,0.0
IOC,2022-09-30,51.5,48.5,0.0
IOC,2022-12-31,51.5,48.5,0.0
IOC,2023-03-31,51.5,48.5,0.0
IOC,2023-06-30,51.5,48.5,0.0
IOC,2023-09-30,51.5,48.5,0.0
IOC,2023-12-31,51.5,48.5,0.0
IOC,2024-03-31,51.5,48.5,0.0
IOC,2024-06-30,51.5,48.5,0.0
IOC,2024-09-30,51.5,48.5,0.0
IOC,2024-12-31,51.5,48.5,0.0
IOC,2025-03-31,51.5,48.5,0.0
IOC,2025-06-30,51.5,48.5,0.0
IOC,2025-09-30,51.5,48.5,0.0
IOC,2025-12-31,51.5,48.5,0.0
IOC,2026-03-31,51.5,48.5,0.0
IOC,2026-06-30,51.5,48.5,0.0
IPCALAB,2021-09-30,46.29,53.71,0.0
IPCALAB,2021-12-31,46.29,53.71,0.0
IPCALAB,2022-03-31,46.29,53.71,0.0
IPCALAB,2022-06-30,46.29,53.71,0.0
IPCALAB,2022-09-30,46.29,53.71,0.0
IPCALAB,2022-12-31,46.29,53.71,0.0
IPCALAB,2023-03-31,46.29,53.71,0.0
IPCALAB,2023-06-30,46.29,53.71,0.0
IPCALAB,2023-09-30,46.29,53.71,0.0
IPCALAB,2023-12-31,46.29,53.71,0.0
IPCALAB,2024-03-31,46.3,53.7,0.0
IPCALAB,2024-06-30,46.3,53.7,0.0
IPCALAB,2024-09-30,46.3,53.7,0.0
IPCALAB,2024-12-31,44.72,55.28,0.0
IPCALAB,2025-03-31,44.72,55.28,0.0
IPCALAB,2025-06-30,44.72,55.28,0.0
IPCALAB,2025-09-30,44.72,55.28,0.0
IPCALAB,2025-12-31,44.72,55.28,0.0
IPCALAB,2026-03-31,44.72,55.28,0.0
IPCALAB,2026-06-30,44.72,55.28,0.0
IRB,2021-09-30,58.46,41.54,0.0
IRB,2021-12-29,34.02,65.98,0.0
IRB,2021-12-31,34.02,65.98,0.0
IRB,2022-03-31,34.02,65.98,0.0
IRB,2022-06-30,34.2,65.8,0.0
IRB,2022-09-30,34.2,65.8,0.0
IRB,2022-12-31,34.2,65.8,0.0
IRB,2023-03-31,34.2,65.8,0.0
IRB,2023-06-30,34.21,65.79,0.0
IRB,2023-09-30,34.39,65.61,0.0
IRB,2023-12-31,34.39,65.61,0.0
IRB,2024-03-31,34.39,65.61,0.0
IRB,2024-06-30,30.42,69.58,0.0
IRB,2024-09-30,30.42,69.58,0.0
IRB,2024-12-31,30.42,69.58,0.0
IRB,2025-03-31,30.42,69.58,0.0
IRB,2025-06-30,30.42,69.58,0.0
IRB,2025-09-30,30.42,69.58,0.0
IRB,2025-12-31,30.42,69.58,0.0
IRB,2026-03-31,30.79,69.21,0.0
IRB,2026-04-02,30.79,69.21,0.0
IRB,2026-06-30,30.81,69.19,0.0
IRCON,2021-09-30,73.18,26.82,0.0
IRCON,2021-12-31,73.18,26.82,0.0
IRCON,2022-03-31,73.18,26.82,0.0
IRCON,2022-06-30,73.18,26.82,0.0
IRCON,2022-09-30,73.18,26.82,0.0
IRCON,2022-12-31,73.18,26.82,0.0
IRCON,2023-03-31,73.18,26.82,0.0
IRCON,2023-06-30,73.18,26.82,0.0
IRCON,2023-09-30,73.18,26.82,0.0
IRCON,2023-12-31,65.17,34.83,0.0
IRCON,2024-03-31,65.17,34.83,0.0
IRCON,2024-06-30,65.17,34.83,0.0
IRCON,2024-09-30,65.17,34.83,0.0
IRCON,2024-12-31,65.17,34.83,0.0
IRCON,2025-03-31,65.17,34.83,0.0
IRCON,2025-06-30,65.17,34.83,0.0
IRCON,2025-09-30,65.17,34.83,0.0
IRCON,2025-12-31,65.17,34.83,0.0
IRCON,2026-03-31,65.17,34.83,0.0
IRCON,2026-06-30,65.17,34.83,0.0
IRCTC,2021-09-30,67.4,32.6,0.0
IRCTC,2021-10-29,67.4,32.6,0.0
IRCTC,2021-12-31,67.4,32.6,0.0
IRCTC,2022-03-31,67.4,32.6,0.0
IRCTC,2022-06-30,67.4,32.6,0.0
IRCTC,2022-09-30,67.4,32.6,0.0
IRCTC,2022-12-31,62.4,37.6,0.0
IRCTC,2023-03-31,62.4,37.6,0.0
IRCTC,2023-06-30,62.4,37.6,0.0
IRCTC,2023-09-30,62.4,37.6,0.0
IRCTC,2023-12-31,62.4,37.6,0.0
IRCTC,2024-03-31,62.4,37.6,0.0
IRCTC,2024-06-30,62.4,37.6,0.0
IRCTC,2024-09-30,62.4,37.6,0.0
IRCTC,2024-12-31,62.4,37.6,0.0
IRCTC,2025-03-31,62.4,37.6,0.0
IRCTC,2025-06-30,62.4,37.6,0.0
IRCTC,2025-09-30,62.4,37.6,0.0
IRCTC,2025-12-31,62.4,37.6,0.0
IRCTC,2026-03-31,62.4,37.6,0.0
IRCTC,2026-06-30,62.4,37.6,0.0
IREDA,2023-11-25,75.0,25.0,0.0
IREDA,2023-12-31,75.0,25.0,0.0
IREDA,2024-03-31,75.0,25.0,0.0
IREDA,2024-06-30,75.0,25.0,0.0
IREDA,2024-09-30,75.0,25.0,0.0
IREDA,2024-12-31,75.0,25.0,0.0
IREDA,2025-03-31,75.0,25.0,0.0
IREDA,2025-06-11,71.76,28.24,0.0
IREDA,2025-06-30,71.76,28.24,0.0
IREDA,2025-09-30,71.76,28.24,0.0
IREDA,2025-12-31,71.76,28.24,0.0
IREDA,2026-03-31,71.76,28.24,0.0
IREDA,2026-06-30,71.76,28.24,0.0
IRFC,2021-09-30,86.36,13.64,0.0
IRFC,2021-12-31,86.36,13.64,0.0
IRFC,2022-03-31,86.36,13.64,0.0
IRFC,2022-06-30,86.36,13.64,0.0
IRFC,2022-09-30,86.36,13.64,0.0
IRFC,2022-12-31,86.36,13.64,0.0
IRFC,2023-03-31,86.36,13.64,0.0
IRFC,2023-06-30,86.36,13.64,0.0
IRFC,2023-09-30,86.36,13.64,0.0
IRFC,2023-12-31,86.36,13.64,0.0
IRFC,2024-03-31,86.36,13.64,0.0
IRFC,2024-06-30,86.36,13.64,0.0
IRFC,2024-09-30,86.36,13.64,0.0
IRFC,2024-12-31,86.36,13.64,0.0
IRFC,2025-03-31,86.36,13.64,0.0
IRFC,2025-06-30,86.36,13.64,0.0
IRFC,2025-09-30,86.36,13.64,0.0
IRFC,2025-12-31,86.36,13.64,0.0
IRFC,2026-03-31,84.65,15.35,0.0
IRFC,2026-06-30,82.9,17.1,0.0
ITC,2021-09-30,0.0,100.0,0.0
ITC,2021-12-31,0.0,100.0,0.0
ITC,2022-03-31,0.0,100.0,0.0
ITC,2022-06-30,0.0,100.0,0.0
ITC,2022-09-30,0.0,100.0,0.0
ITC,2022-12-31,0.0,100.0,0.0
ITC,2023-03-31,0.0,100.0,0.0
ITC,2023-06-30,0.0,100.0,0.0
ITC,2023-09-30,0.0,100.0,0.0
ITC,2023-12-31,0.0,100.0,0.0
ITC,2024-03-31,0.0,100.0,0.0
ITC,2024-06-30,0.0,100.0,0.0
ITC,2024-09-30,0.0,100.0,0.0
ITC,2024-12-31,0.0,100.0,0.0
ITC,2025-03-31,0.0,100.0,0.0
ITC,2025-06-30,0.0,100.0,0.0
ITC,2025-09-30,0.0,100.0,0.0
ITC,2025-12-31,0.0,100.0,0.0
ITC,2026-03-31,0.0,100.0,0.0
ITC,2026-06-30,0.0,100.0,0.0
ITCHOTELS,2025-01-28,39.88,60.12,0.0
ITCHOTELS,2025-03-31,39.88,60.12,0.0
ITCHOTELS,2025-06-30,39.87,60.13,0.0
ITCHOTELS,2025-09-30,39.85,60.15,0.0
ITCHOTELS,2025-12-31,39.85,60.15,0.0
ITCHOTELS,2026-03-31,39.85,60.15,0.0
ITCHOTELS,2026-06-30,39.85,60.15,0.0
ITI,2021-12-31,90.09,9.91,0.0
ITI,2022-03-31,90.0,10.0,0.0
ITI,2022-05-25,90.09,9.91,0.0
ITI,2022-06-30,90.09,9.91,0.0
ITI,2022-09-28,90.17,9.83,0.0
ITI,2022-09-30,90.09,9.91,0.0
ITI,2022-12-31,90.17,9.83,0.0
ITI,2023-03-31,90.17,9.83,0.0
ITI,2023-05-11,90.28,9.72,0.0
ITI,2023-06-30,90.28,9.72,0.0
ITI,2023-09-30,90.28,9.72,0.0
ITI,2023-12-31,90.28,9.72,0.0
ITI,2024-03-31,90.0,10.0,0.0
ITI,2024-06-30,90.0,10.0,0.0
ITI,2024-09-30,90.0,10.0,0.0
ITI,2024-12-31,90.0,10.0,0.0
ITI,2025-03-31,90.0,10.0,0.0
ITI,2025-05-27,90.02,9.98,0.0
ITI,2025-06-30,90.02,9.98,0.0
ITI,2025-09-30,90.02,9.98,0.0
ITI,2025-12-31,90.02,9.98,0.0
ITI,2026-03-31,90.02,9.98,0.0
ITI,2026-06-30,90.02,9.98,0.0
JAINREC,2025-09-30,73.59,26.41,0.0
JAINREC,2025-12-31,73.59,26.41,0.0
JAINREC,2026-03-31,73.59,26.41,0.0
JAINREC,2026-06-30,73.59,26.41,0.0
JBMA,2021-09-30,67.54,32.46,0.0
JBMA,2021-12-31,67.54,32.46,0.0
JBMA,2022-03-31,67.53,32.47,0.0
JBMA,2022-06-30,67.53,32.47,0.0
JBMA,2022-09-30,67.53,32.47,0.0
JBMA,2022-12-31,67.53,32.47,0.0
JBMA,2023-03-31,67.53,32.47,0.0
JBMA,2023-06-30,67.53,32.47,0.0
JBMA,2023-09-30,67.53,32.47,0.0
JBMA,2023-12-31,67.53,32.47,0.0
JBMA,2024-03-31,67.53,32.47,0.0
JBMA,2024-06-30,67.53,32.47,0.0
JBMA,2024-09-30,67.53,32.47,0.0
JBMA,2024-12-31,67.53,32.47,0.0
JBMA,2025-03-31,67.53,32.47,0.0
JBMA,2025-06-30,67.53,32.47,0.0
JBMA,2025-09-30,67.53,32.47,0.0
JBMA,2025-12-31,67.53,32.47,0.0
JBMA,2026-03-31,67.53,32.47,0.0
JBMA,2026-06-30,67.53,32.47,0.0
JINDALSAW,2015-12-31,61.16,38.84,0.0
JINDALSAW,2016-03-31,61.16,38.84,0.0
JINDALSAW,2016-06-30,63.01,36.99,0.0
JINDALSAW,2016-09-30,63.01,36.99,0.0
JINDALSAW,2016-12-31,63.01,36.99,0.0
JINDALSAW,2017-03-31,63.01,36.99,0.0
JINDALSAW,2017-06-30,63.01,36.99,0.0
JINDALSAW,2017-09-30,63.01,36.99,0.0
JINDALSAW,2017-12-31,63.01,36.99,0.0
JINDALSAW,2018-03-31,63.01,36.99,0.0
JINDALSAW,2018-06-30,63.01,36.99,0.0
JINDALSAW,2021-09-30,63.02,36.32,0.66
JINDALSAW,2021-12-31,63.02,36.32,0.66
JINDALSAW,2022-03-31,63.02,36.32,0.66
JINDALSAW,2022-06-30,63.02,36.32,0.65
JINDALSAW,2022-09-30,63.02,36.32,0.65
JINDALSAW,2022-12-31,63.02,36.33,0.65
JINDALSAW,2023-03-31,63.25,36.11,0.64
JINDALSAW,2023-06-30,63.26,36.15,0.59
JINDALSAW,2023-09-30,63.26,36.16,0.58
JINDALSAW,2023-12-31,63.26,36.17,0.58
JINDALSAW,2024-03-31,63.27,36.24,0.49
JINDALSAW,2024-06-30,63.28,36.26,0.46
JINDALSAW,2024-09-30,63.28,36.26,0.46
JINDALSAW,2024-12-31,63.28,36.27,0.45
JINDALSAW,2025-03-31,63.28,36.34,0.38
JINDALSAW,2025-06-30,63.26,36.37,0.37
JINDALSAW,2025-09-30,63.25,36.39,0.37
JINDALSAW,2025-12-31,63.25,36.39,0.36
JINDALSAW,2026-03-31,63.25,36.46,0.3
JINDALSAW,2026-06-30,63.25,36.5,0.26
JINDALSTEL,2020-03-31,60.48,39.52,0.0
JINDALSTEL,2020-06-30,60.48,39.52,0.0
JINDALSTEL,2020-09-30,60.47,39.53,0.0
JINDALSTEL,2020-12-31,60.47,39.53,0.0
JINDALSTEL,2021-03-31,60.47,39.53,0.0
JINDALSTEL,2021-06-30,60.47,39.53,0.0
JINDALSTEL,2021-09-30,60.47,39.53,0.0
JINDALSTEL,2021-12-31,60.44,39.56,0.0
JINDALSTEL,2022-03-31,60.45,39.55,0.0
JINDALSTEL,2022-06-30,60.44,38.53,1.02
JINDALSTEL,2022-09-30,61.2,37.33,1.48
JINDALSTEL,2022-12-31,61.2,37.33,1.48
JINDALSTEL,2023-03-31,61.2,37.33,1.48
JINDALSTEL,2023-06-30,61.2,37.33,1.48
JINDALSTEL,2023-09-30,61.2,37.33,1.48
JINDALSTEL,2023-12-31,61.2,37.07,1.73
JINDALSTEL,2024-03-31,61.2,37.07,1.73
JINDALSTEL,2024-06-30,61.19,37.99,0.81
JINDALSTEL,2024-09-30,61.19,38.0,0.81
JINDALSTEL,2024-12-31,61.19,38.0,0.81
JINDALSTEL,2025-03-31,62.22,36.97,0.81
JINDALSTEL,2025-06-30,62.36,37.39,0.25
JINDALSTEL,2025-09-30,62.37,37.38,0.25
JINDALSTEL,2025-12-31,62.69,37.05,0.25
JINDALSTEL,2026-03-31,62.69,37.05,0.25
JINDALSTEL,2026-06-30,62.69,37.09,0.22
JIOFIN,2023-08-10,45.8,54.2,0.0
JIOFIN,2023-09-30,46.77,53.23,0.0
JIOFIN,2023-12-31,47.12,52.88,0.0
JIOFIN,2024-03-31,47.12,52.88,0.0
JIOFIN,2024-06-30,47.12,52.88,0.0
JIOFIN,2024-09-30,47.12,52.88,0.0
JIOFIN,2024-12-31,47.12,52.88,0.0
JIOFIN,2025-03-31,47.12,52.88,0.0
JIOFIN,2025-06-30,47.12,52.88,0.0
JIOFIN,2025-09-30,47.12,52.88,0.0
JIOFIN,2025-12-31,47.12,52.88,0.0
JIOFIN,2026-03-31,47.12,52.88,0.0
JIOFIN,2026-04-21,49.13,50.87,0.0
JIOFIN,2026-06-30,49.13,50.87,0.0
JKCEMENT,2021-09-30,57.62,42.38,0.0
JKCEMENT,2021-12-31,51.5,48.5,0.0
JKCEMENT,2022-03-31,45.82,54.18,0.0
JKCEMENT,2022-06-30,45.84,54.16,0.0
JKCEMENT,2022-09-30,45.84,54.16,0.0
JKCEMENT,2022-12-31,45.83,54.17,0.0
JKCEMENT,2023-03-31,45.83,54.17,0.0
JKCEMENT,2023-06-30,45.8,54.2,0.0
JKCEMENT,2023-09-30,45.8,54.2,0.0
JKCEMENT,2023-12-31,45.7,54.3,0.0
JKCEMENT,2024-03-31,45.7,54.3,0.0
JKCEMENT,2024-06-30,45.7,54.3,0.0
JKCEMENT,2024-09-30,45.68,54.32,0.0
JKCEMENT,2024-12-31,45.68,54.32,0.0
JKCEMENT,2025-03-31,45.68,54.32,0.0
JKCEMENT,2025-06-30,45.66,54.34,0.0
JKCEMENT,2025-09-30,45.66,54.34,0.0
JKCEMENT,2025-12-31,45.66,54.34,0.0
JKCEMENT,2026-03-31,45.66,54.34,0.0
JKCEMENT,2026-06-30,45.66,54.34,0.0
JKTYRE,2021-09-30,55.93,44.07,0.0
JKTYRE,2021-12-31,55.93,44.07,0.0
JKTYRE,2022-03-31,56.26,43.74,0.0
JKTYRE,2022-06-30,56.26,43.74,0.0
JKTYRE,2022-09-30,56.26,43.74,0.0
JKTYRE,2022-12-31,56.26,43.74,0.0
JKTYRE,2023-03-31,56.26,43.74,0.0
JKTYRE,2023-06-30,56.26,43.74,0.0
JKTYRE,2023-09-30,56.26,43.74,0.0
JKTYRE,2023-12-23,53.13,46.87,0.0
JKTYRE,2023-12-31,53.13,46.87,0.0
JKTYRE,2024-03-31,53.13,46.87,0.0
JKTYRE,2024-06-30,53.13,46.87,0.0
JKTYRE,2024-09-16,50.55,49.45,0.0
JKTYRE,2024-09-30,50.55,49.45,0.0
JKTYRE,2024-12-31,50.55,49.45,0.0
JKTYRE,2025-03-31,50.55,49.45,0.0
JKTYRE,2025-06-30,50.55,49.45,0.0
JKTYRE,2025-09-30,50.55,49.45,0.0
JKTYRE,2025-12-26,51.72,48.28,0.0
JKTYRE,2025-12-31,51.72,48.28,0.0
JKTYRE,2026-03-31,51.72,48.28,0.0
JKTYRE,2026-06-30,51.72,48.28,0.0
JMFINANCIL,2021-09-30,54.81,45.19,0.0
JMFINANCIL,2021-12-31,55.27,44.73,0.0
JMFINANCIL,2022-03-31,55.42,44.58,0.0
JMFINANCIL,2022-06-30,55.41,44.59,0.0
JMFINANCIL,2022-09-30,56.01,43.99,0.0
JMFINANCIL,2022-12-31,56.01,43.99,0.0
JMFINANCIL,2023-03-31,56.49,43.51,0.0
JMFINANCIL,2023-06-30,56.47,43.53,0.0
JMFINANCIL,2023-09-30,56.47,43.53,0.0
JMFINANCIL,2023-12-31,56.44,43.56,0.0
JMFINANCIL,2024-03-31,56.44,43.56,0.0
JMFINANCIL,2024-06-30,56.43,43.57,0.0
JMFINANCIL,2024-09-30,56.43,43.57,0.0
JMFINANCIL,2024-12-31,56.43,43.57,0.0
JMFINANCIL,2025-03-31,56.5,43.5,0.0
JMFINANCIL,2025-06-30,56.51,43.49,0.0
JMFINANCIL,2025-09-30,56.6,43.4,0.0
JMFINANCIL,2025-12-31,56.9,43.1,0.0
JMFINANCIL,2026-03-31,57.07,42.93,0.0
JMFINANCIL,2026-06-30,57.03,42.97,0.0
JPPOWER,2021-09-30,26.02,73.98,0.0
JPPOWER,2021-12-31,26.02,73.98,0.0
JPPOWER,2022-03-31,24.0,76.0,0.0
JPPOWER,2022-06-30,24.0,76.0,0.0
JPPOWER,2022-09-30,24.0,76.0,0.0
JPPOWER,2022-12-31,24.0,76.0,0.0
JPPOWER,2023-03-31,24.0,76.0,0.0
JPPOWER,2023-06-30,24.0,76.0,0.0
JPPOWER,2023-09-30,24.0,76.0,0.0
JPPOWER,2023-12-31,24.0,76.0,0.0
JPPOWER,2024-03-31,24.0,76.0,0.0
JPPOWER,2024-06-30,24.0,76.0,0.0
JPPOWER,2024-09-30,24.0,76.0,0.0
JPPOWER,2024-12-31,24.0,76.0,0.0
JPPOWER,2025-03-31,24.0,76.0,0.0
JPPOWER,2025-06-30,24.0,76.0,0.0
JPPOWER,2025-09-30,24.0,76.0,0.0
JPPOWER,2025-12-31,24.0,76.0,0.0
JPPOWER,2026-03-31,24.0,76.0,0.0
JPPOWER,2026-06-30,24.0,76.0,0.0
JSL,2021-09-30,68.6,31.4,0.0
JSL,2021-12-31,68.6,31.4,0.0
JSL,2022-03-28,69.87,30.13,0.0
JSL,2022-03-31,69.87,30.13,0.0
JSL,2022-06-30,70.1,29.9,0.0
JSL,2022-09-30,70.1,29.9,0.0
JSL,2022-12-31,70.1,29.9,0.0
JSL,2023-03-16,57.94,42.06,0.0
JSL,2023-03-31,57.94,42.06,0.0
JSL,2023-06-30,57.94,42.06,0.0
JSL,2023-09-30,57.94,42.06,0.0
JSL,2023-12-31,58.69,41.31,0.0
JSL,2024-03-31,60.49,39.51,0.0
JSL,2024-06-30,60.49,39.51,0.0
JSL,2024-09-30,60.49,39.51,0.0
JSL,2024-12-31,60.71,39.25,0.04
JSL,2025-03-31,60.88,39.1,0.01
JSL,2025-06-30,61.1,38.89,0.01
JSL,2025-09-30,61.23,38.68,0.09
JSL,2025-12-31,61.23,38.69,0.08
JSL,2026-03-31,62.05,37.9,0.06
JSL,2026-06-30,62.05,37.92,0.04
JSWCEMENT,2025-08-13,72.33,25.28,2.38
JSWCEMENT,2025-09-30,72.33,25.54,2.13
JSWCEMENT,2025-12-31,72.33,25.85,1.82
JSWCEMENT,2026-03-31,72.03,26.35,1.62
JSWCEMENT,2026-06-30,72.02,27.03,0.95
JSWDULUX,2021-09-30,74.76,25.24,0.0
JSWDULUX,2021-12-31,74.76,25.24,0.0
JSWDULUX,2022-03-31,74.76,25.24,0.0
JSWDULUX,2022-06-30,74.76,25.24,0.0
JSWDULUX,2022-09-30,74.76,25.24,0.0
JSWDULUX,2022-12-31,74.76,25.24,0.0
JSWDULUX,2023-03-31,74.76,25.24,0.0
JSWDULUX,2023-06-30,74.76,25.24,0.0
JSWDULUX,2023-09-30,74.76,25.24,0.0
JSWDULUX,2023-12-31,74.76,25.24,0.0
JSWDULUX,2024-03-31,74.76,25.24,0.0
JSWDULUX,2024-06-30,74.76,25.24,0.0
JSWDULUX,2024-09-30,74.76,25.24,0.0
JSWDULUX,2024-12-31,74.76,25.24,0.0
JSWDULUX,2025-03-31,74.76,25.24,0.0
JSWDULUX,2025-06-30,74.76,25.24,0.0
JSWDULUX,2025-09-30,69.76,30.24,0.0
JSWDULUX,2025-12-31,61.2,38.8,0.0
JSWDULUX,2026-03-31,61.2,38.8,0.0
JSWDULUX,2026-06-30,61.2,38.8,0.0
JSWENERGY,2021-09-30,74.66,25.1,0.23
JSWENERGY,2021-12-31,74.66,25.07,0.27
JSWENERGY,2022-03-31,74.66,25.07,0.27
JSWENERGY,2022-06-30,74.69,25.05,0.26
JSWENERGY,2022-09-30,74.69,25.07,0.24
JSWENERGY,2022-12-31,74.66,25.08,0.27
JSWENERGY,2023-03-31,74.66,25.09,0.25
JSWENERGY,2023-06-30,74.66,25.1,0.25
JSWENERGY,2023-09-30,73.38,26.4,0.22
JSWENERGY,2023-12-31,73.38,26.4,0.21
JSWENERGY,2024-03-31,73.67,26.12,0.21
JSWENERGY,2024-04-05,69.32,30.48,0.2
JSWENERGY,2024-06-30,69.32,30.49,0.19
JSWENERGY,2024-09-30,69.32,30.53,0.15
JSWENERGY,2024-12-31,69.32,30.53,0.15
JSWENERGY,2025-03-31,69.26,30.59,0.14
JSWENERGY,2025-06-30,69.27,30.59,0.14
JSWENERGY,2025-09-30,69.27,30.66,0.07
JSWENERGY,2025-12-31,69.27,30.67,0.07
JSWENERGY,2026-03-31,69.41,30.52,0.06
JSWENERGY,2026-05-25,66.53,33.41,0.06
JSWENERGY,2026-06-30,66.53,33.41,0.06
JSWINFRA,2023-09-28,85.61,11.2,3.18
JSWINFRA,2023-09-30,85.61,11.2,3.18
JSWINFRA,2023-12-31,85.61,11.7,2.69
JSWINFRA,2024-03-31,85.61,12.08,2.31
JSWINFRA,2024-06-30,85.61,12.69,1.7
JSWINFRA,2024-09-30,85.62,13.03,1.36
JSWINFRA,2024-12-31,85.62,13.09,1.29
JSWINFRA,2025-03-31,85.62,13.12,1.26
JSWINFRA,2025-06-30,83.62,15.43,0.96
JSWINFRA,2025-09-30,83.62,15.5,0.89
JSWINFRA,2025-12-31,83.62,15.64,0.75
JSWINFRA,2026-03-31,83.62,15.68,0.71
JSWINFRA,2026-06-26,73.93,25.78,0.28
JSWINFRA,2026-06-30,73.93,25.79,0.28
JSWSTEEL,2021-09-30,44.09,55.54,0.37
JSWSTEEL,2021-12-31,44.72,54.95,0.33
JSWSTEEL,2022-03-31,45.01,54.68,0.31
JSWSTEEL,2022-06-30,45.02,54.33,0.65
JSWSTEEL,2022-09-30,45.19,54.2,0.6
JSWSTEEL,2022-12-31,45.19,54.24,0.57
JSWSTEEL,2023-03-31,45.4,54.06,0.53
JSWSTEEL,2023-06-30,45.4,54.09,0.51
JSWSTEEL,2023-09-30,44.81,54.76,0.43
JSWSTEEL,2023-12-31,44.81,54.79,0.41
JSWSTEEL,2024-03-31,44.81,54.83,0.37
JSWSTEEL,2024-06-30,44.81,54.86,0.34
JSWSTEEL,2024-09-30,44.84,54.92,0.24
JSWSTEEL,2024-12-31,44.85,54.93,0.23
JSWSTEEL,2025-03-31,44.84,54.96,0.2
JSWSTEEL,2025-06-30,45.31,54.45,0.24
JSWSTEEL,2025-09-30,45.32,54.56,0.12
JSWSTEEL,2025-12-31,45.32,54.49,0.2
JSWSTEEL,2026-03-31,45.32,54.49,0.19
JSWSTEEL,2026-06-30,44.29,55.52,0.18
JUBLFOOD,2021-09-30,41.94,57.85,0.21
JUBLFOOD,2021-12-31,41.94,57.87,0.19
JUBLFOOD,2022-03-31,41.94,57.81,0.25
JUBLFOOD,2022-06-30,41.94,57.86,0.21
JUBLFOOD,2022-09-30,41.94,57.88,0.18
JUBLFOOD,2022-12-31,41.94,57.88,0.18
JUBLFOOD,2023-03-31,41.94,57.88,0.18
JUBLFOOD,2023-06-30,41.94,57.88,0.18
JUBLFOOD,2023-09-30,41.94,57.85,0.21
JUBLFOOD,2023-12-31,41.94,57.85,0.21
JUBLFOOD,2024-03-31,41.94,57.71,0.36
JUBLFOOD,2024-06-30,41.94,57.71,0.36
JUBLFOOD,2024-09-30,41.94,57.71,0.35
JUBLFOOD,2024-12-31,41.94,57.72,0.34
JUBLFOOD,2025-03-31,41.94,57.73,0.34
JUBLFOOD,2025-06-30,40.27,59.39,0.33
JUBLFOOD,2025-09-30,40.27,59.37,0.36
JUBLFOOD,2025-12-31,40.27,59.4,0.33
JUBLFOOD,2026-03-31,40.27,59.4,0.33
JUBLFOOD,2026-06-30,40.27,59.4,0.33
JUBLINGREA,2021-09-30,50.92,48.89,0.2
JUBLINGREA,2021-12-31,51.03,48.78,0.2
JUBLINGREA,2022-03-31,51.1,48.7,0.2
JUBLINGREA,2022-06-30,51.47,48.33,0.2
JUBLINGREA,2022-09-30,51.47,48.33,0.2
JUBLINGREA,2022-12-31,51.47,48.33,0.19
JUBLINGREA,2023-03-31,51.47,48.33,0.19
JUBLINGREA,2023-06-30,51.47,47.7,0.82
JUBLINGREA,2023-09-30,51.47,47.7,0.82
JUBLINGREA,2023-12-31,51.47,47.7,0.82
JUBLINGREA,2024-03-31,51.47,47.72,0.81
JUBLINGREA,2024-06-30,51.47,47.72,0.81
JUBLINGREA,2024-09-30,51.47,47.76,0.77
JUBLINGREA,2024-12-31,51.47,47.79,0.74
JUBLINGREA,2025-03-31,51.47,47.8,0.73
JUBLINGREA,2025-06-30,45.22,54.06,0.72
JUBLINGREA,2025-09-30,45.22,53.95,0.82
JUBLINGREA,2025-12-31,45.22,53.98,0.8
JUBLINGREA,2026-03-31,45.22,53.79,0.98
JUBLINGREA,2026-06-30,45.22,53.79,0.98
JUBLPHARMA,2021-09-30,50.68,49.26,0.07
JUBLPHARMA,2021-12-31,50.68,49.26,0.07
JUBLPHARMA,2022-03-31,50.68,49.26,0.07
JUBLPHARMA,2022-06-30,50.68,49.26,0.07
JUBLPHARMA,2022-09-30,50.68,49.26,0.07
JUBLPHARMA,2022-12-31,50.68,49.19,0.13
JUBLPHARMA,2023-03-31,50.68,49.19,0.13
JUBLPHARMA,2023-06-30,50.68,48.74,0.59
JUBLPHARMA,2023-09-30,50.68,48.74,0.59
JUBLPHARMA,2023-12-31,50.68,48.74,0.58
JUBLPHARMA,2024-03-31,50.68,48.74,0.58
JUBLPHARMA,2024-06-30,50.68,48.74,0.58
JUBLPHARMA,2024-09-30,50.68,48.77,0.56
JUBLPHARMA,2024-12-31,50.68,48.77,0.56
JUBLPHARMA,2025-03-31,50.68,48.77,0.56
JUBLPHARMA,2025-06-30,47.68,51.77,0.56
JUBLPHARMA,2025-09-30,47.68,51.69,0.63
JUBLPHARMA,2025-12-31,47.68,51.75,0.57
JUBLPHARMA,2026-03-31,47.68,51.76,0.56
JUBLPHARMA,2026-06-30,47.68,51.77,0.55
JWL,2021-09-30,60.65,39.35,0.0
JWL,2021-12-31,60.65,39.35,0.0
JWL,2022-03-31,60.65,39.35,0.0
JWL,2022-05-29,74.62,25.38,0.0
JWL,2022-06-30,74.62,25.38,0.0
JWL,2022-09-30,74.62,25.38,0.0
JWL,2022-12-31,74.62,25.38,0.0
JWL,2023-03-31,74.62,25.38,0.0
JWL,2023-05-15,72.36,27.64,0.0
JWL,2023-06-30,72.37,27.63,0.0
JWL,2023-09-30,72.37,27.63,0.0
JWL,2023-12-04,70.12,29.88,0.0
JWL,2023-12-31,70.12,29.88,0.0
JWL,2024-03-31,70.12,29.88,0.0
JWL,2024-06-30,70.12,29.88,0.0
JWL,2024-07-12,68.11,31.89,0.0
JWL,2024-09-30,68.11,31.89,0.0
JWL,2024-12-31,68.11,31.89,0.0
JWL,2025-03-31,68.11,31.89,0.0
JWL,2025-06-30,68.11,31.89,0.0
JWL,2025-09-30,68.09,31.91,0.0
JWL,2025-12-19,68.31,31.69,0.0
JWL,2025-12-31,68.31,31.69,0.0
JWL,2026-03-31,68.31,31.69,0.0
JWL,2026-06-30,68.31,31.69,0.0
JYOTICNC,2024-01-13,62.55,37.45,0.0
JYOTICNC,2024-03-31,62.55,37.45,0.0
JYOTICNC,2024-06-30,62.55,37.45,0.0
JYOTICNC,2024-09-30,62.55,37.45,0.0
JYOTICNC,2024-12-31,62.55,37.45,0.0
JYOTICNC,2025-03-31,62.55,37.45,0.0
JYOTICNC,2025-06-30,62.55,37.45,0.0
JYOTICNC,2025-09-30,62.55,37.45,0.0
JYOTICNC,2025-12-31,62.55,37.45,0.0
JYOTICNC,2026-03-31,62.55,37.45,0.0
JYOTICNC,2026-06-30,62.55,37.45,0.0
KAJARIACER,2021-09-30,47.51,52.48,0.0
KAJARIACER,2021-12-31,47.51,52.49,0.0
KAJARIACER,2022-03-31,47.5,52.5,0.0
KAJARIACER,2022-06-30,47.5,52.49,0.0
KAJARIACER,2022-09-30,47.49,52.51,0.0
KAJARIACER,2022-12-31,47.49,52.51,0.0
KAJARIACER,2023-03-31,47.49,52.51,0.0
KAJARIACER,2023-06-30,47.49,52.51,0.0
KAJARIACER,2023-09-30,47.49,52.51,0.0
KAJARIACER,2023-12-31,47.49,52.51,0.0
KAJARIACER,2024-03-31,47.49,52.51,0.0
KAJARIACER,2024-06-30,47.49,52.51,0.0
KAJARIACER,2024-09-30,47.49,52.51,0.0
KAJARIACER,2024-12-31,47.48,52.52,0.0
KAJARIACER,2025-03-31,47.48,52.52,0.0
KAJARIACER,2025-06-30,47.48,52.52,0.0
KAJARIACER,2025-09-30,47.61,52.39,0.0
KAJARIACER,2025-12-31,47.69,52.31,0.0
KAJARIACER,2026-03-31,47.69,52.31,0.0
KAJARIACER,2026-06-30,47.69,52.31,0.0
KALYANKJIL,2021-09-30,60.54,39.46,0.0
KALYANKJIL,2021-12-31,60.54,39.46,0.0
KALYANKJIL,2022-03-31,60.54,39.46,0.0
KALYANKJIL,2022-06-30,60.54,39.46,0.0
KALYANKJIL,2022-09-30,60.54,39.46,0.0
KALYANKJIL,2022-12-31,60.54,39.46,0.0
KALYANKJIL,2023-03-31,60.55,39.45,0.0
KALYANKJIL,2023-06-30,60.55,39.45,0.0
KALYANKJIL,2023-09-30,60.55,39.45,0.0
KALYANKJIL,2023-12-31,60.55,39.45,0.0
KALYANKJIL,2024-03-31,60.63,39.37,0.0
KALYANKJIL,2024-06-30,60.59,39.41,0.0
KALYANKJIL,2024-09-30,62.9,37.1,0.0
KALYANKJIL,2024-12-31,62.85,37.15,0.0
KALYANKJIL,2025-03-31,62.85,37.15,0.0
KALYANKJIL,2025-06-30,62.82,37.18,0.0
KALYANKJIL,2025-09-30,62.78,37.22,0.0
KALYANKJIL,2025-12-31,62.76,37.24,0.0
KALYANKJIL,2026-03-31,62.87,37.13,0.0
KALYANKJIL,2026-06-30,62.86,37.14,0.0
KARURVYSYA,2021-09-30,2.12,97.88,0.0
KARURVYSYA,2021-12-31,2.28,97.72,0.0
KARURVYSYA,2022-03-31,2.28,97.74,0.0
KARURVYSYA,2022-06-30,2.28,97.73,0.0
KARURVYSYA,2022-09-30,2.26,97.74,0.0
KARURVYSYA,2022-12-31,2.25,97.75,0.0
KARURVYSYA,2023-03-31,2.24,97.76,0.0
KARURVYSYA,2023-06-30,2.24,97.76,0.0
KARURVYSYA,2023-09-30,2.24,97.76,0.0
KARURVYSYA,2023-12-31,2.22,97.78,0.0
KARURVYSYA,2024-03-31,2.2,97.8,0.0
KARURVYSYA,2024-06-30,2.15,97.85,0.0
KARURVYSYA,2024-09-30,2.13,97.87,0.0
KARURVYSYA,2024-12-31,2.13,97.87,0.0
KARURVYSYA,2025-03-31,2.11,97.89,0.0
KARURVYSYA,2025-06-30,2.1,97.9,0.0
KARURVYSYA,2025-09-30,2.1,97.9,0.0
KARURVYSYA,2025-12-31,2.07,97.93,0.0
KARURVYSYA,2026-03-31,2.07,97.93,0.0
KARURVYSYA,2026-06-30,2.07,97.93,0.0
KAYNES,2022-11-18,63.57,36.43,0.0
KAYNES,2022-12-31,63.57,36.43,0.0
KAYNES,2023-03-31,63.57,36.43,0.0
KAYNES,2023-06-30,63.57,36.43,0.0
KAYNES,2023-09-30,63.57,36.43,0.0
KAYNES,2023-12-21,57.83,42.17,0.0
KAYNES,2023-12-31,57.83,42.17,0.0
KAYNES,2024-03-31,57.83,42.17,0.0
KAYNES,2024-06-30,57.83,42.17,0.0
KAYNES,2024-09-30,57.75,42.25,0.0
KAYNES,2024-12-31,57.75,42.25,0.0
KAYNES,2025-03-31,57.75,42.25,0.0
KAYNES,2025-06-24,53.52,46.48,0.0
KAYNES,2025-06-30,53.52,46.48,0.0
KAYNES,2025-09-30,53.46,46.54,0.0
KAYNES,2025-12-31,53.46,46.54,0.0
KAYNES,2026-03-31,53.46,46.54,0.0
KAYNES,2026-06-30,53.46,46.54,0.0
KEC,2021-09-30,51.82,48.18,0.0
KEC,2021-12-31,51.82,48.18,0.0
KEC,2022-03-31,51.82,48.18,0.0
KEC,2022-06-30,51.88,48.12,0.0
KEC,2022-09-30,51.88,48.12,0.0
KEC,2022-12-31,51.88,48.12,0.0
KEC,2023-03-31,51.88,48.12,0.0
KEC,2023-06-30,51.88,48.12,0.0
KEC,2023-09-30,51.88,48.12,0.0
KEC,2023-12-31,51.88,48.12,0.0
KEC,2024-03-31,51.88,48.12,0.0
KEC,2024-06-30,51.88,48.12,0.0
KEC,2024-09-26,50.1,49.9,0.0
KEC,2024-09-30,50.1,49.9,0.0
KEC,2024-12-31,50.1,49.9,0.0
KEC,2025-03-31,50.1,49.9,0.0
KEC,2025-06-30,50.1,49.9,0.0
KEC,2025-09-30,50.1,49.9,0.0
KEC,2025-12-31,50.1,49.9,0.0
KEC,2026-03-31,50.1,49.9,0.0
KEC,2026-06-30,50.1,49.9,0.0
KEI,2021-09-30,38.02,61.98,0.0
KEI,2021-12-31,38.02,61.98,0.0
KEI,2022-03-31,38.02,61.98,0.0
KEI,2022-06-30,38.02,61.98,0.0
KEI,2022-09-30,37.99,62.01,0.0
KEI,2022-12-31,37.32,62.68,0.0
KEI,2023-03-31,37.21,62.79,0.0
KEI,2023-06-30,37.1,62.9,0.0
KEI,2023-09-30,37.08,62.92,0.0
KEI,2023-12-31,37.08,62.92,0.0
KEI,2024-03-31,37.08,62.92,0.0
KEI,2024-06-30,37.08,62.92,0.0
KEI,2024-09-30,37.06,62.94,0.0
KEI,2024-11-28,35.02,64.98,0.0
KEI,2024-12-31,35.02,64.98,0.0
KEI,2025-03-31,35.02,64.98,0.0
KEI,2025-06-30,35.02,64.98,0.0
KEI,2025-09-30,35.0,65.0,0.0
KEI,2025-12-31,35.0,65.0,0.0
KEI,2026-03-31,35.0,65.0,0.0
KEI,2026-06-30,35.0,65.0,0.0
KFINTECH,2022-12-27,49.91,50.09,0.0
KFINTECH,2022-12-31,49.91,50.09,0.0
KFINTECH,2023-03-31,49.42,50.58,0.0
KFINTECH,2023-06-30,49.22,50.78,0.0
KFINTECH,2023-09-30,49.12,50.88,0.0
KFINTECH,2023-12-31,39.05,60.95,0.0
KFINTECH,2024-03-31,38.97,61.03,0.0
KFINTECH,2024-06-30,33.06,66.94,0.0
KFINTECH,2024-09-30,33.04,66.96,0.0
KFINTECH,2024-12-31,32.96,67.04,0.0
KFINTECH,2025-03-31,32.91,67.09,0.0
KFINTECH,2025-06-30,22.9,77.1,0.0
KFINTECH,2025-09-30,22.89,77.11,0.0
KFINTECH,2025-12-31,22.87,77.13,0.0
KFINTECH,2026-03-31,22.86,77.14,0.0
KFINTECH,2026-06-30,22.82,77.18,0.0
KIMS,2021-06-25,38.85,61.15,0.0
KIMS,2021-09-30,38.84,61.16,0.0
KIMS,2021-12-31,38.84,61.16,0.0
KIMS,2022-03-31,38.84,61.16,0.0
KIMS,2022-06-30,38.84,61.16,0.0
KIMS,2022-09-30,38.84,61.16,0.0
KIMS,2022-12-31,38.84,61.16,0.0
KIMS,2023-03-31,38.84,61.16,0.0
KIMS,2023-06-30,38.84,61.16,0.0
KIMS,2023-09-30,38.84,61.16,0.0
KIMS,2023-12-31,38.82,61.18,0.0
KIMS,2024-03-31,38.82,61.18,0.0
KIMS,2024-06-30,38.82,61.18,0.0
KIMS,2024-09-30,38.82,61.18,0.0
KIMS,2024-12-31,38.82,61.18,0.0
KIMS,2025-03-31,38.82,61.18,0.0
KIMS,2025-06-30,34.11,65.89,0.0
KIMS,2025-09-30,34.11,65.89,0.0
KIMS,2025-12-31,34.11,65.89,0.0
KIMS,2026-03-31,34.11,65.89,0.0
KIMS,2026-06-19,32.5,67.5,0.0
KIMS,2026-06-30,32.5,67.5,0.0
KIRLOSENG,2021-09-30,59.44,40.55,0.0
KIRLOSENG,2021-12-31,59.44,40.55,0.0
KIRLOSENG,2022-03-31,59.44,40.54,0.0
KIRLOSENG,2022-06-30,59.44,40.55,0.0
KIRLOSENG,2022-09-30,59.44,40.56,0.0
KIRLOSENG,2022-12-31,59.42,40.58,0.0
KIRLOSENG,2023-03-31,41.25,58.75,0.0
KIRLOSENG,2023-06-30,41.23,58.77,0.0
KIRLOSENG,2023-09-30,41.23,58.77,0.0
KIRLOSENG,2023-12-31,41.23,58.77,0.0
KIRLOSENG,2024-03-31,41.21,58.79,0.0
KIRLOSENG,2024-06-30,41.18,58.82,0.0
KIRLOSENG,2024-09-30,41.17,58.83,0.0
KIRLOSENG,2024-12-31,41.16,58.84,0.0
KIRLOSENG,2025-03-31,41.15,58.85,0.0
KIRLOSENG,2025-06-30,41.13,58.87,0.0
KIRLOSENG,2025-09-30,41.12,58.88,0.0
KIRLOSENG,2025-12-31,41.08,58.92,0.0
KIRLOSENG,2026-03-31,41.07,58.93,0.0
KIRLOSENG,2026-06-30,41.07,58.93,0.0
KOTAKBANK,2021-09-30,26.0,74.0,0.0
KOTAKBANK,2021-12-31,25.99,74.01,0.0
KOTAKBANK,2022-03-31,25.98,74.02,0.0
KOTAKBANK,2022-06-30,25.97,74.03,0.0
KOTAKBANK,2022-09-30,25.96,74.04,0.0
KOTAKBANK,2022-12-31,25.95,74.05,0.0
KOTAKBANK,2023-03-31,25.95,74.05,0.0
KOTAKBANK,2023-06-30,25.94,74.06,0.0
KOTAKBANK,2023-09-30,25.93,74.07,0.0
KOTAKBANK,2023-12-31,25.91,74.09,0.0
KOTAKBANK,2024-03-31,25.9,74.1,0.0
KOTAKBANK,2024-06-30,25.89,74.11,0.0
KOTAKBANK,2024-09-30,25.89,74.11,0.0
KOTAKBANK,2024-12-31,25.89,74.11,0.0
KOTAKBANK,2025-03-31,25.88,74.12,0.0
KOTAKBANK,2025-06-30,25.88,74.12,0.0
KOTAKBANK,2025-09-30,25.88,74.12,0.0
KOTAKBANK,2025-12-31,25.87,74.13,0.0
KOTAKBANK,2026-03-31,25.87,74.13,0.0
KOTAKBANK,2026-06-30,25.87,74.13,0.0
KPIL,2021-09-30,54.55,45.45,0.0
KPIL,2021-12-31,51.58,48.42,0.0
KPIL,2022-03-31,51.58,48.42,0.0
KPIL,2022-06-30,51.55,48.45,0.0
KPIL,2022-09-30,51.55,48.45,0.0
KPIL,2022-12-31,51.53,48.47,0.0
KPIL,2023-01-16,47.24,52.76,0.0
KPIL,2023-03-31,47.24,52.76,0.0
KPIL,2023-06-30,41.08,58.92,0.0
KPIL,2023-09-30,41.07,58.93,0.0
KPIL,2023-12-31,40.59,59.41,0.0
KPIL,2024-03-31,40.59,59.41,0.0
KPIL,2024-06-30,35.24,64.76,0.0
KPIL,2024-09-30,35.24,64.76,0.0
KPIL,2024-12-16,33.52,66.48,0.0
KPIL,2024-12-31,33.52,66.48,0.0
KPIL,2025-03-31,33.52,66.48,0.0
KPIL,2025-06-30,33.52,66.48,0.0
KPIL,2025-09-30,33.57,66.43,0.0
KPIL,2025-12-31,33.57,66.43,0.0
KPIL,2026-03-31,33.58,66.42,0.0
KPIL,2026-06-30,33.58,66.42,0.0
KPITTECH,2021-09-30,40.14,58.21,1.65
KPITTECH,2021-12-31,40.11,58.33,1.56
KPITTECH,2022-03-31,40.11,58.39,1.51
KPITTECH,2022-06-30,40.11,58.42,1.48
KPITTECH,2022-09-30,40.11,58.51,1.38
KPITTECH,2022-12-31,40.1,58.44,1.46
KPITTECH,2023-03-31,39.49,59.13,1.39
KPITTECH,2023-06-30,39.47,59.23,1.29
KPITTECH,2023-09-30,39.47,59.38,1.14
KPITTECH,2023-12-31,39.47,59.43,1.1
KPITTECH,2024-03-31,39.47,59.46,1.07
KPITTECH,2024-06-30,39.47,59.51,1.02
KPITTECH,2024-09-30,39.47,59.56,0.97
KPITTECH,2024-12-31,39.47,59.6,0.93
KPITTECH,2025-03-31,39.47,59.64,0.89
KPITTECH,2025-06-30,39.45,59.75,0.81
KPITTECH,2025-09-30,39.44,59.8,0.76
KPITTECH,2025-12-31,39.42,59.85,0.73
KPITTECH,2026-03-31,39.42,59.88,0.7
KPITTECH,2026-06-30,38.6,60.78,0.62
KPRMILL,2021-09-30,74.72,25.28,0.0
KPRMILL,2021-12-31,74.72,25.28,0.0
KPRMILL,2022-03-31,74.72,25.28,0.0
KPRMILL,2022-04-26,74.78,25.22,0.0
KPRMILL,2022-06-30,74.78,25.22,0.0
KPRMILL,2022-09-30,74.78,25.22,0.0
KPRMILL,2022-12-31,74.78,25.22,0.0
KPRMILL,2023-03-31,74.78,25.22,0.0
KPRMILL,2023-06-30,74.78,25.22,0.0
KPRMILL,2023-09-30,73.76,26.24,0.0
KPRMILL,2023-12-31,73.76,26.24,0.0
KPRMILL,2024-03-31,73.76,26.24,0.0
KPRMILL,2024-06-30,73.76,26.24,0.0
KPRMILL,2024-09-30,70.68,29.32,0.0
KPRMILL,2024-12-31,70.68,29.32,0.0
KPRMILL,2025-03-31,70.68,29.32,0.0
KPRMILL,2025-06-30,67.52,32.48,0.0
KPRMILL,2025-09-30,67.52,32.48,0.0
KPRMILL,2025-12-31,67.52,32.48,0.0
KPRMILL,2026-03-31,67.52,32.48,0.0
KPRMILL,2026-06-30,67.52,32.48,0.0
LALPATHLAB,2021-09-30,55.23,43.97,0.8
LALPATHLAB,2021-12-31,55.23,44.03,0.74
LALPATHLAB,2022-03-31,55.23,44.07,0.7
LALPATHLAB,2022-06-30,55.05,44.35,0.6
LALPATHLAB,2022-09-30,55.05,44.38,0.58
LALPATHLAB,2022-12-31,55.05,44.39,0.56
LALPATHLAB,2023-03-31,55.03,44.45,0.51
LALPATHLAB,2023-06-30,55.01,44.55,0.44
LALPATHLAB,2023-09-30,54.61,44.98,0.41
LALPATHLAB,2023-12-31,54.6,45.03,0.37
LALPATHLAB,2024-03-31,54.6,45.08,0.32
LALPATHLAB,2024-06-30,54.6,45.1,0.3
LALPATHLAB,2024-09-30,53.92,45.75,0.33
LALPATHLAB,2024-12-31,53.91,45.81,0.28
LALPATHLAB,2025-03-31,53.91,45.83,0.27
LALPATHLAB,2025-06-30,53.79,45.82,0.39
LALPATHLAB,2025-09-30,53.21,46.42,0.37
LALPATHLAB,2025-12-22,53.21,46.44,0.35
LALPATHLAB,2025-12-31,53.21,46.44,0.35
LALPATHLAB,2026-03-31,53.21,46.44,0.34
LALPATHLAB,2026-06-30,53.19,46.43,0.38
LATENTVIEW,2021-11-18,68.1,31.9,0.0
LATENTVIEW,2021-12-31,68.1,31.9,0.0
LATENTVIEW,2022-03-31,67.21,32.79,0.0
LATENTVIEW,2022-06-30,67.21,32.79,0.0
LATENTVIEW,2022-09-30,67.21,32.79,0.0
LATENTVIEW,2022-12-31,66.31,33.69,0.0
LATENTVIEW,2023-03-31,65.74,34.26,0.0
LATENTVIEW,2023-06-30,65.74,34.26,0.0
LATENTVIEW,2023-09-30,65.74,34.26,0.0
LATENTVIEW,2023-12-31,65.42,34.58,0.0
LATENTVIEW,2024-03-31,65.42,34.58,0.0
LATENTVIEW,2024-06-30,65.39,34.61,0.0
LATENTVIEW,2024-09-30,65.39,34.61,0.0
LATENTVIEW,2024-12-31,65.24,34.76,0.0
LATENTVIEW,2025-03-31,65.24,34.76,0.0
LATENTVIEW,2025-06-30,65.2,34.8,0.0
LATENTVIEW,2025-09-30,65.2,34.8,0.0
LATENTVIEW,2025-12-31,65.1,34.9,0.0
LATENTVIEW,2026-03-31,65.1,34.9,0.0
LATENTVIEW,2026-06-30,65.1,34.9,0.0
LAURUSLABS,2021-09-30,27.3,72.7,0.0
LAURUSLABS,2021-12-31,27.27,72.73,0.0
LAURUSLABS,2022-03-31,27.27,72.73,0.0
LAURUSLABS,2022-06-30,27.27,72.73,0.0
LAURUSLABS,2022-09-30,27.27,72.73,0.0
LAURUSLABS,2022-12-31,27.2,72.8,0.0
LAURUSLABS,2023-03-31,27.2,72.8,0.0
LAURUSLABS,2023-06-30,27.2,72.8,0.0
LAURUSLABS,2023-09-30,27.2,72.8,0.0
LAURUSLABS,2023-12-31,27.19,72.81,0.0
LAURUSLABS,2024-03-31,27.19,72.81,0.0
LAURUSLABS,2024-06-30,27.18,72.82,0.0
LAURUSLABS,2024-09-30,27.18,72.82,0.0
LAURUSLABS,2024-12-31,27.62,72.38,0.0
LAURUSLABS,2025-03-31,27.62,72.38,0.0
LAURUSLABS,2025-06-30,27.59,72.41,0.0
LAURUSLABS,2025-09-30,27.59,72.41,0.0
LAURUSLABS,2025-12-31,27.49,72.51,0.0
LAURUSLABS,2026-03-31,27.49,72.51,0.0
LAURUSLABS,2026-06-30,27.47,72.53,0.0
LEMONTREE,2021-09-30,25.88,73.91,0.21
LEMONTREE,2021-12-31,25.88,73.92,0.21
LEMONTREE,2022-03-31,23.95,75.87,0.18
LEMONTREE,2022-06-30,23.93,75.95,0.12
LEMONTREE,2022-09-30,23.61,76.29,0.1
LEMONTREE,2022-12-31,23.61,76.3,0.09
LEMONTREE,2023-03-31,23.61,76.31,0.08
LEMONTREE,2023-06-30,23.6,76.32,0.08
LEMONTREE,2023-09-30,23.28,76.64,0.07
LEMONTREE,2023-12-31,23.21,76.72,0.07
LEMONTREE,2024-03-31,22.88,77.07,0.06
LEMONTREE,2024-06-30,22.8,77.15,0.06
LEMONTREE,2024-09-30,22.77,77.17,0.06
LEMONTREE,2024-12-31,22.77,77.18,0.05
LEMONTREE,2025-03-31,22.34,77.61,0.05
LEMONTREE,2025-06-30,22.28,77.67,0.05
LEMONTREE,2025-09-30,22.28,77.67,0.05
LEMONTREE,2025-12-31,22.28,77.67,0.05
LEMONTREE,2026-03-31,22.32,77.63,0.05
LEMONTREE,2026-06-30,22.32,77.63,0.05
LENSKART,2025-11-07,17.57,82.01,0.42
LENSKART,2025-12-31,17.57,82.01,0.42
LENSKART,2026-03-31,17.55,82.03,0.42
LENSKART,2026-06-30,17.53,82.05,0.42
LGEINDIA,2025-10-13,85.0,15.0,0.0
LGEINDIA,2025-12-31,85.0,15.0,0.0
LGEINDIA,2026-03-31,85.0,15.0,0.0
LGEINDIA,2026-06-30,85.0,15.0,0.0
LICHSGFIN,2021-09-30,45.24,54.76,0.0
LICHSGFIN,2021-12-31,45.24,54.76,0.0
LICHSGFIN,2022-03-31,45.24,54.76,0.0
LICHSGFIN,2022-06-30,45.24,54.76,0.0
LICHSGFIN,2022-09-30,45.24,54.76,0.0
LICHSGFIN,2022-12-31,45.24,54.76,0.0
LICHSGFIN,2023-03-31,45.24,54.76,0.0
LICHSGFIN,2023-06-30,45.24,54.76,0.0
LICHSGFIN,2023-09-30,45.24,54.76,0.0
LICHSGFIN,2023-12-31,45.24,54.76,0.0
LICHSGFIN,2024-03-31,45.24,54.76,0.0
LICHSGFIN,2024-06-30,45.24,54.76,0.0
LICHSGFIN,2024-09-30,45.24,54.76,0.0
LICHSGFIN,2024-12-31,45.24,54.76,0.0
LICHSGFIN,2025-03-31,45.24,54.76,0.0
LICHSGFIN,2025-06-30,45.24,54.76,0.0
LICHSGFIN,2025-09-30,45.24,54.76,0.0
LICHSGFIN,2025-12-31,45.24,54.76,0.0
LICHSGFIN,2026-03-31,45.24,54.76,0.0
LICHSGFIN,2026-06-30,45.24,54.76,0.0
LICI,2022-05-12,96.5,3.5,0.0
LICI,2022-06-30,96.5,3.5,0.0
LICI,2022-09-30,96.5,3.5,0.0
LICI,2022-12-31,96.5,3.5,0.0
LICI,2023-03-31,96.5,3.5,0.0
LICI,2023-06-30,96.5,3.5,0.0
LICI,2023-09-30,96.5,3.5,0.0
LICI,2023-12-31,96.5,3.5,0.0
LICI,2024-03-31,96.5,3.5,0.0
LICI,2024-06-30,96.5,3.5,0.0
LICI,2024-09-30,96.5,3.5,0.0
LICI,2024-12-31,96.5,3.5,0.0
LICI,2025-03-31,96.5,3.5,0.0
LICI,2025-06-30,96.5,3.5,0.0
LICI,2025-09-30,96.5,3.5,0.0
LICI,2025-12-31,96.5,3.5,0.0
LICI,2026-03-31,96.5,3.5,0.0
LICI,2026-06-01,96.5,3.5,0.0
LICI,2026-06-30,96.5,3.5,0.0
LINDEINDIA,2021-09-30,75.0,25.0,0.0
LINDEINDIA,2021-12-31,75.0,25.0,0.0
LINDEINDIA,2022-03-31,75.0,25.0,0.0
LINDEINDIA,2022-06-30,75.0,25.0,0.0
LINDEINDIA,2022-09-30,75.0,25.0,0.0
LINDEINDIA,2022-12-31,75.0,25.0,0.0
LINDEINDIA,2023-03-31,75.0,25.0,0.0
LINDEINDIA,2023-06-30,75.0,25.0,0.0
LINDEINDIA,2023-09-30,75.0,25.0,0.0
LINDEINDIA,2023-12-31,75.0,25.0,0.0
LINDEINDIA,2024-03-31,75.0,25.0,0.0
LINDEINDIA,2024-06-30,75.0,25.0,0.0
LINDEINDIA,2024-09-30,75.0,25.0,0.0
LINDEINDIA,2024-12-31,75.0,25.0,0.0
LINDEINDIA,2025-03-31,75.0,25.0,0.0
LINDEINDIA,2025-06-30,75.0,25.0,0.0
LINDEINDIA,2025-09-30,75.0,25.0,0.0
LINDEINDIA,2025-12-31,75.0,25.0,0.0
LINDEINDIA,2026-03-31,75.0,25.0,0.0
LINDEINDIA,2026-06-30,75.0,25.0,0.0
LLOYDSME,2023-06-30,65.75,34.25,0.0
LLOYDSME,2023-07-14,65.75,34.25,0.0
LLOYDSME,2023-09-30,65.75,34.25,0.0
LLOYDSME,2023-12-31,65.7,34.22,0.08
LLOYDSME,2024-03-31,65.69,34.27,0.04
LLOYDSME,2024-06-30,65.69,34.28,0.02
LLOYDSME,2024-07-09,63.49,36.48,0.02
LLOYDSME,2024-09-30,63.49,36.49,0.03
LLOYDSME,2024-12-31,63.49,36.5,0.01
LLOYDSME,2025-03-31,63.44,36.53,0.03
LLOYDSME,2025-06-30,63.44,36.54,0.02
LLOYDSME,2025-08-12,63.05,36.91,0.04
LLOYDSME,2025-09-30,63.05,36.93,0.02
LLOYDSME,2025-10-21,62.82,37.16,0.02
LLOYDSME,2025-12-31,63.73,36.14,0.13
LLOYDSME,2026-02-03,63.64,36.24,0.13
LLOYDSME,2026-03-13,61.64,38.32,0.04
LLOYDSME,2026-03-31,61.64,38.32,0.04
LLOYDSME,2026-06-30,61.63,38.31,0.06
LODHA,2021-09-30,88.5,11.5,0.0
LODHA,2021-11-18,82.22,17.78,0.0
LODHA,2021-12-31,82.22,17.78,0.0
LODHA,2022-03-31,82.22,17.78,0.0
LODHA,2022-06-30,82.2,17.8,0.0
LODHA,2022-09-30,82.2,17.8,0.0
LODHA,2022-12-12,75.0,25.0,0.0
LODHA,2022-12-31,75.0,25.0,0.0
LODHA,2023-03-31,74.99,25.01,0.0
LODHA,2023-06-01,74.99,25.01,0.0
LODHA,2023-06-30,74.96,25.04,0.0
LODHA,2023-09-30,74.93,25.07,0.0
LODHA,2023-12-31,74.92,25.08,0.0
LODHA,2024-03-07,72.67,27.33,0.0
LODHA,2024-03-31,72.16,27.84,0.0
LODHA,2024-06-30,72.13,27.87,0.0
LODHA,2024-09-30,72.11,27.89,0.0
LODHA,2024-12-31,71.98,28.02,0.0
LODHA,2025-03-31,71.94,28.06,0.0
LODHA,2025-06-30,71.9,28.1,0.0
LODHA,2025-09-30,71.87,28.13,0.0
LODHA,2025-12-31,71.85,28.15,0.0
LODHA,2026-03-31,72.27,27.73,0.0
LODHA,2026-06-30,70.31,29.69,0.0
LT,2021-09-30,0.0,100.0,0.0
LT,2021-12-31,0.0,100.0,0.0
LT,2022-03-31,0.0,100.0,0.0
LT,2022-06-30,0.0,100.0,0.0
LT,2022-09-30,0.0,100.0,0.0
LT,2022-12-31,0.0,100.0,0.0
LT,2023-03-31,0.0,100.0,0.0
LT,2023-06-30,0.0,100.0,0.0
LT,2023-09-28,0.0,100.0,0.0
LT,2023-09-30,0.0,100.0,0.0
LT,2023-12-31,0.0,100.0,0.0
LT,2024-03-31,0.0,100.0,0.0
LT,2024-06-30,0.0,100.0,0.0
LT,2024-09-30,0.0,100.0,0.0
LT,2024-12-31,0.0,100.0,0.0
LT,2025-03-31,0.0,100.0,0.0
LT,2025-06-30,0.0,100.0,0.0
LT,2025-09-30,0.0,100.0,0.0
LT,2025-12-31,0.0,100.0,0.0
LT,2026-03-31,0.0,100.0,0.0
LT,2026-06-30,0.0,100.0,0.0
LTF,2021-09-30,63.53,36.47,0.0
LTF,2021-12-31,63.5,36.5,0.0
LTF,2022-03-31,66.26,33.74,0.0
LTF,2022-06-30,66.23,33.77,0.0
LTF,2022-09-30,66.2,33.8,0.0
LTF,2022-12-31,66.15,33.85,0.0
LTF,2023-03-31,66.11,33.89,0.0
LTF,2023-06-30,66.1,33.9,0.0
LTF,2023-09-30,66.02,33.98,0.0
LTF,2023-12-31,65.9,34.1,0.0
LTF,2024-03-31,65.86,34.14,0.0
LTF,2024-06-30,66.37,33.63,0.0
LTF,2024-09-30,66.29,33.71,0.0
LTF,2024-12-31,66.25,33.75,0.0
LTF,2025-03-31,66.24,33.76,0.0
LTF,2025-06-30,66.16,33.84,0.0
LTF,2025-09-30,66.1,33.9,0.0
LTF,2025-12-31,66.03,33.97,0.0
LTF,2026-03-31,65.99,34.01,0.0
LTF,2026-06-30,65.96,34.04,0.0
LTFOODS,2021-09-30,56.81,43.19,0.0
LTFOODS,2021-12-31,56.81,43.19,0.0
LTFOODS,2022-03-31,56.81,43.19,0.0
LTFOODS,2022-06-30,56.81,43.19,0.0
LTFOODS,2022-09-30,56.81,43.19,0.0
LTFOODS,2022-12-31,56.81,43.19,0.0
LTFOODS,2023-02-28,52.33,47.67,0.0
LTFOODS,2023-03-31,51.0,49.0,0.0
LTFOODS,2023-06-30,51.0,49.0,0.0
LTFOODS,2023-09-30,51.0,49.0,0.0
LTFOODS,2023-12-31,51.0,49.0,0.0
LTFOODS,2024-03-31,51.0,49.0,0.0
LTFOODS,2024-06-30,51.0,49.0,0.0
LTFOODS,2024-09-30,51.0,49.0,0.0
LTFOODS,2024-12-31,51.0,49.0,0.0
LTFOODS,2025-03-31,51.0,49.0,0.0
LTFOODS,2025-06-30,51.0,49.0,0.0
LTFOODS,2025-09-30,51.0,49.0,0.0
LTFOODS,2025-12-31,51.01,48.99,0.0
LTFOODS,2026-03-31,51.01,48.99,0.0
LTFOODS,2026-06-30,51.01,48.99,0.0
LTM,2021-09-30,74.09,25.91,0.0
LTM,2021-12-31,74.07,25.93,0.0
LTM,2022-03-31,74.05,25.95,0.0
LTM,2022-06-30,74.03,25.97,0.0
LTM,2022-09-30,74.0,26.0,0.0
LTM,2022-11-25,68.69,31.31,0.01
LTM,2022-12-31,68.69,31.31,0.01
LTM,2023-03-31,68.68,31.32,0.01
LTM,2023-06-30,68.66,31.33,0.01
LTM,2023-09-30,68.66,31.34,0.0
LTM,2023-12-31,68.64,31.35,0.0
LTM,2024-03-31,68.6,31.4,0.0
LTM,2024-06-30,68.6,31.37,0.03
LTM,2024-09-30,68.6,31.38,0.02
LTM,2024-12-31,68.57,31.4,0.03
LTM,2025-03-31,68.57,31.42,0.0
LTM,2025-06-30,68.56,31.44,0.01
LTM,2025-09-30,68.54,31.44,0.02
LTM,2025-12-31,68.53,31.45,0.03
LTM,2026-03-31,68.52,31.47,0.01
LTM,2026-06-30,68.49,31.46,0.04
LTTS,2021-09-30,74.15,25.85,0.0
LTTS,2021-12-31,73.93,26.07,0.0
LTTS,2022-03-31,73.9,26.1,0.0
LTTS,2022-06-30,73.88,26.12,0.0
LTTS,2022-09-30,73.87,26.13,0.0
LTTS,2022-12-31,73.85,26.15,0.0
LTTS,2023-03-31,73.85,26.15,0.0
LTTS,2023-06-30,73.8,26.2,0.0
LTTS,2023-09-30,73.77,26.23,0.0
LTTS,2023-12-31,73.75,26.25,0.0
LTTS,2024-03-31,73.74,26.26,0.0
LTTS,2024-06-30,73.69,26.31,0.0
LTTS,2024-09-30,73.69,26.31,0.0
LTTS,2024-12-31,73.66,26.34,0.0
LTTS,2025-03-31,73.66,26.34,0.0
LTTS,2025-06-30,73.59,26.41,0.0
LTTS,2025-09-30,73.58,26.42,0.0
LTTS,2025-12-31,73.58,26.42,0.0
LTTS,2026-03-31,73.57,26.43,0.0
LTTS,2026-06-30,73.52,26.48,0.0
LUPIN,2021-09-30,46.83,53.15,0.0
LUPIN,2021-12-31,46.81,53.18,0.0
LUPIN,2022-03-31,46.78,53.22,0.0
LUPIN,2022-06-30,47.1,52.9,0.0
LUPIN,2022-09-30,47.11,52.89,0.0
LUPIN,2022-12-31,47.1,52.9,0.0
LUPIN,2023-03-31,47.08,52.92,0.0
LUPIN,2023-06-30,47.07,52.93,0.0
LUPIN,2023-09-30,47.06,52.94,0.0
LUPIN,2023-12-31,47.04,52.96,0.0
LUPIN,2024-03-31,47.01,52.99,0.0
LUPIN,2024-06-30,46.98,53.02,0.0
LUPIN,2024-09-30,46.96,53.04,0.0
LUPIN,2024-12-31,46.95,53.05,0.0
LUPIN,2025-03-31,46.92,53.08,0.0
LUPIN,2025-06-30,46.9,53.1,0.0
LUPIN,2025-09-30,46.9,53.1,0.0
LUPIN,2025-12-31,46.89,53.11,0.0
LUPIN,2026-03-31,46.86,53.14,0.0
LUPIN,2026-06-30,46.85,53.15,0.0
MAHABANK,2021-09-30,90.97,9.03,0.0
MAHABANK,2021-12-31,90.97,9.03,0.0
MAHABANK,2022-03-31,90.97,9.03,0.0
MAHABANK,2022-06-30,90.97,9.03,0.0
MAHABANK,2022-09-30,90.97,9.03,0.0
MAHABANK,2022-12-31,90.97,9.03,0.0
MAHABANK,2023-03-31,90.97,9.03,0.0
MAHABANK,2023-06-06,86.46,13.54,0.0
MAHABANK,2023-06-30,86.46,13.54,0.0
MAHABANK,2023-09-30,86.46,13.54,0.0
MAHABANK,2023-12-31,86.46,13.54,0.0
MAHABANK,2024-03-31,86.46,13.54,0.0
MAHABANK,2024-06-30,86.46,13.54,0.0
MAHABANK,2024-09-30,86.46,13.54,0.0
MAHABANK,2024-10-05,79.6,20.4,0.0
MAHABANK,2024-12-31,79.6,20.4,0.0
MAHABANK,2025-03-31,79.6,20.4,0.0
MAHABANK,2025-06-30,79.6,20.4,0.0
MAHABANK,2025-09-30,79.6,20.4,0.0
MAHABANK,2025-12-04,73.6,26.4,0.0
MAHABANK,2025-12-31,73.6,26.4,0.0
MAHABANK,2026-03-31,73.6,26.4,0.0
MAHABANK,2026-06-30,73.6,26.4,0.0
MANAPPURAM,2021-09-30,35.05,64.95,0.0
MANAPPURAM,2021-12-31,35.06,64.94,0.0
MANAPPURAM,2022-03-31,35.06,64.94,0.0
MANAPPURAM,2022-06-30,35.15,64.85,0.0
MANAPPURAM,2022-09-30,35.18,64.82,0.0
MANAPPURAM,2022-12-31,35.2,64.8,0.0
MANAPPURAM,2023-03-31,35.2,64.8,0.0
MANAPPURAM,2023-06-30,35.2,64.8,0.0
MANAPPURAM,2023-09-30,35.2,64.8,0.0
MANAPPURAM,2023-12-31,35.2,64.8,0.0
MANAPPURAM,2024-03-31,35.2,64.8,0.0
MANAPPURAM,2024-06-30,35.24,64.76,0.0
MANAPPURAM,2024-09-30,35.25,64.75,0.0
MANAPPURAM,2024-12-31,35.25,64.75,0.0
MANAPPURAM,2025-03-31,35.25,64.75,0.0
MANAPPURAM,2025-06-30,35.25,64.75,0.0
MANAPPURAM,2025-09-30,35.25,64.75,0.0
MANAPPURAM,2025-12-31,35.25,64.75,0.0
MANAPPURAM,2026-03-27,31.77,68.23,0.0
MANAPPURAM,2026-03-31,31.77,68.23,0.0
MANAPPURAM,2026-06-30,41.66,58.34,0.0
MANKIND,2023-05-04,76.5,23.5,0.0
MANKIND,2023-06-30,76.5,23.5,0.0
MANKIND,2023-09-30,76.5,23.5,0.0
MANKIND,2023-12-31,76.5,23.5,0.0
MANKIND,2024-03-31,74.88,25.12,0.0
MANKIND,2024-06-30,74.87,25.13,0.0
MANKIND,2024-09-30,74.87,25.13,0.0
MANKIND,2024-12-20,72.71,27.29,0.0
MANKIND,2024-12-31,72.71,27.29,0.0
MANKIND,2025-03-31,72.7,27.3,0.0
MANKIND,2025-06-30,72.68,27.32,0.0
MANKIND,2025-09-30,72.67,27.33,0.0
MANKIND,2025-12-31,72.66,27.34,0.0
MANKIND,2026-03-31,72.66,27.34,0.0
MANKIND,2026-06-30,72.63,27.37,0.0
MAPMYINDIA,2021-12-17,53.73,46.27,0.0
MAPMYINDIA,2021-12-31,53.73,46.27,0.0
MAPMYINDIA,2022-03-31,53.73,46.27,0.0
MAPMYINDIA,2022-06-30,53.73,46.27,0.0
MAPMYINDIA,2022-09-30,53.31,46.69,0.0
MAPMYINDIA,2022-12-31,53.31,46.69,0.0
MAPMYINDIA,2023-03-31,53.31,46.69,0.0
MAPMYINDIA,2023-06-30,53.31,46.69,0.0
MAPMYINDIA,2023-09-30,52.93,47.07,0.0
MAPMYINDIA,2023-12-31,52.91,47.09,0.0
MAPMYINDIA,2024-03-31,52.91,47.09,0.0
MAPMYINDIA,2024-06-30,51.98,48.02,0.0
MAPMYINDIA,2024-09-30,51.67,48.33,0.0
MAPMYINDIA,2024-12-31,51.67,48.33,0.0
MAPMYINDIA,2025-03-31,51.65,48.35,0.0
MAPMYINDIA,2025-06-30,51.65,48.35,0.0
MAPMYINDIA,2025-09-30,51.36,48.64,0.0
MAPMYINDIA,2025-12-31,51.36,48.64,0.0
MAPMYINDIA,2026-03-31,51.41,48.59,0.0
MAPMYINDIA,2026-06-30,51.41,48.59,0.0
MARICO,2021-09-30,59.52,40.38,0.1
MARICO,2021-12-31,59.51,40.4,0.1
MARICO,2022-03-31,59.49,40.4,0.11
MARICO,2022-06-30,59.48,40.41,0.11
MARICO,2022-09-30,59.48,40.41,0.11
MARICO,2022-12-31,59.48,40.43,0.09
MARICO,2023-03-31,59.42,40.47,0.11
MARICO,2023-06-30,59.42,40.48,0.11
MARICO,2023-09-30,59.4,40.49,0.11
MARICO,2023-12-31,59.39,40.53,0.08
MARICO,2024-03-31,59.35,40.54,0.11
MARICO,2024-06-30,59.28,40.61,0.11
MARICO,2024-09-30,59.2,40.69,0.11
MARICO,2024-12-31,59.11,40.81,0.08
MARICO,2025-03-31,59.05,40.83,0.12
MARICO,2025-06-30,59.03,40.85,0.12
MARICO,2025-09-30,58.94,40.8,0.26
MARICO,2025-12-31,58.93,40.85,0.22
MARICO,2026-03-31,58.93,40.88,0.19
MARICO,2026-06-30,58.91,40.91,0.17
MARUTI,2021-09-30,56.37,43.63,0.0
MARUTI,2021-12-31,56.37,43.63,0.0
MARUTI,2022-03-31,56.37,43.63,0.0
MARUTI,2022-06-30,56.37,43.63,0.0
MARUTI,2022-09-30,56.37,43.63,0.0
MARUTI,2022-12-31,56.37,43.63,0.0
MARUTI,2023-03-31,56.48,43.52,0.0
MARUTI,2023-06-30,56.48,43.52,0.0
MARUTI,2023-09-30,56.48,43.52,0.0
MARUTI,2023-11-24,58.19,41.81,0.0
MARUTI,2023-12-31,58.19,41.81,0.0
MARUTI,2024-03-31,58.19,41.81,0.0
MARUTI,2024-06-30,58.19,41.81,0.0
MARUTI,2024-09-30,58.19,41.81,0.0
MARUTI,2024-12-31,58.28,41.72,0.0
MARUTI,2025-03-31,58.28,41.72,0.0
MARUTI,2025-06-30,58.28,41.72,0.0
MARUTI,2025-09-30,58.28,41.72,0.0
MARUTI,2025-12-31,58.28,41.72,0.0
MARUTI,2026-03-31,58.53,41.47,0.0
MARUTI,2026-06-30,58.65,41.35,0.0
MAXHEALTH,2021-09-30,60.91,39.09,0.0
MAXHEALTH,2021-12-31,60.68,39.32,0.0
MAXHEALTH,2022-03-31,50.64,49.36,0.0
MAXHEALTH,2022-06-30,50.64,49.36,0.0
MAXHEALTH,2022-09-30,23.8,76.2,0.0
MAXHEALTH,2022-12-31,23.78,76.22,0.0
MAXHEALTH,2023-03-31,23.77,76.23,0.0
MAXHEALTH,2023-06-30,23.76,76.24,0.0
MAXHEALTH,2023-09-30,23.76,76.24,0.0
MAXHEALTH,2023-12-31,23.75,76.25,0.0
MAXHEALTH,2024-03-31,23.75,76.25,0.0
MAXHEALTH,2024-06-30,23.74,76.26,0.0
MAXHEALTH,2024-09-30,23.74,76.26,0.0
MAXHEALTH,2024-12-31,23.74,76.26,0.0
MAXHEALTH,2025-03-31,23.74,76.26,0.0
MAXHEALTH,2025-06-30,23.74,76.26,0.0
MAXHEALTH,2025-09-30,23.74,76.26,0.0
MAXHEALTH,2025-12-31,23.72,76.28,0.0
MAXHEALTH,2026-03-31,23.71,76.29,0.0
MAXHEALTH,2026-06-30,23.71,76.29,0.0
MAZDOCK,2021-09-30,84.83,15.17,0.0
MAZDOCK,2021-12-31,84.83,15.17,0.0
MAZDOCK,2022-03-31,84.83,15.17,0.0
MAZDOCK,2022-06-30,84.83,15.17,0.0
MAZDOCK,2022-09-30,84.83,15.17,0.0
MAZDOCK,2022-12-31,84.83,15.17,0.0
MAZDOCK,2023-03-31,84.83,15.17,0.0
MAZDOCK,2023-06-30,84.83,15.17,0.0
MAZDOCK,2023-09-30,84.83,15.17,0.0
MAZDOCK,2023-12-31,84.83,15.17,0.0
MAZDOCK,2024-03-31,84.83,15.17,0.0
MAZDOCK,2024-06-30,84.83,15.17,0.0
MAZDOCK,2024-09-30,84.83,15.17,0.0
MAZDOCK,2024-12-31,84.83,15.17,0.0
MAZDOCK,2025-03-31,84.83,15.17,0.0
MAZDOCK,2025-06-30,81.22,18.78,0.0
MAZDOCK,2025-09-30,81.22,18.78,0.0
MAZDOCK,2025-12-31,81.22,18.78,0.0
MAZDOCK,2026-03-31,81.22,18.78,0.0
MAZDOCK,2026-06-30,81.22,18.78,0.0
MEDANTA,2022-11-11,33.08,66.92,0.0
MEDANTA,2022-12-31,33.08,66.92,0.0
MEDANTA,2023-03-31,33.08,66.92,0.0
MEDANTA,2023-06-30,33.07,66.93,0.0
MEDANTA,2023-09-30,33.06,66.94,0.0
MEDANTA,2023-12-31,33.05,66.95,0.0
MEDANTA,2024-03-31,33.04,66.96,0.0
MEDANTA,2024-06-30,33.04,66.96,0.0
MEDANTA,2024-09-30,33.04,66.96,0.0
MEDANTA,2024-12-31,33.03,66.97,0.0
MEDANTA,2025-03-31,33.03,66.97,0.0
MEDANTA,2025-06-30,33.01,66.93,0.06
MEDANTA,2025-09-30,33.01,66.93,0.06
MEDANTA,2025-12-31,33.01,66.93,0.06
MEDANTA,2026-03-31,33.01,66.92,0.08
MEDANTA,2026-06-30,33.0,66.91,0.09
MEESHO,2025-12-09,16.76,83.24,0.0
MEESHO,2025-12-31,16.76,83.24,0.0
MEESHO,2026-03-31,16.57,83.43,0.0
MEESHO,2026-06-30,16.41,83.59,0.0
MFSL,2021-09-30,14.72,85.28,0.0
MFSL,2021-12-31,14.72,85.28,0.0
MFSL,2022-03-31,14.72,85.28,0.0
MFSL,2022-06-30,14.72,85.28,0.0
MFSL,2022-09-30,14.72,85.28,0.0
MFSL,2022-12-31,11.45,88.55,0.0
MFSL,2023-03-31,10.15,89.85,0.0
MFSL,2023-06-30,10.15,89.85,0.0
MFSL,2023-09-30,6.52,93.48,0.0
MFSL,2023-12-31,6.52,93.48,0.0
MFSL,2024-03-31,6.52,93.48,0.0
MFSL,2024-06-30,6.52,93.48,0.0
MFSL,2024-09-30,3.34,96.66,0.0
MFSL,2024-12-31,3.34,96.66,0.0
MFSL,2025-03-31,1.74,98.26,0.0
MFSL,2025-06-30,1.74,98.26,0.0
MFSL,2025-09-30,1.71,98.29,0.0
MFSL,2025-12-31,1.25,98.75,0.0
MFSL,2026-03-31,1.25,98.75,0.0
MFSL,2026-06-30,1.25,98.75,0.0
MGL,2021-09-30,32.5,67.5,0.0
MGL,2021-12-31,32.5,67.5,0.0
MGL,2022-03-31,32.5,67.5,0.0
MGL,2022-06-30,32.5,67.5,0.0
MGL,2022-09-30,32.5,67.5,0.0
MGL,2022-12-31,32.5,67.5,0.0
MGL,2023-03-31,32.5,67.5,0.0
MGL,2023-06-30,32.5,67.5,0.0
MGL,2023-09-30,32.5,67.5,0.0
MGL,2023-12-31,32.5,67.5,0.0
MGL,2024-03-31,32.5,67.5,0.0
MGL,2024-06-30,32.5,67.5,0.0
MGL,2024-09-30,32.5,67.5,0.0
MGL,2024-12-31,32.5,67.5,0.0
MGL,2025-03-31,32.5,67.5,0.0
MGL,2025-06-30,32.5,67.5,0.0
MGL,2025-09-30,32.5,67.5,0.0
MGL,2025-12-31,32.5,67.5,0.0
MGL,2026-03-31,32.5,67.5,0.0
MGL,2026-06-30,32.5,67.5,0.0
MINDACORP,2020-12-31,64.73,33.35,1.93
MINDACORP,2021-09-30,64.73,33.47,1.8
MINDACORP,2021-12-31,64.73,33.5,1.77
MINDACORP,2022-03-31,64.73,33.51,1.76
MINDACORP,2022-06-30,64.73,33.56,1.72
MINDACORP,2022-09-30,64.73,33.59,1.68
MINDACORP,2022-12-31,64.73,33.59,1.68
MINDACORP,2023-03-31,64.73,33.59,1.68
MINDACORP,2023-06-30,64.73,33.63,1.65
MINDACORP,2023-09-30,64.84,33.51,1.65
MINDACORP,2023-12-31,64.84,33.53,1.62
MINDACORP,2024-03-31,64.84,33.57,1.59
MINDACORP,2024-06-30,64.84,33.57,1.59
MINDACORP,2024-09-30,64.84,33.57,1.59
MINDACORP,2024-12-31,64.84,33.57,1.59
MINDACORP,2025-03-31,64.84,33.59,1.57
MINDACORP,2025-06-30,64.84,33.59,1.57
MINDACORP,2025-09-30,64.84,33.6,1.56
MINDACORP,2025-12-31,64.84,33.6,1.56
MINDACORP,2026-03-31,64.84,33.6,1.56
MINDACORP,2026-06-30,64.84,33.6,1.56
MMTC,2021-09-30,89.93,10.07,0.0
MMTC,2021-12-31,89.93,10.07,0.0
MMTC,2022-03-31,89.93,10.07,0.0
MMTC,2022-06-30,89.93,10.07,0.0
MMTC,2022-09-30,89.93,10.07,0.0
MMTC,2022-12-31,89.93,10.07,0.0
MMTC,2023-03-31,89.93,10.07,0.0
MMTC,2023-06-30,89.93,10.07,0.0
MMTC,2023-09-30,89.93,10.07,0.0
MMTC,2023-12-31,89.93,10.07,0.0
MMTC,2024-03-31,89.93,10.07,0.0
MMTC,2024-06-30,89.93,10.07,0.0
MMTC,2024-09-30,89.93,10.07,0.0
MMTC,2024-12-31,89.93,10.07,0.0
MMTC,2025-03-31,89.93,10.07,0.0
MMTC,2025-06-30,89.93,10.07,0.0
MMTC,2025-09-30,89.93,10.07,0.0
MMTC,2025-12-31,89.93,10.07,0.0
MMTC,2026-03-31,89.93,10.07,0.0
MMTC,2026-06-30,89.93,10.07,0.0
MOTHERSON,2021-09-30,61.73,38.27,0.0
MOTHERSON,2021-12-31,61.73,38.27,0.0
MOTHERSON,2022-03-03,68.16,31.84,0.0
MOTHERSON,2022-03-31,68.16,31.84,0.0
MOTHERSON,2022-06-30,68.16,31.84,0.0
MOTHERSON,2022-09-30,68.16,31.84,0.0
MOTHERSON,2022-10-06,68.16,31.84,0.0
MOTHERSON,2022-12-31,68.16,31.84,0.0
MOTHERSON,2023-03-31,64.77,35.23,0.0
MOTHERSON,2023-06-30,64.77,35.23,0.0
MOTHERSON,2023-09-30,64.77,35.23,0.0
MOTHERSON,2023-12-31,64.78,35.22,0.0
MOTHERSON,2024-03-31,60.36,39.64,0.0
MOTHERSON,2024-06-30,60.36,39.64,0.0
MOTHERSON,2024-09-20,58.13,41.87,0.0
MOTHERSON,2024-09-30,58.13,41.87,0.0
MOTHERSON,2024-12-31,58.13,41.87,0.0
MOTHERSON,2025-03-31,58.13,41.87,0.0
MOTHERSON,2025-06-30,48.6,51.4,0.0
MOTHERSON,2025-07-21,48.6,51.4,0.0
MOTHERSON,2025-09-30,48.58,51.42,0.0
MOTHERSON,2025-12-31,48.6,51.26,0.14
MOTHERSON,2026-03-31,48.6,51.18,0.22
MOTHERSON,2026-06-30,48.6,51.18,0.22
MOTILALOFS,2021-09-30,70.48,29.52,0.0
MOTILALOFS,2021-12-31,70.4,29.6,0.0
MOTILALOFS,2022-03-31,69.5,30.5,0.0
MOTILALOFS,2022-06-30,69.5,30.5,0.0
MOTILALOFS,2022-09-30,69.58,30.42,0.0
MOTILALOFS,2022-12-31,69.47,30.53,0.0
MOTILALOFS,2023-03-31,69.68,30.32,0.0
MOTILALOFS,2023-06-30,69.66,30.34,0.0
MOTILALOFS,2023-09-30,69.53,30.47,0.0
MOTILALOFS,2023-12-31,69.39,30.61,0.0
MOTILALOFS,2024-03-31,69.16,30.84,0.0
MOTILALOFS,2024-06-11,69.04,30.96,0.0
MOTILALOFS,2024-06-30,69.04,30.96,0.0
MOTILALOFS,2024-09-30,68.86,31.14,0.0
MOTILALOFS,2024-12-31,68.71,31.29,0.0
MOTILALOFS,2025-03-31,68.44,31.56,0.0
MOTILALOFS,2025-06-30,67.8,32.2,0.0
MOTILALOFS,2025-09-30,67.69,32.31,0.0
MOTILALOFS,2025-12-31,67.62,32.38,0.0
MOTILALOFS,2026-03-31,67.54,32.46,0.0
MOTILALOFS,2026-06-30,67.2,32.8,0.0
MPHASIS,2019-09-30,52.22,47.78,0.0
MPHASIS,2021-09-30,55.95,44.05,0.0
MPHASIS,2021-12-31,55.9,44.1,0.0
MPHASIS,2022-03-31,55.8,44.2,0.0
MPHASIS,2022-06-30,55.72,44.28,0.0
MPHASIS,2022-09-30,55.7,44.3,0.0
MPHASIS,2022-12-31,55.65,44.35,0.0
MPHASIS,2023-03-31,55.63,44.37,0.0
MPHASIS,2023-06-30,55.58,44.42,0.0
MPHASIS,2023-09-30,55.57,44.43,0.0
MPHASIS,2023-12-31,55.52,44.48,0.0
MPHASIS,2024-03-31,55.45,44.54,0.01
MPHASIS,2024-06-30,40.35,59.65,0.0
MPHASIS,2024-09-30,40.32,59.65,0.03
MPHASIS,2024-12-31,40.23,59.77,0.0
MPHASIS,2025-03-31,40.14,59.86,0.0
MPHASIS,2025-06-30,40.1,59.89,0.0
MPHASIS,2025-09-30,40.1,59.9,0.0
MPHASIS,2025-12-31,30.59,69.4,0.0
MPHASIS,2026-03-31,30.55,69.45,0.0
MPHASIS,2026-06-30,30.54,69.46,0.0
MRF,2021-09-30,27.84,72.16,0.0
MRF,2021-12-31,27.9,72.1,0.0
MRF,2022-03-31,27.95,72.05,0.0
MRF,2022-06-30,27.94,72.06,0.0
MRF,2022-09-30,27.87,72.13,0.0
MRF,2022-12-31,27.87,72.13,0.0
MRF,2023-03-31,27.84,72.16,0.0
MRF,2023-06-30,27.77,72.23,0.0
MRF,2023-09-30,27.75,72.25,0.0
MRF,2023-12-31,27.75,72.25,0.0
MRF,2024-03-31,27.78,72.22,0.0
MRF,2024-06-30,27.78,72.22,0.0
MRF,2024-09-30,27.77,72.23,0.0
MRF,2024-12-31,27.8,72.2,0.0
MRF,2025-03-31,27.78,72.22,0.0
MRF,2025-06-30,27.78,72.22,0.0
MRF,2025-09-30,27.74,72.26,0.0
MRF,2025-12-31,27.73,72.27,0.0
MRF,2026-03-31,27.77,72.23,0.0
MRF,2026-06-30,27.77,72.23,0.0
MRPL,2021-09-30,88.58,11.42,0.0
MRPL,2021-12-31,88.58,11.42,0.0
MRPL,2022-03-31,88.58,11.42,0.0
MRPL,2022-06-30,88.58,11.42,0.0
MRPL,2022-09-30,88.58,11.42,0.0
MRPL,2022-12-31,88.58,11.42,0.0
MRPL,2023-03-31,88.58,11.42,0.0
MRPL,2023-06-30,88.58,11.42,0.0
MRPL,2023-09-30,88.58,11.42,0.0
MRPL,2023-12-31,88.58,11.42,0.0
MRPL,2024-03-31,88.58,11.42,0.0
MRPL,2024-06-30,88.58,11.42,0.0
MRPL,2024-09-30,88.58,11.42,0.0
MRPL,2024-12-31,88.58,11.42,0.0
MRPL,2025-03-31,88.58,11.42,0.0
MRPL,2025-06-30,88.58,11.42,0.0
MRPL,2025-09-30,88.58,11.42,0.0
MRPL,2025-12-31,88.58,11.42,0.0
MRPL,2026-03-31,88.58,11.42,0.0
MRPL,2026-06-30,88.58,11.42,0.0
MSUMI,2022-03-28,61.73,38.27,0.0
MSUMI,2022-03-31,61.73,38.27,0.0
MSUMI,2022-06-30,61.73,38.27,0.0
MSUMI,2022-09-30,61.73,38.27,0.0
MSUMI,2022-11-18,61.73,38.27,0.0
MSUMI,2022-12-31,61.73,38.27,0.0
MSUMI,2023-03-31,61.73,38.27,0.0
MSUMI,2023-06-30,61.73,38.27,0.0
MSUMI,2023-09-30,61.74,38.26,0.0
MSUMI,2023-12-31,61.73,38.27,0.0
MSUMI,2024-03-31,61.73,38.27,0.0
MSUMI,2024-06-30,61.73,38.27,0.0
MSUMI,2024-09-30,61.73,38.27,0.0
MSUMI,2024-12-31,61.73,38.27,0.0
MSUMI,2025-03-31,61.73,38.27,0.0
MSUMI,2025-06-30,61.73,38.27,0.0
MSUMI,2025-07-21,61.73,38.27,0.0
MSUMI,2025-09-30,61.73,38.27,0.0
MSUMI,2025-12-31,61.73,38.27,0.0
MSUMI,2026-03-31,61.73,38.27,0.0
MSUMI,2026-06-30,61.73,38.27,0.0
MUTHOOTFIN,2021-09-30,73.37,26.63,0.0
MUTHOOTFIN,2021-12-31,73.37,26.63,0.0
MUTHOOTFIN,2022-03-31,73.37,26.63,0.0
MUTHOOTFIN,2022-06-30,73.37,26.63,0.0
MUTHOOTFIN,2022-09-30,73.35,26.65,0.0
MUTHOOTFIN,2022-12-31,73.35,26.65,0.0
MUTHOOTFIN,2023-03-31,73.35,26.65,0.0
MUTHOOTFIN,2023-06-30,73.35,26.65,0.0
MUTHOOTFIN,2023-09-30,73.35,26.65,0.0
MUTHOOTFIN,2023-12-31,73.35,26.65,0.0
MUTHOOTFIN,2024-03-31,73.35,26.65,0.0
MUTHOOTFIN,2024-06-30,73.35,26.65,0.0
MUTHOOTFIN,2024-09-30,73.35,26.65,0.0
MUTHOOTFIN,2024-12-31,73.35,26.65,0.0
MUTHOOTFIN,2025-03-31,73.35,26.65,0.0
MUTHOOTFIN,2025-06-30,73.35,26.65,0.0
MUTHOOTFIN,2025-09-30,73.35,26.65,0.0
MUTHOOTFIN,2025-12-31,73.35,26.65,0.0
MUTHOOTFIN,2026-03-31,73.35,26.65,0.0
MUTHOOTFIN,2026-06-30,73.35,26.65,0.0
NAM-INDIA,2021-09-30,73.97,26.03,0.0
NAM-INDIA,2021-12-31,73.82,26.18,0.0
NAM-INDIA,2022-03-31,73.8,26.2,0.0
NAM-INDIA,2022-06-30,73.74,26.26,0.0
NAM-INDIA,2022-09-30,73.68,26.32,0.0
NAM-INDIA,2022-12-31,73.66,26.34,0.0
NAM-INDIA,2023-03-31,73.66,26.34,0.0
NAM-INDIA,2023-06-30,73.64,26.36,0.0
NAM-INDIA,2023-09-30,73.47,26.53,0.0
NAM-INDIA,2023-12-31,73.1,26.9,0.0
NAM-INDIA,2024-03-31,72.86,27.14,0.0
NAM-INDIA,2024-06-30,72.66,27.34,0.0
NAM-INDIA,2024-09-30,72.49,27.51,0.0
NAM-INDIA,2024-12-31,72.43,27.57,0.0
NAM-INDIA,2025-03-31,72.32,27.68,0.0
NAM-INDIA,2025-06-30,72.25,27.75,0.0
NAM-INDIA,2025-09-30,72.1,27.9,0.0
NAM-INDIA,2025-12-31,72.05,27.95,0.0
NAM-INDIA,2026-03-31,71.93,28.07,0.0
NAM-INDIA,2026-06-30,71.8,28.2,0.0
NATCOPHARM,2021-09-30,48.87,51.13,0.0
NATCOPHARM,2021-12-31,48.86,51.14,0.0
NATCOPHARM,2022-03-31,48.81,51.19,0.0
NATCOPHARM,2022-06-30,48.8,51.2,0.0
NATCOPHARM,2022-09-30,48.8,51.2,0.0
NATCOPHARM,2022-12-31,48.82,51.18,0.0
NATCOPHARM,2023-03-31,48.84,51.16,0.0
NATCOPHARM,2023-06-30,49.76,50.24,0.0
NATCOPHARM,2023-09-30,49.71,50.29,0.0
NATCOPHARM,2023-12-31,49.71,50.29,0.0
NATCOPHARM,2024-03-31,49.71,50.29,0.0
NATCOPHARM,2024-06-30,49.71,50.29,0.0
NATCOPHARM,2024-09-30,49.62,50.38,0.0
NATCOPHARM,2024-12-31,49.62,50.38,0.0
NATCOPHARM,2025-03-31,49.56,50.44,0.0
NATCOPHARM,2025-06-30,49.56,50.44,0.0
NATCOPHARM,2025-09-30,49.48,50.52,0.0
NATCOPHARM,2025-12-31,49.48,50.52,0.0
NATCOPHARM,2026-03-31,49.42,50.58,0.0
NATCOPHARM,2026-06-30,49.42,50.58,0.0
NATIONALUM,2021-09-30,51.28,48.72,0.0
NATIONALUM,2021-12-31,51.28,48.72,0.0
NATIONALUM,2022-03-31,51.28,48.72,0.0
NATIONALUM,2022-06-30,51.28,48.72,0.0
NATIONALUM,2022-09-30,51.28,48.72,0.0
NATIONALUM,2022-12-31,51.28,48.72,0.0
NATIONALUM,2023-03-31,51.28,48.72,0.0
NATIONALUM,2023-06-30,51.28,48.72,0.0
NATIONALUM,2023-09-30,51.28,48.72,0.0
NATIONALUM,2023-12-31,51.28,48.72,0.0
NATIONALUM,2024-03-31,51.28,48.72,0.0
NATIONALUM,2024-06-30,51.28,48.72,0.0
NATIONALUM,2024-09-30,51.28,48.72,0.0
NATIONALUM,2024-12-31,51.28,48.72,0.0
NATIONALUM,2025-03-31,51.28,48.72,0.0
NATIONALUM,2025-06-30,51.28,48.72,0.0
NATIONALUM,2025-09-30,51.28,48.72,0.0
NATIONALUM,2025-12-31,51.28,48.72,0.0
NATIONALUM,2026-03-31,51.28,48.72,0.0
NATIONALUM,2026-06-30,51.28,48.72,0.0
NAUKRI,2021-09-30,38.4,61.49,0.11
NAUKRI,2021-12-31,38.4,61.51,0.08
NAUKRI,2022-03-31,38.17,61.77,0.06
NAUKRI,2022-06-30,38.11,61.69,0.2
NAUKRI,2022-09-30,38.11,61.72,0.17
NAUKRI,2022-12-31,38.05,61.75,0.2
NAUKRI,2023-03-31,38.05,61.81,0.13
NAUKRI,2023-06-30,38.05,61.82,0.13
NAUKRI,2023-09-30,37.98,61.94,0.08
NAUKRI,2023-12-31,37.91,61.88,0.21
NAUKRI,2024-03-31,37.88,61.92,0.2
NAUKRI,2024-06-30,37.88,61.95,0.16
NAUKRI,2024-09-30,37.68,62.1,0.22
NAUKRI,2024-12-31,37.63,62.21,0.16
NAUKRI,2025-03-31,37.63,62.26,0.12
NAUKRI,2025-06-30,37.63,62.28,0.09
NAUKRI,2025-09-30,37.59,62.26,0.15
NAUKRI,2025-12-31,37.59,62.27,0.14
NAUKRI,2026-03-31,37.5,62.4,0.11
NAUKRI,2026-06-30,37.47,62.44,0.08
NAVA,2021-09-30,49.26,50.74,0.0
NAVA,2021-12-31,49.51,50.49,0.0
NAVA,2022-03-31,49.51,50.49,0.0
NAVA,2022-06-30,49.53,50.47,0.0
NAVA,2022-09-30,48.81,51.19,0.0
NAVA,2022-12-31,48.81,51.19,0.0
NAVA,2023-03-31,48.81,51.19,0.0
NAVA,2023-06-30,48.83,51.17,0.0
NAVA,2023-09-30,48.84,51.16,0.0
NAVA,2023-12-31,48.84,51.16,0.0
NAVA,2024-03-31,48.84,51.16,0.0
NAVA,2024-06-30,48.85,51.15,0.0
NAVA,2024-09-30,48.85,51.15,0.0
NAVA,2024-12-31,48.89,51.11,0.0
NAVA,2025-03-24,50.13,49.87,0.0
NAVA,2025-03-31,50.13,49.87,0.0
NAVA,2025-06-30,50.13,49.87,0.0
NAVA,2025-09-30,50.13,49.87,0.0
NAVA,2025-12-31,50.1,49.9,0.0
NAVA,2026-03-31,50.11,49.89,0.0
NAVA,2026-06-30,50.03,49.97,0.0
NAVINFLUOR,2021-09-30,30.2,69.8,0.0
NAVINFLUOR,2021-12-31,30.19,69.81,0.0
NAVINFLUOR,2022-03-31,29.7,70.3,0.0
NAVINFLUOR,2022-06-30,29.7,70.3,0.0
NAVINFLUOR,2022-09-30,29.4,70.6,0.0
NAVINFLUOR,2022-12-31,29.4,70.6,0.0
NAVINFLUOR,2023-03-31,28.81,71.19,0.0
NAVINFLUOR,2023-06-30,28.81,71.19,0.0
NAVINFLUOR,2023-09-30,28.81,71.19,0.0
NAVINFLUOR,2023-12-31,28.81,71.19,0.0
NAVINFLUOR,2024-03-31,28.81,71.19,0.0
NAVINFLUOR,2024-06-30,28.8,71.2,0.0
NAVINFLUOR,2024-09-30,28.44,71.56,0.0
NAVINFLUOR,2024-12-31,28.44,71.56,0.0
NAVINFLUOR,2025-03-31,28.44,71.56,0.0
NAVINFLUOR,2025-06-30,28.01,71.99,0.0
NAVINFLUOR,2025-07-11,27.14,72.86,0.0
NAVINFLUOR,2025-09-30,27.12,72.88,0.0
NAVINFLUOR,2025-12-31,27.11,72.89,0.0
NAVINFLUOR,2026-03-31,27.11,72.89,0.0
NAVINFLUOR,2026-06-30,27.08,72.92,0.0
NBCC,2021-09-30,61.75,38.25,0.0
NBCC,2021-12-31,61.75,38.25,0.0
NBCC,2022-03-31,61.75,38.25,0.0
NBCC,2022-06-30,61.75,38.25,0.0
NBCC,2022-09-30,61.75,38.25,0.0
NBCC,2022-12-31,61.75,38.25,0.0
NBCC,2023-03-31,61.75,38.25,0.0
NBCC,2023-06-30,61.75,38.25,0.0
NBCC,2023-09-30,61.75,38.25,0.0
NBCC,2023-12-31,61.75,38.25,0.0
NBCC,2024-03-31,61.75,38.25,0.0
NBCC,2024-06-30,61.75,38.25,0.0
NBCC,2024-09-30,61.75,38.25,0.0
NBCC,2024-10-09,61.75,38.25,0.0
NBCC,2024-12-31,61.75,38.25,0.0
NBCC,2025-03-31,61.75,38.25,0.0
NBCC,2025-06-30,61.75,38.25,0.0
NBCC,2025-09-30,61.75,38.25,0.0
NBCC,2025-12-31,61.75,38.25,0.0
NBCC,2026-03-31,61.75,38.25,0.0
NBCC,2026-06-30,61.75,38.25,0.0
NCC,2021-09-30,19.68,80.32,0.0
NCC,2021-12-31,19.68,80.32,0.0
NCC,2022-03-31,19.68,80.32,0.0
NCC,2022-06-30,21.11,78.89,0.0
NCC,2022-07-01,21.99,78.01,0.0
NCC,2022-09-30,21.99,78.01,0.0
NCC,2022-12-31,21.99,78.01,0.0
NCC,2023-03-31,22.0,78.0,0.0
NCC,2023-06-30,22.0,78.0,0.0
NCC,2023-09-30,22.0,78.0,0.0
NCC,2023-12-31,22.0,78.0,0.0
NCC,2024-03-31,22.0,78.0,0.0
NCC,2024-06-30,22.0,78.0,0.0
NCC,2024-09-30,22.0,78.0,0.0
NCC,2024-12-31,22.02,77.98,0.0
NCC,2025-03-31,22.11,77.89,0.0
NCC,2025-06-30,22.11,77.89,0.0
NCC,2025-09-30,22.11,77.89,0.0
NCC,2025-12-31,22.25,77.75,0.0
NCC,2026-03-31,22.81,77.19,0.0
NCC,2026-06-30,23.08,76.92,0.0
NESTLEIND,2023-06-30,62.76,37.24,0.0
NESTLEIND,2023-09-30,62.76,37.24,0.0
NESTLEIND,2023-12-31,62.76,37.24,0.0
NESTLEIND,2024-03-31,62.76,37.24,0.0
NESTLEIND,2024-06-30,62.76,37.24,0.0
NESTLEIND,2024-09-30,62.76,37.24,0.0
NESTLEIND,2024-12-31,62.76,37.24,0.0
NESTLEIND,2025-03-31,62.76,37.24,0.0
NESTLEIND,2025-06-30,62.76,37.24,0.0
NESTLEIND,2025-08-11,62.76,37.24,0.0
NESTLEIND,2025-09-30,62.76,37.24,0.0
NESTLEIND,2025-12-31,62.76,37.24,0.0
NESTLEIND,2026-03-31,62.76,37.24,0.0
NESTLEIND,2026-06-30,62.76,37.24,0.0
NETWEB,2023-07-24,75.45,24.55,0.0
NETWEB,2023-09-30,75.45,24.55,0.0
NETWEB,2023-12-31,75.45,24.55,0.0
NETWEB,2024-03-31,75.04,24.96,0.0
NETWEB,2024-06-30,75.04,24.96,0.0
NETWEB,2024-09-30,71.39,28.61,0.0
NETWEB,2024-12-31,71.39,28.61,0.0
NETWEB,2025-03-31,71.03,28.97,0.0
NETWEB,2025-06-30,71.03,28.97,0.0
NETWEB,2025-09-30,71.0,29.0,0.0
NETWEB,2025-12-31,71.0,29.0,0.0
NETWEB,2026-03-31,66.98,33.02,0.0
NETWEB,2026-06-30,66.98,33.02,0.0
NEULANDLAB,2021-09-30,36.22,63.78,0.0
NEULANDLAB,2021-12-31,36.22,63.78,0.0
NEULANDLAB,2022-03-31,36.22,63.78,0.0
NEULANDLAB,2022-06-30,36.22,63.78,0.0
NEULANDLAB,2022-09-30,36.22,63.78,0.0
NEULANDLAB,2022-12-31,36.14,63.86,0.0
NEULANDLAB,2023-03-31,36.14,63.86,0.0
NEULANDLAB,2023-06-30,36.03,63.97,0.0
NEULANDLAB,2023-09-30,35.97,64.03,0.0
NEULANDLAB,2023-12-31,32.8,67.2,0.0
NEULANDLAB,2024-03-31,32.74,67.26,0.0
NEULANDLAB,2024-06-30,32.72,67.28,0.0
NEULANDLAB,2024-09-30,32.64,67.36,0.0
NEULANDLAB,2024-12-31,32.68,67.32,0.0
NEULANDLAB,2025-03-31,32.68,67.32,0.0
NEULANDLAB,2025-06-30,32.68,67.32,0.0
NEULANDLAB,2025-09-30,32.64,67.36,0.0
NEULANDLAB,2025-12-31,32.63,67.37,0.0
NEULANDLAB,2026-03-31,32.63,67.37,0.0
NEULANDLAB,2026-06-30,32.62,67.38,0.0
NEWGEN,2021-09-30,55.16,44.11,0.73
NEWGEN,2021-12-31,55.16,44.18,0.66
NEWGEN,2022-03-31,55.16,44.25,0.59
NEWGEN,2022-06-30,55.16,44.33,0.51
NEWGEN,2022-09-30,55.16,44.36,0.49
NEWGEN,2022-12-31,55.16,44.4,0.45
NEWGEN,2023-03-31,55.16,44.41,0.43
NEWGEN,2023-06-30,55.16,44.47,0.38
NEWGEN,2023-09-30,55.16,44.53,0.31
NEWGEN,2023-12-31,55.07,44.5,0.43
NEWGEN,2024-01-13,55.07,44.65,0.29
NEWGEN,2024-03-31,55.01,44.63,0.37
NEWGEN,2024-06-30,54.3,45.41,0.3
NEWGEN,2024-09-30,54.3,45.44,0.26
NEWGEN,2024-12-31,54.3,45.46,0.25
NEWGEN,2025-03-31,53.78,45.22,1.0
NEWGEN,2025-06-30,53.78,45.37,0.85
NEWGEN,2025-09-30,53.76,45.54,0.7
NEWGEN,2025-12-31,53.52,45.4,1.07
NEWGEN,2026-03-31,53.52,45.66,0.81
NEWGEN,2026-06-30,53.45,45.81,0.74
NH,2021-09-30,63.85,35.45,0.7
NH,2021-12-31,63.85,35.45,0.7
NH,2022-03-31,63.85,35.45,0.7
NH,2022-06-30,63.85,35.46,0.69
NH,2022-09-30,63.85,35.46,0.69
NH,2022-12-31,63.85,35.52,0.63
NH,2023-03-31,63.85,35.52,0.63
NH,2023-06-30,63.85,35.52,0.63
NH,2023-09-30,63.85,35.53,0.62
NH,2023-12-31,63.85,35.53,0.62
NH,2024-03-31,63.85,35.53,0.62
NH,2024-06-30,63.85,35.53,0.62
NH,2024-09-30,63.85,35.53,0.62
NH,2024-12-31,63.85,35.53,0.62
NH,2025-03-31,63.85,35.53,0.62
NH,2025-06-30,63.85,35.53,0.62
NH,2025-09-30,63.85,35.53,0.62
NH,2025-12-31,63.27,36.11,0.62
NH,2026-03-31,63.27,36.11,0.62
NH,2026-06-30,63.27,36.11,0.62
NHPC,2021-09-30,70.95,29.05,0.0
NHPC,2021-12-31,70.95,29.05,0.0
NHPC,2022-03-31,70.95,29.05,0.0
NHPC,2022-06-30,70.95,29.05,0.0
NHPC,2022-09-30,70.95,29.05,0.0
NHPC,2022-12-31,70.95,29.05,0.0
NHPC,2023-03-31,70.95,29.05,0.0
NHPC,2023-06-30,70.95,29.05,0.0
NHPC,2023-09-30,70.95,29.05,0.0
NHPC,2023-12-31,70.95,29.05,0.0
NHPC,2024-03-31,67.4,32.6,0.0
NHPC,2024-06-30,67.4,32.6,0.0
NHPC,2024-09-30,67.4,32.6,0.0
NHPC,2024-12-31,67.4,32.6,0.0
NHPC,2025-03-31,67.4,32.6,0.0
NHPC,2025-06-30,67.4,32.6,0.0
NHPC,2025-09-30,67.4,32.6,0.0
NHPC,2025-12-31,67.4,32.6,0.0
NHPC,2026-03-31,67.4,32.6,0.0
NHPC,2026-06-30,61.39,38.61,0.0
NIACL,2021-09-30,85.44,14.56,0.0
NIACL,2021-12-31,85.44,14.56,0.0
NIACL,2022-03-31,85.44,14.56,0.0
NIACL,2022-06-30,85.44,14.56,0.0
NIACL,2022-09-30,85.44,14.56,0.0
NIACL,2022-12-31,85.44,14.56,0.0
NIACL,2023-03-31,85.44,14.56,0.0
NIACL,2023-06-30,85.44,14.56,0.0
NIACL,2023-09-30,85.44,14.56,0.0
NIACL,2023-12-31,85.44,14.56,0.0
NIACL,2024-03-31,85.44,14.56,0.0
NIACL,2024-06-30,85.44,14.56,0.0
NIACL,2024-09-30,85.44,14.56,0.0
NIACL,2024-12-31,85.44,14.56,0.0
NIACL,2025-03-31,85.44,14.56,0.0
NIACL,2025-06-30,85.44,14.56,0.0
NIACL,2025-09-30,85.44,14.56,0.0
NIACL,2025-12-31,85.44,14.56,0.0
NIACL,2026-03-31,85.44,14.56,0.0
NIACL,2026-06-30,85.44,14.56,0.0
NIVABUPA,2024-11-13,55.98,44.02,0.0
NIVABUPA,2024-12-31,55.98,44.02,0.0
NIVABUPA,2025-03-31,55.98,44.02,0.0
NIVABUPA,2025-06-30,55.43,44.57,0.0
NIVABUPA,2025-09-30,55.41,44.59,0.0
NIVABUPA,2025-12-31,55.36,44.64,0.0
NIVABUPA,2026-03-31,55.36,44.64,0.0
NIVABUPA,2026-06-30,55.3,44.7,0.0
NLCINDIA,2021-09-30,79.2,20.8,0.0
NLCINDIA,2021-12-31,79.2,20.8,0.0
NLCINDIA,2022-03-31,79.2,20.8,0.0
NLCINDIA,2022-06-30,79.2,20.8,0.0
NLCINDIA,2022-09-30,79.2,20.8,0.0
NLCINDIA,2022-12-31,79.2,20.8,0.0
NLCINDIA,2023-03-31,79.2,20.8,0.0
NLCINDIA,2023-06-30,79.2,20.8,0.0
NLCINDIA,2023-09-30,79.2,20.8,0.0
NLCINDIA,2023-12-31,79.2,20.8,0.0
NLCINDIA,2024-03-31,72.2,27.8,0.0
NLCINDIA,2024-06-30,72.2,27.8,0.0
NLCINDIA,2024-09-30,72.2,27.8,0.0
NLCINDIA,2024-12-31,72.2,27.8,0.0
NLCINDIA,2025-03-31,72.2,27.8,0.0
NLCINDIA,2025-06-30,72.2,27.8,0.0
NLCINDIA,2025-09-30,72.2,27.8,0.0
NLCINDIA,2025-12-31,72.2,27.8,0.0
NLCINDIA,2026-03-31,72.2,27.8,0.0
NLCINDIA,2026-06-30,69.47,30.53,0.0
NMDC,2015-12-31,80.0,20.0,0.0
NMDC,2021-09-30,60.79,39.21,0.0
NMDC,2021-12-31,60.79,39.21,0.0
NMDC,2022-03-31,60.79,39.21,0.0
NMDC,2022-06-30,60.79,39.21,0.0
NMDC,2022-09-30,60.79,39.21,0.0
NMDC,2022-12-31,60.79,39.21,0.0
NMDC,2023-03-31,60.79,39.21,0.0
NMDC,2023-06-30,60.79,39.21,0.0
NMDC,2023-09-30,60.79,39.21,0.0
NMDC,2023-12-31,60.79,39.21,0.0
NMDC,2024-03-31,60.79,39.21,0.0
NMDC,2024-06-30,60.79,39.21,0.0
NMDC,2024-09-30,60.79,39.21,0.0
NMDC,2024-12-30,60.79,39.21,0.0
NMDC,2024-12-31,60.79,39.21,0.0
NMDC,2025-03-31,60.79,39.21,0.0
NMDC,2025-06-30,60.79,39.21,0.0
NMDC,2025-09-30,60.79,39.21,0.0
NMDC,2025-12-31,60.79,39.21,0.0
NMDC,2026-03-31,60.79,39.21,0.0
NMDC,2026-06-30,60.79,39.21,0.0
NSLNISP,2023-02-20,60.79,39.19,0.0
NSLNISP,2023-03-31,60.79,39.21,0.0
NSLNISP,2023-06-30,60.79,39.21,0.0
NSLNISP,2023-09-30,60.79,39.21,0.0
NSLNISP,2023-12-31,60.79,39.21,0.0
NSLNISP,2024-03-31,60.79,39.21,0.0
NSLNISP,2024-06-30,60.79,39.21,0.0
NSLNISP,2024-09-30,60.79,39.21,0.0
NSLNISP,2024-12-31,60.79,39.21,0.0
NSLNISP,2025-03-31,60.79,39.21,0.0
NSLNISP,2025-06-30,60.79,39.21,0.0
NSLNISP,2025-09-30,60.79,39.21,0.0
NSLNISP,2025-12-31,60.79,39.21,0.0
NSLNISP,2026-03-31,60.79,39.21,0.0
NSLNISP,2026-06-30,60.79,39.21,0.0
NTPC,2021-09-30,51.1,48.9,0.0
NTPC,2021-12-31,51.1,48.9,0.0
NTPC,2022-03-31,51.1,48.9,0.0
NTPC,2022-06-30,51.1,48.9,0.0
NTPC,2022-09-30,51.1,48.9,0.0
NTPC,2022-12-31,51.1,48.9,0.0
NTPC,2023-03-31,51.1,48.9,0.0
NTPC,2023-06-30,51.1,48.9,0.0
NTPC,2023-09-30,51.1,48.9,0.0
NTPC,2023-12-31,51.1,48.9,0.0
NTPC,2024-03-31,51.1,48.9,0.0
NTPC,2024-06-30,51.1,48.9,0.0
NTPC,2024-09-30,51.1,48.9,0.0
NTPC,2024-12-31,51.1,48.9,0.0
NTPC,2025-03-31,51.1,48.9,0.0
NTPC,2025-06-30,51.1,48.9,0.0
NTPC,2025-09-30,51.1,48.9,0.0
NTPC,2025-12-31,51.1,48.9,0.0
NTPC,2026-03-31,51.1,48.9,0.0
NTPC,2026-06-30,51.1,48.9,0.0
NTPCGREEN,2024-11-26,89.01,10.99,0.0
NTPCGREEN,2024-12-31,89.01,10.99,0.0
NTPCGREEN,2025-03-31,89.01,10.99,0.0
NTPCGREEN,2025-06-30,89.01,10.99,0.0
NTPCGREEN,2025-09-30,89.01,10.99,0.0
NTPCGREEN,2025-12-31,89.01,10.99,0.0
NTPCGREEN,2026-03-31,89.01,10.99,0.0
NTPCGREEN,2026-06-30,89.01,10.99,0.0
NUVAMA,2023-09-25,56.19,42.38,1.43
NUVAMA,2023-09-30,56.19,42.38,1.43
NUVAMA,2023-12-31,55.95,44.05,0.0
NUVAMA,2024-03-31,55.81,44.19,0.0
NUVAMA,2024-06-30,55.68,44.32,0.0
NUVAMA,2024-09-30,55.18,44.82,0.0
NUVAMA,2024-12-31,54.93,45.07,0.0
NUVAMA,2025-03-31,54.78,45.22,0.0
NUVAMA,2025-06-30,54.73,45.27,0.0
NUVAMA,2025-09-30,54.65,45.35,0.0
NUVAMA,2025-12-31,54.2,45.8,0.0
NUVAMA,2026-03-31,54.13,45.87,0.0
NUVAMA,2026-06-30,53.98,46.02,0.0
NUVOCO,2021-09-30,71.03,28.97,0.0
NUVOCO,2021-12-31,71.03,28.97,0.0
NUVOCO,2022-03-31,71.42,28.58,0.0
NUVOCO,2022-06-30,71.72,28.28,0.0
NUVOCO,2022-09-30,71.79,28.21,0.0
NUVOCO,2022-12-31,71.79,28.21,0.0
NUVOCO,2023-03-31,71.79,28.21,0.0
NUVOCO,2023-06-30,71.79,28.21,0.0
NUVOCO,2023-09-30,71.79,28.21,0.0
NUVOCO,2023-12-31,71.79,28.21,0.0
NUVOCO,2024-03-31,72.02,27.98,0.0
NUVOCO,2024-06-30,72.02,27.98,0.0
NUVOCO,2024-09-30,72.02,27.98,0.0
NUVOCO,2024-12-31,72.02,27.98,0.0
NUVOCO,2025-03-31,72.02,27.98,0.0
NUVOCO,2025-06-30,72.02,27.98,0.0
NUVOCO,2025-09-30,72.02,27.98,0.0
NUVOCO,2025-12-31,72.02,27.98,0.0
NUVOCO,2026-03-31,72.02,27.98,0.0
NUVOCO,2026-06-30,72.02,27.98,0.0
NYKAA,2021-11-08,52.56,47.44,0.0
NYKAA,2021-12-31,52.56,47.44,0.0
NYKAA,2022-03-31,52.43,47.57,0.0
NYKAA,2022-06-30,52.41,47.59,0.0
NYKAA,2022-09-30,52.38,47.62,0.0
NYKAA,2022-11-12,52.36,47.64,0.0
NYKAA,2022-12-31,52.34,47.66,0.0
NYKAA,2023-03-31,52.28,47.72,0.0
NYKAA,2023-06-30,52.28,47.72,0.0
NYKAA,2023-09-30,52.26,47.74,0.0
NYKAA,2023-12-31,52.24,47.76,0.0
NYKAA,2024-03-31,52.22,47.78,0.0
NYKAA,2024-06-30,52.2,47.8,0.0
NYKAA,2024-09-30,52.18,47.82,0.0
NYKAA,2024-12-31,52.16,47.84,0.0
NYKAA,2025-03-31,52.16,47.84,0.0
NYKAA,2025-06-30,52.14,47.86,0.0
NYKAA,2025-09-30,52.12,47.88,0.0
NYKAA,2025-12-31,52.1,47.9,0.0
NYKAA,2026-03-31,52.09,47.91,0.0
NYKAA,2026-06-30,52.08,47.92,0.0
OBEROIRLTY,2021-09-30,67.7,32.3,0.0
OBEROIRLTY,2021-12-31,67.7,32.3,0.0
OBEROIRLTY,2022-03-31,67.7,32.3,0.0
OBEROIRLTY,2022-06-30,67.7,32.3,0.0
OBEROIRLTY,2022-09-30,67.7,32.3,0.0
OBEROIRLTY,2022-12-31,67.7,32.3,0.0
OBEROIRLTY,2023-03-31,67.7,32.3,0.0
OBEROIRLTY,2023-06-30,67.7,32.3,0.0
OBEROIRLTY,2023-09-30,67.7,32.3,0.0
OBEROIRLTY,2023-12-31,67.7,32.3,0.0
OBEROIRLTY,2024-03-31,67.7,32.3,0.0
OBEROIRLTY,2024-06-30,67.7,32.3,0.0
OBEROIRLTY,2024-09-30,67.7,32.3,0.0
OBEROIRLTY,2024-12-31,67.7,32.3,0.0
OBEROIRLTY,2025-03-31,67.7,32.3,0.0
OBEROIRLTY,2025-06-30,67.7,32.3,0.0
OBEROIRLTY,2025-09-30,67.7,32.3,0.0
OBEROIRLTY,2025-12-31,67.7,32.3,0.0
OBEROIRLTY,2026-03-31,67.7,32.3,0.0
OBEROIRLTY,2026-06-30,67.7,32.3,0.0
OFSS,2021-09-30,73.15,26.85,0.0
OFSS,2021-12-31,73.12,26.88,0.0
OFSS,2022-03-31,73.11,26.89,0.0
OFSS,2022-06-30,73.02,26.98,0.0
OFSS,2022-09-30,73.0,27.0,0.0
OFSS,2022-12-31,72.99,27.01,0.0
OFSS,2023-03-31,72.98,27.02,0.0
OFSS,2023-06-30,72.9,27.1,0.0
OFSS,2023-09-30,72.81,27.19,0.0
OFSS,2023-12-31,72.78,27.22,0.0
OFSS,2024-03-31,72.75,27.25,0.0
OFSS,2024-06-30,72.71,27.29,0.0
OFSS,2024-09-30,72.69,27.31,0.0
OFSS,2024-12-31,72.62,27.38,0.0
OFSS,2025-03-31,72.59,27.41,0.0
OFSS,2025-06-30,72.56,27.44,0.0
OFSS,2025-09-30,72.53,27.47,0.0
OFSS,2025-12-31,72.46,27.54,0.0
OFSS,2026-03-31,72.44,27.56,0.0
OFSS,2026-06-30,72.41,27.59,0.0
OIL,2021-09-30,56.66,43.34,0.0
OIL,2021-12-31,56.66,43.34,0.0
OIL,2022-03-31,56.66,43.34,0.0
OIL,2022-06-30,56.66,43.34,0.0
OIL,2022-09-30,56.66,43.34,0.0
OIL,2022-12-31,56.66,43.34,0.0
OIL,2023-03-31,56.66,43.34,0.0
OIL,2023-06-30,56.66,43.34,0.0
OIL,2023-09-30,56.66,43.34,0.0
OIL,2023-12-31,56.66,43.34,0.0
OIL,2024-03-31,56.66,43.34,0.0
OIL,2024-06-30,56.66,43.34,0.0
OIL,2024-07-04,56.66,43.34,0.0
OIL,2024-09-30,56.66,43.34,0.0
OIL,2024-12-31,56.66,43.34,0.0
OIL,2025-03-31,56.66,43.34,0.0
OIL,2025-06-30,56.66,43.34,0.0
OIL,2025-09-30,56.66,43.34,0.0
OIL,2025-12-31,56.66,43.34,0.0
OIL,2026-03-31,56.66,43.34,0.0
OIL,2026-06-30,56.66,43.34,0.0
OLAELEC,2024-08-08,36.78,56.81,6.41
OLAELEC,2024-09-30,36.78,57.73,5.48
OLAELEC,2024-12-31,36.78,57.89,5.33
OLAELEC,2025-03-31,36.78,57.95,5.27
OLAELEC,2025-06-30,36.78,58.04,5.18
OLAELEC,2025-09-30,36.78,58.35,4.87
OLAELEC,2025-12-31,34.59,60.58,4.83
OLAELEC,2026-03-31,34.59,60.65,4.75
OLAELEC,2026-06-04,32.97,62.5,4.53
OLAELEC,2026-06-30,32.97,62.52,4.51
OLECTRA,2021-09-30,51.74,48.26,0.0
OLECTRA,2021-12-31,51.62,48.38,0.0
OLECTRA,2022-03-31,50.02,49.98,0.0
OLECTRA,2022-06-30,50.02,49.98,0.0
OLECTRA,2022-09-30,50.02,49.98,0.0
OLECTRA,2022-12-31,50.02,49.98,0.0
OLECTRA,2023-03-31,50.02,49.98,0.0
OLECTRA,2023-06-30,50.02,49.98,0.0
OLECTRA,2023-09-30,50.02,49.98,0.0
OLECTRA,2023-12-31,50.02,49.98,0.0
OLECTRA,2024-03-31,50.02,49.98,0.0
OLECTRA,2024-06-30,50.02,49.98,0.0
OLECTRA,2024-09-30,50.02,49.98,0.0
OLECTRA,2024-12-31,50.02,49.98,0.0
OLECTRA,2025-03-31,50.02,49.98,0.0
OLECTRA,2025-06-30,50.02,49.98,0.0
OLECTRA,2025-09-30,50.02,49.98,0.0
OLECTRA,2025-12-31,50.02,49.98,0.0
OLECTRA,2026-03-31,50.02,49.98,0.0
OLECTRA,2026-06-30,50.02,49.98,0.0
ONESOURCE,2024-12-01,37.77,62.23,0.0
ONESOURCE,2024-12-31,37.77,62.23,0.0
ONESOURCE,2025-03-31,34.25,65.75,0.0
ONESOURCE,2025-06-30,29.79,70.21,0.0
ONESOURCE,2025-09-30,29.77,70.23,0.0
ONESOURCE,2025-12-31,29.93,70.07,0.0
ONESOURCE,2026-03-31,30.48,69.52,0.0
ONESOURCE,2026-06-30,30.48,69.52,0.0
ONGC,2021-09-30,60.41,39.59,0.0
ONGC,2021-12-31,60.41,39.59,0.0
ONGC,2022-03-31,58.91,41.09,0.0
ONGC,2022-06-30,58.89,41.11,0.0
ONGC,2022-09-30,58.89,41.11,0.0
ONGC,2022-12-31,58.89,41.11,0.0
ONGC,2023-03-31,58.89,41.11,0.0
ONGC,2023-06-30,58.89,41.11,0.0
ONGC,2023-09-30,58.89,41.11,0.0
ONGC,2023-12-31,58.89,41.11,0.0
ONGC,2024-03-31,58.89,41.11,0.0
ONGC,2024-06-30,58.89,41.11,0.0
ONGC,2024-09-30,58.89,41.11,0.0
ONGC,2024-12-31,58.89,41.11,0.0
ONGC,2025-03-31,58.89,41.11,0.0
ONGC,2025-06-30,58.89,41.11,0.0
ONGC,2025-09-30,58.89,41.11,0.0
ONGC,2025-12-31,58.89,41.11,0.0
ONGC,2026-03-31,58.89,41.11,0.0
ONGC,2026-06-30,58.89,41.11,0.0
PAGEIND,2021-09-30,47.91,52.09,0.0
PAGEIND,2021-12-31,47.19,52.81,0.0
PAGEIND,2022-03-31,47.19,52.81,0.0
PAGEIND,2022-06-30,46.12,53.88,0.0
PAGEIND,2022-09-30,46.12,53.88,0.0
PAGEIND,2022-12-31,46.12,53.88,0.0
PAGEIND,2023-03-31,46.12,53.88,0.0
PAGEIND,2023-06-30,46.12,53.88,0.0
PAGEIND,2023-09-30,45.11,54.89,0.0
PAGEIND,2023-12-31,45.11,54.89,0.0
PAGEIND,2024-03-31,45.11,54.89,0.0
PAGEIND,2024-06-30,45.04,54.96,0.0
PAGEIND,2024-09-30,44.29,55.71,0.0
PAGEIND,2024-12-31,42.89,57.11,0.0
PAGEIND,2025-03-31,42.89,57.11,0.0
PAGEIND,2025-06-30,42.89,57.11,0.0
PAGEIND,2025-09-30,42.89,57.11,0.0
PAGEIND,2025-12-31,42.89,57.11,0.0
PAGEIND,2026-03-31,42.89,57.11,0.0
PAGEIND,2026-06-30,42.89,57.11,0.0
PARADEEP,2022-05-24,56.1,43.9,0.0
PARADEEP,2022-06-30,56.1,43.9,0.0
PARADEEP,2022-09-30,56.1,43.9,0.0
PARADEEP,2022-12-31,56.1,43.9,0.0
PARADEEP,2023-03-31,56.1,43.9,0.0
PARADEEP,2023-06-30,56.1,43.9,0.0
PARADEEP,2023-09-30,56.08,43.92,0.0
PARADEEP,2023-12-31,56.08,43.92,0.0
PARADEEP,2024-03-31,56.08,43.92,0.0
PARADEEP,2024-06-30,56.08,43.92,0.0
PARADEEP,2024-09-30,56.08,43.92,0.0
PARADEEP,2024-12-31,56.05,43.95,0.0
PARADEEP,2025-03-31,56.05,43.95,0.0
PARADEEP,2025-06-30,56.04,43.96,0.0
PARADEEP,2025-09-30,57.2,42.8,0.0
PARADEEP,2025-12-30,57.7,42.3,0.0
PARADEEP,2025-12-31,57.7,42.3,0.0
PARADEEP,2026-03-31,57.8,42.2,0.0
PARADEEP,2026-06-30,57.86,42.14,0.0
PATANJALI,2021-09-30,98.9,1.1,0.0
PATANJALI,2021-12-31,98.9,1.1,0.0
PATANJALI,2022-03-31,98.9,1.11,0.0
PATANJALI,2022-04-05,80.82,19.17,0.0
PATANJALI,2022-06-30,80.82,19.18,0.0
PATANJALI,2022-09-30,80.82,19.18,0.0
PATANJALI,2022-12-31,80.82,19.18,0.0
PATANJALI,2023-03-31,80.82,19.18,0.0
PATANJALI,2023-06-30,80.82,19.18,0.0
PATANJALI,2023-09-30,73.82,26.18,0.0
PATANJALI,2023-12-31,73.82,26.18,0.0
PATANJALI,2024-03-31,73.77,26.23,0.0
PATANJALI,2024-06-30,72.81,27.19,0.0
PATANJALI,2024-09-30,69.76,30.24,0.0
PATANJALI,2024-12-31,69.48,30.52,0.0
PATANJALI,2025-03-31,69.45,30.55,0.0
PATANJALI,2025-06-30,68.83,31.17,0.0
PATANJALI,2025-09-12,68.81,31.19,0.0
PATANJALI,2025-09-30,68.81,31.19,0.0
PATANJALI,2025-12-31,68.26,31.74,0.0
PATANJALI,2026-03-31,68.25,31.75,0.0
PATANJALI,2026-06-30,68.25,31.75,0.0
PAYTM,2021-11-17,0.0,100.0,0.0
PAYTM,2021-12-31,0.0,100.0,0.0
PAYTM,2022-03-31,0.0,100.0,0.0
PAYTM,2022-06-30,0.0,100.0,0.0
PAYTM,2022-09-30,0.0,100.0,0.0
PAYTM,2022-12-31,0.0,100.0,0.0
PAYTM,2023-02-18,0.0,100.0,0.0
PAYTM,2023-03-31,0.0,100.0,0.0
PAYTM,2023-06-30,0.0,100.0,0.0
PAYTM,2023-09-30,0.0,100.0,0.0
PAYTM,2023-12-31,0.0,100.0,0.0
PAYTM,2024-03-31,0.0,100.0,0.0
PAYTM,2024-06-30,0.0,100.0,0.0
PAYTM,2024-09-30,0.0,100.0,0.0
PAYTM,2024-12-31,0.0,100.0,0.0
PAYTM,2025-03-31,0.0,100.0,0.0
PAYTM,2025-06-30,0.0,100.0,0.0
PAYTM,2025-09-30,0.0,100.0,0.0
PAYTM,2025-12-31,0.0,100.0,0.0
PAYTM,2026-03-31,0.0,100.0,0.0
PAYTM,2026-06-30,0.0,100.0,0.0
PCBL,2021-09-30,55.69,44.32,0.0
PCBL,2021-10-05,50.85,49.15,0.0
PCBL,2021-12-31,51.38,48.61,0.0
PCBL,2022-03-31,51.38,48.62,0.0
PCBL,2022-06-30,51.38,48.62,0.0
PCBL,2022-09-30,51.41,48.59,0.0
PCBL,2022-12-31,51.41,48.59,0.0
PCBL,2023-03-31,51.41,48.59,0.0
PCBL,2023-06-30,51.41,48.59,0.0
PCBL,2023-09-30,51.41,48.59,0.0
PCBL,2023-12-31,51.41,48.59,0.0
PCBL,2024-03-31,51.41,48.59,0.0
PCBL,2024-06-30,51.41,48.59,0.0
PCBL,2024-09-30,51.41,48.59,0.0
PCBL,2024-12-31,51.41,48.59,0.0
PCBL,2025-03-31,51.41,48.59,0.0
PCBL,2025-06-30,51.41,48.59,0.0
PCBL,2025-09-30,51.41,48.59,0.0
PCBL,2025-11-03,53.38,46.62,0.0
PCBL,2025-12-31,53.38,46.62,0.0
PCBL,2026-03-31,53.38,46.62,0.0
PCBL,2026-06-30,53.38,46.62,0.0
PERSISTENT,2021-09-30,31.26,65.69,3.05
PERSISTENT,2021-12-31,31.26,65.51,3.23
PERSISTENT,2022-03-31,31.26,65.6,3.14
PERSISTENT,2022-06-30,31.26,65.91,2.83
PERSISTENT,2022-09-30,31.26,66.18,2.56
PERSISTENT,2022-12-31,31.26,66.47,2.27
PERSISTENT,2023-03-31,31.26,66.67,2.07
PERSISTENT,2023-06-30,31.06,66.53,2.41
PERSISTENT,2023-09-30,31.06,66.97,1.97
PERSISTENT,2023-12-31,31.06,67.6,1.34
PERSISTENT,2024-03-31,31.02,67.86,1.12
PERSISTENT,2024-06-30,31.02,68.29,0.69
PERSISTENT,2024-09-30,30.66,67.67,1.67
PERSISTENT,2024-12-31,30.66,68.25,1.09
PERSISTENT,2025-03-31,30.66,68.51,0.83
PERSISTENT,2025-06-30,30.56,68.85,0.6
PERSISTENT,2025-09-30,30.56,69.0,0.45
PERSISTENT,2025-12-31,30.29,68.83,0.88
PERSISTENT,2026-03-31,30.29,68.74,0.96
PERSISTENT,2026-06-30,30.29,69.04,0.66
PETRONET,2021-09-30,50.0,50.0,0.0
PETRONET,2021-12-31,50.0,50.0,0.0
PETRONET,2022-03-31,50.0,50.0,0.0
PETRONET,2022-06-30,50.0,50.0,0.0
PETRONET,2022-09-30,50.0,50.0,0.0
PETRONET,2022-12-31,50.0,50.0,0.0
PETRONET,2023-03-31,50.0,50.0,0.0
PETRONET,2023-06-30,50.0,50.0,0.0
PETRONET,2023-09-30,50.0,50.0,0.0
PETRONET,2023-12-31,50.0,50.0,0.0
PETRONET,2024-03-31,50.0,50.0,0.0
PETRONET,2024-06-30,50.0,50.0,0.0
PETRONET,2024-09-30,50.0,50.0,0.0
PETRONET,2024-12-31,50.0,50.0,0.0
PETRONET,2025-03-31,50.0,50.0,0.0
PETRONET,2025-06-30,50.0,50.0,0.0
PETRONET,2025-09-30,50.0,50.0,0.0
PETRONET,2025-12-31,50.0,50.0,0.0
PETRONET,2026-03-31,50.0,50.0,0.0
PETRONET,2026-06-30,50.0,50.0,0.0
PFC,2021-09-30,55.99,44.01,0.0
PFC,2021-12-31,55.99,44.01,0.0
PFC,2022-03-31,55.99,44.01,0.0
PFC,2022-06-30,55.99,44.01,0.0
PFC,2022-09-30,55.99,44.01,0.0
PFC,2022-12-31,55.99,44.01,0.0
PFC,2023-03-31,55.99,44.01,0.0
PFC,2023-06-30,55.99,44.01,0.0
PFC,2023-09-22,55.99,44.01,0.0
PFC,2023-09-30,55.99,44.01,0.0
PFC,2023-12-31,55.99,44.01,0.0
PFC,2024-03-31,55.99,44.01,0.0
PFC,2024-06-30,55.99,44.01,0.0
PFC,2024-09-30,55.99,44.01,0.0
PFC,2024-12-31,55.99,44.01,0.0
PFC,2025-03-31,55.99,44.01,0.0
PFC,2025-06-30,55.99,44.01,0.0
PFC,2025-09-30,55.99,44.01,0.0
PFC,2025-12-31,55.99,44.01,0.0
PFC,2026-03-31,55.99,44.01,0.0
PFC,2026-06-30,55.99,44.01,0.0
PFIZER,2021-09-30,63.92,36.08,0.0
PFIZER,2021-12-31,63.92,36.08,0.0
PFIZER,2022-03-31,63.92,36.08,0.0
PFIZER,2022-06-30,63.92,36.08,0.0
PFIZER,2022-09-30,63.92,36.08,0.0
PFIZER,2022-12-31,63.92,36.08,0.0
PFIZER,2023-03-31,63.92,36.08,0.0
PFIZER,2023-06-30,63.92,36.08,0.0
PFIZER,2023-09-30,63.92,36.08,0.0
PFIZER,2023-12-31,63.92,36.08,0.0
PFIZER,2024-03-31,63.92,36.08,0.0
PFIZER,2024-06-30,63.92,36.08,0.0
PFIZER,2024-09-30,63.92,36.08,0.0
PFIZER,2024-12-31,63.92,36.08,0.0
PFIZER,2025-03-31,63.92,36.08,0.0
PFIZER,2025-06-30,63.92,36.08,0.0
PFIZER,2025-09-30,63.92,36.08,0.0
PFIZER,2025-12-31,63.92,36.08,0.0
PFIZER,2026-03-31,63.92,36.08,0.0
PFIZER,2026-06-30,63.92,36.08,0.0
PFOCUS,2021-09-30,70.02,29.98,0.0
PFOCUS,2021-12-31,70.02,29.98,0.0
PFOCUS,2022-03-31,69.96,30.04,0.0
PFOCUS,2022-06-30,69.96,30.04,0.0
PFOCUS,2022-09-30,69.96,30.04,0.0
PFOCUS,2022-12-31,69.96,30.04,0.0
PFOCUS,2023-03-31,69.96,30.04,0.0
PFOCUS,2023-06-30,69.96,30.04,0.0
PFOCUS,2023-09-30,69.96,30.04,0.0
PFOCUS,2023-12-31,69.96,30.04,0.0
PFOCUS,2024-03-31,69.88,30.12,0.0
PFOCUS,2024-06-30,69.88,30.12,0.0
PFOCUS,2024-09-30,69.87,30.13,0.0
PFOCUS,2024-12-31,69.85,30.15,0.0
PFOCUS,2025-03-31,69.85,30.15,0.0
PFOCUS,2025-06-13,67.61,32.39,0.0
PFOCUS,2025-06-30,67.61,32.39,0.0
PFOCUS,2025-09-23,60.8,39.2,0.0
PFOCUS,2025-09-30,60.8,39.2,0.0
PFOCUS,2025-12-31,60.77,39.23,0.0
PFOCUS,2026-03-31,60.77,39.23,0.0
PFOCUS,2026-06-30,60.73,39.27,0.0
PGEL,2021-09-30,65.83,34.17,0.0
PGEL,2021-12-31,65.71,34.29,0.0
PGEL,2022-03-31,65.71,34.29,0.0
PGEL,2022-06-30,65.71,34.29,0.0
PGEL,2022-09-30,65.24,34.51,0.25
PGEL,2022-12-31,61.33,38.66,0.01
PGEL,2023-03-31,61.33,38.66,0.01
PGEL,2023-06-30,61.2,38.59,0.21
PGEL,2023-09-02,53.59,46.21,0.2
PGEL,2023-09-30,53.59,46.21,0.19
PGEL,2023-12-31,53.59,46.4,0.01
PGEL,2024-03-31,53.7,46.3,0.0
PGEL,2024-06-30,53.56,46.18,0.26
PGEL,2024-07-10,53.56,46.18,0.26
PGEL,2024-09-30,53.42,46.39,0.19
PGEL,2024-12-10,49.37,50.45,0.18
PGEL,2024-12-31,49.37,50.63,0.0
PGEL,2025-03-31,49.37,50.63,0.0
PGEL,2025-06-30,43.72,56.23,0.06
PGEL,2025-09-30,43.6,56.4,0.0
PGEL,2025-12-31,43.41,56.32,0.27
PGEL,2026-03-31,43.41,56.58,0.01
PGEL,2026-06-30,43.37,56.54,0.09
PHOENIXLTD,2021-09-30,45.48,54.52,0.0
PHOENIXLTD,2021-12-31,45.43,54.57,0.0
PHOENIXLTD,2022-01-13,47.34,52.66,0.0
PHOENIXLTD,2022-03-31,47.33,52.67,0.0
PHOENIXLTD,2022-06-30,47.32,52.68,0.0
PHOENIXLTD,2022-09-30,47.31,52.69,0.0
PHOENIXLTD,2022-12-31,47.31,52.69,0.0
PHOENIXLTD,2023-03-31,47.3,52.7,0.0
PHOENIXLTD,2023-06-30,47.3,52.7,0.0
PHOENIXLTD,2023-09-30,47.29,52.71,0.0
PHOENIXLTD,2023-12-31,47.29,52.71,0.0
PHOENIXLTD,2024-03-31,47.28,52.72,0.0
PHOENIXLTD,2024-06-30,47.27,52.73,0.0
PHOENIXLTD,2024-09-23,47.27,52.73,0.0
PHOENIXLTD,2024-09-30,47.27,52.73,0.0
PHOENIXLTD,2024-12-31,47.26,52.74,0.0
PHOENIXLTD,2025-03-31,47.26,52.74,0.0
PHOENIXLTD,2025-06-30,47.26,52.74,0.0
PHOENIXLTD,2025-09-30,47.25,52.75,0.0
PHOENIXLTD,2025-12-31,47.25,52.75,0.0
PHOENIXLTD,2026-03-31,47.25,52.75,0.0
PHOENIXLTD,2026-06-30,47.25,52.75,0.0
PIDILITIND,2021-09-30,69.99,30.01,0.0
PIDILITIND,2021-12-31,69.98,30.02,0.0
PIDILITIND,2022-03-31,69.94,30.06,0.0
PIDILITIND,2022-06-30,69.94,30.06,0.0
PIDILITIND,2022-09-30,69.94,30.06,0.0
PIDILITIND,2022-12-31,69.94,30.06,0.0
PIDILITIND,2023-03-31,69.94,30.06,0.0
PIDILITIND,2023-06-30,69.92,30.08,0.0
PIDILITIND,2023-09-30,69.86,30.14,0.0
PIDILITIND,2023-12-31,69.84,30.16,0.0
PIDILITIND,2024-03-31,69.77,30.23,0.0
PIDILITIND,2024-06-30,69.75,30.25,0.0
PIDILITIND,2024-09-30,69.6,30.4,0.0
PIDILITIND,2024-12-31,69.6,30.4,0.0
PIDILITIND,2025-03-31,69.5,30.5,0.0
PIDILITIND,2025-06-30,69.36,30.64,0.0
PIDILITIND,2025-09-24,69.33,30.67,0.0
PIDILITIND,2025-09-30,69.33,30.67,0.0
PIDILITIND,2025-12-31,69.33,30.67,0.0
PIDILITIND,2026-03-31,69.32,30.68,0.0
PIDILITIND,2026-06-30,69.24,30.76,0.0
PIIND,2021-09-30,46.74,53.2,0.05
PIIND,2021-12-31,46.74,53.21,0.04
PIIND,2022-03-31,46.74,53.22,0.04
PIIND,2022-06-30,46.74,53.22,0.04
PIIND,2022-09-30,46.09,53.88,0.03
PIIND,2022-12-31,46.09,53.89,0.03
PIIND,2023-03-31,46.09,53.89,0.03
PIIND,2023-06-30,46.09,53.89,0.03
PIIND,2023-09-30,46.09,53.89,0.02
PIIND,2023-12-31,46.09,53.89,0.02
PIIND,2024-03-31,46.09,53.9,0.02
PIIND,2024-06-30,46.09,53.9,0.01
PIIND,2024-09-30,46.09,53.9,0.01
PIIND,2024-12-31,46.09,53.9,0.01
PIIND,2025-03-31,46.09,53.9,0.01
PIIND,2025-06-30,46.09,53.9,0.01
PIIND,2025-09-30,46.09,53.9,0.01
PIIND,2025-12-31,46.09,53.9,0.01
PIIND,2026-03-31,46.09,53.9,0.01
PIIND,2026-06-30,46.09,53.91,0.01
PINELABS,2025-11-13,0.0,100.0,0.0
PINELABS,2025-12-31,0.0,100.0,0.0
PINELABS,2026-03-31,0.0,100.0,0.0
PINELABS,2026-06-30,0.0,100.0,0.0
PIRAMALFIN,2025-11-07,46.16,53.35,0.49
PIRAMALFIN,2025-12-31,46.16,53.43,0.41
PIRAMALFIN,2026-03-31,46.16,53.54,0.3
PIRAMALFIN,2026-06-30,46.16,53.62,0.22
PIRAMALFIN,2026-08-28,44.22,55.58,0.2
PNB,2021-09-30,73.15,26.85,0.0
PNB,2021-12-31,73.15,26.85,0.0
PNB,2022-03-31,73.15,26.85,0.0
PNB,2022-06-30,73.15,26.85,0.0
PNB,2022-09-30,73.15,26.85,0.0
PNB,2022-12-31,73.15,26.85,0.0
PNB,2023-03-31,73.15,26.85,0.0
PNB,2023-06-30,73.15,26.85,0.0
PNB,2023-09-30,73.15,26.85,0.0
PNB,2023-12-31,73.15,26.85,0.0
PNB,2024-03-31,73.15,26.85,0.0
PNB,2024-06-30,73.15,26.85,0.0
PNB,2024-09-27,70.08,29.92,0.0
PNB,2024-09-30,70.08,29.92,0.0
PNB,2024-12-31,70.08,29.92,0.0
PNB,2025-03-31,70.08,29.92,0.0
PNB,2025-06-30,70.08,29.92,0.0
PNB,2025-09-30,70.08,29.92,0.0
PNB,2025-12-31,70.08,29.92,0.0
PNB,2026-03-31,70.08,29.92,0.0
PNB,2026-06-30,70.08,29.92,0.0
PNBHOUSING,2021-03-31,32.64,67.36,0.0
PNBHOUSING,2021-09-30,32.58,67.42,0.0
PNBHOUSING,2021-12-31,32.57,67.43,0.0
PNBHOUSING,2022-03-31,32.57,67.43,0.0
PNBHOUSING,2022-06-30,32.57,67.43,0.0
PNBHOUSING,2022-09-30,32.57,67.43,0.0
PNBHOUSING,2022-12-31,32.53,67.47,0.0
PNBHOUSING,2023-03-31,32.52,67.48,0.0
PNBHOUSING,2023-05-04,28.15,71.85,0.0
PNBHOUSING,2023-06-30,28.15,71.85,0.0
PNBHOUSING,2023-09-30,28.14,71.86,0.0
PNBHOUSING,2023-12-31,28.13,71.87,0.0
PNBHOUSING,2024-03-31,28.13,71.87,0.0
PNBHOUSING,2024-06-30,28.13,71.87,0.0
PNBHOUSING,2024-09-30,28.11,71.89,0.0
PNBHOUSING,2024-12-31,28.11,71.89,0.0
PNBHOUSING,2025-03-31,28.1,71.9,0.0
PNBHOUSING,2025-06-30,28.08,71.92,0.0
PNBHOUSING,2025-09-30,28.04,71.96,0.0
PNBHOUSING,2025-12-31,28.04,71.96,0.0
PNBHOUSING,2026-03-31,28.04,71.96,0.0
PNBHOUSING,2026-06-30,28.03,71.97,0.0
POLICYBZR,2021-11-12,0.0,94.99,5.01
POLICYBZR,2021-12-31,0.0,95.56,4.44
POLICYBZR,2022-03-31,0.0,97.69,2.31
POLICYBZR,2022-06-30,0.0,98.92,1.08
POLICYBZR,2022-09-30,0.0,98.93,1.07
POLICYBZR,2022-12-31,0.0,99.17,0.83
POLICYBZR,2023-03-31,0.0,99.17,0.83
POLICYBZR,2023-06-30,0.0,99.17,0.83
POLICYBZR,2023-09-30,0.0,99.17,0.83
POLICYBZR,2023-12-31,0.0,99.24,0.76
POLICYBZR,2024-03-31,0.0,99.41,0.59
POLICYBZR,2024-06-30,0.0,99.45,0.55
POLICYBZR,2024-09-30,0.0,99.46,0.54
POLICYBZR,2024-12-31,0.0,99.72,0.28
POLICYBZR,2025-03-31,0.0,99.72,0.28
POLICYBZR,2025-06-30,0.0,99.72,0.28
POLICYBZR,2025-09-30,0.0,99.73,0.27
POLICYBZR,2025-12-31,0.0,99.86,0.14
POLICYBZR,2026-03-31,0.0,99.86,0.14
POLICYBZR,2026-06-30,0.0,99.86,0.14
POLYCAB,2021-09-30,68.36,31.65,0.0
POLYCAB,2021-12-31,68.15,31.85,0.0
POLYCAB,2022-03-31,68.08,31.92,0.0
POLYCAB,2022-06-30,67.99,32.01,0.0
POLYCAB,2022-09-30,67.97,32.03,0.0
POLYCAB,2022-12-31,66.61,33.39,0.0
POLYCAB,2023-03-31,66.2,33.8,0.0
POLYCAB,2023-06-30,65.99,34.01,0.0
POLYCAB,2023-09-30,65.91,34.09,0.0
POLYCAB,2023-12-31,65.79,34.21,0.0
POLYCAB,2024-03-31,65.24,34.76,0.0
POLYCAB,2024-06-30,65.02,34.98,0.0
POLYCAB,2024-09-30,63.06,36.94,0.0
POLYCAB,2024-12-31,63.05,36.95,0.0
POLYCAB,2025-03-31,63.04,36.96,0.0
POLYCAB,2025-06-30,63.01,36.99,0.0
POLYCAB,2025-09-30,61.52,38.48,0.0
POLYCAB,2025-12-31,61.5,38.5,0.0
POLYCAB,2026-03-31,61.5,38.5,0.0
POLYCAB,2026-06-30,61.46,38.54,0.0
POLYMED,2021-09-30,44.77,55.23,0.0
POLYMED,2021-12-31,44.76,55.24,0.0
POLYMED,2022-03-31,44.66,55.34,0.0
POLYMED,2022-06-30,53.34,46.66,0.0
POLYMED,2022-09-30,53.33,46.67,0.0
POLYMED,2022-12-31,53.33,46.67,0.0
POLYMED,2023-03-31,53.31,46.69,0.0
POLYMED,2023-06-30,53.31,46.69,0.0
POLYMED,2023-09-30,53.16,46.84,0.0
POLYMED,2023-12-31,53.16,46.84,0.0
POLYMED,2024-03-31,53.15,46.85,0.0
POLYMED,2024-06-30,66.03,33.97,0.0
POLYMED,2024-08-22,62.56,37.44,0.0
POLYMED,2024-09-30,62.56,37.44,0.0
POLYMED,2024-12-31,62.44,37.56,0.0
POLYMED,2025-03-31,62.44,37.56,0.0
POLYMED,2025-06-30,62.44,37.56,0.0
POLYMED,2025-09-30,62.42,37.58,0.0
POLYMED,2025-12-31,62.42,37.58,0.0
POLYMED,2026-03-31,62.42,37.58,0.0
POLYMED,2026-06-30,62.42,37.58,0.0
POONAWALLA,2021-09-30,72.52,27.47,0.0
POONAWALLA,2021-12-31,68.25,31.75,0.0
POONAWALLA,2022-03-31,61.5,38.5,0.0
POONAWALLA,2022-06-30,61.49,38.51,0.0
POONAWALLA,2022-09-30,61.48,38.52,0.0
POONAWALLA,2022-12-31,62.05,37.95,0.0
POONAWALLA,2023-03-31,62.14,37.86,0.0
POONAWALLA,2023-06-30,62.12,37.88,0.0
POONAWALLA,2023-09-30,62.1,37.9,0.0
POONAWALLA,2023-12-31,62.07,37.93,0.0
POONAWALLA,2024-03-31,62.13,37.35,0.52
POONAWALLA,2024-06-30,62.09,37.25,0.66
POONAWALLA,2024-09-30,61.87,37.47,0.65
POONAWALLA,2024-12-31,62.36,36.98,0.65
POONAWALLA,2025-03-31,62.53,36.82,0.65
POONAWALLA,2025-06-30,62.46,36.89,0.65
POONAWALLA,2025-09-17,63.97,35.41,0.63
POONAWALLA,2025-09-30,63.96,35.42,0.62
POONAWALLA,2025-12-31,63.95,35.46,0.59
POONAWALLA,2026-03-31,63.93,35.47,0.59
POONAWALLA,2026-04-13,59.03,40.42,0.55
POONAWALLA,2026-06-30,59.02,40.45,0.53
POWERGRID,2021-09-30,51.34,48.66,0.0
POWERGRID,2021-12-31,51.34,48.66,0.0
POWERGRID,2022-03-31,51.34,48.66,0.0
POWERGRID,2022-06-30,51.34,48.66,0.0
POWERGRID,2022-09-30,51.34,48.66,0.0
POWERGRID,2022-12-31,51.34,48.66,0.0
POWERGRID,2023-03-31,51.34,48.66,0.0
POWERGRID,2023-06-30,51.34,48.66,0.0
POWERGRID,2023-09-30,51.34,48.66,0.0
POWERGRID,2023-12-31,51.34,48.66,0.0
POWERGRID,2024-03-31,51.34,48.66,0.0
POWERGRID,2024-06-30,51.34,48.66,0.0
POWERGRID,2024-09-30,51.34,48.66,0.0
POWERGRID,2024-12-31,51.34,48.66,0.0
POWERGRID,2025-03-31,51.34,48.66,0.0
POWERGRID,2025-06-30,51.34,48.66,0.0
POWERGRID,2025-09-30,51.34,48.66,0.0
POWERGRID,2025-12-31,51.34,48.66,0.0
POWERGRID,2026-03-31,51.34,48.66,0.0
POWERGRID,2026-06-30,51.34,48.66,0.0
POWERINDIA,2021-09-30,75.0,25.0,0.0
POWERINDIA,2021-12-31,75.0,25.0,0.0
POWERINDIA,2022-03-31,75.0,25.0,0.0
POWERINDIA,2022-06-30,75.0,25.0,0.0
POWERINDIA,2022-09-30,75.0,25.0,0.0
POWERINDIA,2022-12-31,75.0,25.0,0.0
POWERINDIA,2023-03-31,75.0,25.0,0.0
POWERINDIA,2023-06-30,75.0,25.0,0.0
POWERINDIA,2023-09-30,75.0,25.0,0.0
POWERINDIA,2023-12-31,75.0,25.0,0.0
POWERINDIA,2024-03-31,75.0,25.0,0.0
POWERINDIA,2024-06-30,75.0,25.0,0.0
POWERINDIA,2024-09-30,75.0,25.0,0.0
POWERINDIA,2024-12-31,75.0,25.0,0.0
POWERINDIA,2025-03-13,71.31,28.69,0.0
POWERINDIA,2025-03-31,71.31,28.69,0.0
POWERINDIA,2025-06-30,71.31,28.69,0.0
POWERINDIA,2025-09-30,71.31,28.69,0.0
POWERINDIA,2025-12-31,71.31,28.69,0.0
POWERINDIA,2026-03-31,71.31,28.69,0.0
POWERINDIA,2026-06-30,71.31,28.69,0.0
PPLPHARMA,2022-10-18,34.79,64.81,0.4
PPLPHARMA,2022-12-31,34.79,64.82,0.39
PPLPHARMA,2023-03-31,34.79,64.82,0.39
PPLPHARMA,2023-06-30,34.79,64.82,0.39
PPLPHARMA,2023-08-22,35.02,64.59,0.39
PPLPHARMA,2023-09-27,35.02,64.6,0.38
PPLPHARMA,2023-09-30,35.02,64.6,0.38
PPLPHARMA,2023-12-31,35.02,64.6,0.38
PPLPHARMA,2024-03-31,35.02,64.61,0.37
PPLPHARMA,2024-06-30,34.95,64.58,0.47
PPLPHARMA,2024-09-30,34.95,64.61,0.45
PPLPHARMA,2024-12-31,34.95,64.65,0.4
PPLPHARMA,2025-03-31,34.95,64.71,0.34
PPLPHARMA,2025-06-30,34.86,64.57,0.57
PPLPHARMA,2025-09-30,34.86,64.63,0.51
PPLPHARMA,2025-12-31,34.86,64.7,0.44
PPLPHARMA,2026-03-31,34.86,64.81,0.34
PPLPHARMA,2026-06-30,34.8,64.72,0.48
PREMIERENE,2024-08-30,64.25,34.88,0.87
PREMIERENE,2024-09-30,64.25,34.88,0.87
PREMIERENE,2024-12-31,64.25,34.88,0.87
PREMIERENE,2025-03-31,64.25,35.03,0.72
PREMIERENE,2025-06-30,64.25,35.05,0.7
PREMIERENE,2025-09-30,63.94,35.21,0.86
PREMIERENE,2025-12-31,63.94,35.26,0.8
PREMIERENE,2026-03-31,63.94,35.69,0.37
PREMIERENE,2026-06-30,58.49,40.96,0.55
PRESTIGE,2021-09-30,65.48,34.52,0.0
PRESTIGE,2021-12-31,65.48,34.52,0.0
PRESTIGE,2022-03-31,65.48,34.52,0.0
PRESTIGE,2022-06-30,65.48,34.52,0.0
PRESTIGE,2022-09-30,65.48,34.52,0.0
PRESTIGE,2022-12-31,65.48,34.52,0.0
PRESTIGE,2023-03-31,65.48,34.52,0.0
PRESTIGE,2023-06-30,65.48,34.52,0.0
PRESTIGE,2023-09-30,65.48,34.52,0.0
PRESTIGE,2023-12-31,65.48,34.52,0.0
PRESTIGE,2024-03-31,65.48,34.52,0.0
PRESTIGE,2024-06-30,65.48,34.52,0.0
PRESTIGE,2024-09-05,60.94,39.06,0.0
PRESTIGE,2024-09-30,60.94,39.06,0.0
PRESTIGE,2024-12-31,60.94,39.06,0.0
PRESTIGE,2025-03-31,60.94,39.06,0.0
PRESTIGE,2025-06-30,60.94,39.06,0.0
PRESTIGE,2025-09-30,60.94,39.06,0.0
PRESTIGE,2025-12-31,60.94,39.06,0.0
PRESTIGE,2026-03-31,60.94,39.06,0.0
PRESTIGE,2026-06-30,60.94,39.06,0.0
PTCIL,2023-06-09,67.93,32.07,0.0
PTCIL,2023-06-30,67.93,32.07,0.0
PTCIL,2023-09-30,67.03,32.97,0.0
PTCIL,2023-12-31,66.96,33.04,0.0
PTCIL,2024-01-04,63.99,36.01,0.0
PTCIL,2024-03-31,62.95,37.05,0.0
PTCIL,2024-06-30,62.88,37.12,0.0
PTCIL,2024-09-03,59.84,40.16,0.0
PTCIL,2024-09-30,59.8,40.2,0.0
PTCIL,2024-12-31,59.75,40.25,0.0
PTCIL,2025-03-31,59.75,40.25,0.0
PTCIL,2025-06-30,59.75,40.25,0.0
PTCIL,2025-09-30,59.75,40.25,0.0
PTCIL,2025-12-31,59.72,40.28,0.0
PTCIL,2026-03-31,59.72,40.28,0.0
PTCIL,2026-06-30,59.72,40.28,0.0
PVRINOX,2021-09-30,17.04,82.96,0.0
PVRINOX,2021-12-31,17.02,82.98,0.0
PVRINOX,2022-03-31,17.01,82.99,0.0
PVRINOX,2022-06-30,16.99,83.01,0.0
PVRINOX,2022-09-30,16.97,83.03,0.0
PVRINOX,2022-12-31,16.94,83.06,0.0
PVRINOX,2023-02-22,27.46,72.54,0.0
PVRINOX,2023-03-31,27.46,72.54,0.0
PVRINOX,2023-06-30,27.61,72.39,0.0
PVRINOX,2023-09-30,27.84,72.16,0.0
PVRINOX,2023-12-31,27.84,72.16,0.0
PVRINOX,2024-03-31,27.84,72.16,0.0
PVRINOX,2024-06-30,27.84,72.16,0.0
PVRINOX,2024-09-30,27.49,72.51,0.0
PVRINOX,2024-12-31,27.49,72.51,0.0
PVRINOX,2025-03-31,27.53,72.47,0.0
PVRINOX,2025-06-30,27.53,72.47,0.0
PVRINOX,2025-09-30,27.53,72.47,0.0
PVRINOX,2025-12-31,27.53,72.47,0.0
PVRINOX,2026-03-31,27.53,72.47,0.0
PVRINOX,2026-06-30,27.53,72.47,0.0
PWL,2025-11-17,72.3,27.7,0.0
PWL,2025-12-31,72.3,27.7,0.0
PWL,2026-03-31,72.3,27.7,0.0
PWL,2026-06-30,71.27,28.73,0.0
RADICO,2021-09-30,40.27,59.73,0.0
RADICO,2021-12-31,40.27,59.73,0.0
RADICO,2022-03-31,40.27,59.73,0.0
RADICO,2022-06-30,40.27,59.73,0.0
RADICO,2022-09-30,40.27,59.73,0.0
RADICO,2022-12-31,40.27,59.73,0.0
RADICO,2023-03-31,40.27,59.73,0.0
RADICO,2023-06-30,40.27,59.73,0.0
RADICO,2023-09-30,40.26,59.74,0.0
RADICO,2023-12-31,40.26,59.74,0.0
RADICO,2024-03-31,40.26,59.74,0.0
RADICO,2024-06-30,40.26,59.74,0.0
RADICO,2024-09-30,40.24,59.76,0.0
RADICO,2024-12-31,40.24,59.76,0.0
RADICO,2025-03-31,40.23,59.77,0.0
RADICO,2025-06-30,40.22,59.78,0.0
RADICO,2025-09-30,40.21,59.79,0.0
RADICO,2025-12-31,40.2,59.8,0.0
RADICO,2026-03-31,40.2,59.8,0.0
RADICO,2026-06-30,40.19,59.81,0.0
RAILTEL,2021-09-30,72.84,27.16,0.0
RAILTEL,2021-12-31,72.84,27.16,0.0
RAILTEL,2022-03-31,72.84,27.16,0.0
RAILTEL,2022-06-30,72.84,27.16,0.0
RAILTEL,2022-09-30,72.84,27.16,0.0
RAILTEL,2022-12-31,72.84,27.16,0.0
RAILTEL,2023-03-31,72.84,27.16,0.0
RAILTEL,2023-06-30,72.84,27.16,0.0
RAILTEL,2023-09-30,72.84,27.16,0.0
RAILTEL,2023-12-31,72.84,27.16,0.0
RAILTEL,2024-03-31,72.84,27.16,0.0
RAILTEL,2024-06-30,72.84,27.16,0.0
RAILTEL,2024-09-30,72.84,27.16,0.0
RAILTEL,2024-12-31,72.84,27.16,0.0
RAILTEL,2025-03-31,72.84,27.16,0.0
RAILTEL,2025-06-30,72.84,27.16,0.0
RAILTEL,2025-09-30,72.84,27.16,0.0
RAILTEL,2025-12-31,72.84,27.16,0.0
RAILTEL,2026-03-31,72.84,27.16,0.0
RAILTEL,2026-06-30,72.84,27.16,0.0
RAINBOW,2022-05-06,49.83,50.17,0.0
RAINBOW,2022-06-30,49.83,50.17,0.0
RAINBOW,2022-09-30,49.83,50.17,0.0
RAINBOW,2022-12-31,49.83,50.17,0.0
RAINBOW,2023-03-31,49.83,50.17,0.0
RAINBOW,2023-06-30,49.83,50.17,0.0
RAINBOW,2023-09-30,49.83,50.17,0.0
RAINBOW,2023-12-31,49.83,50.17,0.0
RAINBOW,2024-03-31,49.83,50.17,0.0
RAINBOW,2024-06-30,49.88,50.12,0.0
RAINBOW,2024-09-30,49.85,50.15,0.0
RAINBOW,2024-12-31,49.85,50.15,0.0
RAINBOW,2025-03-31,49.85,50.15,0.0
RAINBOW,2025-06-30,49.85,50.15,0.0
RAINBOW,2025-09-30,49.85,50.15,0.0
RAINBOW,2025-12-31,49.84,50.12,0.04
RAINBOW,2026-03-31,49.84,50.04,0.12
RAINBOW,2026-06-30,49.84,49.98,0.18
RAMCOCEM,2021-09-30,42.52,57.48,0.0
RAMCOCEM,2021-12-31,42.47,57.53,0.0
RAMCOCEM,2022-03-31,42.33,57.67,0.0
RAMCOCEM,2022-06-30,42.33,57.67,0.0
RAMCOCEM,2022-09-30,42.3,57.7,0.0
RAMCOCEM,2022-12-31,42.3,57.7,0.0
RAMCOCEM,2023-03-31,42.3,57.7,0.0
RAMCOCEM,2023-06-30,42.11,57.89,0.0
RAMCOCEM,2023-09-30,42.11,57.89,0.0
RAMCOCEM,2023-12-31,42.11,57.89,0.0
RAMCOCEM,2024-03-31,42.29,57.71,0.0
RAMCOCEM,2024-06-30,42.29,57.71,0.0
RAMCOCEM,2024-09-30,42.29,57.71,0.0
RAMCOCEM,2024-12-31,42.75,57.25,0.0
RAMCOCEM,2025-03-31,42.56,57.44,0.0
RAMCOCEM,2025-06-30,42.56,57.44,0.0
RAMCOCEM,2025-09-30,42.56,57.44,0.0
RAMCOCEM,2025-12-31,42.56,57.44,0.0
RAMCOCEM,2026-03-31,42.56,57.44,0.0
RAMCOCEM,2026-06-30,42.56,57.44,0.0
RBLBANK,2021-09-30,0.0,100.0,0.0
RBLBANK,2021-12-31,0.0,100.0,0.0
RBLBANK,2022-03-31,0.0,100.0,0.0
RBLBANK,2022-06-30,0.0,100.0,0.0
RBLBANK,2022-09-30,0.0,100.0,0.0
RBLBANK,2022-12-31,0.0,100.0,0.0
RBLBANK,2023-03-31,0.0,100.0,0.0
RBLBANK,2023-06-30,0.0,100.0,0.0
RBLBANK,2023-09-30,0.0,100.0,0.0
RBLBANK,2023-12-31,0.0,100.0,0.0
RBLBANK,2024-03-31,0.0,100.0,0.0
RBLBANK,2024-06-30,0.0,100.0,0.0
RBLBANK,2024-09-30,0.0,100.0,0.0
RBLBANK,2024-12-31,0.0,100.0,0.0
RBLBANK,2025-03-31,0.0,100.0,0.0
RBLBANK,2025-06-30,0.0,100.0,0.0
RBLBANK,2025-09-30,0.0,100.0,0.0
RBLBANK,2025-12-31,0.0,100.0,0.0
RBLBANK,2026-03-31,0.0,100.0,0.0
RBLBANK,2026-06-18,60.0,40.0,0.0
RBLBANK,2026-06-30,60.0,40.0,0.0
RECLTD,2015-12-31,60.64,39.36,0.0
RECLTD,2021-09-30,52.63,47.37,0.0
RECLTD,2021-12-31,52.63,47.37,0.0
RECLTD,2022-03-31,52.63,47.37,0.0
RECLTD,2022-06-30,52.63,47.37,0.0
RECLTD,2022-09-30,52.63,47.37,0.0
RECLTD,2022-12-31,52.63,47.37,0.0
RECLTD,2023-03-31,52.63,47.37,0.0
RECLTD,2023-06-30,52.63,47.37,0.0
RECLTD,2023-09-30,52.63,47.37,0.0
RECLTD,2023-12-31,52.63,47.37,0.0
RECLTD,2024-03-31,52.63,47.37,0.0
RECLTD,2024-06-30,52.63,47.37,0.0
RECLTD,2024-09-30,52.63,47.37,0.0
RECLTD,2024-12-31,52.63,47.37,0.0
RECLTD,2025-03-31,52.63,47.37,0.0
RECLTD,2025-06-30,52.63,47.37,0.0
RECLTD,2025-09-30,52.63,47.37,0.0
RECLTD,2025-12-31,52.63,47.37,0.0
RECLTD,2026-03-31,52.63,47.37,0.0
RECLTD,2026-06-30,52.63,47.37,0.0
REDINGTON,2021-09-30,0.0,100.0,0.0
REDINGTON,2021-12-31,0.0,100.0,0.0
REDINGTON,2022-03-31,0.0,100.0,0.0
REDINGTON,2022-06-30,0.0,100.0,0.0
REDINGTON,2022-09-30,0.0,100.0,0.0
REDINGTON,2022-12-31,0.0,100.0,0.0
REDINGTON,2023-03-31,0.0,100.0,0.0
REDINGTON,2023-06-30,0.0,100.0,0.0
REDINGTON,2023-09-30,0.0,100.0,0.0
REDINGTON,2023-12-31,0.0,100.0,0.0
REDINGTON,2024-03-31,0.0,100.0,0.0
REDINGTON,2024-06-30,0.0,100.0,0.0
REDINGTON,2024-09-30,0.0,100.0,0.0
REDINGTON,2024-12-31,0.0,100.0,0.0
REDINGTON,2025-03-31,0.0,100.0,0.0
REDINGTON,2025-06-30,0.0,100.0,0.0
REDINGTON,2025-09-30,0.0,100.0,0.0
REDINGTON,2025-12-31,0.0,100.0,0.0
REDINGTON,2026-03-31,0.0,100.0,0.0
REDINGTON,2026-06-30,0.0,100.0,0.0
RELIANCE,2021-09-30,50.61,49.39,0.0
RELIANCE,2021-12-08,50.62,49.38,0.0
RELIANCE,2021-12-31,50.61,49.39,0.0
RELIANCE,2022-03-31,50.66,49.34,0.0
RELIANCE,2022-06-30,50.62,49.38,0.0
RELIANCE,2022-09-30,50.57,49.43,0.0
RELIANCE,2022-12-31,50.49,49.51,0.0
RELIANCE,2023-03-31,50.41,49.59,0.0
RELIANCE,2023-06-30,50.39,49.61,0.0
RELIANCE,2023-09-30,50.27,49.73,0.0
RELIANCE,2023-12-31,50.3,49.7,0.0
RELIANCE,2024-03-31,50.31,49.69,0.0
RELIANCE,2024-06-30,50.33,49.67,0.0
RELIANCE,2024-09-30,50.24,49.76,0.0
RELIANCE,2024-10-29,50.24,49.76,0.0
RELIANCE,2024-12-31,50.13,49.87,0.0
RELIANCE,2025-03-31,50.11,49.89,0.0
RELIANCE,2025-06-30,50.07,49.93,0.0
RELIANCE,2025-09-30,50.01,49.99,0.0
RELIANCE,2025-12-31,50.01,49.99,0.0
RELIANCE,2026-03-31,50.0,50.0,0.0
RELIANCE,2026-06-30,50.48,49.52,0.0
RHIM,2021-09-30,66.49,33.51,0.0
RHIM,2021-12-31,70.19,29.81,0.0
RHIM,2022-03-31,70.19,29.81,0.0
RHIM,2022-06-30,70.19,29.81,0.0
RHIM,2022-09-30,70.19,29.81,0.0
RHIM,2022-12-31,70.19,29.81,0.0
RHIM,2023-01-05,60.11,39.89,0.0
RHIM,2023-03-31,60.11,39.89,0.0
RHIM,2023-04-06,55.47,44.53,0.0
RHIM,2023-06-21,56.07,43.93,0.0
RHIM,2023-06-30,55.47,44.53,0.0
RHIM,2023-09-30,56.07,43.93,0.0
RHIM,2023-12-31,56.07,43.93,0.0
RHIM,2024-03-31,56.07,43.93,0.0
RHIM,2024-06-30,56.07,43.93,0.0
RHIM,2024-09-30,56.07,43.93,0.0
RHIM,2024-12-31,56.07,43.93,0.0
RHIM,2025-03-31,56.07,43.93,0.0
RHIM,2025-06-30,56.07,43.93,0.0
RHIM,2025-09-30,56.07,43.93,0.0
RHIM,2025-12-31,56.07,43.93,0.0
RHIM,2026-03-31,56.07,43.93,0.0
RHIM,2026-06-30,56.07,43.93,0.0
RITES,2021-09-30,72.2,27.8,0.0
RITES,2021-12-31,72.2,27.8,0.0
RITES,2022-03-31,72.2,27.8,0.0
RITES,2022-06-30,72.2,27.8,0.0
RITES,2022-09-30,72.2,27.8,0.0
RITES,2022-12-31,72.2,27.8,0.0
RITES,2023-03-31,72.2,27.8,0.0
RITES,2023-06-30,72.2,27.8,0.0
RITES,2023-09-30,72.2,27.8,0.0
RITES,2023-12-31,72.2,27.8,0.0
RITES,2024-03-31,72.2,27.8,0.0
RITES,2024-06-30,72.2,27.8,0.0
RITES,2024-09-21,72.2,27.8,0.0
RITES,2024-09-30,72.2,27.8,0.0
RITES,2024-12-31,72.2,27.8,0.0
RITES,2025-03-31,72.2,27.8,0.0
RITES,2025-06-30,72.2,27.8,0.0
RITES,2025-09-30,72.2,27.8,0.0
RITES,2025-12-31,72.2,27.8,0.0
RITES,2026-03-31,72.2,27.8,0.0
RITES,2026-06-30,72.2,27.8,0.0
RKFORGE,2021-09-30,46.02,53.72,0.26
RKFORGE,2021-12-31,46.04,53.72,0.24
RKFORGE,2022-03-31,46.24,53.56,0.2
RKFORGE,2022-06-30,46.24,53.6,0.17
RKFORGE,2022-09-30,46.27,53.57,0.16
RKFORGE,2022-12-31,46.27,53.58,0.15
RKFORGE,2023-03-31,46.27,53.58,0.15
RKFORGE,2023-06-30,46.27,53.6,0.13
RKFORGE,2023-09-30,47.41,52.49,0.1
RKFORGE,2023-11-13,43.14,56.77,0.08
RKFORGE,2023-12-31,43.14,56.77,0.08
RKFORGE,2024-03-31,43.17,56.75,0.08
RKFORGE,2024-06-30,43.17,56.75,0.08
RKFORGE,2024-09-30,43.17,56.82,0.01
RKFORGE,2024-12-31,43.16,56.82,0.02
RKFORGE,2025-03-31,43.13,56.74,0.13
RKFORGE,2025-06-30,43.13,56.74,0.13
RKFORGE,2025-09-30,43.13,56.75,0.12
RKFORGE,2025-12-31,43.13,56.75,0.12
RKFORGE,2026-03-31,43.33,56.55,0.12
RKFORGE,2026-06-30,43.39,56.41,0.2
RPOWER,2021-09-30,24.98,75.02,0.0
RPOWER,2021-12-31,24.98,75.02,0.0
RPOWER,2022-03-31,24.98,75.02,0.0
RPOWER,2022-06-30,24.98,75.02,0.0
RPOWER,2022-09-30,24.98,75.02,0.0
RPOWER,2022-12-30,25.0,75.0,0.0
RPOWER,2022-12-31,25.0,75.0,0.0
RPOWER,2023-01-13,24.99,75.01,0.0
RPOWER,2023-03-31,24.99,75.01,0.0
RPOWER,2023-06-30,24.99,75.01,0.0
RPOWER,2023-09-05,24.49,75.51,0.0
RPOWER,2023-09-30,24.49,75.51,0.0
RPOWER,2023-12-31,24.49,75.51,0.0
RPOWER,2024-03-13,23.24,76.76,0.0
RPOWER,2024-03-31,23.24,76.76,0.0
RPOWER,2024-06-30,23.24,76.76,0.0
RPOWER,2024-09-30,23.26,76.74,0.0
RPOWER,2024-12-31,23.26,76.74,0.0
RPOWER,2025-03-31,23.26,76.74,0.0
RPOWER,2025-05-07,24.98,75.02,0.0
RPOWER,2025-06-30,24.98,75.02,0.0
RPOWER,2025-09-30,24.98,75.02,0.0
RPOWER,2025-12-31,24.98,75.02,0.0
RPOWER,2026-03-31,24.98,75.02,0.0
RPOWER,2026-06-30,24.98,75.02,0.0
RRKABEL,2023-09-18,62.76,37.24,0.0
RRKABEL,2023-09-30,62.76,37.24,0.0
RRKABEL,2023-12-31,62.76,37.24,0.0
RRKABEL,2024-03-31,62.76,37.24,0.0
RRKABEL,2024-06-30,61.88,38.12,0.0
RRKABEL,2024-09-30,61.78,38.22,0.0
RRKABEL,2024-12-31,61.8,38.2,0.0
RRKABEL,2025-03-31,61.8,38.2,0.0
RRKABEL,2025-06-30,61.76,38.24,0.0
RRKABEL,2025-09-30,61.76,38.24,0.0
RRKABEL,2025-12-31,61.66,38.34,0.0
RRKABEL,2026-03-31,61.65,38.35,0.0
RRKABEL,2026-06-30,61.38,38.62,0.0
RVNL,2021-09-30,78.2,21.8,0.0
RVNL,2021-12-31,78.2,21.8,0.0
RVNL,2022-03-31,78.2,21.8,0.0
RVNL,2022-06-30,78.2,21.8,0.0
RVNL,2022-09-30,78.2,21.8,0.0
RVNL,2022-12-31,78.2,21.8,0.0
RVNL,2023-03-31,78.2,21.8,0.0
RVNL,2023-06-30,78.2,21.8,0.0
RVNL,2023-07-28,72.84,27.16,0.0
RVNL,2023-09-30,72.84,27.16,0.0
RVNL,2023-12-31,72.84,27.16,0.0
RVNL,2024-03-31,72.84,27.16,0.0
RVNL,2024-06-30,72.84,27.16,0.0
RVNL,2024-09-30,72.84,27.16,0.0
RVNL,2024-12-31,72.84,27.16,0.0
RVNL,2025-03-31,72.84,27.16,0.0
RVNL,2025-06-30,72.84,27.16,0.0
RVNL,2025-09-30,72.84,27.16,0.0
RVNL,2025-12-31,72.84,27.16,0.0
RVNL,2026-03-31,72.84,27.16,0.0
RVNL,2026-06-30,72.84,27.16,0.0
SAGILITY,2024-11-11,82.39,17.61,0.0
SAGILITY,2024-12-31,82.39,17.61,0.0
SAGILITY,2025-03-31,82.39,17.61,0.0
SAGILITY,2025-06-30,67.38,32.62,0.0
SAGILITY,2025-09-30,67.38,32.62,0.0
SAGILITY,2025-12-31,50.95,49.05,0.0
SAGILITY,2026-03-31,50.95,49.05,0.0
SAGILITY,2026-06-30,50.95,49.05,0.0
SAIL,2021-09-30,65.0,35.0,0.0
SAIL,2021-12-31,65.0,35.0,0.0
SAIL,2022-03-31,65.0,35.0,0.0
SAIL,2022-06-30,65.0,35.0,0.0
SAIL,2022-09-30,65.0,35.0,0.0
SAIL,2022-12-31,65.0,35.0,0.0
SAIL,2023-03-31,65.0,35.0,0.0
SAIL,2023-06-30,65.0,35.0,0.0
SAIL,2023-09-30,65.0,35.0,0.0
SAIL,2023-12-31,65.0,35.0,0.0
SAIL,2024-03-31,65.0,35.0,0.0
SAIL,2024-06-30,65.0,35.0,0.0
SAIL,2024-09-30,65.0,35.0,0.0
SAIL,2024-12-31,65.0,35.0,0.0
SAIL,2025-03-31,65.0,35.0,0.0
SAIL,2025-06-30,65.0,35.0,0.0
SAIL,2025-09-30,65.0,35.0,0.0
SAIL,2025-12-31,65.0,35.0,0.0
SAIL,2026-03-31,65.0,35.0,0.0
SAIL,2026-06-30,65.0,35.0,0.0
SAILIFE,2024-12-16,35.24,64.76,0.0
SAILIFE,2024-12-31,35.24,64.76,0.0
SAILIFE,2025-03-31,35.17,64.83,0.0
SAILIFE,2025-06-30,35.15,64.85,0.0
SAILIFE,2025-09-30,34.94,65.06,0.0
SAILIFE,2025-12-31,34.7,65.3,0.0
SAILIFE,2026-03-31,34.61,65.39,0.0
SAILIFE,2026-06-30,34.53,65.47,0.0
SAMMAANCAP,2021-09-30,21.69,74.63,3.68
SAMMAANCAP,2021-12-31,9.72,86.62,3.66
SAMMAANCAP,2022-03-31,9.66,85.43,4.91
SAMMAANCAP,2022-06-30,9.59,85.52,4.88
SAMMAANCAP,2022-09-30,9.59,85.52,4.88
SAMMAANCAP,2022-12-31,9.59,85.52,4.88
SAMMAANCAP,2023-03-31,0.0,95.12,4.88
SAMMAANCAP,2023-06-30,0.0,95.12,4.88
SAMMAANCAP,2023-09-30,0.0,98.25,1.75
SAMMAANCAP,2023-12-31,0.0,98.29,1.71
SAMMAANCAP,2024-02-15,0.0,98.29,1.71
SAMMAANCAP,2024-03-31,0.0,98.29,1.71
SAMMAANCAP,2024-06-30,0.0,98.3,1.7
SAMMAANCAP,2024-08-29,0.0,98.3,1.7
SAMMAANCAP,2024-09-30,0.0,98.31,1.69
SAMMAANCAP,2024-12-31,0.0,98.31,1.69
SAMMAANCAP,2025-01-27,0.0,98.48,1.52
SAMMAANCAP,2025-03-31,0.0,98.09,1.91
SAMMAANCAP,2025-06-30,0.0,98.09,1.91
SAMMAANCAP,2025-09-30,0.0,98.09,1.91
SAMMAANCAP,2025-12-31,0.0,98.09,1.91
SAMMAANCAP,2026-03-31,0.0,98.63,1.37
SAMMAANCAP,2026-06-30,28.34,70.3,1.36
SAPPHIRE,2021-11-16,51.26,48.74,0.0
SAPPHIRE,2021-12-31,51.26,48.74,0.0
SAPPHIRE,2022-03-31,51.26,48.74,0.0
SAPPHIRE,2022-06-30,51.26,48.74,0.0
SAPPHIRE,2022-09-30,51.26,48.74,0.0
SAPPHIRE,2022-12-31,44.9,55.1,0.0
SAPPHIRE,2023-03-31,44.9,55.1,0.0
SAPPHIRE,2023-06-30,44.86,55.14,0.0
SAPPHIRE,2023-09-30,41.68,58.32,0.0
SAPPHIRE,2023-12-31,31.3,68.7,0.0
SAPPHIRE,2024-03-31,30.84,69.16,0.0
SAPPHIRE,2024-06-30,30.82,69.18,0.0
SAPPHIRE,2024-09-30,26.2,73.8,0.0
SAPPHIRE,2024-12-31,26.13,73.87,0.0
SAPPHIRE,2025-03-31,26.08,73.92,0.0
SAPPHIRE,2025-06-30,26.07,73.93,0.0
SAPPHIRE,2025-09-30,26.07,73.93,0.0
SAPPHIRE,2025-12-31,26.07,73.93,0.0
SAPPHIRE,2026-03-31,26.07,73.93,0.0
SAPPHIRE,2026-06-30,26.07,73.93,0.0
SARDAEN,2021-09-30,72.5,27.5,0.0
SARDAEN,2021-12-31,72.5,27.5,0.0
SARDAEN,2022-03-31,72.5,27.5,0.0
SARDAEN,2022-06-30,71.01,28.99,0.0
SARDAEN,2022-09-30,72.64,27.36,0.0
SARDAEN,2022-12-31,72.64,27.36,0.0
SARDAEN,2023-03-31,72.64,27.36,0.0
SARDAEN,2023-06-30,72.64,27.36,0.0
SARDAEN,2023-09-30,72.64,27.36,0.0
SARDAEN,2023-12-31,72.64,27.36,0.0
SARDAEN,2024-03-31,72.64,27.36,0.0
SARDAEN,2024-06-30,72.64,27.36,0.0
SARDAEN,2024-09-30,73.16,26.84,0.0
SARDAEN,2024-12-31,73.16,26.84,0.0
SARDAEN,2025-03-31,73.16,26.84,0.0
SARDAEN,2025-06-30,73.16,26.84,0.0
SARDAEN,2025-09-30,73.16,26.84,0.0
SARDAEN,2025-12-31,73.16,26.84,0.0
SARDAEN,2026-03-31,73.16,26.84,0.0
SARDAEN,2026-06-30,73.16,26.84,0.0
SAREGAMA,2021-09-30,63.77,36.01,0.22
SAREGAMA,2021-11-10,63.77,36.01,0.22
SAREGAMA,2021-12-31,57.65,42.16,0.2
SAREGAMA,2022-03-31,57.65,42.25,0.1
SAREGAMA,2022-06-30,58.49,41.41,0.1
SAREGAMA,2022-09-30,58.49,41.4,0.11
SAREGAMA,2022-12-31,58.49,41.36,0.15
SAREGAMA,2023-03-31,58.49,41.27,0.24
SAREGAMA,2023-06-30,58.83,40.93,0.24
SAREGAMA,2023-09-30,59.09,40.65,0.26
SAREGAMA,2023-12-31,59.09,40.65,0.26
SAREGAMA,2024-03-31,59.09,40.65,0.26
SAREGAMA,2024-06-30,59.22,40.52,0.26
SAREGAMA,2024-09-30,59.38,40.38,0.24
SAREGAMA,2024-12-31,59.5,40.26,0.24
SAREGAMA,2025-03-31,59.65,40.05,0.3
SAREGAMA,2025-06-30,59.65,40.01,0.34
SAREGAMA,2025-09-30,59.65,40.01,0.34
SAREGAMA,2025-12-31,60.39,39.17,0.44
SAREGAMA,2026-03-31,60.84,38.72,0.44
SAREGAMA,2026-06-30,60.84,38.72,0.44
SBFC,2023-08-11,64.02,35.53,0.45
SBFC,2023-09-30,64.05,35.5,0.45
SBFC,2023-12-31,63.73,36.05,0.22
SBFC,2024-03-31,60.66,39.16,0.17
SBFC,2024-06-30,55.19,44.66,0.16
SBFC,2024-09-30,55.05,44.83,0.11
SBFC,2024-12-31,54.75,45.16,0.09
SBFC,2025-03-31,53.33,46.59,0.08
SBFC,2025-06-30,53.19,46.74,0.07
SBFC,2025-09-30,52.98,46.95,0.06
SBFC,2025-12-31,52.82,47.11,0.06
SBFC,2026-03-31,52.35,47.59,0.06
SBFC,2026-06-30,52.31,47.63,0.06
SBICARD,2021-09-30,69.37,30.63,0.0
SBICARD,2021-12-31,69.47,30.53,0.0
SBICARD,2022-03-31,69.59,30.41,0.0
SBICARD,2022-06-30,69.64,30.36,0.0
SBICARD,2022-09-30,69.41,30.59,0.0
SBICARD,2022-12-31,69.05,30.95,0.0
SBICARD,2023-03-31,69.02,30.98,0.0
SBICARD,2023-06-30,68.96,31.04,0.0
SBICARD,2023-09-30,68.94,31.06,0.0
SBICARD,2023-12-31,68.75,31.25,0.0
SBICARD,2024-03-31,68.63,31.37,0.0
SBICARD,2024-06-30,68.62,31.38,0.0
SBICARD,2024-09-30,68.61,31.39,0.0
SBICARD,2024-12-31,68.6,31.4,0.0
SBICARD,2025-03-31,68.6,31.4,0.0
SBICARD,2025-06-30,68.59,31.41,0.0
SBICARD,2025-09-30,68.59,31.41,0.0
SBICARD,2025-12-31,68.58,31.42,0.0
SBICARD,2026-03-31,68.92,31.08,0.0
SBICARD,2026-06-30,68.86,31.14,0.0
SBILIFE,2021-09-30,55.69,44.31,0.0
SBILIFE,2021-12-31,55.69,44.31,0.0
SBILIFE,2022-03-31,55.48,44.52,0.0
SBILIFE,2022-06-30,55.48,44.52,0.0
SBILIFE,2022-09-30,55.46,44.54,0.0
SBILIFE,2022-12-31,55.45,44.55,0.0
SBILIFE,2023-03-31,55.45,44.55,0.0
SBILIFE,2023-06-30,55.45,44.55,0.0
SBILIFE,2023-09-30,55.44,44.56,0.0
SBILIFE,2023-12-31,55.43,44.57,0.0
SBILIFE,2024-03-31,55.42,44.58,0.0
SBILIFE,2024-06-30,55.41,44.59,0.0
SBILIFE,2024-09-30,55.39,44.61,0.0
SBILIFE,2024-12-31,55.38,44.62,0.0
SBILIFE,2025-03-31,55.38,44.62,0.0
SBILIFE,2025-06-30,55.37,44.63,0.0
SBILIFE,2025-09-30,55.36,44.64,0.0
SBILIFE,2025-12-31,55.34,44.66,0.0
SBILIFE,2026-03-31,55.33,44.67,0.0
SBILIFE,2026-06-30,55.32,44.68,0.0
SBIN,2021-09-30,57.62,42.38,0.0
SBIN,2021-12-31,57.6,42.4,0.0
SBIN,2022-03-31,57.59,42.41,0.0
SBIN,2022-06-30,57.57,42.43,0.0
SBIN,2022-09-30,57.52,42.48,0.0
SBIN,2022-12-31,57.5,42.5,0.0
SBIN,2023-03-31,57.49,42.51,0.0
SBIN,2023-06-30,57.47,42.53,0.0
SBIN,2023-09-30,57.49,42.51,0.0
SBIN,2023-12-31,57.49,42.51,0.0
SBIN,2024-03-31,57.54,42.46,0.0
SBIN,2024-06-30,57.54,42.46,0.0
SBIN,2024-09-30,57.51,42.49,0.0
SBIN,2024-12-31,57.43,42.57,0.0
SBIN,2025-03-31,57.43,42.57,0.0
SBIN,2025-06-30,57.42,42.58,0.0
SBIN,2025-07-21,55.5,44.5,0.0
SBIN,2025-09-30,55.5,44.5,0.0
SBIN,2025-12-31,55.5,44.5,0.0
SBIN,2026-03-31,55.52,44.48,0.0
SBIN,2026-06-30,55.47,44.53,0.0
SCHAEFFLER,2021-03-31,74.13,25.87,0.0
SCHAEFFLER,2021-09-30,74.13,25.87,0.0
SCHAEFFLER,2021-12-31,74.13,25.87,0.0
SCHAEFFLER,2022-03-31,74.13,25.87,0.0
SCHAEFFLER,2022-06-30,74.13,25.87,0.0
SCHAEFFLER,2022-09-30,74.13,25.87,0.0
SCHAEFFLER,2022-12-31,74.13,25.87,0.0
SCHAEFFLER,2023-03-31,74.13,25.87,0.0
SCHAEFFLER,2023-06-30,74.13,25.87,0.0
SCHAEFFLER,2023-09-30,74.13,25.87,0.0
SCHAEFFLER,2023-12-31,74.13,25.87,0.0
SCHAEFFLER,2024-03-31,74.13,25.87,0.0
SCHAEFFLER,2024-06-30,74.13,25.87,0.0
SCHAEFFLER,2024-09-30,74.13,25.87,0.0
SCHAEFFLER,2024-12-31,74.13,25.87,0.0
SCHAEFFLER,2025-03-31,74.13,25.87,0.0
SCHAEFFLER,2025-06-30,74.13,25.87,0.0
SCHAEFFLER,2025-09-30,74.13,25.87,0.0
SCHAEFFLER,2025-12-31,74.13,25.87,0.0
SCHAEFFLER,2026-03-31,74.13,25.87,0.0
SCHAEFFLER,2026-06-30,74.13,25.87,0.0
SCHNEIDER,2021-09-30,75.0,25.0,0.0
SCHNEIDER,2021-12-31,75.0,25.0,0.0
SCHNEIDER,2022-03-31,75.0,25.0,0.0
SCHNEIDER,2022-06-30,75.0,25.0,0.0
SCHNEIDER,2022-09-30,75.0,25.0,0.0
SCHNEIDER,2022-12-31,75.0,25.0,0.0
SCHNEIDER,2023-03-31,75.0,25.0,0.0
SCHNEIDER,2023-06-30,75.0,25.0,0.0
SCHNEIDER,2023-09-30,75.0,25.0,0.0
SCHNEIDER,2023-12-31,75.0,25.0,0.0
SCHNEIDER,2024-03-31,75.0,25.0,0.0
SCHNEIDER,2024-06-30,75.0,25.0,0.0
SCHNEIDER,2024-09-30,75.0,25.0,0.0
SCHNEIDER,2024-12-31,75.0,25.0,0.0
SCHNEIDER,2025-03-31,75.0,25.0,0.0
SCHNEIDER,2025-06-30,75.0,25.0,0.0
SCHNEIDER,2025-09-30,75.0,25.0,0.0
SCHNEIDER,2025-12-31,75.0,25.0,0.0
SCHNEIDER,2026-03-31,75.0,25.0,0.0
SCHNEIDER,2026-06-30,75.0,25.0,0.0
SCI,2021-09-30,63.75,36.25,0.0
SCI,2021-12-31,63.75,36.25,0.0
SCI,2022-03-31,63.75,36.25,0.0
SCI,2022-06-30,63.75,36.25,0.0
SCI,2022-09-30,63.75,36.25,0.0
SCI,2022-12-31,63.75,36.25,0.0
SCI,2023-03-31,63.75,36.25,0.0
SCI,2023-06-30,63.75,36.25,0.0
SCI,2023-09-30,63.75,36.25,0.0
SCI,2023-12-31,63.75,36.25,0.0
SCI,2024-03-31,63.75,36.25,0.0
SCI,2024-06-30,63.75,36.25,0.0
SCI,2024-09-30,63.75,36.25,0.0
SCI,2024-12-31,63.75,36.25,0.0
SCI,2025-03-31,63.75,36.25,0.0
SCI,2025-06-30,63.75,36.25,0.0
SCI,2025-09-30,63.75,36.25,0.0
SCI,2025-12-31,63.75,36.25,0.0
SCI,2026-03-31,63.75,36.25,0.0
SCI,2026-06-30,63.75,36.25,0.0
SHREECEM,2021-09-30,62.55,37.45,0.0
SHREECEM,2021-12-31,62.55,37.45,0.0
SHREECEM,2022-03-31,62.55,37.45,0.0
SHREECEM,2022-06-30,62.55,37.45,0.0
SHREECEM,2022-09-30,62.55,37.45,0.0
SHREECEM,2022-12-31,62.55,37.45,0.0
SHREECEM,2023-03-31,62.55,37.45,0.0
SHREECEM,2023-06-30,62.55,37.45,0.0
SHREECEM,2023-09-30,62.55,37.45,0.0
SHREECEM,2023-12-31,62.55,37.45,0.0
SHREECEM,2024-03-31,62.55,37.45,0.0
SHREECEM,2024-06-30,62.55,37.45,0.0
SHREECEM,2024-09-30,62.55,37.45,0.0
SHREECEM,2024-12-31,62.55,37.45,0.0
SHREECEM,2025-03-31,62.55,37.45,0.0
SHREECEM,2025-06-30,62.55,37.45,0.0
SHREECEM,2025-09-30,62.55,37.45,0.0
SHREECEM,2025-12-31,62.55,37.45,0.0
SHREECEM,2026-03-31,62.55,37.45,0.0
SHREECEM,2026-06-30,62.55,37.45,0.0
SHRIRAMFIN,2021-09-30,25.58,74.42,0.0
SHRIRAMFIN,2021-12-31,26.06,73.94,0.0
SHRIRAMFIN,2022-03-31,26.45,73.55,0.0
SHRIRAMFIN,2022-06-30,29.3,70.7,0.0
SHRIRAMFIN,2022-09-30,29.37,70.63,0.0
SHRIRAMFIN,2022-12-12,25.24,74.76,0.0
SHRIRAMFIN,2022-12-31,25.29,74.71,0.0
SHRIRAMFIN,2023-03-31,25.51,74.49,0.0
SHRIRAMFIN,2023-06-30,25.48,74.52,0.0
SHRIRAMFIN,2023-09-30,25.45,74.55,0.0
SHRIRAMFIN,2023-12-31,25.43,74.57,0.0
SHRIRAMFIN,2024-03-31,25.42,74.58,0.0
SHRIRAMFIN,2024-06-30,25.41,74.59,0.0
SHRIRAMFIN,2024-09-30,25.4,74.6,0.0
SHRIRAMFIN,2024-12-31,25.4,74.6,0.0
SHRIRAMFIN,2025-03-31,25.4,74.6,0.0
SHRIRAMFIN,2025-06-30,25.39,74.61,0.0
SHRIRAMFIN,2025-09-30,25.39,74.61,0.0
SHRIRAMFIN,2025-12-31,25.38,74.62,0.0
SHRIRAMFIN,2026-03-31,25.38,74.62,0.0
SHRIRAMFIN,2026-04-08,20.3,79.7,0.0
SHRIRAMFIN,2026-06-30,20.3,79.7,0.0
SHYAMMETL,2021-06-30,88.35,11.65,0.0
SHYAMMETL,2021-09-30,88.35,11.65,0.0
SHYAMMETL,2021-12-31,88.35,11.65,0.0
SHYAMMETL,2022-03-31,88.35,11.65,0.0
SHYAMMETL,2022-06-30,88.35,11.65,0.0
SHYAMMETL,2022-09-30,88.35,11.65,0.0
SHYAMMETL,2022-12-31,88.35,11.65,0.0
SHYAMMETL,2023-03-31,88.35,11.65,0.0
SHYAMMETL,2023-06-30,88.35,11.65,0.0
SHYAMMETL,2023-09-30,81.62,17.95,0.43
SHYAMMETL,2023-12-31,81.62,17.95,0.43
SHYAMMETL,2024-01-05,74.59,25.02,0.39
SHYAMMETL,2024-03-31,74.59,25.02,0.39
SHYAMMETL,2024-06-30,74.59,25.02,0.39
SHYAMMETL,2024-09-30,74.59,25.02,0.39
SHYAMMETL,2024-12-31,74.59,25.02,0.39
SHYAMMETL,2025-03-31,74.59,25.09,0.33
SHYAMMETL,2025-06-30,74.59,25.09,0.32
SHYAMMETL,2025-09-30,74.59,25.09,0.32
SHYAMMETL,2025-12-31,74.59,25.09,0.32
SHYAMMETL,2026-03-31,74.59,25.11,0.3
SHYAMMETL,2026-06-30,74.59,25.14,0.27
SIEMENS,2021-09-30,75.0,25.0,0.0
SIEMENS,2021-12-31,75.0,25.0,0.0
SIEMENS,2022-03-31,75.0,25.0,0.0
SIEMENS,2022-06-30,75.0,25.0,0.0
SIEMENS,2022-09-30,75.0,25.0,0.0
SIEMENS,2022-12-31,75.0,25.0,0.0
SIEMENS,2023-03-31,75.0,25.0,0.0
SIEMENS,2023-06-30,75.0,25.0,0.0
SIEMENS,2023-09-30,75.0,25.0,0.0
SIEMENS,2023-12-31,75.0,25.0,0.0
SIEMENS,2024-03-31,75.0,25.0,0.0
SIEMENS,2024-06-30,75.0,25.0,0.0
SIEMENS,2024-09-30,75.0,25.0,0.0
SIEMENS,2024-12-31,75.0,25.0,0.0
SIEMENS,2025-03-31,75.0,25.0,0.0
SIEMENS,2025-06-30,75.0,25.0,0.0
SIEMENS,2025-09-30,75.0,25.0,0.0
SIEMENS,2025-12-31,75.0,25.0,0.0
SIEMENS,2026-03-31,75.0,25.0,0.0
SIEMENS,2026-06-30,75.0,25.0,0.0
SIGNATURE,2023-09-26,69.63,30.37,0.0
SIGNATURE,2023-09-30,69.63,30.37,0.0
SIGNATURE,2023-12-31,69.63,30.37,0.0
SIGNATURE,2024-03-31,69.63,30.37,0.0
SIGNATURE,2024-06-30,69.63,30.37,0.0
SIGNATURE,2024-09-30,69.63,30.37,0.0
SIGNATURE,2024-12-31,69.63,30.37,0.0
SIGNATURE,2025-03-31,69.63,30.37,0.0
SIGNATURE,2025-06-30,69.63,30.37,0.0
SIGNATURE,2025-09-30,69.63,30.37,0.0
SIGNATURE,2025-12-31,69.63,30.37,0.0
SIGNATURE,2026-03-31,69.63,30.37,0.0
SIGNATURE,2026-06-30,69.54,30.46,0.0
SJVN,2021-09-30,86.77,13.23,0.0
SJVN,2021-12-31,86.77,13.23,0.0
SJVN,2022-03-31,86.77,13.23,0.0
SJVN,2022-06-30,86.77,13.23,0.0
SJVN,2022-09-30,86.77,13.23,0.0
SJVN,2022-12-31,86.77,13.23,0.0
SJVN,2023-03-31,86.77,13.23,0.0
SJVN,2023-06-30,86.77,13.23,0.0
SJVN,2023-09-30,81.85,18.15,0.0
SJVN,2023-12-31,81.85,18.15,0.0
SJVN,2024-03-31,81.85,18.15,0.0
SJVN,2024-06-30,81.85,18.15,0.0
SJVN,2024-09-30,81.85,18.15,0.0
SJVN,2024-12-31,81.85,18.15,0.0
SJVN,2025-03-31,81.85,18.15,0.0
SJVN,2025-06-30,81.85,18.15,0.0
SJVN,2025-09-30,81.85,18.15,0.0
SJVN,2025-12-31,81.85,18.15,0.0
SJVN,2026-03-31,81.85,18.15,0.0
SJVN,2026-06-30,81.85,18.15,0.0
SOBHA,2015-12-31,60.58,39.42,0.0
SOBHA,2016-03-31,60.58,39.42,0.0
SOBHA,2016-06-30,60.58,39.42,0.0
SOBHA,2016-09-30,60.24,39.76,0.0
SOBHA,2016-12-31,60.24,39.76,0.0
SOBHA,2017-03-31,60.24,39.76,0.0
SOBHA,2017-06-30,56.08,43.92,0.0
SOBHA,2017-09-30,56.08,43.92,0.0
SOBHA,2017-12-31,55.94,44.06,0.0
SOBHA,2018-03-31,55.94,44.06,0.0
SOBHA,2018-06-30,55.94,44.06,0.0
SOBHA,2018-09-30,55.94,44.06,0.0
SOBHA,2018-12-31,55.97,44.03,0.0
SOBHA,2019-03-31,55.97,44.03,0.0
SOBHA,2019-09-30,51.75,48.25,0.0
SOBHA,2019-12-31,51.75,48.25,0.0
SOBHA,2020-03-31,51.78,48.22,0.0
SOBHA,2020-06-30,51.9,48.1,0.0
SOBHA,2020-09-30,51.99,48.01,0.0
SOBHA,2020-12-31,51.99,48.01,0.0
SOBHA,2021-03-31,51.99,48.01,0.0
SOBHA,2021-06-30,51.99,48.01,0.0
SOBHA,2021-09-30,51.99,48.01,0.0
SOBHA,2021-12-31,51.99,48.01,0.0
SOBHA,2022-03-31,51.99,48.01,0.0
SOBHA,2022-06-30,51.99,48.01,0.0
SOBHA,2022-09-30,51.99,48.01,0.0
SOBHA,2022-12-31,51.99,48.01,0.0
SOBHA,2023-03-31,52.26,47.74,0.0
SOBHA,2023-06-30,52.28,47.72,0.0
SOBHA,2023-09-30,52.28,47.72,0.0
SOBHA,2023-12-31,52.28,47.72,0.0
SOBHA,2024-03-31,52.28,47.72,0.0
SOBHA,2024-06-30,52.28,47.72,0.0
SOBHA,2024-07-11,52.77,47.23,0.0
SOBHA,2024-09-30,52.77,47.23,0.0
SOBHA,2024-12-31,52.77,47.23,0.0
SOBHA,2025-01-21,52.77,47.23,0.0
SOBHA,2025-03-13,52.88,47.12,0.0
SOBHA,2025-03-31,52.88,47.12,0.0
SOBHA,2025-05-13,52.88,47.12,0.0
SOBHA,2025-06-30,52.88,47.12,0.0
SOBHA,2025-09-30,52.88,47.12,0.0
SOBHA,2025-12-31,52.88,47.12,0.0
SOBHA,2026-03-31,52.88,47.12,0.0
SOBHA,2026-06-30,52.88,47.12,0.0
SOLARINDS,2021-09-30,73.15,26.85,0.0
SOLARINDS,2021-12-31,73.15,26.85,0.0
SOLARINDS,2022-03-31,73.15,26.85,0.0
SOLARINDS,2022-06-30,73.15,26.85,0.0
SOLARINDS,2022-09-30,73.15,26.85,0.0
SOLARINDS,2022-12-31,73.15,26.85,0.0
SOLARINDS,2023-03-31,73.15,26.85,0.0
SOLARINDS,2023-06-30,73.15,26.85,0.0
SOLARINDS,2023-09-30,73.15,26.85,0.0
SOLARINDS,2023-12-31,73.15,26.85,0.0
SOLARINDS,2024-03-31,73.15,26.85,0.0
SOLARINDS,2024-06-30,73.15,26.85,0.0
SOLARINDS,2024-09-30,73.15,26.85,0.0
SOLARINDS,2024-12-31,73.15,26.85,0.0
SOLARINDS,2025-03-31,73.15,26.85,0.0
SOLARINDS,2025-06-30,73.15,26.85,0.0
SOLARINDS,2025-09-30,73.15,26.85,0.0
SOLARINDS,2025-12-31,73.15,26.85,0.0
SOLARINDS,2026-03-31,73.15,26.85,0.0
SOLARINDS,2026-06-30,73.15,26.85,0.0
SONACOMS,2021-09-30,67.3,32.7,0.0
SONACOMS,2021-12-31,67.18,32.82,0.0
SONACOMS,2022-03-31,67.18,32.82,0.0
SONACOMS,2022-06-30,67.18,32.82,0.0
SONACOMS,2022-09-30,53.59,46.41,0.0
SONACOMS,2022-12-31,53.53,46.47,0.0
SONACOMS,2023-03-31,33.0,67.0,0.0
SONACOMS,2023-06-30,29.76,70.24,0.0
SONACOMS,2023-09-30,29.76,70.24,0.0
SONACOMS,2023-12-31,29.71,70.29,0.0
SONACOMS,2024-03-31,29.71,70.29,0.0
SONACOMS,2024-06-30,29.71,70.29,0.0
SONACOMS,2024-09-09,28.04,71.96,0.0
SONACOMS,2024-09-30,28.04,71.96,0.0
SONACOMS,2024-12-31,28.03,71.97,0.0
SONACOMS,2025-03-31,28.02,71.98,0.0
SONACOMS,2025-06-30,28.02,71.98,0.0
SONACOMS,2025-09-30,28.02,71.98,0.0
SONACOMS,2025-12-31,28.02,71.98,0.0
SONACOMS,2026-03-31,28.02,71.98,0.0
SONACOMS,2026-06-30,28.01,71.99,0.0
SONATSOFTW,2021-09-30,28.17,70.64,1.19
SONATSOFTW,2021-12-31,28.17,70.64,1.19
SONATSOFTW,2022-03-31,28.17,70.65,1.18
SONATSOFTW,2022-06-30,28.17,70.66,1.17
SONATSOFTW,2022-09-12,28.17,70.66,1.17
SONATSOFTW,2022-09-30,28.17,70.66,1.17
SONATSOFTW,2022-12-31,28.17,70.74,1.09
SONATSOFTW,2023-03-31,28.17,70.75,1.08
SONATSOFTW,2023-06-30,28.17,70.77,1.06
SONATSOFTW,2023-09-30,28.17,70.79,1.04
SONATSOFTW,2023-12-13,28.17,70.8,1.03
SONATSOFTW,2023-12-31,28.17,70.8,1.03
SONATSOFTW,2024-03-31,28.17,70.81,1.02
SONATSOFTW,2024-06-30,28.17,70.83,1.0
SONATSOFTW,2024-09-30,28.17,70.83,1.0
SONATSOFTW,2024-12-31,28.17,70.83,1.0
SONATSOFTW,2025-03-31,28.17,70.83,1.0
SONATSOFTW,2025-06-30,28.17,70.86,0.97
SONATSOFTW,2025-09-30,28.17,70.75,1.08
SONATSOFTW,2025-12-31,28.17,70.74,1.09
SONATSOFTW,2026-03-31,28.17,70.54,1.29
SONATSOFTW,2026-06-30,28.17,70.54,1.29
SPLPETRO,2022-05-06,64.06,35.94,0.0
SPLPETRO,2022-06-30,64.14,35.86,0.0
SPLPETRO,2022-09-30,64.14,35.86,0.0
SPLPETRO,2022-12-31,64.24,35.76,0.0
SPLPETRO,2023-01-07,64.24,35.76,0.0
SPLPETRO,2023-03-31,64.24,35.76,0.0
SPLPETRO,2023-06-30,64.24,35.76,0.0
SPLPETRO,2023-09-30,64.24,35.76,0.0
SPLPETRO,2023-12-31,64.24,35.76,0.0
SPLPETRO,2024-03-31,64.24,35.76,0.0
SPLPETRO,2024-06-30,64.24,35.76,0.0
SPLPETRO,2024-09-30,64.24,35.76,0.0
SPLPETRO,2024-12-31,64.24,35.76,0.0
SPLPETRO,2025-03-31,64.24,35.76,0.0
SPLPETRO,2025-06-30,64.24,35.76,0.0
SPLPETRO,2025-09-30,64.24,35.76,0.0
SPLPETRO,2025-12-31,64.24,35.76,0.0
SPLPETRO,2026-03-31,64.24,35.76,0.0
SPLPETRO,2026-06-30,64.24,35.76,0.0
SRF,2021-09-30,50.77,49.23,0.0
SRF,2021-10-15,50.77,49.23,0.0
SRF,2021-12-31,50.73,49.27,0.0
SRF,2022-03-31,50.73,49.27,0.0
SRF,2022-06-30,50.73,49.27,0.0
SRF,2022-09-30,50.53,49.47,0.0
SRF,2022-12-31,50.53,49.47,0.0
SRF,2023-03-31,50.53,49.47,0.0
SRF,2023-06-30,50.53,49.47,0.0
SRF,2023-09-30,50.53,49.47,0.0
SRF,2023-12-31,50.53,49.47,0.0
SRF,2024-03-31,50.3,49.7,0.0
SRF,2024-06-30,50.26,49.74,0.0
SRF,2024-09-30,50.26,49.74,0.0
SRF,2024-12-31,50.26,49.74,0.0
SRF,2025-03-31,50.26,49.74,0.0
SRF,2025-06-30,50.26,49.74,0.0
SRF,2025-09-30,50.26,49.74,0.0
SRF,2025-12-31,50.26,49.74,0.0
SRF,2026-03-31,50.26,49.73,0.01
SRF,2026-06-30,50.26,49.73,0.01
STARHEALTH,2021-12-10,58.9,41.11,0.0
STARHEALTH,2021-12-31,58.9,41.1,0.0
STARHEALTH,2022-03-31,58.9,41.1,0.0
STARHEALTH,2022-06-30,58.84,41.16,0.0
STARHEALTH,2022-09-30,58.63,41.37,0.0
STARHEALTH,2022-12-31,58.28,41.72,0.0
STARHEALTH,2023-03-31,58.28,41.72,0.0
STARHEALTH,2023-06-30,58.25,41.75,0.0
STARHEALTH,2023-09-30,58.02,41.98,0.0
STARHEALTH,2023-12-31,57.94,42.06,0.0
STARHEALTH,2024-03-31,57.92,42.08,0.0
STARHEALTH,2024-06-30,57.9,42.1,0.0
STARHEALTH,2024-09-30,57.69,42.31,0.0
STARHEALTH,2024-12-31,57.68,42.32,0.0
STARHEALTH,2025-03-31,57.67,42.33,0.0
STARHEALTH,2025-06-30,58.04,41.96,0.0
STARHEALTH,2025-09-30,58.02,41.98,0.0
STARHEALTH,2025-12-31,57.98,42.02,0.0
STARHEALTH,2026-03-31,57.98,42.02,0.0
STARHEALTH,2026-06-30,58.01,41.99,0.0
SUMICHEM,2021-09-30,75.0,25.0,0.0
SUMICHEM,2021-12-31,75.0,25.0,0.0
SUMICHEM,2022-03-31,75.0,25.0,0.0
SUMICHEM,2022-06-30,75.0,25.0,0.0
SUMICHEM,2022-09-30,75.0,25.0,0.0
SUMICHEM,2022-12-31,75.0,25.0,0.0
SUMICHEM,2023-03-31,75.0,25.0,0.0
SUMICHEM,2023-06-30,75.0,25.0,0.0
SUMICHEM,2023-09-30,75.0,25.0,0.0
SUMICHEM,2023-12-31,75.0,25.0,0.0
SUMICHEM,2024-03-31,75.0,25.0,0.0
SUMICHEM,2024-06-30,75.0,25.0,0.0
SUMICHEM,2024-09-30,75.0,25.0,0.0
SUMICHEM,2024-12-31,75.0,25.0,0.0
SUMICHEM,2025-03-31,75.0,25.0,0.0
SUMICHEM,2025-06-30,75.0,25.0,0.0
SUMICHEM,2025-09-30,75.0,25.0,0.0
SUMICHEM,2025-12-31,75.0,25.0,0.0
SUMICHEM,2026-03-31,75.0,25.0,0.0
SUMICHEM,2026-06-30,75.0,25.0,0.0
SUNDARMFIN,2021-09-30,35.89,63.28,0.82
SUNDARMFIN,2021-12-31,35.89,63.29,0.82
SUNDARMFIN,2022-03-31,38.49,60.68,0.82
SUNDARMFIN,2022-06-30,38.49,60.7,0.82
SUNDARMFIN,2022-09-30,38.49,60.69,0.82
SUNDARMFIN,2022-12-31,38.49,60.69,0.82
SUNDARMFIN,2023-03-31,38.49,60.69,0.82
SUNDARMFIN,2023-06-30,38.49,60.7,0.81
SUNDARMFIN,2023-09-30,38.49,60.71,0.81
SUNDARMFIN,2023-12-31,37.88,61.32,0.81
SUNDARMFIN,2024-03-31,37.87,61.32,0.81
SUNDARMFIN,2024-06-30,37.86,61.34,0.8
SUNDARMFIN,2024-09-30,37.23,61.96,0.8
SUNDARMFIN,2024-12-31,37.22,61.97,0.8
SUNDARMFIN,2025-03-31,37.22,61.98,0.8
SUNDARMFIN,2025-06-30,37.22,61.98,0.8
SUNDARMFIN,2025-09-30,37.22,61.98,0.8
SUNDARMFIN,2025-12-31,37.21,61.99,0.8
SUNDARMFIN,2026-03-31,37.21,62.0,0.8
SUNDARMFIN,2026-06-30,37.21,62.01,0.78
SUNPHARMA,2021-09-30,54.48,45.52,0.0
SUNPHARMA,2021-12-31,54.48,45.52,0.0
SUNPHARMA,2022-03-31,54.48,45.52,0.0
SUNPHARMA,2022-06-30,54.48,45.52,0.0
SUNPHARMA,2022-09-30,54.48,45.52,0.0
SUNPHARMA,2022-12-31,54.48,45.52,0.0
SUNPHARMA,2023-03-31,54.48,45.52,0.0
SUNPHARMA,2023-06-30,54.48,45.52,0.0
SUNPHARMA,2023-09-30,54.48,45.52,0.0
SUNPHARMA,2023-12-31,54.48,45.52,0.0
SUNPHARMA,2024-03-31,54.48,45.52,0.0
SUNPHARMA,2024-06-30,54.48,45.52,0.0
SUNPHARMA,2024-09-30,54.48,45.52,0.0
SUNPHARMA,2024-12-31,54.48,45.52,0.0
SUNPHARMA,2025-03-31,54.48,45.52,0.0
SUNPHARMA,2025-06-30,54.48,45.52,0.0
SUNPHARMA,2025-09-30,54.48,45.52,0.0
SUNPHARMA,2025-12-31,54.48,45.52,0.0
SUNPHARMA,2026-03-31,54.48,45.52,0.0
SUNPHARMA,2026-06-30,54.48,45.52,0.0
SUNTV,2021-09-30,75.0,25.0,0.0
SUNTV,2021-12-31,75.0,25.0,0.0
SUNTV,2022-03-31,75.0,25.0,0.0
SUNTV,2022-06-30,75.0,25.0,0.0
SUNTV,2022-09-30,75.0,25.0,0.0
SUNTV,2022-12-31,75.0,25.0,0.0
SUNTV,2023-03-31,75.0,25.0,0.0
SUNTV,2023-06-30,75.0,25.0,0.0
SUNTV,2023-09-30,75.0,25.0,0.0
SUNTV,2023-12-31,75.0,25.0,0.0
SUNTV,2024-03-31,75.0,25.0,0.0
SUNTV,2024-06-30,75.0,25.0,0.0
SUNTV,2024-09-30,75.0,25.0,0.0
SUNTV,2024-12-31,75.0,25.0,0.0
SUNTV,2025-03-31,75.0,25.0,0.0
SUNTV,2025-06-30,75.0,25.0,0.0
SUNTV,2025-09-30,75.0,25.0,0.0
SUNTV,2025-12-31,75.0,25.0,0.0
SUNTV,2026-03-31,75.0,25.0,0.0
SUNTV,2026-06-30,75.0,25.0,0.0
SUPREMEIND,2021-12-31,48.85,51.15,0.0
SUPREMEIND,2022-03-31,48.85,51.15,0.0
SUPREMEIND,2022-06-30,48.85,51.15,0.0
SUPREMEIND,2022-09-30,48.85,51.15,0.0
SUPREMEIND,2022-12-31,48.85,51.15,0.0
SUPREMEIND,2023-03-31,48.85,51.15,0.0
SUPREMEIND,2023-06-30,48.85,51.15,0.0
SUPREMEIND,2023-09-30,48.85,51.15,0.0
SUPREMEIND,2023-12-31,48.85,51.15,0.0
SUPREMEIND,2024-03-31,48.85,51.15,0.0
SUPREMEIND,2024-06-30,48.85,51.15,0.0
SUPREMEIND,2024-09-30,48.85,51.15,0.0
SUPREMEIND,2024-12-31,48.85,51.15,0.0
SUPREMEIND,2025-03-31,48.85,51.15,0.0
SUPREMEIND,2025-06-30,48.9,51.1,0.0
SUPREMEIND,2025-09-30,48.9,51.1,0.0
SUPREMEIND,2025-12-31,48.96,51.04,0.0
SUPREMEIND,2026-03-31,48.96,51.04,0.0
SUPREMEIND,2026-06-30,48.96,51.04,0.0
SUZLON,2021-09-30,16.41,83.59,0.0
SUZLON,2021-12-26,16.04,83.96,0.0
SUZLON,2021-12-31,16.04,83.96,0.0
SUZLON,2022-03-31,15.85,84.15,0.0
SUZLON,2022-05-24,14.92,85.08,0.0
SUZLON,2022-06-30,14.92,85.08,0.0
SUZLON,2022-09-23,14.5,85.5,0.0
SUZLON,2022-09-30,14.5,85.5,0.0
SUZLON,2022-10-31,14.5,85.5,0.0
SUZLON,2022-12-31,14.5,85.5,0.0
SUZLON,2023-03-31,14.5,85.5,0.0
SUZLON,2023-06-30,14.5,85.5,0.0
SUZLON,2023-08-14,13.29,86.71,0.0
SUZLON,2023-09-30,13.29,86.71,0.0
SUZLON,2023-12-31,13.29,86.71,0.0
SUZLON,2024-03-31,13.29,86.71,0.0
SUZLON,2024-06-30,13.27,86.73,0.0
SUZLON,2024-09-30,13.25,86.75,0.0
SUZLON,2024-12-31,13.25,86.75,0.0
SUZLON,2025-03-31,13.25,86.75,0.0
SUZLON,2025-06-30,11.74,88.26,0.0
SUZLON,2025-09-30,11.73,88.27,0.0
SUZLON,2025-12-31,11.73,88.27,0.0
SUZLON,2026-03-31,11.73,88.27,0.0
SUZLON,2026-06-30,11.71,88.29,0.0
SWANCORP,2021-12-31,64.89,35.11,0.0
SWANCORP,2022-03-31,64.09,35.91,0.0
SWANCORP,2022-06-30,64.09,35.91,0.0
SWANCORP,2022-09-30,64.09,35.91,0.0
SWANCORP,2022-12-31,64.09,35.91,0.0
SWANCORP,2023-03-31,64.09,35.91,0.0
SWANCORP,2023-06-30,64.09,35.91,0.0
SWANCORP,2023-09-30,64.09,35.91,0.0
SWANCORP,2023-12-31,64.09,35.91,0.0
SWANCORP,2024-02-29,53.96,46.04,0.0
SWANCORP,2024-03-31,53.96,46.04,0.0
SWANCORP,2024-06-30,53.96,46.04,0.0
SWANCORP,2024-09-30,53.96,46.04,0.0
SWANCORP,2024-12-31,53.96,46.04,0.0
SWANCORP,2025-03-31,53.96,46.04,0.0
SWANCORP,2025-06-30,53.96,46.04,0.0
SWANCORP,2025-09-30,53.96,46.04,0.0
SWANCORP,2025-12-31,53.96,46.04,0.0
SWANCORP,2026-03-31,53.96,46.04,0.0
SWANCORP,2026-06-30,53.96,46.04,0.0
SWIGGY,2024-11-12,0.0,100.0,0.0
SWIGGY,2024-12-31,0.0,100.0,0.0
SWIGGY,2025-03-31,0.0,100.0,0.0
SWIGGY,2025-05-02,0.0,91.84,8.16
SWIGGY,2025-06-30,0.0,92.28,7.72
SWIGGY,2025-09-30,0.0,93.12,6.88
SWIGGY,2025-12-13,0.0,93.97,6.03
SWIGGY,2025-12-31,0.0,94.06,5.94
SWIGGY,2026-03-31,0.0,94.41,5.59
SWIGGY,2026-06-30,0.0,94.92,5.08
SYNGENE,2021-09-30,70.42,28.72,0.86
SYNGENE,2021-12-31,70.41,28.87,0.72
SYNGENE,2022-03-31,70.41,28.91,0.68
SYNGENE,2022-06-30,70.29,28.89,0.83
SYNGENE,2022-09-30,64.86,34.65,0.49
SYNGENE,2022-12-31,64.86,34.67,0.47
SYNGENE,2023-03-31,54.88,44.66,0.46
SYNGENE,2023-06-30,54.8,44.6,0.6
SYNGENE,2023-09-30,54.79,44.72,0.48
SYNGENE,2023-12-31,54.79,44.89,0.32
SYNGENE,2024-03-31,54.79,44.9,0.31
SYNGENE,2024-06-30,54.72,44.85,0.43
SYNGENE,2024-09-30,54.72,44.94,0.34
SYNGENE,2024-12-31,52.74,46.97,0.29
SYNGENE,2025-03-31,52.74,46.97,0.29
SYNGENE,2025-06-30,52.68,47.0,0.31
SYNGENE,2025-09-30,52.68,47.01,0.3
SYNGENE,2025-12-31,52.68,47.02,0.29
SYNGENE,2026-03-31,52.68,47.03,0.29
SYNGENE,2026-06-30,52.59,46.98,0.43
SYRMA,2022-08-24,47.42,52.58,0.0
SYRMA,2022-09-30,47.42,52.58,0.0
SYRMA,2022-12-31,47.27,52.73,0.0
SYRMA,2023-03-31,47.27,52.73,0.0
SYRMA,2023-06-30,47.27,52.73,0.0
SYRMA,2023-09-30,47.21,52.79,0.0
SYRMA,2023-12-31,46.89,53.11,0.0
SYRMA,2024-03-31,46.89,53.11,0.0
SYRMA,2024-06-30,46.89,53.11,0.0
SYRMA,2024-09-30,46.89,53.11,0.0
SYRMA,2024-12-31,46.58,53.33,0.09
SYRMA,2025-03-31,46.52,53.42,0.06
SYRMA,2025-06-30,46.42,53.51,0.06
SYRMA,2025-08-12,42.97,56.97,0.06
SYRMA,2025-09-30,42.97,56.95,0.08
SYRMA,2025-12-31,42.72,57.15,0.13
SYRMA,2026-03-31,42.28,57.61,0.11
SYRMA,2026-06-30,42.28,57.6,0.11
TARIL,2021-09-30,74.91,25.09,0.0
TARIL,2021-12-31,74.91,25.09,0.0
TARIL,2022-03-31,74.91,25.09,0.0
TARIL,2022-06-30,74.91,25.09,0.0
TARIL,2022-09-30,74.91,25.09,0.0
TARIL,2022-12-31,74.91,25.09,0.0
TARIL,2023-03-31,74.91,25.09,0.0
TARIL,2023-06-30,74.91,25.09,0.0
TARIL,2023-09-30,74.91,25.09,0.0
TARIL,2023-10-13,69.65,30.35,0.0
TARIL,2023-12-31,69.65,30.35,0.0
TARIL,2024-03-31,69.65,30.35,0.0
TARIL,2024-06-14,66.16,33.84,0.0
TARIL,2024-06-30,66.16,33.84,0.0
TARIL,2024-09-30,66.16,33.84,0.0
TARIL,2024-12-31,64.36,35.64,0.0
TARIL,2025-02-17,64.36,35.64,0.0
TARIL,2025-03-31,64.36,35.64,0.0
TARIL,2025-06-30,64.36,35.64,0.0
TARIL,2025-09-30,64.36,35.64,0.0
TARIL,2025-12-31,64.36,35.64,0.0
TARIL,2026-03-31,64.36,35.64,0.0
TARIL,2026-06-30,64.36,35.64,0.0
TATACAP,2025-10-10,85.41,13.92,0.67
TATACAP,2025-12-31,85.41,13.93,0.66
TATACAP,2026-03-31,85.41,13.93,0.66
TATACAP,2026-06-30,85.41,13.94,0.65
TATACHEM,2021-09-30,37.98,62.02,0.0
TATACHEM,2021-12-31,37.98,62.02,0.0
TATACHEM,2022-03-31,37.98,62.02,0.0
TATACHEM,2022-06-30,37.98,62.02,0.0
TATACHEM,2022-09-30,37.98,62.02,0.0
TATACHEM,2022-12-31,37.98,62.02,0.0
TATACHEM,2023-03-31,37.98,62.02,0.0
TATACHEM,2023-06-30,37.98,62.02,0.0
TATACHEM,2023-09-30,37.98,62.02,0.0
TATACHEM,2023-12-31,37.98,62.02,0.0
TATACHEM,2024-03-31,37.98,62.02,0.0
TATACHEM,2024-06-30,37.98,62.02,0.0
TATACHEM,2024-09-30,37.98,62.02,0.0
TATACHEM,2024-12-31,37.98,62.02,0.0
TATACHEM,2025-03-31,37.98,62.02,0.0
TATACHEM,2025-06-30,37.98,62.02,0.0
TATACHEM,2025-09-30,37.98,62.02,0.0
TATACHEM,2025-12-31,37.98,62.02,0.0
TATACHEM,2026-03-31,37.98,62.02,0.0
TATACHEM,2026-06-30,37.98,62.02,0.0
TATACOMM,2021-09-30,58.86,41.14,0.0
TATACOMM,2021-12-31,58.86,41.14,0.0
TATACOMM,2022-03-31,58.86,41.14,0.0
TATACOMM,2022-06-30,58.86,41.14,0.0
TATACOMM,2022-09-30,58.86,41.14,0.0
TATACOMM,2022-12-31,58.86,41.14,0.0
TATACOMM,2023-03-31,58.86,41.14,0.0
TATACOMM,2023-06-30,58.86,41.14,0.0
TATACOMM,2023-09-30,58.86,41.14,0.0
TATACOMM,2023-12-31,58.86,41.14,0.0
TATACOMM,2024-03-31,58.86,41.14,0.0
TATACOMM,2024-06-30,58.86,41.14,0.0
TATACOMM,2024-09-30,58.86,41.14,0.0
TATACOMM,2024-12-31,58.86,41.14,0.0
TATACOMM,2025-03-31,58.86,41.14,0.0
TATACOMM,2025-06-30,58.86,41.14,0.0
TATACOMM,2025-09-30,58.86,41.14,0.0
TATACOMM,2025-12-31,58.86,41.14,0.0
TATACOMM,2026-03-31,58.86,41.14,0.0
TATACOMM,2026-06-30,58.86,41.14,0.0
TATACONSUM,2021-09-30,34.71,65.29,0.0
TATACONSUM,2021-12-31,34.72,65.28,0.0
TATACONSUM,2022-03-31,34.72,65.28,0.0
TATACONSUM,2022-06-30,34.72,65.28,0.0
TATACONSUM,2022-09-30,34.72,65.28,0.0
TATACONSUM,2022-12-31,34.45,65.55,0.0
TATACONSUM,2023-03-31,34.44,65.56,0.0
TATACONSUM,2023-06-30,34.45,65.55,0.0
TATACONSUM,2023-09-30,34.42,65.58,0.0
TATACONSUM,2023-12-31,34.42,65.58,0.0
TATACONSUM,2024-01-19,33.56,66.44,0.0
TATACONSUM,2024-03-31,33.55,66.45,0.0
TATACONSUM,2024-06-30,33.55,66.45,0.0
TATACONSUM,2024-08-23,33.84,66.16,0.0
TATACONSUM,2024-09-30,33.84,66.16,0.0
TATACONSUM,2024-12-31,33.84,66.16,0.0
TATACONSUM,2025-03-31,33.84,66.16,0.0
TATACONSUM,2025-06-30,33.84,66.16,0.0
TATACONSUM,2025-09-30,33.84,66.16,0.0
TATACONSUM,2025-12-31,33.84,66.16,0.0
TATACONSUM,2026-03-31,33.83,66.17,0.0
TATACONSUM,2026-06-30,33.83,66.17,0.0
TATAELXSI,2021-09-30,44.53,55.47,0.0
TATAELXSI,2021-12-31,44.32,55.68,0.0
TATAELXSI,2022-03-31,44.08,55.92,0.0
TATAELXSI,2022-06-30,43.92,56.08,0.0
TATAELXSI,2022-09-30,43.92,56.08,0.0
TATAELXSI,2022-12-31,43.92,56.08,0.0
TATAELXSI,2023-03-31,43.92,56.08,0.0
TATAELXSI,2023-06-30,43.92,56.08,0.0
TATAELXSI,2023-09-30,43.92,56.08,0.0
TATAELXSI,2023-12-31,43.92,56.08,0.0
TATAELXSI,2024-03-31,43.92,56.08,0.0
TATAELXSI,2024-06-30,43.92,56.08,0.0
TATAELXSI,2024-09-30,43.91,56.09,0.0
TATAELXSI,2024-12-31,43.91,56.09,0.0
TATAELXSI,2025-03-31,43.91,56.09,0.0
TATAELXSI,2025-06-30,43.91,56.09,0.0
TATAELXSI,2025-09-30,43.9,56.1,0.0
TATAELXSI,2025-12-31,43.9,56.1,0.0
TATAELXSI,2026-03-31,43.9,56.1,0.0
TATAELXSI,2026-06-30,43.9,56.1,0.0
TATAINVEST,2021-09-30,73.38,26.62,0.0
TATAINVEST,2021-12-31,73.38,26.62,0.0
TATAINVEST,2022-03-31,73.38,26.62,0.0
TATAINVEST,2022-06-30,73.38,26.62,0.0
TATAINVEST,2022-09-30,73.38,26.62,0.0
TATAINVEST,2022-12-31,73.38,26.62,0.0
TATAINVEST,2023-03-31,73.38,26.62,0.0
TATAINVEST,2023-06-30,73.38,26.62,0.0
TATAINVEST,2023-09-30,73.38,26.62,0.0
TATAINVEST,2023-12-31,73.38,26.62,0.0
TATAINVEST,2024-03-31,73.38,26.62,0.0
TATAINVEST,2024-06-30,73.38,26.62,0.0
TATAINVEST,2024-09-30,73.38,26.62,0.0
TATAINVEST,2024-12-31,73.38,26.62,0.0
TATAINVEST,2025-03-31,73.38,26.62,0.0
TATAINVEST,2025-06-30,73.38,26.62,0.0
TATAINVEST,2025-09-30,73.38,26.62,0.0
TATAINVEST,2025-12-31,73.38,26.62,0.0
TATAINVEST,2026-03-31,73.38,26.62,0.0
TATAINVEST,2026-06-30,73.38,26.62,0.0
TATAPOWER,2021-09-30,46.86,53.14,0.0
TATAPOWER,2021-12-31,46.86,53.14,0.0
TATAPOWER,2022-03-31,46.86,53.14,0.0
TATAPOWER,2022-06-30,46.86,53.14,0.0
TATAPOWER,2022-09-30,46.86,53.14,0.0
TATAPOWER,2022-12-31,46.86,53.14,0.0
TATAPOWER,2023-03-31,46.86,53.14,0.0
TATAPOWER,2023-06-30,46.86,53.14,0.0
TATAPOWER,2023-09-30,46.86,53.14,0.0
TATAPOWER,2023-12-31,46.86,53.14,0.0
TATAPOWER,2024-03-31,46.86,53.14,0.0
TATAPOWER,2024-06-30,46.86,53.14,0.0
TATAPOWER,2024-09-30,46.86,53.14,0.0
TATAPOWER,2024-12-31,46.86,53.14,0.0
TATAPOWER,2025-03-31,46.86,53.14,0.0
TATAPOWER,2025-06-30,46.86,53.14,0.0
TATAPOWER,2025-09-30,46.86,53.14,0.0
TATAPOWER,2025-12-31,46.86,53.14,0.0
TATAPOWER,2026-03-31,46.86,53.14,0.0
TATAPOWER,2026-06-30,46.86,53.14,0.0
TATASTEEL,2021-09-30,34.41,65.59,0.0
TATASTEEL,2021-10-30,34.41,65.59,0.0
TATASTEEL,2021-12-27,33.92,66.08,0.0
TATASTEEL,2021-12-31,33.92,66.08,0.0
TATASTEEL,2022-03-14,33.92,66.08,0.0
TATASTEEL,2022-03-31,33.92,66.08,0.0
TATASTEEL,2022-06-30,33.92,66.08,0.0
TATASTEEL,2022-08-01,33.92,66.08,0.0
TATASTEEL,2022-09-30,33.92,66.08,0.0
TATASTEEL,2022-12-31,33.9,66.1,0.0
TATASTEEL,2023-03-18,33.9,66.1,0.0
TATASTEEL,2023-03-31,33.9,66.1,0.0
TATASTEEL,2023-06-30,33.9,66.1,0.0
TATASTEEL,2023-09-30,33.9,66.1,0.0
TATASTEEL,2023-11-22,33.7,66.3,0.0
TATASTEEL,2023-12-31,33.7,66.3,0.0
TATASTEEL,2024-01-21,33.46,66.54,0.0
TATASTEEL,2024-02-08,33.19,66.81,0.0
TATASTEEL,2024-03-31,33.19,66.81,0.0
TATASTEEL,2024-06-30,33.19,66.81,0.0
TATASTEEL,2024-09-30,33.19,66.81,0.0
TATASTEEL,2024-12-31,33.19,66.81,0.0
TATASTEEL,2025-03-31,33.19,66.81,0.0
TATASTEEL,2025-06-30,33.19,66.81,0.0
TATASTEEL,2025-09-30,33.19,66.81,0.0
TATASTEEL,2025-12-31,33.19,66.81,0.0
TATASTEEL,2026-03-31,33.19,66.81,0.0
TATASTEEL,2026-06-30,32.94,67.06,0.0
TATATECH,2023-11-29,55.39,44.61,0.0
TATATECH,2023-12-31,55.39,44.61,0.0
TATATECH,2024-03-31,55.39,44.61,0.0
TATATECH,2024-06-30,55.39,44.61,0.0
TATATECH,2024-09-30,55.22,44.78,0.0
TATATECH,2024-12-31,55.22,44.78,0.0
TATATECH,2025-03-31,55.22,44.78,0.0
TATATECH,2025-06-30,55.22,44.78,0.0
TATATECH,2025-09-30,55.22,44.78,0.0
TATATECH,2025-12-31,55.21,44.79,0.0
TATATECH,2026-03-31,55.18,44.82,0.0
TATATECH,2026-06-30,55.17,44.83,0.0
TBOTEK,2024-05-15,44.41,53.37,2.22
TBOTEK,2024-06-30,44.41,53.37,2.22
TBOTEK,2024-09-30,44.41,53.38,2.22
TBOTEK,2024-12-31,44.41,53.42,2.17
TBOTEK,2025-03-31,44.41,53.49,2.11
TBOTEK,2025-06-30,44.41,53.57,2.03
TBOTEK,2025-09-30,44.41,53.6,1.99
TBOTEK,2025-12-31,44.41,53.7,1.89
TBOTEK,2026-03-31,44.41,53.93,1.66
TBOTEK,2026-06-30,44.41,54.06,1.53
TCS,2021-09-30,72.19,27.81,0.0
TCS,2021-12-31,72.19,27.81,0.0
TCS,2022-03-31,72.3,27.7,0.0
TCS,2022-06-30,72.3,27.7,0.0
TCS,2022-09-30,72.3,27.7,0.0
TCS,2022-12-31,72.3,27.7,0.0
TCS,2023-03-31,72.3,27.7,0.0
TCS,2023-06-30,72.3,27.7,0.0
TCS,2023-09-30,72.3,27.7,0.0
TCS,2023-12-31,72.41,27.59,0.0
TCS,2024-03-31,71.77,28.23,0.0
TCS,2024-06-30,71.77,28.23,0.0
TCS,2024-09-30,71.77,28.23,0.0
TCS,2024-12-31,71.77,28.23,0.0
TCS,2025-03-31,71.77,28.23,0.0
TCS,2025-06-30,71.77,28.23,0.0
TCS,2025-09-30,71.77,28.23,0.0
TCS,2025-12-31,71.77,28.23,0.0
TCS,2026-03-31,71.77,28.23,0.0
TCS,2026-06-30,71.77,28.23,0.0
TECHM,2021-09-30,35.7,64.29,0.01
TECHM,2021-12-31,35.67,64.32,0.01
TECHM,2022-03-31,35.26,64.74,0.0
TECHM,2022-06-30,35.24,64.76,0.0
TECHM,2022-09-30,35.22,64.78,0.0
TECHM,2022-12-31,35.19,64.81,0.0
TECHM,2023-03-31,35.18,64.82,0.0
TECHM,2023-06-30,35.16,64.84,0.0
TECHM,2023-09-30,35.13,64.87,0.0
TECHM,2023-12-31,35.11,64.89,0.0
TECHM,2024-03-31,35.09,64.91,0.0
TECHM,2024-06-30,35.05,64.95,0.0
TECHM,2024-09-30,35.03,64.97,0.0
TECHM,2024-12-31,35.01,64.99,0.0
TECHM,2025-03-31,35.01,64.99,0.0
TECHM,2025-06-30,35.0,65.0,0.0
TECHM,2025-09-30,34.98,65.02,0.0
TECHM,2025-12-31,34.98,65.02,0.0
TECHM,2026-03-31,34.97,65.03,0.0
TECHM,2026-06-30,34.97,65.03,0.0
TECHNOE,2021-09-30,60.18,39.82,0.0
TECHNOE,2021-12-31,60.18,39.82,0.0
TECHNOE,2022-03-31,60.19,39.82,0.0
TECHNOE,2022-06-30,60.18,39.82,0.0
TECHNOE,2022-09-30,60.2,39.8,0.0
TECHNOE,2022-12-31,61.16,38.84,0.0
TECHNOE,2023-03-31,61.51,38.49,0.0
TECHNOE,2023-06-30,61.51,38.49,0.0
TECHNOE,2023-09-30,61.51,38.49,0.0
TECHNOE,2023-12-31,61.51,38.49,0.0
TECHNOE,2024-03-31,61.51,38.49,0.0
TECHNOE,2024-06-30,61.51,38.49,0.0
TECHNOE,2024-07-19,56.92,43.08,0.0
TECHNOE,2024-09-30,56.92,43.08,0.0
TECHNOE,2024-12-31,56.92,43.08,0.0
TECHNOE,2025-03-31,56.92,43.08,0.0
TECHNOE,2025-06-30,56.92,43.08,0.0
TECHNOE,2025-09-30,56.92,43.08,0.0
TECHNOE,2025-12-31,56.92,43.08,0.0
TECHNOE,2026-03-31,56.92,43.08,0.0
TECHNOE,2026-06-30,56.92,43.08,0.0
TEGA,2021-12-08,79.17,20.83,0.0
TEGA,2021-12-31,79.17,20.83,0.0
TEGA,2022-03-31,79.17,20.83,0.0
TEGA,2022-06-30,79.17,20.83,0.0
TEGA,2022-09-30,79.17,20.83,0.0
TEGA,2022-12-31,79.17,20.83,0.0
TEGA,2023-03-31,79.1,20.9,0.0
TEGA,2023-06-30,74.99,25.01,0.0
TEGA,2023-09-30,74.88,25.12,0.0
TEGA,2023-12-31,74.88,25.12,0.0
TEGA,2024-03-31,74.79,25.21,0.0
TEGA,2024-06-30,74.79,25.21,0.0
TEGA,2024-09-30,74.79,25.21,0.0
TEGA,2024-12-31,74.8,25.2,0.0
TEGA,2025-03-31,74.8,25.2,0.0
TEGA,2025-06-30,74.8,25.2,0.0
TEGA,2025-09-30,74.8,25.2,0.0
TEGA,2025-11-28,67.27,32.73,0.0
TEGA,2025-12-31,67.27,32.73,0.0
TEGA,2026-03-31,67.5,32.5,0.0
TEGA,2026-06-30,67.5,32.5,0.0
TEJASNET,2021-09-30,0.0,100.0,0.0
TEJASNET,2021-10-29,37.37,62.63,0.0
TEJASNET,2021-12-31,37.32,62.67,0.0
TEJASNET,2022-03-31,37.17,62.82,0.0
TEJASNET,2022-04-08,52.45,47.55,0.0
TEJASNET,2022-06-30,52.4,47.59,0.0
TEJASNET,2022-09-30,52.2,47.8,0.0
TEJASNET,2022-12-31,51.97,48.03,0.0
TEJASNET,2023-02-06,56.38,43.62,0.0
TEJASNET,2023-03-31,56.37,43.63,0.0
TEJASNET,2023-06-30,55.97,44.01,0.0
TEJASNET,2023-09-30,55.92,44.08,0.0
TEJASNET,2023-12-31,55.8,44.2,0.0
TEJASNET,2024-03-31,55.6,44.4,0.0
TEJASNET,2024-06-30,55.5,44.5,0.0
TEJASNET,2024-09-30,55.42,44.58,0.0
TEJASNET,2024-12-31,54.01,45.35,0.64
TEJASNET,2025-03-31,53.83,45.54,0.64
TEJASNET,2025-06-30,53.73,45.8,0.46
TEJASNET,2025-09-30,53.66,45.96,0.38
TEJASNET,2025-12-31,53.46,46.34,0.2
TEJASNET,2026-03-31,53.4,46.47,0.13
TEJASNET,2026-06-30,53.33,46.56,0.12
TENNIND,2025-11-18,74.79,25.21,0.0
TENNIND,2025-12-31,74.79,25.21,0.0
TENNIND,2026-03-31,74.79,25.21,0.0
TENNIND,2026-06-30,74.79,25.21,0.0
THELEELA,2025-05-29,75.91,24.09,0.0
THELEELA,2025-06-30,75.91,24.09,0.0
THELEELA,2025-09-30,75.91,24.09,0.0
THELEELA,2025-12-31,75.91,24.09,0.0
THELEELA,2026-03-31,75.91,24.09,0.0
THELEELA,2026-06-30,75.91,24.09,0.0
THERMAX,2021-09-30,61.98,32.53,5.49
THERMAX,2021-12-31,61.98,32.53,5.49
THERMAX,2022-03-31,61.98,32.53,5.49
THERMAX,2022-06-30,61.98,32.53,5.49
THERMAX,2022-09-30,61.98,32.53,5.49
THERMAX,2022-12-31,61.98,32.53,5.49
THERMAX,2023-03-31,61.98,32.53,5.49
THERMAX,2023-06-30,61.98,32.53,5.49
THERMAX,2023-09-30,61.98,32.53,5.48
THERMAX,2023-12-31,61.98,32.53,5.48
THERMAX,2024-03-31,61.98,32.53,5.48
THERMAX,2024-06-30,61.98,32.53,5.48
THERMAX,2024-09-30,61.98,32.54,5.47
THERMAX,2024-12-31,61.98,32.55,5.47
THERMAX,2025-03-31,61.98,32.55,5.47
THERMAX,2025-06-30,61.98,32.55,5.47
THERMAX,2025-09-30,61.98,32.56,5.46
THERMAX,2025-12-31,61.98,32.56,5.46
THERMAX,2026-03-31,61.98,32.56,5.46
THERMAX,2026-06-30,61.98,32.56,5.46
TIINDIA,2021-06-30,46.66,53.34,0.0
TIINDIA,2021-09-30,46.49,53.51,0.0
TIINDIA,2021-12-31,46.48,53.52,0.0
TIINDIA,2022-03-31,46.46,53.54,0.0
TIINDIA,2022-06-30,46.45,53.55,0.0
TIINDIA,2022-09-30,46.45,53.55,0.0
TIINDIA,2022-12-31,46.43,53.57,0.0
TIINDIA,2023-03-31,46.21,53.79,0.0
TIINDIA,2023-06-30,46.13,53.87,0.0
TIINDIA,2023-09-30,46.11,53.89,0.0
TIINDIA,2023-12-31,45.1,54.9,0.0
TIINDIA,2024-03-31,45.1,54.9,0.0
TIINDIA,2024-06-30,45.04,54.96,0.0
TIINDIA,2024-09-30,44.97,55.03,0.0
TIINDIA,2024-12-31,44.11,55.89,0.0
TIINDIA,2025-03-31,44.1,55.9,0.0
TIINDIA,2025-06-30,44.09,55.91,0.0
TIINDIA,2025-09-30,44.09,55.91,0.0
TIINDIA,2025-12-31,44.05,55.95,0.0
TIINDIA,2026-03-31,44.04,55.96,0.0
TIINDIA,2026-06-30,43.93,56.07,0.0
TIMKEN,2021-09-30,67.8,32.2,0.0
TIMKEN,2021-12-31,67.8,32.2,0.0
TIMKEN,2022-03-31,67.8,32.2,0.0
TIMKEN,2022-06-30,67.8,32.2,0.0
TIMKEN,2022-09-30,67.8,32.2,0.0
TIMKEN,2022-12-31,67.8,32.2,0.0
TIMKEN,2023-03-31,67.8,32.2,0.0
TIMKEN,2023-06-30,57.7,42.3,0.0
TIMKEN,2023-09-30,57.7,42.3,0.0
TIMKEN,2023-12-31,57.7,42.3,0.0
TIMKEN,2024-03-31,57.7,42.3,0.0
TIMKEN,2024-06-30,51.05,48.95,0.0
TIMKEN,2024-09-30,51.05,48.95,0.0
TIMKEN,2024-12-31,51.05,48.95,0.0
TIMKEN,2025-03-31,51.05,48.95,0.0
TIMKEN,2025-06-30,51.05,48.95,0.0
TIMKEN,2025-09-30,51.05,48.95,0.0
TIMKEN,2025-12-31,51.05,48.95,0.0
TIMKEN,2026-03-31,51.05,48.95,0.0
TIMKEN,2026-06-30,51.05,48.95,0.0
TITAGARH,2021-09-30,45.77,54.23,0.0
TITAGARH,2021-12-31,47.0,53.0,0.0
TITAGARH,2022-03-31,47.05,52.95,0.0
TITAGARH,2022-06-30,47.26,52.74,0.0
TITAGARH,2022-09-30,47.26,52.74,0.0
TITAGARH,2022-12-31,47.82,52.16,0.0
TITAGARH,2023-03-31,47.83,52.17,0.0
TITAGARH,2023-06-30,47.82,52.18,0.0
TITAGARH,2023-07-07,44.97,55.03,0.0
TITAGARH,2023-09-30,44.97,55.03,0.0
TITAGARH,2023-12-13,42.46,57.54,0.0
TITAGARH,2023-12-31,42.46,57.54,0.0
TITAGARH,2024-03-31,42.46,57.54,0.0
TITAGARH,2024-06-30,40.46,59.54,0.0
TITAGARH,2024-09-30,40.46,59.54,0.0
TITAGARH,2024-12-31,40.46,59.54,0.0
TITAGARH,2025-03-31,40.46,59.54,0.0
TITAGARH,2025-06-30,40.46,59.54,0.0
TITAGARH,2025-09-30,40.46,59.54,0.0
TITAGARH,2025-12-31,40.46,59.54,0.0
TITAGARH,2026-03-31,40.46,59.54,0.0
TITAGARH,2026-06-30,40.46,59.54,0.0
TITAN,2021-09-30,52.9,47.1,0.0
TITAN,2021-12-31,52.9,47.1,0.0
TITAN,2022-03-31,52.9,47.1,0.0
TITAN,2022-06-30,52.9,47.1,0.0
TITAN,2022-09-30,52.9,47.1,0.0
TITAN,2022-12-31,52.9,47.1,0.0
TITAN,2023-03-31,52.9,47.1,0.0
TITAN,2023-06-30,52.9,47.1,0.0
TITAN,2023-09-30,52.9,47.1,0.0
TITAN,2023-12-31,52.9,47.1,0.0
TITAN,2024-03-31,52.9,47.02,0.08
TITAN,2024-06-30,52.9,47.02,0.08
TITAN,2024-09-30,52.9,47.02,0.08
TITAN,2024-12-31,52.9,47.02,0.08
TITAN,2025-03-31,52.9,47.02,0.08
TITAN,2025-06-30,52.9,47.02,0.08
TITAN,2025-09-30,52.9,47.02,0.08
TITAN,2025-12-31,52.9,47.02,0.08
TITAN,2026-03-31,52.9,47.02,0.08
TITAN,2026-06-30,52.9,47.05,0.05
TMCV,2025-11-12,42.56,57.44,0.0
TMCV,2025-12-31,42.56,57.44,0.0
TMCV,2026-03-31,42.56,57.44,0.0
TMCV,2026-06-30,42.56,57.44,0.0
TMPV,2021-09-30,46.41,53.59,0.0
TMPV,2021-12-31,46.4,53.6,0.0
TMPV,2022-03-31,46.4,53.6,0.0
TMPV,2022-06-30,46.4,53.6,0.0
TMPV,2022-09-30,46.4,53.6,0.0
TMPV,2022-12-31,46.39,53.61,0.0
TMPV,2023-03-31,46.39,53.61,0.0
TMPV,2023-06-30,46.39,53.61,0.0
TMPV,2023-09-30,46.38,53.62,0.0
TMPV,2023-12-31,46.37,53.63,0.0
TMPV,2024-03-31,46.36,53.64,0.0
TMPV,2024-06-30,46.36,53.64,0.0
TMPV,2024-09-01,41.86,58.14,0.0
TMPV,2024-09-30,42.58,57.42,0.0
TMPV,2024-12-31,42.58,57.42,0.0
TMPV,2025-03-31,42.58,57.42,0.0
TMPV,2025-06-30,42.57,57.43,0.0
TMPV,2025-09-30,42.57,57.43,0.0
TMPV,2025-12-31,42.56,57.44,0.0
TMPV,2026-03-31,42.56,57.44,0.0
TMPV,2026-06-30,42.51,57.49,0.0
TORNTPHARM,2021-09-30,71.25,28.75,0.0
TORNTPHARM,2021-12-31,71.25,28.75,0.0
TORNTPHARM,2022-03-31,71.25,28.75,0.0
TORNTPHARM,2022-06-30,71.25,28.75,0.0
TORNTPHARM,2022-07-13,71.25,28.75,0.0
TORNTPHARM,2022-09-30,71.25,28.75,0.0
TORNTPHARM,2022-12-31,71.25,28.75,0.0
TORNTPHARM,2023-03-31,71.25,28.75,0.0
TORNTPHARM,2023-06-30,71.25,28.75,0.0
TORNTPHARM,2023-09-30,71.25,28.75,0.0
TORNTPHARM,2023-12-31,71.25,28.75,0.0
TORNTPHARM,2024-03-31,71.25,28.75,0.0
TORNTPHARM,2024-06-30,71.25,28.75,0.0
TORNTPHARM,2024-09-30,71.25,28.75,0.0
TORNTPHARM,2024-12-31,68.31,31.69,0.0
TORNTPHARM,2025-03-31,68.31,31.69,0.0
TORNTPHARM,2025-06-30,68.31,31.69,0.0
TORNTPHARM,2025-09-30,68.31,31.69,0.0
TORNTPHARM,2025-12-31,68.31,31.69,0.0
TORNTPHARM,2026-03-31,68.31,31.69,0.0
TORNTPHARM,2026-06-30,68.31,31.69,0.0
TORNTPHARM,2026-07-20,60.78,39.22,0.0
TORNTPOWER,2021-09-30,53.57,46.43,0.0
TORNTPOWER,2021-12-31,53.57,46.43,0.0
TORNTPOWER,2022-03-31,53.57,46.43,0.0
TORNTPOWER,2022-06-30,53.57,46.43,0.0
TORNTPOWER,2022-09-30,53.57,46.43,0.0
TORNTPOWER,2022-12-31,53.57,46.43,0.0
TORNTPOWER,2023-03-31,53.57,46.43,0.0
TORNTPOWER,2023-06-30,53.57,46.43,0.0
TORNTPOWER,2023-09-30,53.57,46.43,0.0
TORNTPOWER,2023-12-31,53.57,46.43,0.0
TORNTPOWER,2024-03-31,53.57,46.43,0.0
TORNTPOWER,2024-06-30,53.57,46.43,0.0
TORNTPOWER,2024-09-30,53.57,46.43,0.0
TORNTPOWER,2024-12-05,51.09,48.91,0.0
TORNTPOWER,2024-12-31,51.09,48.91,0.0
TORNTPOWER,2025-03-31,51.09,48.91,0.0
TORNTPOWER,2025-06-30,51.09,48.91,0.0
TORNTPOWER,2025-09-30,51.09,48.91,0.0
TORNTPOWER,2025-12-31,51.09,48.91,0.0
TORNTPOWER,2026-03-31,51.09,48.91,0.0
TORNTPOWER,2026-06-30,51.09,48.91,0.0
TRAVELFOOD,2025-07-11,86.19,13.81,0.0
TRAVELFOOD,2025-09-30,86.19,13.81,0.0
TRAVELFOOD,2025-12-31,86.19,13.81,0.0
TRAVELFOOD,2026-03-31,86.19,13.81,0.0
TRAVELFOOD,2026-06-30,86.19,13.81,0.0
TRENT,2021-09-30,37.01,62.99,0.0
TRENT,2022-03-31,37.01,62.99,0.0
TRENT,2022-06-30,37.01,62.99,0.0
TRENT,2022-09-30,37.01,62.99,0.0
TRENT,2022-12-31,37.01,62.99,0.0
TRENT,2023-03-31,37.01,62.99,0.0
TRENT,2023-06-30,37.01,62.99,0.0
TRENT,2023-09-30,37.01,62.99,0.0
TRENT,2023-12-31,37.01,62.99,0.0
TRENT,2024-03-31,37.01,62.99,0.0
TRENT,2024-06-30,37.01,62.99,0.0
TRENT,2024-09-30,37.01,62.99,0.0
TRENT,2024-12-31,37.01,62.99,0.0
TRENT,2025-03-31,37.01,62.99,0.0
TRENT,2025-06-30,37.01,62.99,0.0
TRENT,2025-09-30,37.01,62.99,0.0
TRENT,2025-12-31,37.01,62.99,0.0
TRENT,2026-03-31,37.01,62.99,0.0
TRENT,2026-06-30,37.01,62.99,0.0
TRIDENT,2021-09-30,73.02,25.06,1.92
TRIDENT,2021-12-31,72.94,25.24,1.82
TRIDENT,2022-03-31,72.94,25.27,1.79
TRIDENT,2022-06-30,72.94,25.27,1.79
TRIDENT,2022-09-30,72.94,25.3,1.76
TRIDENT,2022-12-31,72.94,25.3,1.76
TRIDENT,2023-03-31,73.19,25.56,1.25
TRIDENT,2023-06-30,73.19,25.56,1.25
TRIDENT,2023-09-30,73.19,25.56,1.25
TRIDENT,2023-12-31,73.19,25.56,1.25
TRIDENT,2024-03-31,73.19,25.56,1.25
TRIDENT,2024-06-30,73.19,25.56,1.25
TRIDENT,2024-09-30,73.19,25.56,1.25
TRIDENT,2024-12-31,73.19,25.75,1.06
TRIDENT,2025-03-31,73.68,26.02,0.31
TRIDENT,2025-06-30,73.68,26.31,0.01
TRIDENT,2025-09-30,73.68,26.31,0.01
TRIDENT,2025-12-31,73.68,26.32,0.01
TRIDENT,2026-03-31,73.68,26.32,0.01
TRIDENT,2026-06-30,73.68,26.32,0.01
TRITURBINE,2021-12-31,67.78,32.22,0.0
TRITURBINE,2022-03-31,67.78,32.22,0.0
TRITURBINE,2022-06-30,67.78,32.22,0.0
TRITURBINE,2022-09-30,55.94,44.06,0.0
TRITURBINE,2022-12-31,55.94,44.06,0.0
TRITURBINE,2023-03-31,55.84,44.16,0.0
TRITURBINE,2023-06-30,55.84,44.16,0.0
TRITURBINE,2023-09-30,55.84,44.16,0.0
TRITURBINE,2023-12-31,55.84,44.16,0.0
TRITURBINE,2024-03-31,55.84,44.16,0.0
TRITURBINE,2024-06-30,55.84,44.16,0.0
TRITURBINE,2024-09-30,55.84,44.16,0.0
TRITURBINE,2024-12-31,55.84,44.16,0.0
TRITURBINE,2025-03-31,55.84,44.16,0.0
TRITURBINE,2025-06-30,55.84,44.16,0.0
TRITURBINE,2025-09-30,55.84,44.16,0.0
TRITURBINE,2025-12-31,55.84,44.16,0.0
TRITURBINE,2026-03-31,55.84,44.16,0.0
TRITURBINE,2026-06-30,55.84,44.16,0.0
TTML,2021-09-30,74.36,25.64,0.0
TTML,2021-12-31,74.36,25.64,0.0
TTML,2022-03-31,74.36,25.64,0.0
TTML,2022-06-30,74.36,25.64,0.0
TTML,2022-09-30,74.36,25.64,0.0
TTML,2022-12-31,74.36,25.64,0.0
TTML,2023-03-31,74.36,25.64,0.0
TTML,2023-06-30,74.36,25.64,0.0
TTML,2023-09-30,74.36,25.64,0.0
TTML,2023-12-31,74.36,25.64,0.0
TTML,2024-03-31,74.36,25.64,0.0
TTML,2024-06-30,74.36,25.64,0.0
TTML,2024-09-30,74.36,25.64,0.0
TTML,2024-12-31,74.36,25.64,0.0
TTML,2025-03-31,74.36,25.64,0.0
TTML,2025-06-30,74.36,25.64,0.0
TTML,2025-09-30,74.36,25.64,0.0
TTML,2025-12-31,74.36,25.64,0.0
TTML,2026-03-31,74.36,25.64,0.0
TTML,2026-06-30,74.36,25.64,0.0
TVSMOTOR,2021-09-30,52.26,47.74,0.0
TVSMOTOR,2021-12-31,52.26,47.74,0.0
TVSMOTOR,2022-03-31,50.81,49.19,0.0
TVSMOTOR,2022-06-30,50.81,49.19,0.0
TVSMOTOR,2022-09-30,50.81,49.19,0.0
TVSMOTOR,2022-12-31,50.27,49.73,0.0
TVSMOTOR,2023-03-31,50.27,49.73,0.0
TVSMOTOR,2023-06-30,50.27,49.73,0.0
TVSMOTOR,2023-09-30,50.27,49.73,0.0
TVSMOTOR,2023-12-31,50.27,49.73,0.0
TVSMOTOR,2024-03-31,50.27,49.73,0.0
TVSMOTOR,2024-06-30,50.27,49.73,0.0
TVSMOTOR,2024-09-30,50.27,49.66,0.07
TVSMOTOR,2024-12-31,50.27,49.66,0.07
TVSMOTOR,2025-03-31,50.27,49.66,0.07
TVSMOTOR,2025-06-30,50.27,49.63,0.1
TVSMOTOR,2025-09-30,50.27,49.7,0.04
TVSMOTOR,2025-12-31,50.27,49.71,0.03
TVSMOTOR,2026-03-31,50.27,49.71,0.03
TVSMOTOR,2026-06-30,50.27,49.71,0.02
UBL,2021-09-30,72.71,27.29,0.0
UBL,2021-12-31,72.71,27.29,0.0
UBL,2022-03-31,72.71,27.29,0.0
UBL,2022-06-30,72.71,27.29,0.0
UBL,2022-09-30,72.71,27.29,0.0
UBL,2022-12-31,72.71,27.29,0.0
UBL,2023-03-31,72.71,27.29,0.0
UBL,2023-06-30,72.71,27.29,0.0
UBL,2023-09-30,70.99,29.01,0.0
UBL,2023-12-31,70.83,29.17,0.0
UBL,2024-03-31,70.83,29.17,0.0
UBL,2024-06-30,70.83,29.17,0.0
UBL,2024-09-30,70.83,29.17,0.0
UBL,2024-12-31,70.83,29.17,0.0
UBL,2025-03-31,70.83,29.17,0.0
UBL,2025-06-30,70.83,29.17,0.0
UBL,2025-09-30,70.83,29.17,0.0
UBL,2025-12-31,70.83,29.17,0.0
UBL,2026-03-31,70.83,29.17,0.0
UBL,2026-06-30,70.83,29.17,0.0
UCOBANK,2021-09-30,95.39,4.61,0.0
UCOBANK,2021-12-31,95.39,4.61,0.0
UCOBANK,2022-03-31,95.39,4.61,0.0
UCOBANK,2022-06-30,95.39,4.61,0.0
UCOBANK,2022-09-30,95.39,4.61,0.0
UCOBANK,2022-12-31,95.39,4.61,0.0
UCOBANK,2023-03-31,95.39,4.61,0.0
UCOBANK,2023-06-30,95.39,4.61,0.0
UCOBANK,2023-09-30,95.39,4.61,0.0
UCOBANK,2023-12-31,95.39,4.61,0.0
UCOBANK,2024-03-31,95.39,4.61,0.0
UCOBANK,2024-06-30,95.39,4.61,0.0
UCOBANK,2024-09-30,95.39,4.61,0.0
UCOBANK,2024-12-31,95.39,4.61,0.0
UCOBANK,2025-03-28,90.95,9.05,0.0
UCOBANK,2025-03-31,90.95,9.05,0.0
UCOBANK,2025-06-30,90.95,9.05,0.0
UCOBANK,2025-09-30,90.95,9.05,0.0
UCOBANK,2025-12-31,90.95,9.05,0.0
UCOBANK,2026-03-31,90.95,9.05,0.0
UCOBANK,2026-06-30,90.95,9.05,0.0
ULTRACEMCO,2021-09-30,59.96,39.95,0.09
ULTRACEMCO,2021-12-31,59.96,39.94,0.1
ULTRACEMCO,2022-03-31,59.96,39.95,0.09
ULTRACEMCO,2022-06-30,59.96,39.95,0.09
ULTRACEMCO,2022-09-30,59.96,39.91,0.14
ULTRACEMCO,2022-12-31,59.96,39.91,0.13
ULTRACEMCO,2023-03-31,59.96,39.9,0.15
ULTRACEMCO,2023-06-30,59.96,39.9,0.14
ULTRACEMCO,2023-09-30,59.96,39.86,0.18
ULTRACEMCO,2023-12-31,59.96,39.87,0.18
ULTRACEMCO,2024-03-31,59.95,39.87,0.17
ULTRACEMCO,2024-06-30,59.99,39.84,0.17
ULTRACEMCO,2024-09-30,59.99,39.84,0.17
ULTRACEMCO,2024-12-31,60.0,39.81,0.19
ULTRACEMCO,2025-03-31,59.23,40.59,0.18
ULTRACEMCO,2025-06-30,59.23,40.59,0.18
ULTRACEMCO,2025-09-30,59.23,40.57,0.2
ULTRACEMCO,2025-12-31,59.29,40.53,0.18
ULTRACEMCO,2026-03-31,59.33,40.5,0.17
ULTRACEMCO,2026-06-30,59.33,40.5,0.17
UNIONBANK,2021-05-21,83.49,16.51,0.0
UNIONBANK,2021-09-30,83.49,16.51,0.0
UNIONBANK,2021-12-31,83.49,16.51,0.0
UNIONBANK,2022-03-31,83.49,16.51,0.0
UNIONBANK,2022-06-30,83.49,16.51,0.0
UNIONBANK,2022-09-30,83.49,16.51,0.0
UNIONBANK,2022-12-31,83.49,16.51,0.0
UNIONBANK,2023-03-31,83.49,16.51,0.0
UNIONBANK,2023-06-30,83.49,16.5,0.0
UNIONBANK,2023-08-25,76.99,23.01,0.0
UNIONBANK,2023-09-30,76.99,23.01,0.0
UNIONBANK,2023-12-31,76.99,23.01,0.0
UNIONBANK,2024-02-26,74.76,25.24,0.0
UNIONBANK,2024-03-31,74.76,25.24,0.0
UNIONBANK,2024-06-30,74.76,25.24,0.0
UNIONBANK,2024-09-30,74.76,25.24,0.0
UNIONBANK,2024-12-31,74.76,25.24,0.0
UNIONBANK,2025-03-31,74.76,25.24,0.0
UNIONBANK,2025-06-30,74.76,25.24,0.0
UNIONBANK,2025-09-30,74.76,25.24,0.0
UNIONBANK,2025-12-31,74.76,25.24,0.0
UNIONBANK,2026-03-31,74.76,25.24,0.0
UNIONBANK,2026-06-30,74.76,25.24,0.0
UNITDSPR,2021-09-30,56.73,43.27,0.0
UNITDSPR,2021-12-31,56.73,43.27,0.0
UNITDSPR,2022-03-31,56.73,43.27,0.0
UNITDSPR,2022-06-30,56.73,43.27,0.0
UNITDSPR,2022-09-30,56.73,43.27,0.0
UNITDSPR,2022-12-31,56.73,43.27,0.0
UNITDSPR,2023-03-31,56.68,43.32,0.0
UNITDSPR,2023-06-30,56.68,43.32,0.0
UNITDSPR,2023-09-30,56.67,43.33,0.0
UNITDSPR,2023-12-31,56.67,43.33,0.0
UNITDSPR,2024-03-31,56.67,43.33,0.0
UNITDSPR,2024-06-30,56.67,43.33,0.0
UNITDSPR,2024-09-30,56.67,43.33,0.0
UNITDSPR,2024-12-31,56.67,43.33,0.0
UNITDSPR,2025-03-31,56.67,43.33,0.0
UNITDSPR,2025-06-30,56.67,43.33,0.0
UNITDSPR,2025-09-30,56.67,43.33,0.0
UNITDSPR,2025-12-31,56.67,43.33,0.0
UNITDSPR,2026-03-31,56.67,43.33,0.0
UNITDSPR,2026-06-30,56.67,43.33,0.0
UNOMINDA,2021-09-30,67.46,32.54,0.0
UNOMINDA,2021-12-31,67.46,32.53,0.0
UNOMINDA,2022-03-31,67.46,32.53,0.0
UNOMINDA,2022-06-08,67.45,32.55,0.0
UNOMINDA,2022-06-19,67.43,32.57,0.0
UNOMINDA,2022-06-28,67.41,32.59,0.0
UNOMINDA,2022-06-30,67.41,32.59,0.0
UNOMINDA,2022-07-11,67.41,32.59,0.0
UNOMINDA,2022-08-08,67.36,32.64,0.0
UNOMINDA,2022-09-03,67.34,32.66,0.0
UNOMINDA,2022-09-30,70.11,29.89,0.0
UNOMINDA,2022-10-24,70.1,29.9,0.0
UNOMINDA,2022-12-31,70.07,29.93,0.0
UNOMINDA,2023-03-31,70.06,29.94,0.0
UNOMINDA,2023-06-30,70.05,29.95,0.0
UNOMINDA,2023-09-30,68.73,31.27,0.0
UNOMINDA,2023-12-31,68.73,31.27,0.0
UNOMINDA,2024-03-31,68.76,31.24,0.0
UNOMINDA,2024-06-30,68.75,31.25,0.0
UNOMINDA,2024-09-30,68.75,31.25,0.0
UNOMINDA,2024-12-31,68.75,31.25,0.0
UNOMINDA,2025-03-31,68.75,31.25,0.0
UNOMINDA,2025-06-30,68.71,31.29,0.0
UNOMINDA,2025-09-30,68.45,31.55,0.0
UNOMINDA,2025-12-31,68.41,31.59,0.0
UNOMINDA,2026-03-31,68.37,31.63,0.0
UNOMINDA,2026-06-30,68.36,31.64,0.0
UPL,2017-06-30,27.86,72.14,0.0
UPL,2017-09-30,27.86,72.14,0.0
UPL,2017-12-31,27.84,72.16,0.0
UPL,2018-03-31,27.72,72.28,0.0
UPL,2018-06-30,27.75,72.25,0.0
UPL,2018-09-30,27.91,72.09,0.0
UPL,2018-12-31,27.92,72.08,0.0
UPL,2019-03-31,27.89,72.11,0.0
UPL,2019-06-30,27.89,72.11,0.0
UPL,2019-07-04,27.89,72.11,0.0
UPL,2019-09-30,27.89,72.11,0.0
UPL,2019-12-31,27.89,72.11,0.0
UPL,2020-03-31,27.89,72.11,0.0
UPL,2020-06-30,27.88,72.12,0.0
UPL,2020-09-30,27.88,72.12,0.0
UPL,2020-12-31,28.02,71.98,0.0
UPL,2021-03-31,28.12,71.88,0.0
UPL,2021-06-30,28.12,71.88,0.0
UPL,2021-09-30,28.12,71.88,0.0
UPL,2021-12-31,28.41,71.59,0.0
UPL,2022-03-31,28.62,71.38,0.0
UPL,2022-06-30,29.13,70.87,0.0
UPL,2022-09-30,29.13,70.87,0.0
UPL,2022-12-31,30.91,69.09,0.0
UPL,2023-03-31,32.52,67.48,0.0
UPL,2023-06-30,32.52,67.48,0.0
UPL,2023-09-30,32.52,67.48,0.0
UPL,2023-12-31,32.52,67.48,0.0
UPL,2024-03-31,32.52,67.48,0.0
UPL,2024-06-30,32.52,67.48,0.0
UPL,2024-09-30,32.52,67.48,0.0
UPL,2024-12-20,33.51,66.49,0.0
UPL,2024-12-31,33.51,66.49,0.0
UPL,2025-01-17,33.5,66.5,0.0
UPL,2025-03-31,33.5,66.5,0.0
UPL,2025-06-30,33.5,66.5,0.0
UPL,2025-09-30,33.5,66.5,0.0
UPL,2025-12-31,33.5,66.5,0.0
UPL,2026-02-05,33.51,66.49,0.0
UPL,2026-03-31,33.51,66.49,0.0
UPL,2026-06-30,33.51,66.49,0.0
URBANCO,2025-09-16,20.43,79.57,0.0
URBANCO,2025-09-30,20.43,79.57,0.0
URBANCO,2025-12-31,20.29,79.71,0.0
URBANCO,2026-03-24,19.02,75.79,5.19
URBANCO,2026-03-31,19.02,75.79,5.19
URBANCO,2026-06-30,19.02,76.46,4.52
USHAMART,2021-09-30,50.13,49.87,0.0
USHAMART,2021-12-31,49.79,50.21,0.0
USHAMART,2022-03-31,49.26,50.74,0.0
USHAMART,2022-06-30,49.04,50.96,0.0
USHAMART,2022-09-30,48.7,51.3,0.0
USHAMART,2022-12-31,48.3,51.7,0.0
USHAMART,2023-03-31,48.26,51.74,0.0
USHAMART,2023-06-30,47.88,52.12,0.0
USHAMART,2023-09-30,47.51,52.49,0.0
USHAMART,2023-12-31,47.41,52.59,0.0
USHAMART,2024-03-31,46.05,53.95,0.0
USHAMART,2024-06-30,45.11,54.89,0.0
USHAMART,2024-09-30,43.54,56.46,0.0
USHAMART,2024-12-31,43.48,56.52,0.0
USHAMART,2025-03-31,43.89,56.04,0.06
USHAMART,2025-06-30,42.45,57.49,0.06
USHAMART,2025-09-30,41.76,58.18,0.06
USHAMART,2025-12-31,40.52,59.37,0.11
USHAMART,2026-03-31,40.52,59.37,0.11
USHAMART,2026-06-30,40.28,59.6,0.11
UTIAMC,2021-09-30,0.0,100.0,0.0
UTIAMC,2021-12-31,0.0,100.0,0.0
UTIAMC,2022-03-31,0.0,100.0,0.0
UTIAMC,2022-06-30,0.0,100.0,0.0
UTIAMC,2022-09-30,0.0,100.0,0.0
UTIAMC,2022-12-31,0.0,100.0,0.0
UTIAMC,2023-03-31,0.0,100.0,0.0
UTIAMC,2023-06-30,0.0,100.0,0.0
UTIAMC,2023-09-30,0.0,100.0,0.0
UTIAMC,2023-12-31,0.0,100.0,0.0
UTIAMC,2024-03-31,0.0,100.0,0.0
UTIAMC,2024-06-30,0.0,100.0,0.0
UTIAMC,2024-09-30,0.0,100.0,0.0
UTIAMC,2024-12-31,0.0,100.0,0.0
UTIAMC,2025-03-31,0.0,100.0,0.0
UTIAMC,2025-06-30,0.0,100.0,0.0
UTIAMC,2025-09-30,0.0,100.0,0.0
UTIAMC,2025-12-31,0.0,100.0,0.0
UTIAMC,2026-03-31,0.0,100.0,0.0
UTIAMC,2026-06-30,0.0,100.0,0.0
VBL,2020-09-30,66.4,33.6,0.0
VBL,2020-12-31,66.4,33.6,0.0
VBL,2021-03-31,66.4,33.6,0.0
VBL,2021-06-14,65.82,34.18,0.0
VBL,2021-06-30,65.82,34.18,0.0
VBL,2021-09-30,64.89,35.11,0.0
VBL,2021-12-31,64.89,35.11,0.0
VBL,2022-03-31,64.89,35.11,0.0
VBL,2022-06-09,63.9,36.1,0.0
VBL,2022-06-30,63.9,36.1,0.0
VBL,2022-09-30,63.9,36.1,0.0
VBL,2022-12-31,63.9,36.1,0.0
VBL,2023-03-31,63.9,36.1,0.0
VBL,2023-06-30,63.62,36.38,0.0
VBL,2023-09-30,63.1,36.9,0.0
VBL,2023-12-31,63.09,36.91,0.0
VBL,2024-03-31,62.91,37.09,0.0
VBL,2024-06-30,62.66,37.34,0.0
VBL,2024-09-30,62.66,37.34,0.0
VBL,2024-11-19,60.2,39.8,0.0
VBL,2024-12-31,60.2,39.8,0.0
VBL,2025-03-31,60.23,39.77,0.0
VBL,2025-06-30,59.82,40.18,0.0
VBL,2025-09-30,59.44,40.56,0.0
VBL,2025-12-31,59.44,40.56,0.0
VBL,2026-03-31,59.44,40.56,0.0
VBL,2026-06-30,59.43,40.57,0.0
VEDL,2021-09-30,65.18,34.5,0.32
VEDL,2021-12-31,69.69,30.06,0.25
VEDL,2022-03-31,69.69,30.08,0.23
VEDL,2022-06-30,69.69,30.09,0.22
VEDL,2022-09-30,69.69,30.09,0.22
VEDL,2022-12-31,69.69,30.09,0.22
VEDL,2023-03-31,68.11,31.78,0.11
VEDL,2023-06-30,68.11,31.81,0.08
VEDL,2023-09-30,63.71,36.21,0.08
VEDL,2023-12-31,63.71,36.22,0.06
VEDL,2024-03-31,61.95,37.87,0.18
VEDL,2024-06-30,59.32,40.51,0.18
VEDL,2024-07-20,56.38,43.45,0.17
VEDL,2024-09-30,56.38,43.45,0.16
VEDL,2024-12-31,56.38,43.5,0.11
VEDL,2025-03-31,56.38,43.49,0.13
VEDL,2025-06-30,56.38,43.49,0.13
VEDL,2025-09-30,56.38,43.49,0.13
VEDL,2025-12-31,56.38,43.56,0.06
VEDL,2026-03-31,56.38,43.47,0.14
VEDL,2026-06-30,54.72,45.12,0.16
VIJAYA,2021-09-30,54.78,45.22,0.0
VIJAYA,2021-12-31,54.78,45.22,0.0
VIJAYA,2022-03-31,54.78,45.22,0.0
VIJAYA,2022-06-30,55.04,44.96,0.0
VIJAYA,2022-09-30,55.01,44.99,0.0
VIJAYA,2022-12-31,55.01,44.99,0.0
VIJAYA,2023-03-31,55.01,44.99,0.0
VIJAYA,2023-06-30,54.98,45.02,0.0
VIJAYA,2023-09-30,54.9,45.1,0.0
VIJAYA,2023-12-31,54.87,45.13,0.0
VIJAYA,2024-03-31,54.06,45.94,0.0
VIJAYA,2024-06-30,53.93,46.07,0.0
VIJAYA,2024-09-30,53.91,46.09,0.0
VIJAYA,2024-12-31,53.91,46.09,0.0
VIJAYA,2025-03-31,53.05,46.95,0.0
VIJAYA,2025-06-30,52.63,47.37,0.0
VIJAYA,2025-09-30,52.6,47.4,0.0
VIJAYA,2025-12-31,52.6,47.4,0.0
VIJAYA,2026-03-31,52.51,47.49,0.0
VIJAYA,2026-06-30,52.51,47.49,0.0
VMM,2024-12-16,76.02,23.98,0.0
VMM,2024-12-31,76.02,23.98,0.0
VMM,2025-03-31,74.55,25.45,0.0
VMM,2025-06-30,54.22,45.78,0.0
VMM,2025-09-30,54.11,45.89,0.0
VMM,2025-12-31,54.09,45.91,0.0
VMM,2026-03-31,40.12,59.88,0.0
VMM,2026-06-30,40.09,59.91,0.0
VOLTAS,2021-09-30,30.3,69.7,0.0
VOLTAS,2021-12-31,30.3,69.7,0.0
VOLTAS,2022-03-31,30.3,69.7,0.0
VOLTAS,2022-06-30,30.3,69.7,0.0
VOLTAS,2022-09-30,30.3,69.7,0.0
VOLTAS,2022-12-31,30.3,69.7,0.0
VOLTAS,2023-03-31,30.3,69.7,0.0
VOLTAS,2023-06-30,30.3,69.7,0.0
VOLTAS,2023-09-30,30.3,69.7,0.0
VOLTAS,2023-12-31,30.3,69.7,0.0
VOLTAS,2024-03-31,30.3,69.7,0.0
VOLTAS,2024-06-30,30.3,69.7,0.0
VOLTAS,2024-09-30,30.3,69.7,0.0
VOLTAS,2024-12-31,30.3,69.7,0.0
VOLTAS,2025-03-31,30.3,69.7,0.0
VOLTAS,2025-06-30,30.3,69.7,0.0
VOLTAS,2025-09-30,30.3,69.7,0.0
VOLTAS,2025-12-31,30.3,69.7,0.0
VOLTAS,2026-03-31,30.3,69.7,0.0
VOLTAS,2026-06-30,30.3,69.7,0.0
VTL,2021-09-30,63.17,36.83,0.0
VTL,2021-12-31,63.15,36.85,0.0
VTL,2022-03-31,62.93,37.07,0.0
VTL,2022-06-30,62.91,37.09,0.0
VTL,2022-09-30,63.75,36.25,0.0
VTL,2022-12-31,63.86,36.14,0.0
VTL,2023-03-31,63.85,36.15,0.0
VTL,2023-06-30,64.07,35.93,0.0
VTL,2023-09-30,64.11,35.89,0.0
VTL,2023-12-31,64.13,35.87,0.0
VTL,2024-03-31,64.13,35.87,0.0
VTL,2024-06-30,64.19,35.81,0.0
VTL,2024-09-30,64.19,35.81,0.0
VTL,2024-12-31,64.21,35.79,0.0
VTL,2025-03-31,64.22,35.78,0.0
VTL,2025-06-30,64.21,35.79,0.0
VTL,2025-09-30,64.21,35.79,0.0
VTL,2025-12-31,64.44,35.56,0.0
VTL,2026-03-31,65.09,34.91,0.0
VTL,2026-06-30,65.08,34.92,0.0
WAAREEENER,2024-10-24,64.3,35.7,0.0
WAAREEENER,2024-12-31,64.3,35.7,0.0
WAAREEENER,2025-03-31,64.3,35.7,0.0
WAAREEENER,2025-06-30,64.3,35.7,0.0
WAAREEENER,2025-09-30,64.22,35.78,0.0
WAAREEENER,2025-12-31,64.22,35.78,0.0
WAAREEENER,2026-03-31,64.19,35.81,0.0
WAAREEENER,2026-06-30,64.12,35.88,0.0
WELCORP,2021-12-31,50.01,49.99,0.0
WELCORP,2022-03-31,50.01,49.99,0.0
WELCORP,2022-06-30,50.01,49.99,0.0
WELCORP,2022-09-30,49.9,50.1,0.0
WELCORP,2022-12-31,49.9,50.1,0.0
WELCORP,2023-03-31,49.99,50.01,0.0
WELCORP,2023-06-30,49.99,50.01,0.0
WELCORP,2023-09-30,49.96,50.0,0.03
WELCORP,2023-12-31,49.96,50.0,0.03
WELCORP,2024-03-31,50.14,49.83,0.03
WELCORP,2024-06-30,50.03,49.94,0.03
WELCORP,2024-09-30,50.01,49.96,0.03
WELCORP,2024-12-31,50.01,49.96,0.03
WELCORP,2025-03-31,50.01,49.96,0.03
WELCORP,2025-06-30,49.84,50.13,0.03
WELCORP,2025-09-30,49.77,50.2,0.03
WELCORP,2025-12-31,49.73,50.24,0.03
WELCORP,2026-03-31,49.73,50.24,0.03
WELCORP,2026-06-30,49.73,50.24,0.03
WELSPUNLIV,2021-09-30,70.36,29.64,0.0
WELSPUNLIV,2021-12-31,70.36,29.64,0.0
WELSPUNLIV,2022-03-31,70.36,29.64,0.0
WELSPUNLIV,2022-06-30,70.36,29.64,0.0
WELSPUNLIV,2022-09-30,70.36,29.64,0.0
WELSPUNLIV,2022-12-31,70.36,29.64,0.0
WELSPUNLIV,2023-03-31,70.36,28.65,0.99
WELSPUNLIV,2023-06-30,70.5,28.49,1.01
WELSPUNLIV,2023-09-30,70.5,28.49,1.01
WELSPUNLIV,2023-12-31,70.5,28.49,1.01
WELSPUNLIV,2024-03-31,70.5,28.49,1.01
WELSPUNLIV,2024-06-30,70.5,28.49,1.01
WELSPUNLIV,2024-09-30,66.24,32.74,1.02
WELSPUNLIV,2024-12-31,66.24,32.74,1.02
WELSPUNLIV,2025-03-31,66.24,32.74,1.02
WELSPUNLIV,2025-06-30,66.24,33.39,0.36
WELSPUNLIV,2025-09-30,66.24,33.39,0.36
WELSPUNLIV,2025-12-31,66.24,33.4,0.36
WELSPUNLIV,2026-03-31,66.24,33.41,0.35
WELSPUNLIV,2026-06-30,66.36,33.29,0.35
WHIRLPOOL,2021-09-30,75.0,25.0,0.0
WHIRLPOOL,2021-12-31,75.0,25.0,0.0
WHIRLPOOL,2022-03-31,75.0,25.0,0.0
WHIRLPOOL,2022-06-30,75.0,25.0,0.0
WHIRLPOOL,2022-09-30,75.0,25.0,0.0
WHIRLPOOL,2022-12-31,75.0,25.0,0.0
WHIRLPOOL,2023-03-31,75.0,25.0,0.0
WHIRLPOOL,2023-06-30,75.0,25.0,0.0
WHIRLPOOL,2023-09-30,75.0,25.0,0.0
WHIRLPOOL,2023-12-31,75.0,25.0,0.0
WHIRLPOOL,2024-03-31,51.0,49.0,0.0
WHIRLPOOL,2024-06-30,51.0,49.0,0.0
WHIRLPOOL,2024-09-30,51.0,49.0,0.0
WHIRLPOOL,2024-12-31,51.0,49.0,0.0
WHIRLPOOL,2025-03-31,51.0,49.0,0.0
WHIRLPOOL,2025-06-30,51.0,49.0,0.0
WHIRLPOOL,2025-09-30,51.0,49.0,0.0
WHIRLPOOL,2025-12-31,39.76,60.24,0.0
WHIRLPOOL,2026-03-31,39.76,60.24,0.0
WHIRLPOOL,2026-06-30,39.76,60.24,0.0
WIPRO,2021-09-30,73.02,26.66,0.32
WIPRO,2021-12-31,73.01,26.7,0.29
WIPRO,2022-03-31,73.0,26.73,0.27
WIPRO,2022-06-30,73.0,26.75,0.25
WIPRO,2022-09-30,72.95,26.83,0.21
WIPRO,2022-12-31,72.94,26.87,0.19
WIPRO,2023-03-31,72.92,26.9,0.18
WIPRO,2023-06-30,72.91,26.93,0.16
WIPRO,2023-07-07,72.97,26.87,0.16
WIPRO,2023-09-30,72.93,26.93,0.14
WIPRO,2023-12-31,72.9,26.97,0.13
WIPRO,2024-01-20,72.9,26.98,0.12
WIPRO,2024-03-31,72.89,27.0,0.11
WIPRO,2024-06-30,72.82,27.07,0.11
WIPRO,2024-09-30,72.8,27.09,0.11
WIPRO,2024-11-08,72.79,27.09,0.11
WIPRO,2024-12-10,72.79,27.1,0.11
WIPRO,2024-12-31,72.75,27.13,0.11
WIPRO,2025-03-31,72.73,27.15,0.11
WIPRO,2025-06-13,72.67,27.22,0.11
WIPRO,2025-06-30,72.66,27.22,0.11
WIPRO,2025-09-30,72.65,27.23,0.11
WIPRO,2025-12-31,72.63,27.25,0.11
WIPRO,2026-03-31,72.62,27.27,0.11
WIPRO,2026-06-25,72.59,27.29,0.12
WIPRO,2026-06-30,72.59,27.29,0.12
WOCKPHARMA,2021-09-30,68.04,31.96,0.0
WOCKPHARMA,2021-12-31,67.13,32.87,0.0
WOCKPHARMA,2022-03-28,67.13,32.87,0.0
WOCKPHARMA,2022-03-31,67.13,32.87,0.0
WOCKPHARMA,2022-06-30,65.75,34.25,0.0
WOCKPHARMA,2022-09-30,63.83,36.17,0.0
WOCKPHARMA,2022-12-31,60.36,39.64,0.0
WOCKPHARMA,2023-03-31,59.31,40.69,0.0
WOCKPHARMA,2023-06-30,58.4,41.6,0.0
WOCKPHARMA,2023-09-30,55.14,44.86,0.0
WOCKPHARMA,2023-12-31,54.93,45.07,0.0
WOCKPHARMA,2024-03-26,51.6,48.4,0.0
WOCKPHARMA,2024-03-31,51.6,48.4,0.0
WOCKPHARMA,2024-06-30,51.99,48.01,0.0
WOCKPHARMA,2024-09-30,51.99,48.01,0.0
WOCKPHARMA,2024-11-11,49.09,50.91,0.0
WOCKPHARMA,2024-12-31,49.09,50.91,0.0
WOCKPHARMA,2025-03-31,49.09,50.91,0.0
WOCKPHARMA,2025-06-30,49.09,50.91,0.0
WOCKPHARMA,2025-09-30,49.08,50.92,0.0
WOCKPHARMA,2025-12-31,49.08,50.92,0.0
WOCKPHARMA,2026-03-31,49.08,50.92,0.0
WOCKPHARMA,2026-06-30,49.08,50.92,0.0
YESBANK,2021-09-30,0.0,100.0,0.0
YESBANK,2021-12-31,0.0,100.0,0.0
YESBANK,2022-03-31,0.0,100.0,0.0
YESBANK,2022-06-30,0.0,100.0,0.0
YESBANK,2022-09-30,0.0,100.0,0.0
YESBANK,2022-12-13,0.0,100.0,0.0
YESBANK,2022-12-31,0.0,100.0,0.0
YESBANK,2023-03-31,0.0,100.0,0.0
YESBANK,2023-06-30,0.0,100.0,0.0
YESBANK,2023-09-30,0.0,100.0,0.0
YESBANK,2023-12-31,0.0,100.0,0.0
YESBANK,2024-03-31,0.0,100.0,0.0
YESBANK,2024-04-21,0.0,100.0,0.0
YESBANK,2024-05-05,0.0,100.0,0.0
YESBANK,2024-06-30,0.0,100.0,0.0
YESBANK,2024-09-30,0.0,100.0,0.0
YESBANK,2024-12-31,0.0,100.0,0.0
YESBANK,2025-03-31,0.0,100.0,0.0
YESBANK,2025-06-30,0.0,100.0,0.0
YESBANK,2025-09-30,0.0,100.0,0.0
YESBANK,2025-12-31,0.0,100.0,0.0
YESBANK,2026-03-31,0.0,100.0,0.0
YESBANK,2026-06-30,0.0,100.0,0.0
ZEEL,2021-09-30,3.99,96.01,0.0
ZEEL,2021-12-31,3.99,96.01,0.0
ZEEL,2022-03-31,3.99,96.01,0.0
ZEEL,2022-06-30,3.99,96.01,0.0
ZEEL,2022-09-30,3.99,96.01,0.0
ZEEL,2022-12-31,3.99,96.01,0.0
ZEEL,2023-03-31,3.99,96.01,0.0
ZEEL,2023-06-30,3.99,96.01,0.0
ZEEL,2023-09-30,3.99,96.01,0.0
ZEEL,2023-12-31,3.99,96.01,0.0
ZEEL,2024-03-31,3.99,96.01,0.0
ZEEL,2024-06-30,3.99,96.01,0.0
ZEEL,2024-09-30,3.99,96.01,0.0
ZEEL,2024-12-31,3.99,96.01,0.0
ZEEL,2025-03-31,3.99,96.01,0.0
ZEEL,2025-06-30,3.99,96.01,0.0
ZEEL,2025-09-30,3.99,96.01,0.0
ZEEL,2025-12-31,3.99,96.01,0.0
ZEEL,2026-03-31,3.99,96.01,0.0
ZEEL,2026-06-30,3.99,96.01,0.0
ZENSARTECH,2021-09-30,49.12,50.88,0.0
ZENSARTECH,2021-12-31,49.1,50.9,0.0
ZENSARTECH,2022-03-31,49.09,50.91,0.0
ZENSARTECH,2022-06-30,49.16,50.84,0.0
ZENSARTECH,2022-09-30,49.15,50.85,0.0
ZENSARTECH,2022-12-31,49.15,50.85,0.0
ZENSARTECH,2023-03-31,49.21,50.79,0.0
ZENSARTECH,2023-06-30,49.21,50.79,0.0
ZENSARTECH,2023-09-30,49.2,50.8,0.0
ZENSARTECH,2023-12-31,49.2,50.8,0.0
ZENSARTECH,2024-03-31,49.17,50.83,0.0
ZENSARTECH,2024-06-30,49.17,50.83,0.0
ZENSARTECH,2024-09-30,49.13,50.87,0.0
ZENSARTECH,2024-12-31,49.1,50.9,0.0
ZENSARTECH,2025-03-31,49.07,50.93,0.0
ZENSARTECH,2025-06-30,49.06,50.94,0.0
ZENSARTECH,2025-09-30,49.02,50.98,0.0
ZENSARTECH,2025-12-31,49.01,50.65,0.34
ZENSARTECH,2026-03-31,49.0,50.65,0.34
ZENSARTECH,2026-06-30,48.99,50.66,0.34
ZENTEC,2021-09-30,60.19,39.81,0.0
ZENTEC,2021-12-31,60.19,39.81,0.0
ZENTEC,2022-03-31,60.19,39.81,0.0
ZENTEC,2022-06-30,60.19,39.46,0.35
ZENTEC,2022-09-30,60.19,39.46,0.35
ZENTEC,2022-12-31,60.19,39.46,0.35
ZENTEC,2023-03-31,60.14,39.26,0.61
ZENTEC,2023-05-24,57.45,41.97,0.57
ZENTEC,2023-06-30,57.45,41.78,0.76
ZENTEC,2023-09-30,57.45,41.78,0.76
ZENTEC,2023-12-31,55.07,44.16,0.76
ZENTEC,2024-03-31,55.07,44.31,0.62
ZENTEC,2024-06-30,55.07,44.4,0.53
ZENTEC,2024-08-23,51.26,48.26,0.48
ZENTEC,2024-09-30,51.26,48.27,0.47
ZENTEC,2024-12-31,49.05,50.49,0.46
ZENTEC,2025-03-31,49.05,50.51,0.44
ZENTEC,2025-06-30,49.05,50.52,0.43
ZENTEC,2025-09-30,48.51,51.07,0.42
ZENTEC,2025-12-31,48.51,51.07,0.41
ZENTEC,2026-03-31,48.51,51.09,0.4
ZENTEC,2026-06-30,48.51,51.1,0.39
ZFCVINDIA,2021-09-30,75.0,25.0,0.0
ZFCVINDIA,2021-12-31,75.0,25.0,0.0
ZFCVINDIA,2022-03-31,75.0,25.0,0.0
ZFCVINDIA,2022-06-30,75.0,25.0,0.0
ZFCVINDIA,2022-09-30,75.0,25.0,0.0
ZFCVINDIA,2022-12-31,75.0,25.0,0.0
ZFCVINDIA,2023-03-31,75.0,25.0,0.0
ZFCVINDIA,2023-06-30,75.0,25.0,0.0
ZFCVINDIA,2023-09-30,75.0,25.0,0.0
ZFCVINDIA,2023-12-31,75.0,25.0,0.0
ZFCVINDIA,2024-03-31,75.0,25.0,0.0
ZFCVINDIA,2024-06-30,67.49,32.51,0.0
ZFCVINDIA,2024-09-30,67.49,32.51,0.0
ZFCVINDIA,2024-12-31,63.16,36.84,0.0
ZFCVINDIA,2025-03-31,63.16,36.84,0.0
ZFCVINDIA,2025-06-30,60.0,40.0,0.0
ZFCVINDIA,2025-09-30,60.0,40.0,0.0
ZFCVINDIA,2025-12-31,60.0,40.0,0.0
ZFCVINDIA,2026-03-31,60.0,40.0,0.0
ZFCVINDIA,2026-06-25,60.0,40.0,0.0
ZFCVINDIA,2026-06-30,60.0,40.0,0.0
ZYDUSLIFE,2021-09-30,74.88,25.12,0.0
ZYDUSLIFE,2021-12-31,74.88,25.12,0.0
ZYDUSLIFE,2022-03-31,74.88,25.12,0.0
ZYDUSLIFE,2022-06-30,74.88,25.12,0.0
ZYDUSLIFE,2022-09-30,74.98,25.02,0.0
ZYDUSLIFE,2022-12-31,74.98,25.02,0.0
ZYDUSLIFE,2023-03-31,74.98,25.02,0.0
ZYDUSLIFE,2023-06-30,74.98,25.02,0.0
ZYDUSLIFE,2023-09-30,74.98,25.02,0.0
ZYDUSLIFE,2023-12-31,74.98,25.02,0.0
ZYDUSLIFE,2024-03-31,74.98,25.02,0.0
ZYDUSLIFE,2024-06-30,74.98,25.02,0.0
ZYDUSLIFE,2024-09-30,74.98,25.02,0.0
ZYDUSLIFE,2024-12-31,74.98,25.02,0.0
ZYDUSLIFE,2025-03-31,74.99,25.01,0.0
ZYDUSLIFE,2025-06-30,74.99,25.01,0.0
ZYDUSLIFE,2025-09-30,74.99,25.01,0.0
ZYDUSLIFE,2025-12-31,75.0,25.0,0.0
ZYDUSLIFE,2026-03-31,75.0,25.0,0.0
ZYDUSLIFE,2026-06-18,75.01,24.99,0.0
ZYDUSLIFE,2026-06-30,75.01,24.99,0.0
ZYDUSWELL,2021-06-30,64.82,35.18,0.0
ZYDUSWELL,2021-09-30,64.82,35.18,0.0
ZYDUSWELL,2021-12-31,64.82,35.18,0.0
ZYDUSWELL,2022-03-31,64.82,35.18,0.0
ZYDUSWELL,2022-06-30,65.14,34.86,0.0
ZYDUSWELL,2022-09-30,65.35,34.65,0.0
ZYDUSWELL,2022-12-31,65.35,34.65,0.0
ZYDUSWELL,2023-03-31,66.45,33.55,0.0
ZYDUSWELL,2023-06-30,67.1,32.9,0.0
ZYDUSWELL,2023-09-30,68.54,31.46,0.0
ZYDUSWELL,2023-12-31,69.15,30.85,0.0
ZYDUSWELL,2024-03-31,69.62,30.38,0.0
ZYDUSWELL,2024-06-30,69.62,30.38,0.0
ZYDUSWELL,2024-09-30,69.62,30.38,0.0
ZYDUSWELL,2024-12-31,69.62,30.38,0.0
ZYDUSWELL,2025-03-31,69.63,30.37,0.0
ZYDUSWELL,2025-06-30,69.63,30.37,0.0
ZYDUSWELL,2025-09-30,69.63,30.37,0.0
ZYDUSWELL,2025-12-31,69.63,30.37,0.0
ZYDUSWELL,2026-03-31,69.63,30.37,0.0
ZYDUSWELL,2026-06-30,69.64,30.36,0.0
