rank,ticker,score,tier,raw_score,penalty,coverage,confident,sector,reasons,misses,penalties,warnings,horizon,is_lender,latest_quarter
1,CPPLUS.NS,87.3,strong,90.3,3.0,0.786,True,Capital Goods,Quarterly revenue growth above 25% YoY | Quarterly EPS growth above 30% YoY | Strong 12-1 momentum -- persistent medium-term trend | Six-month return above 25% | PEG below 0.8 -- growth is underpriced | ROCE above 24% (5y avg) -- quality floor is strong | Low leverage supports the momentum setup | Price is comfortably above the 200-day average | Weekly trend is firmly positive | ADX confirms a tradable trend,Expensive versus sector peers,Promoters reduced stake 2.4pp over four quarters (-3),,medium,False,2026-06-30
2,CHENNPETRO.NS,86.2,strong,86.2,0.0,0.786,True,Oil Gas & Consumable Fuels,Revenue growth accelerated by 10pp+ YoY | Quarterly revenue growth above 25% YoY | Strong 12-1 momentum -- persistent medium-term trend | Six-month return above 25% | Cheaper than sector peers | ROCE above 24% (5y avg) -- quality floor is strong | Low leverage supports the momentum setup | Price is comfortably above the 200-day average | Weekly trend is firmly positive | ADX confirms a strong trend,P/E leaves little own-history re-rating room,,,medium,False,2026-06-30
3,RRKABEL.NS,84.4,strong,84.4,0.0,1.0,True,Capital Goods,Revenue growth accelerated by 10pp+ YoY | EPS growth accelerated sharply | Quarterly revenue growth above 25% YoY | Quarterly EPS growth above 30% YoY | Strong 12-1 momentum -- persistent medium-term trend | Six-month return above 25% | Valuation in line with sector peers | PEG below 0.8 -- growth is underpriced | ROCE 18-24% (5y avg) | Low leverage supports the momentum setup | Price is comfortably above the 200-day average | Weekly trend is positive | ADX confirms a strong trend,P/E leaves little own-history re-rating room,,,medium,False,2026-06-30
4,OFSS.NS,84.4,strong,84.4,0.0,1.0,True,Information Technology,Revenue growth accelerated by 10pp+ YoY | EPS growth accelerated sharply | Quarterly revenue growth above 25% YoY | Quarterly EPS growth above 30% YoY | Strong 12-1 momentum -- persistent medium-term trend | Six-month return above 25% | Valuation in line with sector peers | PEG below 0.8 -- growth is underpriced | ROCE above 24% (5y avg) -- quality floor is strong | Low leverage supports the momentum setup | Price is comfortably above the 200-day average | Weekly trend is firmly positive,P/E leaves little own-history re-rating room | ADX shows little trend strength,,,medium,False,2026-06-30
5,REDINGTON.NS,83.4,strong,83.4,0.0,1.0,True,Services,Revenue growth acceleration is positive | EPS growth accelerated sharply | Quarterly revenue growth above 25% YoY | Quarterly EPS growth above 30% YoY | Strong 12-1 momentum -- persistent medium-term trend | Six-month return above 25% | Cheaper than sector peers | PEG below 0.8 -- growth is underpriced | ROCE 18-24% (5y avg) | Manageable leverage | Price is comfortably above the 200-day average | Weekly trend is firmly positive | ADX confirms a strong trend,P/E leaves little own-history re-rating room,,,medium,False,2026-06-30
6,EMMVEE.NS,82.8,strong,82.8,0.0,0.714,True,Capital Goods,Quarterly revenue growth above 25% YoY | Quarterly EPS growth above 30% YoY | Six-month return above 25% | Cheaper than sector peers | PEG below 0.8 -- growth is underpriced | ROCE 12-18% (5y avg) | Low leverage supports the momentum setup | Price is comfortably above the 200-day average | Weekly trend is firmly positive | ADX shows a weak trend,,,,medium,False,2026-06-30
7,DIVISLAB.NS,81.5,strong,81.5,0.0,1.0,True,Healthcare,Revenue growth accelerated by 10pp+ YoY | EPS growth accelerated sharply | Quarterly revenue growth above 25% YoY | Quarterly EPS growth above 30% YoY | Strong 12-1 momentum -- persistent medium-term trend | Six-month return above 25% | PEG 0.8-1.5 -- growth reasonably priced | ROCE 18-24% (5y avg) | Low leverage supports the momentum setup | Price is comfortably above the 200-day average | Weekly trend is firmly positive | ADX confirms a strong trend,P/E leaves little own-history re-rating room | Expensive versus sector peers,,,medium,False,2026-06-30
8,WELCORP.NS,80.7,strong,80.7,0.0,1.0,True,Capital Goods,Revenue growth acceleration is positive | EPS growth accelerated sharply | Quarterly revenue growth is positive | Quarterly EPS growth above 30% YoY | Strong 12-1 momentum -- persistent medium-term trend | Six-month return above 25% | Cheaper than sector peers | PEG below 0.8 -- growth is underpriced | ROCE 18-24% (5y avg) | Manageable leverage | Price is comfortably above the 200-day average | Weekly trend is firmly positive | ADX confirms a strong trend,P/E leaves little own-history re-rating room,,,medium,False,2026-06-30
9,BAJAJ-AUTO.NS,80.3,strong,80.3,0.0,0.857,True,Automobile and Auto Components,Quarterly revenue growth above 25% YoY | Quarterly EPS growth above 30% YoY | Positive 12-1 momentum | Six-month return above 25% | Cheaper than sector peers | PEG below 0.8 -- growth is underpriced | ROCE above 24% (5y avg) -- quality floor is strong | Manageable leverage | Price is comfortably above the 200-day average | Weekly trend is firmly positive | ADX confirms a strong trend,P/E leaves little own-history re-rating room,,,medium,False,2026-06-30
10,FINCABLES.NS,79.9,good,79.9,0.0,0.857,True,Capital Goods,Quarterly revenue growth above 25% YoY | Quarterly EPS growth above 30% YoY | Strong 12-1 momentum -- persistent medium-term trend | Six-month return above 25% | Cheaper than sector peers | PEG below 0.8 -- growth is underpriced | ROCE 12-18% (5y avg) | Low leverage supports the momentum setup | Price is comfortably above the 200-day average | Weekly trend is firmly positive | ADX confirms a strong trend,P/E leaves little own-history re-rating room,,,medium,False,2026-06-30
11,NETWEB.NS,79.5,good,82.5,3.0,1.0,True,Information Technology,Revenue growth accelerated by 10pp+ YoY | EPS growth accelerated sharply | Quarterly revenue growth above 25% YoY | Quarterly EPS growth above 30% YoY | Strong 12-1 momentum -- persistent medium-term trend | Six-month return above 25% | PEG below 0.8 -- growth is underpriced | ROCE above 24% (5y avg) -- quality floor is strong | Manageable leverage | Price is comfortably above the 200-day average | Weekly trend is firmly positive | ADX confirms a tradable trend,P/E leaves little own-history re-rating room | Expensive versus sector peers,Promoters reduced stake 4.0pp over four quarters (-3),,medium,False,2026-06-30
12,NEULANDLAB.NS,78.9,good,78.9,0.0,0.857,True,Healthcare,Quarterly revenue growth above 25% YoY | Quarterly EPS growth above 30% YoY | Strong 12-1 momentum -- persistent medium-term trend | Six-month return above 25% | PEG below 0.8 -- growth is underpriced | ROCE 18-24% (5y avg) | Low leverage supports the momentum setup | Price is comfortably above the 200-day average | Weekly trend is firmly positive | ADX confirms a strong trend,P/E leaves little own-history re-rating room | Expensive versus sector peers,,,medium,False,2026-06-30
13,APARINDS.NS,78.5,good,81.5,3.0,1.0,True,Capital Goods,Revenue growth broadly stable | EPS growth accelerated sharply | Quarterly revenue growth above 25% YoY | Quarterly EPS growth above 30% YoY | Strong 12-1 momentum -- persistent medium-term trend | Six-month return above 25% | Valuation in line with sector peers | PEG below 0.8 -- growth is underpriced | ROCE above 24% (5y avg) -- quality floor is strong | Low leverage supports the momentum setup | Price is comfortably above the 200-day average | Weekly trend is firmly positive | ADX confirms a strong trend,P/E leaves little own-history re-rating room,Promoters reduced stake 2.4pp over four quarters (-3),,medium,False,2026-06-30
14,AARTIIND.NS,76.9,good,76.9,0.0,1.0,True,Chemicals,Revenue growth accelerated by 10pp+ YoY | EPS growth accelerated sharply | Quarterly revenue growth above 25% YoY | Quarterly EPS growth above 30% YoY | Strong 12-1 momentum -- persistent medium-term trend | Six-month return 12-25% | P/E below its own median | Valuation in line with sector peers | PEG below 0.8 -- growth is underpriced | Elevated leverage | Price is comfortably above the 200-day average | Weekly trend is positive | ADX confirms a tradable trend,ROCE below 12% -- weak quality floor,,,medium,False,2026-06-30
15,LAURUSLABS.NS,76.6,good,76.6,0.0,1.0,True,Healthcare,Revenue growth accelerated by 10pp+ YoY | EPS growth accelerated sharply | Quarterly revenue growth above 25% YoY | Quarterly EPS growth above 30% YoY | Strong 12-1 momentum -- persistent medium-term trend | Six-month return above 25% | PEG 0.8-1.5 -- growth reasonably priced | ROCE 12-18% (5y avg) | Manageable leverage | Price is comfortably above the 200-day average | Weekly trend is firmly positive | ADX confirms a strong trend,P/E leaves little own-history re-rating room | Expensive versus sector peers,,,medium,False,2026-06-30
16,EMCURE.NS,76.3,good,76.3,0.0,0.857,True,Healthcare,Quarterly revenue growth 15-25% YoY | Quarterly EPS growth above 30% YoY | Strong 12-1 momentum -- persistent medium-term trend | Six-month return above 25% | Cheaper than sector peers | PEG 0.8-1.5 -- growth reasonably priced | ROCE 18-24% (5y avg) | Manageable leverage | Price is comfortably above the 200-day average | Weekly trend is firmly positive | ADX shows a weak trend,P/E leaves little own-history re-rating room,,,medium,False,2026-06-30
17,MINDACORP.NS,76.1,good,76.1,0.0,1.0,True,Automobile and Auto Components,Revenue growth acceleration is positive | EPS growth accelerated sharply | Quarterly revenue growth above 25% YoY | Quarterly EPS growth above 30% YoY | Strong 12-1 momentum -- persistent medium-term trend | Six-month return above 25% | Valuation in line with sector peers | PEG below 0.8 -- growth is underpriced | ROCE 12-18% (5y avg) | Manageable leverage | Price is comfortably above the 200-day average | Weekly trend is firmly positive | ADX shows a weak trend,P/E leaves little own-history re-rating room,,,medium,False,2026-06-30
18,TMCV.NS,75.0,good,75.0,0.0,0.857,True,Capital Goods,Revenue growth broadly stable | EPS growth accelerated sharply | Quarterly revenue growth 15-25% YoY | Quarterly EPS growth above 30% YoY | Six-month return is positive | Cheaper than sector peers | PEG below 0.8 -- growth is underpriced | ROCE above 24% (5y avg) -- quality floor is strong | Manageable leverage | Price is above the 200-day average | Weekly trend is positive | ADX confirms a tradable trend,,,,medium,False,2026-06-30
19,SIEMENS.NS,74.4,good,74.4,0.0,0.929,True,Capital Goods,EPS growth accelerated sharply | Quarterly revenue growth is positive | Quarterly EPS growth above 30% YoY | Positive 12-1 momentum | Six-month return above 25% | Cheaper than sector peers | PEG below 0.8 -- growth is underpriced | ROCE 12-18% (5y avg) | Low leverage supports the momentum setup | Price is comfortably above the 200-day average | Weekly trend is firmly positive | ADX confirms a tradable trend,P/E leaves little own-history re-rating room,,,medium,False,2026-06-30
20,AUROPHARMA.NS,74.4,good,74.4,0.0,1.0,True,Healthcare,Revenue growth accelerated by 10pp+ YoY | EPS growth accelerated sharply | Quarterly revenue growth 15-25% YoY | Quarterly EPS growth 15-30% YoY | Strong 12-1 momentum -- persistent medium-term trend | Six-month return above 25% | Cheaper than sector peers | PEG 0.8-1.5 -- growth reasonably priced | Low leverage supports the momentum setup | Price is comfortably above the 200-day average | Weekly trend is firmly positive | ADX confirms a tradable trend,P/E leaves little own-history re-rating room | ROCE below 12% -- weak quality floor,,,medium,False,2026-06-30
21,HINDZINC.NS,74.3,good,74.3,0.0,1.0,True,Metals & Mining,Revenue growth accelerated by 10pp+ YoY | EPS growth accelerated sharply | Quarterly revenue growth above 25% YoY | Quarterly EPS growth above 30% YoY | Positive 12-1 momentum | Six-month return is positive | Cheaper than sector peers | PEG below 0.8 -- growth is underpriced | ROCE above 24% (5y avg) -- quality floor is strong | Manageable leverage | Price is testing the 200-day average | Weekly trend is positive | ADX confirms a tradable trend,P/E leaves little own-history re-rating room,,,medium,False,2026-06-30
22,IPCALAB.NS,74.2,good,74.2,0.0,0.857,True,Healthcare,Quarterly revenue growth 15-25% YoY | Quarterly EPS growth above 30% YoY | Positive 12-1 momentum | Six-month return above 25% | Cheaper than sector peers | PEG below 0.8 -- growth is underpriced | ROCE 12-18% (5y avg) | Low leverage supports the momentum setup | Price is comfortably above the 200-day average | Weekly trend is firmly positive | ADX confirms a strong trend,P/E leaves little own-history re-rating room,,,medium,False,2026-06-30
23,CGCL.NS,74.1,good,74.1,0.0,0.857,True,Financial Services,EPS growth accelerated sharply | Quarterly revenue growth above 25% YoY | Quarterly EPS growth above 30% YoY | Positive 12-1 momentum | Six-month return above 25% | P/E around its own history | Valuation in line with sector peers | PEG below 0.8 -- growth is underpriced | Price is comfortably above the 200-day average | Weekly trend is firmly positive | ADX confirms a strong trend,ROE below 10% -- weak lender quality floor,,Lender: ROE substitutes for ROCE; asset quality is not captured here.,medium,True,2026-06-30
24,GRANULES.NS,74.0,good,74.0,0.0,0.857,True,Healthcare,Quarterly revenue growth 15-25% YoY | Quarterly EPS growth above 30% YoY | Strong 12-1 momentum -- persistent medium-term trend | Six-month return above 25% | Cheaper than sector peers | PEG below 0.8 -- growth is underpriced | ROCE 12-18% (5y avg) | Manageable leverage | Price is comfortably above the 200-day average | Weekly trend is firmly positive | ADX shows a weak trend,P/E leaves little own-history re-rating room,,,medium,False,2026-06-30
25,SONACOMS.NS,73.9,good,73.9,0.0,1.0,True,Automobile and Auto Components,Revenue growth acceleration is positive | EPS growth accelerated sharply | Quarterly revenue growth above 25% YoY | Quarterly EPS growth above 30% YoY | Strong 12-1 momentum -- persistent medium-term trend | Six-month return above 25% | PEG 1.5-2.5 -- some growth priced in | ROCE 12-18% (5y avg) | Low leverage supports the momentum setup | Price is comfortably above the 200-day average | Weekly trend is firmly positive | ADX confirms a strong trend,P/E leaves little own-history re-rating room | Expensive versus sector peers,,,medium,False,2026-06-30
26,POWERINDIA.NS,73.8,good,73.8,0.0,1.0,True,Capital Goods,Revenue growth accelerated by 10pp+ YoY | EPS growth accelerated sharply | Quarterly revenue growth above 25% YoY | Quarterly EPS growth above 30% YoY | Strong 12-1 momentum -- persistent medium-term trend | Six-month return above 25% | PEG 0.8-1.5 -- growth reasonably priced | ROCE 12-18% (5y avg) | Low leverage supports the momentum setup | Price is comfortably above the 200-day average | Weekly trend is flattening | ADX shows a weak trend,P/E leaves little own-history re-rating room | Expensive versus sector peers,,,medium,False,2026-06-30
27,MCX.NS,73.2,good,73.2,0.0,0.929,True,Financial Services,Quarterly revenue growth above 25% YoY | Quarterly EPS growth above 30% YoY | Strong 12-1 momentum -- persistent medium-term trend | Six-month return above 25% | PEG below 0.8 -- growth is underpriced | ROCE above 24% (5y avg) -- quality floor is strong | Low leverage supports the momentum setup | Price is comfortably above the 200-day average | Weekly trend is firmly positive | ADX confirms a strong trend,Revenue growth is decelerating | P/E leaves little own-history re-rating room | Expensive versus sector peers,,,medium,False,2026-06-30
28,LLOYDSME.NS,73.1,good,76.1,3.0,0.857,True,Metals & Mining,Quarterly revenue growth above 25% YoY | Quarterly EPS growth above 30% YoY | Strong 12-1 momentum -- persistent medium-term trend | Six-month return above 25% | Valuation in line with sector peers | PEG below 0.8 -- growth is underpriced | ROCE 18-24% (5y avg) | Elevated leverage | Price is comfortably above the 200-day average | Weekly trend is positive | ADX confirms a strong trend,P/E leaves little own-history re-rating room,Promoters reduced stake 2.1pp over four quarters (-3),,medium,False,2026-06-30
29,THELEELA.NS,72.6,good,84.6,12.0,0.929,True,Consumer Services,Revenue growth accelerated by 10pp+ YoY | EPS growth accelerated sharply | Quarterly revenue growth above 25% YoY | Quarterly EPS growth above 30% YoY | Positive 12-1 momentum | Six-month return above 25% | Valuation in line with sector peers | PEG below 0.8 -- growth is underpriced | ROCE 12-18% (5y avg) | Manageable leverage | Price is comfortably above the 200-day average | Weekly trend is firmly positive | ADX confirms a strong trend,,Severe promoter pledging (74% of stake) (-12),,medium,False,2026-06-30
30,NATIONALUM.NS,71.8,good,71.8,0.0,0.929,True,Metals & Mining,EPS growth accelerated sharply | Quarterly revenue growth above 25% YoY | Quarterly EPS growth above 30% YoY | Strong 12-1 momentum -- persistent medium-term trend | Cheaper than sector peers | PEG below 0.8 -- growth is underpriced | ROCE above 24% (5y avg) -- quality floor is strong | Low leverage supports the momentum setup | Price is testing the 200-day average | Weekly trend is flattening | ADX shows a weak trend,Negative six-month return | P/E leaves little own-history re-rating room,,,medium,False,2026-06-30
31,SOLARINDS.NS,71.5,good,77.5,6.0,0.857,True,Chemicals,Quarterly revenue growth above 25% YoY | Quarterly EPS growth above 30% YoY | Strong 12-1 momentum -- persistent medium-term trend | Six-month return above 25% | PEG 0.8-1.5 -- growth reasonably priced | ROCE above 24% (5y avg) -- quality floor is strong | Manageable leverage | Price is comfortably above the 200-day average | Weekly trend is firmly positive | ADX confirms a strong trend,P/E leaves little own-history re-rating room | Expensive versus sector peers,Overextended at the 52-week high with RSI above 70 (-6),,medium,False,2026-06-30
32,BSE.NS,71.2,good,71.2,0.0,0.857,True,Financial Services,Quarterly revenue growth above 25% YoY | Quarterly EPS growth above 30% YoY | Strong 12-1 momentum -- persistent medium-term trend | Six-month return 12-25% | PEG below 0.8 -- growth is underpriced | ROCE above 24% (5y avg) -- quality floor is strong | Low leverage supports the momentum setup | Price is above the 200-day average | ADX shows a weak trend,P/E leaves little own-history re-rating room | Expensive versus sector peers | Weekly trend is negative,,,medium,False,2026-06-30
33,CREDITACC.NS,71.0,good,71.0,0.0,0.929,True,Financial Services,Revenue growth accelerated by 10pp+ YoY | EPS growth accelerated sharply | Quarterly revenue growth 15-25% YoY | Quarterly EPS growth above 30% YoY | Positive 12-1 momentum | Six-month return 12-25% | P/E is high versus own history | Valuation in line with sector peers | PEG below 0.8 -- growth is underpriced | ROE 10-14% (5y avg) | Price is above the 200-day average | Weekly trend is flattening | ADX confirms a tradable trend,,,Lender: ROE substitutes for ROCE; asset quality is not captured here.,medium,True,2026-06-30
34,ACE.NS,70.6,good,70.6,0.0,1.0,True,Capital Goods,Revenue growth accelerated by 10pp+ YoY | EPS growth accelerated sharply | Quarterly revenue growth 15-25% YoY | Quarterly EPS growth 15-30% YoY | Flat 12-1 momentum | Six-month return above 25% | P/E is high versus own history | Cheaper than sector peers | PEG 0.8-1.5 -- growth reasonably priced | ROCE above 24% (5y avg) -- quality floor is strong | Low leverage supports the momentum setup | Price is comfortably above the 200-day average | Weekly trend is firmly positive | ADX confirms a tradable trend,,,,medium,False,2026-06-30
35,GESHIP.NS,70.6,good,70.6,0.0,0.857,True,Services,Quarterly revenue growth above 25% YoY | Quarterly EPS growth above 30% YoY | Positive 12-1 momentum | Six-month return is positive | Materially cheaper than sector peers | PEG below 0.8 -- growth is underpriced | ROCE 18-24% (5y avg) | Low leverage supports the momentum setup | Price is above the 200-day average | Weekly trend is positive | ADX shows a weak trend,P/E leaves little own-history re-rating room,,,medium,False,2026-06-30
36,ASIANPAINT.NS,70.5,good,70.5,0.0,0.857,True,Consumer Durables,Quarterly revenue growth 15-25% YoY | Quarterly EPS growth above 30% YoY | Mild 12-1 momentum | Six-month return 12-25% | P/E has substantial room to re-rate vs own history | Valuation in line with sector peers | PEG 0.8-1.5 -- growth reasonably priced | ROCE above 24% (5y avg) -- quality floor is strong | Low leverage supports the momentum setup | Price is testing the 200-day average | ADX confirms a strong trend,Weekly trend is negative,,,medium,False,2026-06-30
37,ANANDRATHI.NS,70.3,good,70.3,0.0,0.929,True,Financial Services,Quarterly revenue growth 15-25% YoY | Quarterly EPS growth above 30% YoY | Strong 12-1 momentum -- persistent medium-term trend | Six-month return above 25% | PEG 0.8-1.5 -- growth reasonably priced | ROCE above 24% (5y avg) -- quality floor is strong | Low leverage supports the momentum setup | Price is comfortably above the 200-day average | Weekly trend is firmly positive | ADX confirms a strong trend,Revenue growth is decelerating | P/E leaves little own-history re-rating room | Expensive versus sector peers,,,medium,False,2026-06-30
38,POLYCAB.NS,70.1,good,70.1,0.0,1.0,True,Capital Goods,Revenue growth accelerated by 10pp+ YoY | EPS growth accelerated sharply | Quarterly revenue growth above 25% YoY | Quarterly EPS growth above 30% YoY | Positive 12-1 momentum | Six-month return 12-25% | Valuation in line with sector peers | PEG 0.8-1.5 -- growth reasonably priced | ROCE 18-24% (5y avg) | Manageable leverage | Price is testing the 200-day average | ADX confirms a tradable trend,P/E leaves little own-history re-rating room | Weekly trend is negative,,,medium,False,2026-06-30
39,AEGISLOG.NS,70.1,good,70.1,0.0,0.857,True,Oil Gas & Consumable Fuels,Quarterly revenue growth above 25% YoY | Quarterly EPS growth above 30% YoY | Strong 12-1 momentum -- persistent medium-term trend | Six-month return above 25% | PEG below 0.8 -- growth is underpriced | ROCE 12-18% (5y avg) | Manageable leverage | Price is comfortably above the 200-day average | Weekly trend is firmly positive | ADX shows a weak trend,P/E leaves little own-history re-rating room | Expensive versus sector peers,,,medium,False,2026-06-30
40,ELGIEQUIP.NS,69.6,good,69.6,0.0,0.857,True,Capital Goods,Quarterly revenue growth 15-25% YoY | Quarterly EPS growth 15-30% YoY | Positive 12-1 momentum | Six-month return above 25% | Cheaper than sector peers | PEG 1.5-2.5 -- some growth priced in | ROCE 18-24% (5y avg) | Low leverage supports the momentum setup | Price is comfortably above the 200-day average | Weekly trend is firmly positive | ADX shows a weak trend,P/E leaves little own-history re-rating room,,,medium,False,2026-06-30
41,UNIONBANK.NS,69.4,good,69.4,0.0,0.857,True,Financial Services,Revenue growth accelerated by 10pp+ YoY | EPS growth accelerated sharply | Quarterly revenue growth is positive | Quarterly EPS growth 15-30% YoY | Strong 12-1 momentum -- persistent medium-term trend | Six-month return is positive | Cheaper than sector peers | ROE 10-14% (5y avg) | Price is above the 200-day average | Weekly trend is positive | ADX confirms a strong trend,P/E leaves little own-history re-rating room,,Lender: ROE substitutes for ROCE; asset quality is not captured here.,medium,True,2026-06-30
42,MANAPPURAM.NS,69.4,good,69.4,0.0,0.857,True,Financial Services,Revenue growth accelerated by 10pp+ YoY | Quarterly revenue growth above 25% YoY | Quarterly EPS growth above 30% YoY | Positive 12-1 momentum | Six-month return above 25% | Valuation in line with sector peers | PEG below 0.8 -- growth is underpriced | ROE 10-14% (5y avg) | Price is above the 200-day average | Weekly trend is flattening | ADX confirms a tradable trend,P/E leaves little own-history re-rating room,,Lender: ROE substitutes for ROCE; asset quality is not captured here.,medium,True,2026-06-30
43,PTCIL.NS,69.3,good,69.3,0.0,0.857,True,Capital Goods,Quarterly revenue growth above 25% YoY | Quarterly EPS growth above 30% YoY | Strong 12-1 momentum -- persistent medium-term trend | Six-month return above 25% | PEG below 0.8 -- growth is underpriced | Low leverage supports the momentum setup | Price is comfortably above the 200-day average | Weekly trend is firmly positive | ADX confirms a strong trend,P/E leaves little own-history re-rating room | Expensive versus sector peers | ROCE below 12% -- weak quality floor,,,medium,False,2026-06-30
44,ENRIN.NS,69.1,good,69.1,0.0,0.857,True,Capital Goods,EPS growth accelerated sharply | Quarterly revenue growth above 25% YoY | Quarterly EPS growth above 30% YoY | Mild 12-1 momentum | Six-month return 12-25% | PEG 0.8-1.5 -- growth reasonably priced | ROCE above 24% (5y avg) -- quality floor is strong | Low leverage supports the momentum setup | Price is above the 200-day average | ADX shows a weak trend,Expensive versus sector peers | Weekly trend is negative,,,medium,False,2026-06-30
45,LGEINDIA.NS,69.1,good,69.1,0.0,0.714,True,Consumer Durables,Revenue growth acceleration is positive | Quarterly revenue growth 15-25% YoY | Six-month return is positive | Valuation in line with sector peers | PEG 1.5-2.5 -- some growth priced in | ROCE above 24% (5y avg) -- quality floor is strong | Low leverage supports the momentum setup | Price is above the 200-day average | Weekly trend is positive | ADX confirms a strong trend,,,,medium,False,2026-06-30
46,ENGINERSIN.NS,69.0,good,69.0,0.0,0.857,True,Construction,Quarterly EPS growth above 30% YoY | Mild 12-1 momentum | Six-month return above 25% | Cheaper than sector peers | PEG below 0.8 -- growth is underpriced | ROCE above 24% (5y avg) -- quality floor is strong | Low leverage supports the momentum setup | Price is comfortably above the 200-day average | Weekly trend is firmly positive | ADX confirms a strong trend,Quarterly revenue is flat or shrinking | P/E leaves little own-history re-rating room,,,medium,False,2026-06-30
47,LODHA.NS,69.0,good,69.0,0.0,1.0,True,Realty,Revenue growth accelerated by 10pp+ YoY | EPS growth accelerated sharply | Quarterly revenue growth above 25% YoY | Quarterly EPS growth above 30% YoY | Flat 12-1 momentum | Six-month return above 25% | P/E around its own history | Cheaper than sector peers | PEG below 0.8 -- growth is underpriced | ROCE 12-18% (5y avg) | Manageable leverage | Price is comfortably above the 200-day average | Weekly trend is positive | ADX confirms a tradable trend,,,,medium,False,2026-06-30
48,ACUTAAS.NS,69.0,good,69.0,0.0,1.0,True,Healthcare,Revenue growth accelerated by 10pp+ YoY | Quarterly revenue growth above 25% YoY | Quarterly EPS growth above 30% YoY | Strong 12-1 momentum -- persistent medium-term trend | Six-month return above 25% | PEG 0.8-1.5 -- growth reasonably priced | ROCE 18-24% (5y avg) | Low leverage supports the momentum setup | Price is comfortably above the 200-day average | Weekly trend is firmly positive | ADX shows a weak trend,EPS growth is decelerating | P/E leaves little own-history re-rating room | Expensive versus sector peers,,,medium,False,2026-06-30
49,IIFL.NS,68.6,good,68.6,0.0,0.929,True,Financial Services,EPS growth acceleration is positive | Quarterly revenue growth above 25% YoY | Quarterly EPS growth above 30% YoY | Strong 12-1 momentum -- persistent medium-term trend | Six-month return above 25% | Cheaper than sector peers | PEG below 0.8 -- growth is underpriced | ROE 10-14% (5y avg) | Price is comfortably above the 200-day average | Weekly trend is positive | ADX confirms a tradable trend,Revenue growth is decelerating | P/E leaves little own-history re-rating room,,Lender: ROE substitutes for ROCE; asset quality is not captured here.,medium,True,2026-06-30
50,KARURVYSYA.NS,68.5,good,68.5,0.0,0.929,True,Financial Services,Revenue growth broadly stable | EPS growth broadly stable | Quarterly revenue growth 15-25% YoY | Quarterly EPS growth above 30% YoY | Strong 12-1 momentum -- persistent medium-term trend | Six-month return 12-25% | Cheaper than sector peers | PEG below 0.8 -- growth is underpriced | ROE 14-18% (5y avg) | Price is comfortably above the 200-day average | Weekly trend is firmly positive | ADX confirms a tradable trend,P/E leaves little own-history re-rating room,,Lender: ROE substitutes for ROCE; asset quality is not captured here.,medium,True,2026-06-30
51,ADANIENSOL.NS,68.3,good,68.3,0.0,1.0,True,Power,Revenue growth accelerated by 10pp+ YoY | EPS growth accelerated sharply | Quarterly revenue growth above 25% YoY | Quarterly EPS growth above 30% YoY | Strong 12-1 momentum -- persistent medium-term trend | Six-month return above 25% | P/E is high versus own history | PEG below 0.8 -- growth is underpriced | Price is comfortably above the 200-day average | ADX confirms a strong trend,Expensive versus sector peers | ROCE below 12% -- weak quality floor | High leverage -- momentum can unwind violently | Weekly trend is negative,,,medium,False,2026-06-30
52,HSCL.NS,68.3,good,68.3,0.0,1.0,True,Chemicals,Revenue growth accelerated by 10pp+ YoY | EPS growth broadly stable | Quarterly revenue growth above 25% YoY | Quarterly EPS growth 15-30% YoY | Strong 12-1 momentum -- persistent medium-term trend | Six-month return above 25% | Valuation in line with sector peers | PEG 1.5-2.5 -- some growth priced in | ROCE 12-18% (5y avg) | Low leverage supports the momentum setup | Price is comfortably above the 200-day average | Weekly trend is positive | ADX confirms a tradable trend,P/E leaves little own-history re-rating room,,,medium,False,2026-06-30
53,DIXON.NS,68.2,good,68.2,0.0,1.0,True,Consumer Durables,Revenue growth accelerated by 10pp+ YoY | EPS growth accelerated sharply | Quarterly revenue growth 15-25% YoY | Quarterly EPS growth above 30% YoY | Six-month return above 25% | P/E is high versus own history | Valuation in line with sector peers | PEG below 0.8 -- growth is underpriced | ROCE above 24% (5y avg) -- quality floor is strong | Low leverage supports the momentum setup | Price is comfortably above the 200-day average | Weekly trend is positive | ADX confirms a tradable trend,Negative 12-1 momentum,,,medium,False,2026-06-30
54,CHOLAFIN.NS,68.0,good,68.0,0.0,0.929,True,Financial Services,Revenue growth broadly stable | EPS growth accelerated sharply | Quarterly revenue growth above 25% YoY | Quarterly EPS growth above 30% YoY | Positive 12-1 momentum | Six-month return 12-25% | Valuation in line with sector peers | PEG below 0.8 -- growth is underpriced | ROE 14-18% (5y avg) | Price is comfortably above the 200-day average | Weekly trend is positive,P/E leaves little own-history re-rating room | ADX shows little trend strength,,Lender: ROE substitutes for ROCE; asset quality is not captured here.,medium,True,2026-06-30
55,KEI.NS,67.9,good,67.9,0.0,1.0,True,Capital Goods,Revenue growth broadly stable | EPS growth accelerated sharply | Quarterly revenue growth 15-25% YoY | Quarterly EPS growth above 30% YoY | Strong 12-1 momentum -- persistent medium-term trend | Six-month return is positive | Cheaper than sector peers | PEG 0.8-1.5 -- growth reasonably priced | ROCE 18-24% (5y avg) | Low leverage supports the momentum setup | Price is testing the 200-day average | ADX confirms a strong trend,P/E leaves little own-history re-rating room | Weekly trend is negative,,,medium,False,2026-06-30
56,AJANTPHARM.NS,67.9,good,77.9,10.0,1.0,True,Healthcare,Revenue growth broadly stable | EPS growth accelerated sharply | Quarterly revenue growth 15-25% YoY | Quarterly EPS growth above 30% YoY | Strong 12-1 momentum -- persistent medium-term trend | Six-month return 12-25% | Cheaper than sector peers | PEG 0.8-1.5 -- growth reasonably priced | ROCE above 24% (5y avg) -- quality floor is strong | Low leverage supports the momentum setup | Price is comfortably above the 200-day average | Weekly trend is firmly positive | ADX confirms a tradable trend,P/E leaves little own-history re-rating room,Elevated promoter pledging (23% of stake) (-7) | Promoters reduced stake 2.8pp over four quarters (-3),,medium,False,2026-06-30
57,SAREGAMA.NS,67.9,good,67.9,0.0,1.0,True,Media Entertainment & Publication,Revenue growth acceleration is positive | EPS growth accelerated sharply | Quarterly revenue growth above 25% YoY | Quarterly EPS growth above 30% YoY | Mild 12-1 momentum | Six-month return above 25% | P/E is high versus own history | Valuation in line with sector peers | PEG 0.8-1.5 -- growth reasonably priced | ROCE 12-18% (5y avg) | Low leverage supports the momentum setup | Price is comfortably above the 200-day average | Weekly trend is firmly positive | ADX shows a weak trend,,,,medium,False,2026-06-30
58,MOTHERSON.NS,67.8,good,67.8,0.0,0.857,True,Automobile and Auto Components,Quarterly revenue growth 15-25% YoY | Quarterly EPS growth above 30% YoY | Strong 12-1 momentum -- persistent medium-term trend | Six-month return above 25% | Valuation in line with sector peers | PEG below 0.8 -- growth is underpriced | Manageable leverage | Price is comfortably above the 200-day average | Weekly trend is firmly positive | ADX confirms a tradable trend,P/E leaves little own-history re-rating room | ROCE below 12% -- weak quality floor,,,medium,False,2026-06-30
59,NAVINFLUOR.NS,67.6,good,67.6,0.0,1.0,True,Chemicals,Revenue growth accelerated by 10pp+ YoY | Quarterly revenue growth above 25% YoY | Quarterly EPS growth above 30% YoY | Strong 12-1 momentum -- persistent medium-term trend | Six-month return above 25% | PEG below 0.8 -- growth is underpriced | ROCE 12-18% (5y avg) | Manageable leverage | Price is comfortably above the 200-day average | Weekly trend is firmly positive | ADX confirms a strong trend,EPS growth is decelerating | P/E leaves little own-history re-rating room | Expensive versus sector peers,,,medium,False,2026-06-30
60,FEDERALBNK.NS,67.4,good,67.4,0.0,0.929,True,Financial Services,EPS growth acceleration is positive | Quarterly revenue growth 15-25% YoY | Quarterly EPS growth above 30% YoY | Strong 12-1 momentum -- persistent medium-term trend | Six-month return above 25% | Cheaper than sector peers | PEG below 0.8 -- growth is underpriced | ROE 10-14% (5y avg) | Price is comfortably above the 200-day average | Weekly trend is positive | ADX confirms a tradable trend,Revenue growth is decelerating | P/E leaves little own-history re-rating room,,Lender: ROE substitutes for ROCE; asset quality is not captured here.,medium,True,2026-06-30
61,TRAVELFOOD.NS,67.4,good,67.4,0.0,0.786,True,Consumer Services,Quarterly revenue growth 15-25% YoY | Quarterly EPS growth above 30% YoY | Mild 12-1 momentum | Six-month return is positive | Cheaper than sector peers | PEG 0.8-1.5 -- growth reasonably priced | ROCE above 24% (5y avg) -- quality floor is strong | Low leverage supports the momentum setup | Price is above the 200-day average | Weekly trend is flattening | ADX confirms a tradable trend,,,,medium,False,2026-06-30
62,IDFCFIRSTB.NS,67.4,good,67.4,0.0,0.857,True,Financial Services,Revenue growth acceleration is positive | EPS growth accelerated sharply | Quarterly revenue growth 15-25% YoY | Quarterly EPS growth above 30% YoY | Positive 12-1 momentum | Six-month return above 25% | Valuation in line with sector peers | Price is comfortably above the 200-day average | Weekly trend is firmly positive | ADX confirms a strong trend,P/E leaves little own-history re-rating room | ROE below 10% -- weak lender quality floor,,Lender: ROE substitutes for ROCE; asset quality is not captured here.,medium,True,2026-06-30
63,ADANIPOWER.NS,67.2,good,67.2,0.0,1.0,True,Power,Revenue growth accelerated by 10pp+ YoY | Quarterly revenue growth above 25% YoY | Quarterly EPS growth above 30% YoY | Strong 12-1 momentum -- persistent medium-term trend | Six-month return above 25% | Valuation in line with sector peers | PEG below 0.8 -- growth is underpriced | ROCE 18-24% (5y avg) | Elevated leverage | Price is comfortably above the 200-day average | Weekly trend is positive,EPS growth is decelerating | P/E leaves little own-history re-rating room | ADX shows little trend strength,,,medium,False,2026-06-30
64,EICHERMOT.NS,67.2,good,67.2,0.0,0.857,True,Automobile and Auto Components,Quarterly revenue growth above 25% YoY | Quarterly EPS growth 15-30% YoY | Positive 12-1 momentum | Six-month return 12-25% | Valuation in line with sector peers | PEG 1.5-2.5 -- some growth priced in | ROCE above 24% (5y avg) -- quality floor is strong | Low leverage supports the momentum setup | Price is above the 200-day average | Weekly trend is flattening | ADX confirms a strong trend,P/E leaves little own-history re-rating room,,,medium,False,2026-06-30
65,HONASA.NS,66.6,good,66.6,0.0,0.857,True,Fast Moving Consumer Goods,Quarterly revenue growth above 25% YoY | Quarterly EPS growth above 30% YoY | Strong 12-1 momentum -- persistent medium-term trend | Six-month return above 25% | PEG below 0.8 -- growth is underpriced | Low leverage supports the momentum setup | Price is comfortably above the 200-day average | Weekly trend is firmly positive | ADX shows a weak trend,P/E leaves little own-history re-rating room | Expensive versus sector peers | ROCE below 12% -- weak quality floor,,,medium,False,2026-06-30
66,ZENTEC.NS,66.3,good,66.3,0.0,0.929,True,Capital Goods,Revenue growth accelerated by 10pp+ YoY | EPS growth accelerated sharply | Positive 12-1 momentum | Six-month return above 25% | P/E is high versus own history | ROCE above 24% (5y avg) -- quality floor is strong | Low leverage supports the momentum setup | Price is comfortably above the 200-day average | Weekly trend is flattening | ADX shows a weak trend,Quarterly revenue is flat or shrinking | Quarterly EPS is shrinking | Expensive versus sector peers,,,medium,False,2026-06-30
67,SYRMA.NS,66.3,good,66.3,0.0,0.857,True,Capital Goods,Quarterly revenue growth above 25% YoY | Quarterly EPS growth above 30% YoY | Strong 12-1 momentum -- persistent medium-term trend | Six-month return above 25% | PEG 0.8-1.5 -- growth reasonably priced | Low leverage supports the momentum setup | Price is comfortably above the 200-day average | Weekly trend is firmly positive | ADX confirms a tradable trend,P/E leaves little own-history re-rating room | Expensive versus sector peers | ROCE below 12% -- weak quality floor,,,medium,False,2026-06-30
68,OIL.NS,66.1,good,66.1,0.0,0.857,True,Oil Gas & Consumable Fuels,Quarterly revenue growth above 25% YoY | Quarterly EPS growth above 30% YoY | Positive 12-1 momentum | Six-month return is positive | Cheaper than sector peers | PEG below 0.8 -- growth is underpriced | ROCE 12-18% (5y avg) | Manageable leverage | Price is above the 200-day average | Weekly trend is firmly positive | ADX confirms a strong trend,P/E leaves little own-history re-rating room,,,medium,False,2026-06-30
69,CUB.NS,65.9,good,65.9,0.0,0.857,True,Financial Services,Quarterly revenue growth 15-25% YoY | Quarterly EPS growth 15-30% YoY | Strong 12-1 momentum -- persistent medium-term trend | Six-month return above 25% | Cheaper than sector peers | PEG below 0.8 -- growth is underpriced | ROE 10-14% (5y avg) | Price is comfortably above the 200-day average | Weekly trend is firmly positive | ADX confirms a tradable trend,Revenue growth is decelerating | P/E leaves little own-history re-rating room,,Lender: ROE substitutes for ROCE; asset quality is not captured here.,medium,True,2026-06-30
70,ABCAPITAL.NS,65.7,good,65.7,0.0,1.0,True,Financial Services,Revenue growth accelerated by 10pp+ YoY | EPS growth acceleration is positive | Quarterly revenue growth above 25% YoY | Quarterly EPS growth above 30% YoY | Strong 12-1 momentum -- persistent medium-term trend | Six-month return above 25% | Valuation in line with sector peers | PEG below 0.8 -- growth is underpriced | Price is comfortably above the 200-day average | Weekly trend is positive,P/E leaves little own-history re-rating room | ROCE below 12% -- weak quality floor | High leverage -- momentum can unwind violently | ADX shows little trend strength,,,medium,False,2026-06-30
71,ATUL.NS,65.4,good,65.4,0.0,1.0,True,Chemicals,Revenue growth acceleration is positive | EPS growth accelerated sharply | Quarterly revenue growth above 25% YoY | Quarterly EPS growth above 30% YoY | Mild 12-1 momentum | P/E has substantial room to re-rate vs own history | Cheaper than sector peers | PEG below 0.8 -- growth is underpriced | ROCE 12-18% (5y avg) | Low leverage supports the momentum setup | Price is testing the 200-day average | ADX shows a weak trend,Negative six-month return | Weekly trend is negative,,,medium,False,2026-06-30
72,LALPATHLAB.NS,64.9,moderate,64.9,0.0,0.929,True,Healthcare,Revenue growth broadly stable | Quarterly revenue growth 15-25% YoY | Quarterly EPS growth 15-30% YoY | Positive 12-1 momentum | Six-month return above 25% | PEG 1.5-2.5 -- some growth priced in | ROCE above 24% (5y avg) -- quality floor is strong | Low leverage supports the momentum setup | Price is comfortably above the 200-day average | Weekly trend is firmly positive | ADX confirms a tradable trend,P/E leaves little own-history re-rating room | Expensive versus sector peers,,,medium,False,2026-06-30
73,INDIANB.NS,64.7,moderate,64.7,0.0,0.929,True,Financial Services,Revenue growth acceleration is positive | EPS growth accelerated sharply | Quarterly revenue growth 15-25% YoY | Quarterly EPS growth above 30% YoY | Positive 12-1 momentum | Six-month return is positive | Cheaper than sector peers | PEG below 0.8 -- growth is underpriced | ROE 10-14% (5y avg) | Price is above the 200-day average | Weekly trend is flattening | ADX shows a weak trend,P/E leaves little own-history re-rating room,,Lender: ROE substitutes for ROCE; asset quality is not captured here.,medium,True,2026-06-30
74,HEG.NS,64.7,moderate,64.7,0.0,0.857,True,Capital Goods,Quarterly revenue growth is positive | Quarterly EPS growth 15-30% YoY | Strong 12-1 momentum -- persistent medium-term trend | P/E has substantial room to re-rate vs own history | Materially cheaper than sector peers | PEG below 0.8 -- growth is underpriced | Low leverage supports the momentum setup | ADX confirms a strong trend,Negative six-month return | ROCE below 12% -- weak quality floor | Price is below the 200-day average | Weekly trend is negative,,,medium,False,2026-06-30
75,TECHM.NS,64.6,moderate,64.6,0.0,1.0,True,Information Technology,Revenue growth acceleration is positive | EPS growth accelerated sharply | Quarterly revenue growth 15-25% YoY | Quarterly EPS growth 15-30% YoY | Mild 12-1 momentum | Six-month return 12-25% | P/E is high versus own history | Valuation in line with sector peers | PEG 0.8-1.5 -- growth reasonably priced | ROCE 18-24% (5y avg) | Low leverage supports the momentum setup | Price is above the 200-day average | Weekly trend is positive | ADX shows a weak trend,,,,medium,False,2026-06-30
76,TITAN.NS,64.5,moderate,64.5,0.0,1.0,True,Consumer Durables,EPS growth accelerated sharply | Quarterly revenue growth above 25% YoY | Quarterly EPS growth above 30% YoY | Strong 12-1 momentum -- persistent medium-term trend | Six-month return 12-25% | PEG 0.8-1.5 -- growth reasonably priced | ROCE 18-24% (5y avg) | Price is comfortably above the 200-day average | Weekly trend is firmly positive | ADX confirms a tradable trend,Revenue growth is decelerating | P/E leaves little own-history re-rating room | Expensive versus sector peers | High leverage -- momentum can unwind violently,,,medium,False,2026-06-30
77,SCI.NS,64.4,moderate,64.4,0.0,0.857,True,Services,Quarterly revenue growth above 25% YoY | Quarterly EPS growth above 30% YoY | Strong 12-1 momentum -- persistent medium-term trend | Six-month return 12-25% | Materially cheaper than sector peers | PEG below 0.8 -- growth is underpriced | Manageable leverage | Price is above the 200-day average | Weekly trend is flattening,P/E leaves little own-history re-rating room | ROCE below 12% -- weak quality floor | ADX shows little trend strength,,,medium,False,2026-06-30
78,CASTROLIND.NS,64.3,moderate,64.3,0.0,1.0,True,Oil Gas & Consumable Fuels,Revenue growth accelerated by 10pp+ YoY | EPS growth accelerated sharply | Quarterly revenue growth above 25% YoY | Quarterly EPS growth above 30% YoY | Flat 12-1 momentum | Six-month return is positive | P/E is high versus own history | PEG below 0.8 -- growth is underpriced | ROCE above 24% (5y avg) -- quality floor is strong | Low leverage supports the momentum setup | Price is above the 200-day average | Weekly trend is positive | ADX confirms a strong trend,Expensive versus sector peers,,,medium,False,2026-06-30
79,ANGELONE.NS,64.3,moderate,64.3,0.0,0.929,True,Financial Services,Quarterly revenue growth above 25% YoY | Quarterly EPS growth above 30% YoY | Positive 12-1 momentum | Six-month return above 25% | Valuation in line with sector peers | PEG below 0.8 -- growth is underpriced | ROCE above 24% (5y avg) -- quality floor is strong | Elevated leverage | Price is above the 200-day average | Weekly trend is positive | ADX confirms a tradable trend,Revenue growth is decelerating | P/E leaves little own-history re-rating room,,,medium,False,2026-06-30
80,LENSKART.NS,64.2,moderate,64.2,0.0,0.857,True,Consumer Services,EPS growth accelerated sharply | Quarterly revenue growth above 25% YoY | Quarterly EPS growth above 30% YoY | Six-month return above 25% | PEG below 0.8 -- growth is underpriced | Manageable leverage | Price is comfortably above the 200-day average | Weekly trend is firmly positive | ADX confirms a strong trend,Revenue growth is decelerating | Expensive versus sector peers | ROCE below 12% -- weak quality floor,,,medium,False,2026-06-30
81,DATAPATTNS.NS,64.1,moderate,64.1,0.0,0.786,True,Capital Goods,Quarterly revenue growth 15-25% YoY | Strong 12-1 momentum -- persistent medium-term trend | Six-month return above 25% | ROCE 18-24% (5y avg) | Low leverage supports the momentum setup | Price is comfortably above the 200-day average | Weekly trend is firmly positive,Quarterly EPS is shrinking | P/E leaves little own-history re-rating room | Expensive versus sector peers | ADX shows little trend strength,,,medium,False,2026-06-30
82,TATACAP.NS,64.1,moderate,64.1,0.0,0.643,True,Financial Services,Revenue growth acceleration is positive | Quarterly revenue growth 15-25% YoY | Six-month return 12-25% | Valuation in line with sector peers | PEG below 0.8 -- growth is underpriced | ROE 10-14% (5y avg) | Price is above the 200-day average | Weekly trend is positive | ADX shows a weak trend,,,Lender: ROE substitutes for ROCE; asset quality is not captured here.,medium,True,2026-06-30
83,MAHABANK.NS,64.0,moderate,72.0,8.0,0.929,True,Financial Services,Revenue growth broadly stable | EPS growth broadly stable | Quarterly revenue growth 15-25% YoY | Quarterly EPS growth above 30% YoY | Strong 12-1 momentum -- persistent medium-term trend | Six-month return above 25% | Cheaper than sector peers | PEG below 0.8 -- growth is underpriced | ROE above 18% (5y avg) -- strong lender quality floor | Price is comfortably above the 200-day average | Weekly trend is positive | ADX confirms a tradable trend,P/E leaves little own-history re-rating room,Promoters sold down 6.0pp over four quarters (-8),Lender: ROE substitutes for ROCE; asset quality is not captured here.,medium,True,2026-06-30
84,SPLPETRO.NS,64.0,moderate,64.0,0.0,0.929,True,Chemicals,Revenue growth accelerated by 10pp+ YoY | Quarterly revenue growth 15-25% YoY | Quarterly EPS growth above 30% YoY | Six-month return 12-25% | Cheaper than sector peers | PEG below 0.8 -- growth is underpriced | ROCE above 24% (5y avg) -- quality floor is strong | Low leverage supports the momentum setup | Price is comfortably above the 200-day average | Weekly trend is firmly positive | ADX confirms a tradable trend,Negative 12-1 momentum | P/E leaves little own-history re-rating room,,,medium,False,2026-06-30
85,HINDCOPPER.NS,63.8,moderate,63.8,0.0,0.857,True,Metals & Mining,Quarterly revenue growth above 25% YoY | Quarterly EPS growth above 30% YoY | Strong 12-1 momentum -- persistent medium-term trend | Six-month return is positive | PEG below 0.8 -- growth is underpriced | ROCE 18-24% (5y avg) | Low leverage supports the momentum setup | Price is testing the 200-day average | Weekly trend is flattening | ADX shows a weak trend,P/E leaves little own-history re-rating room | Expensive versus sector peers,,,medium,False,2026-06-30
86,IDEA.NS,63.8,moderate,63.8,0.0,0.643,True,Telecommunication,Quarterly revenue growth is positive | Strong 12-1 momentum -- persistent medium-term trend | Six-month return above 25% | Cheaper than sector peers | Price is comfortably above the 200-day average | Weekly trend is firmly positive | ADX confirms a strong trend,P/E leaves little own-history re-rating room | ROCE below 12% -- weak quality floor,,,medium,False,2026-06-30
87,INDGN.NS,63.7,moderate,63.7,0.0,0.929,True,Healthcare,Revenue growth acceleration is positive | EPS growth accelerated sharply | Quarterly revenue growth above 25% YoY | Flat 12-1 momentum | Six-month return above 25% | P/E is high versus own history | Cheaper than sector peers | ROCE 18-24% (5y avg) | Low leverage supports the momentum setup | Price is comfortably above the 200-day average | Weekly trend is firmly positive | ADX confirms a strong trend,Quarterly EPS is shrinking,,,medium,False,2026-06-30
88,TATATECH.NS,63.4,moderate,63.4,0.0,1.0,True,Information Technology,Revenue growth accelerated by 10pp+ YoY | EPS growth broadly stable | Quarterly revenue growth above 25% YoY | Quarterly EPS growth is positive but modest | Positive 12-1 momentum | Six-month return above 25% | P/E around its own history | ROCE 18-24% (5y avg) | Low leverage supports the momentum setup | Price is comfortably above the 200-day average | Weekly trend is positive,Expensive versus sector peers | PEG above 2.5 -- little re-rating room | ADX shows little trend strength,,,medium,False,2026-06-30
89,ATHERENERG.NS,63.4,moderate,71.4,8.0,0.75,True,Automobile and Auto Components,Quarterly revenue growth above 25% YoY | Strong 12-1 momentum -- persistent medium-term trend | Six-month return above 25% | Manageable leverage | Price is comfortably above the 200-day average | Weekly trend is firmly positive | ADX confirms a strong trend,"Valuation could not be measured -- scored neutral rather than skipped, so a data gap cannot inflate the rank | ROCE below 12% -- weak quality floor",Currently loss-making (-8),"Valuation could not be measured -- scored neutral rather than skipped, so a data gap cannot inflate the rank",medium,False,2026-06-30
90,GRSE.NS,63.2,moderate,63.2,0.0,1.0,True,Capital Goods,Revenue growth acceleration is positive | EPS growth accelerated sharply | Quarterly revenue growth above 25% YoY | Quarterly EPS growth above 30% YoY | Mild 12-1 momentum | Six-month return is positive | P/E is high versus own history | Cheaper than sector peers | PEG 0.8-1.5 -- growth reasonably priced | ROCE above 24% (5y avg) -- quality floor is strong | Low leverage supports the momentum setup | ADX shows a weak trend,Price is below the 200-day average | Weekly trend is negative,,,medium,False,2026-06-30
91,ABB.NS,63.1,moderate,63.1,0.0,1.0,True,Capital Goods,Revenue growth accelerated by 10pp+ YoY | Quarterly revenue growth 15-25% YoY | Quarterly EPS growth is positive but modest | Strong 12-1 momentum -- persistent medium-term trend | Six-month return 12-25% | Valuation in line with sector peers | ROCE above 24% (5y avg) -- quality floor is strong | Low leverage supports the momentum setup | Price is comfortably above the 200-day average | Weekly trend is positive | ADX confirms a tradable trend,EPS growth is decelerating | P/E leaves little own-history re-rating room | PEG above 2.5 -- little re-rating room,,,medium,False,2026-06-30
92,VTL.NS,63.0,moderate,63.0,0.0,1.0,True,Textiles,Revenue growth accelerated by 10pp+ YoY | EPS growth accelerated sharply | Quarterly revenue growth is positive | Quarterly EPS growth above 30% YoY | Positive 12-1 momentum | Six-month return is positive | Materially cheaper than sector peers | PEG below 0.8 -- growth is underpriced | Low leverage supports the momentum setup | Price is above the 200-day average,P/E leaves little own-history re-rating room | ROCE below 12% -- weak quality floor | Weekly trend is negative | ADX shows little trend strength,,,medium,False,2026-06-30
93,BALKRISIND.NS,62.1,moderate,62.1,0.0,0.929,True,Automobile and Auto Components,Revenue growth accelerated by 10pp+ YoY | EPS growth accelerated sharply | Quarterly revenue growth above 25% YoY | Quarterly EPS growth above 30% YoY | Mild 12-1 momentum | P/E below its own median | Cheaper than sector peers | ROCE 12-18% (5y avg) | Manageable leverage | ADX confirms a tradable trend,Negative six-month return | Price is below the 200-day average | Weekly trend is negative,,,medium,False,2026-06-30
94,CRAFTSMAN.NS,62.1,moderate,70.1,8.0,0.857,True,Automobile and Auto Components,Quarterly revenue growth above 25% YoY | Quarterly EPS growth above 30% YoY | Strong 12-1 momentum -- persistent medium-term trend | Six-month return above 25% | PEG below 0.8 -- growth is underpriced | ROCE 12-18% (5y avg) | Elevated leverage | Price is comfortably above the 200-day average | Weekly trend is firmly positive | ADX confirms a strong trend,P/E leaves little own-history re-rating room | Expensive versus sector peers,Promoters sold down 6.3pp over four quarters (-8),,medium,False,2026-06-30
95,TVSMOTOR.NS,61.7,moderate,61.7,0.0,1.0,True,Automobile and Auto Components,Revenue growth broadly stable | EPS growth accelerated sharply | Quarterly revenue growth above 25% YoY | Quarterly EPS growth above 30% YoY | Positive 12-1 momentum | Six-month return 12-25% | PEG 0.8-1.5 -- growth reasonably priced | ROCE 12-18% (5y avg) | Price is comfortably above the 200-day average | Weekly trend is firmly positive | ADX confirms a strong trend,P/E leaves little own-history re-rating room | Expensive versus sector peers | High leverage -- momentum can unwind violently,,,medium,False,2026-06-30
96,GLAND.NS,61.7,moderate,61.7,0.0,1.0,True,Healthcare,Quarterly revenue growth 15-25% YoY | Quarterly EPS growth above 30% YoY | Strong 12-1 momentum -- persistent medium-term trend | Six-month return above 25% | Cheaper than sector peers | PEG 0.8-1.5 -- growth reasonably priced | ROCE 12-18% (5y avg) | Low leverage supports the momentum setup | Price is comfortably above the 200-day average | Weekly trend is firmly positive | ADX confirms a strong trend,Revenue growth is decelerating | EPS growth is decelerating | P/E leaves little own-history re-rating room,,,medium,False,2026-06-30
97,ICICIAMC.NS,61.4,moderate,61.4,0.0,0.643,True,Financial Services,EPS growth accelerated sharply | Quarterly revenue growth 15-25% YoY | Quarterly EPS growth 15-30% YoY | Six-month return is positive | PEG 1.5-2.5 -- some growth priced in | ROCE above 24% (5y avg) -- quality floor is strong | Weekly trend is flattening | ADX shows a weak trend,Expensive versus sector peers,,,medium,False,2026-06-30
98,KPRMILL.NS,61.3,moderate,61.3,0.0,1.0,True,Textiles,Revenue growth acceleration is positive | EPS growth acceleration is positive | Quarterly revenue growth is positive | Quarterly EPS growth 15-30% YoY | Mild 12-1 momentum | Six-month return above 25% | Valuation in line with sector peers | PEG 1.5-2.5 -- some growth priced in | ROCE 18-24% (5y avg) | Low leverage supports the momentum setup | Price is comfortably above the 200-day average | Weekly trend is positive | ADX confirms a tradable trend,P/E leaves little own-history re-rating room,,,medium,False,2026-06-30
99,GRAPHITE.NS,61.2,moderate,61.2,0.0,0.857,True,Capital Goods,Quarterly revenue growth above 25% YoY | Quarterly EPS growth 15-30% YoY | Strong 12-1 momentum -- persistent medium-term trend | Six-month return above 25% | Low leverage supports the momentum setup | Price is comfortably above the 200-day average | Weekly trend is firmly positive | ADX confirms a strong trend,P/E leaves little own-history re-rating room | Expensive versus sector peers | PEG above 2.5 -- little re-rating room | ROCE below 12% -- weak quality floor,,,medium,False,2026-06-30
100,NAM-INDIA.NS,61.2,moderate,61.2,0.0,1.0,True,Financial Services,EPS growth broadly stable | Quarterly revenue growth above 25% YoY | Quarterly EPS growth 15-30% YoY | Strong 12-1 momentum -- persistent medium-term trend | Six-month return above 25% | PEG 1.5-2.5 -- some growth priced in | ROCE above 24% (5y avg) -- quality floor is strong | Low leverage supports the momentum setup | Price is comfortably above the 200-day average | Weekly trend is firmly positive,Revenue growth is decelerating | P/E leaves little own-history re-rating room | Expensive versus sector peers | ADX shows little trend strength,,,medium,False,2026-06-30
101,VIJAYA.NS,61.0,moderate,61.0,0.0,1.0,True,Healthcare,EPS growth broadly stable | Quarterly revenue growth 15-25% YoY | Quarterly EPS growth above 30% YoY | Strong 12-1 momentum -- persistent medium-term trend | Six-month return above 25% | PEG 1.5-2.5 -- some growth priced in | ROCE 18-24% (5y avg) | Manageable leverage | Price is comfortably above the 200-day average | Weekly trend is firmly positive | ADX confirms a strong trend,Revenue growth is decelerating | P/E leaves little own-history re-rating room | Expensive versus sector peers,,,medium,False,2026-06-30
102,HAL.NS,61.0,moderate,61.0,0.0,0.857,True,Capital Goods,Quarterly revenue growth is positive | Quarterly EPS growth is positive but modest | Mild 12-1 momentum | Six-month return above 25% | Cheaper than sector peers | PEG 1.5-2.5 -- some growth priced in | ROCE above 24% (5y avg) -- quality floor is strong | Low leverage supports the momentum setup | Price is comfortably above the 200-day average | Weekly trend is firmly positive | ADX confirms a tradable trend,P/E leaves little own-history re-rating room,,,medium,False,2026-06-30
103,USHAMART.NS,61.0,moderate,64.0,3.0,1.0,True,Capital Goods,Revenue growth acceleration is positive | Quarterly revenue growth 15-25% YoY | Quarterly EPS growth above 30% YoY | Positive 12-1 momentum | Six-month return 12-25% | Cheaper than sector peers | PEG below 0.8 -- growth is underpriced | ROCE 18-24% (5y avg) | Low leverage supports the momentum setup | Price is comfortably above the 200-day average | Weekly trend is positive,EPS growth is decelerating | P/E leaves little own-history re-rating room | ADX shows little trend strength,Promoters reduced stake 2.2pp over four quarters (-3),,medium,False,2026-06-30
104,MRPL.NS,60.6,moderate,60.6,0.0,0.786,True,Oil Gas & Consumable Fuels,Revenue growth accelerated by 10pp+ YoY | Quarterly revenue growth above 25% YoY | Strong 12-1 momentum -- persistent medium-term trend | P/E is high versus own history | Valuation in line with sector peers | ROCE 12-18% (5y avg) | Elevated leverage | Price is above the 200-day average | Weekly trend is positive | ADX confirms a tradable trend,Negative six-month return,,,medium,False,2026-06-30
105,TBOTEK.NS,60.5,moderate,60.5,0.0,1.0,True,Consumer Services,Revenue growth broadly stable | EPS growth accelerated sharply | Quarterly revenue growth above 25% YoY | Quarterly EPS growth above 30% YoY | Flat 12-1 momentum | Six-month return above 25% | P/E is high versus own history | PEG 1.5-2.5 -- some growth priced in | ROCE above 24% (5y avg) -- quality floor is strong | Manageable leverage | Price is comfortably above the 200-day average | Weekly trend is firmly positive | ADX confirms a strong trend,Expensive versus sector peers,,,medium,False,2026-06-30
106,GLAXO.NS,60.4,moderate,60.4,0.0,1.0,True,Healthcare,Revenue growth accelerated by 10pp+ YoY | EPS growth acceleration is positive | Quarterly revenue growth 15-25% YoY | Quarterly EPS growth 15-30% YoY | Flat 12-1 momentum | Six-month return 12-25% | Valuation in line with sector peers | ROCE above 24% (5y avg) -- quality floor is strong | Low leverage supports the momentum setup | Price is comfortably above the 200-day average | Weekly trend is firmly positive | ADX confirms a strong trend,P/E leaves little own-history re-rating room | PEG above 2.5 -- little re-rating room,,,medium,False,2026-06-30
107,CYIENT.NS,60.3,moderate,60.3,0.0,0.929,True,Information Technology,Revenue growth accelerated by 10pp+ YoY | EPS growth accelerated sharply | Quarterly revenue growth 15-25% YoY | Six-month return 12-25% | P/E below its own median | Valuation in line with sector peers | ROCE 12-18% (5y avg) | Low leverage supports the momentum setup | Price is comfortably above the 200-day average | Weekly trend is firmly positive | ADX confirms a strong trend,Quarterly EPS is shrinking | Negative 12-1 momentum,,,medium,False,2026-06-30
108,DEEPAKNTR.NS,60.3,moderate,60.3,0.0,0.857,True,Chemicals,Quarterly revenue growth above 25% YoY | Quarterly EPS growth above 30% YoY | Flat 12-1 momentum | Six-month return is positive | P/E has substantial room to re-rate vs own history | Cheaper than sector peers | PEG below 0.8 -- growth is underpriced | ROCE 18-24% (5y avg) | Manageable leverage | Price is testing the 200-day average | ADX confirms a tradable trend,Weekly trend is negative,,,medium,False,2026-06-30
109,CONCORDBIO.NS,60.1,moderate,60.1,0.0,0.857,True,Healthcare,Quarterly revenue growth above 25% YoY | Quarterly EPS growth above 30% YoY | Six-month return above 25% | P/E around its own history | Valuation in line with sector peers | PEG 1.5-2.5 -- some growth priced in | ROCE above 24% (5y avg) -- quality floor is strong | Low leverage supports the momentum setup | Price is comfortably above the 200-day average | Weekly trend is firmly positive | ADX shows a weak trend,Negative 12-1 momentum,,,medium,False,2026-06-30
110,DEEPAKFERT.NS,60.0,moderate,60.0,0.0,1.0,True,Chemicals,Revenue growth acceleration is positive | EPS growth accelerated sharply | Quarterly revenue growth 15-25% YoY | Quarterly EPS growth above 30% YoY | Flat 12-1 momentum | Six-month return above 25% | P/E is high versus own history | Materially cheaper than sector peers | PEG below 0.8 -- growth is underpriced | ROCE 12-18% (5y avg) | Elevated leverage | Price is above the 200-day average | ADX confirms a tradable trend,Weekly trend is negative,,,medium,False,2026-06-30
111,NESTLEIND.NS,59.9,moderate,59.9,0.0,1.0,True,Fast Moving Consumer Goods,Revenue growth acceleration is positive | EPS growth broadly stable | Quarterly revenue growth above 25% YoY | Quarterly EPS growth above 30% YoY | Positive 12-1 momentum | Six-month return 12-25% | PEG 1.5-2.5 -- some growth priced in | ROCE above 24% (5y avg) -- quality floor is strong | Manageable leverage | Price is above the 200-day average | Weekly trend is flattening | ADX shows a weak trend,P/E leaves little own-history re-rating room | Expensive versus sector peers,,,medium,False,2026-06-30
112,GROWW.NS,59.8,moderate,59.8,0.0,0.857,True,Financial Services,Quarterly revenue growth above 25% YoY | Quarterly EPS growth above 30% YoY | Six-month return above 25% | PEG below 0.8 -- growth is underpriced | ROCE above 24% (5y avg) -- quality floor is strong | Low leverage supports the momentum setup | Price is comfortably above the 200-day average | Weekly trend is positive,Revenue growth is decelerating | EPS growth is decelerating | Expensive versus sector peers | ADX shows little trend strength,,,medium,False,2026-06-30
113,WELSPUNLIV.NS,59.7,moderate,59.7,0.0,0.857,True,Textiles,Quarterly revenue growth 15-25% YoY | Quarterly EPS growth above 30% YoY | Positive 12-1 momentum | Six-month return above 25% | PEG 0.8-1.5 -- growth reasonably priced | Manageable leverage | Price is comfortably above the 200-day average | Weekly trend is firmly positive | ADX confirms a strong trend,P/E leaves little own-history re-rating room | Expensive versus sector peers | ROCE below 12% -- weak quality floor,,,medium,False,2026-06-30
114,HINDALCO.NS,59.6,moderate,59.6,0.0,0.857,True,Metals & Mining,Quarterly revenue growth above 25% YoY | Quarterly EPS growth above 30% YoY | Strong 12-1 momentum -- persistent medium-term trend | Six-month return is positive | Cheaper than sector peers | PEG below 0.8 -- growth is underpriced | Manageable leverage | Price is above the 200-day average | Weekly trend is flattening | ADX shows a weak trend,P/E leaves little own-history re-rating room | ROCE below 12% -- weak quality floor,,,medium,False,2026-06-30
115,PINELABS.NS,59.5,moderate,59.5,0.0,0.786,True,Financial Services,Revenue growth broadly stable | Quarterly revenue growth 15-25% YoY | Quarterly EPS growth above 30% YoY | Six-month return 12-25% | PEG below 0.8 -- growth is underpriced | Low leverage supports the momentum setup | Price is comfortably above the 200-day average | Weekly trend is firmly positive | ADX confirms a tradable trend,Expensive versus sector peers | ROCE below 12% -- weak quality floor,,,medium,False,2026-06-30
116,KALYANKJIL.NS,59.5,moderate,66.5,7.0,0.857,True,Consumer Durables,Quarterly revenue growth above 25% YoY | Quarterly EPS growth above 30% YoY | Positive 12-1 momentum | Six-month return above 25% | Cheaper than sector peers | PEG 0.8-1.5 -- growth reasonably priced | ROCE 12-18% (5y avg) | Elevated leverage | Price is comfortably above the 200-day average | Weekly trend is firmly positive | ADX shows a weak trend,P/E leaves little own-history re-rating room,Elevated promoter pledging (25% of stake) (-7),,medium,False,2026-06-30
117,NYKAA.NS,59.2,moderate,59.2,0.0,0.857,True,Consumer Services,Quarterly revenue growth above 25% YoY | Quarterly EPS growth above 30% YoY | Strong 12-1 momentum -- persistent medium-term trend | Six-month return above 25% | PEG 1.5-2.5 -- some growth priced in | Elevated leverage | Price is comfortably above the 200-day average | Weekly trend is firmly positive | ADX confirms a tradable trend,P/E leaves little own-history re-rating room | Expensive versus sector peers | ROCE below 12% -- weak quality floor,,,medium,False,2026-06-30
118,MARICO.NS,59.1,moderate,59.1,0.0,0.857,True,Fast Moving Consumer Goods,Quarterly revenue growth 15-25% YoY | Quarterly EPS growth 15-30% YoY | Positive 12-1 momentum | Six-month return is positive | PEG 1.5-2.5 -- some growth priced in | ROCE above 24% (5y avg) -- quality floor is strong | Low leverage supports the momentum setup | Price is above the 200-day average | Weekly trend is flattening | ADX confirms a strong trend,P/E leaves little own-history re-rating room | Expensive versus sector peers,,,medium,False,2026-06-30
119,FLUOROCHEM.NS,58.9,moderate,58.9,0.0,0.857,True,Chemicals,Quarterly revenue growth 15-25% YoY | Quarterly EPS growth 15-30% YoY | Positive 12-1 momentum | Six-month return above 25% | ROCE 12-18% (5y avg) | Manageable leverage | Price is comfortably above the 200-day average | Weekly trend is firmly positive | ADX confirms a strong trend,P/E leaves little own-history re-rating room | Expensive versus sector peers | PEG above 2.5 -- little re-rating room,,,medium,False,2026-06-30
120,CANHLIFE.NS,58.5,moderate,58.5,0.0,0.857,True,Financial Services,Revenue growth accelerated by 10pp+ YoY | EPS growth accelerated sharply | Quarterly revenue growth 15-25% YoY | Quarterly EPS growth 15-30% YoY | Six-month return is positive | Low leverage supports the momentum setup | Price is above the 200-day average | Weekly trend is positive | ADX confirms a strong trend,Expensive versus sector peers | PEG above 2.5 -- little re-rating room | ROCE below 12% -- weak quality floor,,,medium,False,2026-06-30
121,PETRONET.NS,58.3,moderate,58.3,0.0,0.857,True,Oil Gas & Consumable Fuels,Quarterly EPS growth above 30% YoY | Mild 12-1 momentum | Six-month return is positive | P/E is high versus own history | Cheaper than sector peers | PEG below 0.8 -- growth is underpriced | ROCE 18-24% (5y avg) | Low leverage supports the momentum setup | Price is above the 200-day average | Weekly trend is positive | ADX confirms a tradable trend,Quarterly revenue is flat or shrinking,,,medium,False,2026-06-30
122,CANBK.NS,58.2,moderate,58.2,0.0,0.929,True,Financial Services,Revenue growth acceleration is positive | EPS growth accelerated sharply | Quarterly EPS growth above 30% YoY | Positive 12-1 momentum | P/E is high versus own history | Cheaper than sector peers | PEG below 0.8 -- growth is underpriced | ROE 14-18% (5y avg),Quarterly revenue is flat or shrinking | Negative six-month return | Price is below the 200-day average | Weekly trend is negative | ADX shows little trend strength,,Lender: ROE substitutes for ROCE; asset quality is not captured here.,medium,True,2026-06-30
123,CARBORUNIV.NS,58.2,moderate,58.2,0.0,1.0,True,Capital Goods,Revenue growth broadly stable | EPS growth accelerated sharply | Quarterly revenue growth 15-25% YoY | Quarterly EPS growth 15-30% YoY | Mild 12-1 momentum | Six-month return above 25% | P/E around its own history | ROCE 12-18% (5y avg) | Low leverage supports the momentum setup | Price is comfortably above the 200-day average | Weekly trend is positive | ADX confirms a tradable trend,Expensive versus sector peers | PEG above 2.5 -- little re-rating room,,,medium,False,2026-06-30
124,KAJARIACER.NS,58.1,moderate,58.1,0.0,1.0,True,Consumer Durables,Revenue growth acceleration is positive | Quarterly revenue growth 15-25% YoY | Quarterly EPS growth above 30% YoY | Flat 12-1 momentum | Six-month return above 25% | P/E around its own history | Cheaper than sector peers | PEG below 0.8 -- growth is underpriced | ROCE 18-24% (5y avg) | Low leverage supports the momentum setup | Price is comfortably above the 200-day average | Weekly trend is positive,EPS growth is decelerating | ADX shows little trend strength,,,medium,False,2026-06-30
125,IGIL.NS,57.9,moderate,57.9,0.0,0.714,True,Services,Flat 12-1 momentum | Six-month return is positive | P/E has substantial room to re-rate vs own history | Cheaper than sector peers | PEG below 0.8 -- growth is underpriced | ROCE above 24% (5y avg) -- quality floor is strong | Low leverage supports the momentum setup | ADX confirms a tradable trend,Price is below the 200-day average | Weekly trend is negative,,,medium,False,2026-06-30
126,GRAVITA.NS,57.8,moderate,57.8,0.0,1.0,True,Metals & Mining,Revenue growth accelerated by 10pp+ YoY | EPS growth accelerated sharply | Quarterly revenue growth above 25% YoY | Quarterly EPS growth is positive but modest | Mild 12-1 momentum | Six-month return 12-25% | P/E is high versus own history | PEG 1.5-2.5 -- some growth priced in | ROCE 18-24% (5y avg) | Manageable leverage | Price is testing the 200-day average | Weekly trend is flattening | ADX confirms a tradable trend,Expensive versus sector peers,,,medium,False,2026-06-30
127,BERGEPAINT.NS,57.7,moderate,57.7,0.0,1.0,True,Consumer Durables,Revenue growth acceleration is positive | EPS growth broadly stable | Quarterly revenue growth is positive | Quarterly EPS growth 15-30% YoY | Flat 12-1 momentum | Six-month return 12-25% | P/E has substantial room to re-rate vs own history | Cheaper than sector peers | PEG 0.8-1.5 -- growth reasonably priced | ROCE 18-24% (5y avg) | Low leverage supports the momentum setup | ADX confirms a strong trend,Price is below the 200-day average | Weekly trend is negative,,,medium,False,2026-06-30
128,ANTHEM.NS,57.7,moderate,60.7,3.0,0.714,True,Healthcare,Mild 12-1 momentum | Six-month return above 25% | ROCE above 24% (5y avg) -- quality floor is strong | Low leverage supports the momentum setup | Price is comfortably above the 200-day average | Weekly trend is firmly positive | ADX confirms a strong trend,Quarterly revenue is flat or shrinking | Quarterly EPS is shrinking | Expensive versus sector peers,Promoters reduced stake 3.3pp over four quarters (-3),,medium,False,2026-06-30
129,ACMESOLAR.NS,57.6,moderate,65.6,8.0,1.0,True,Power,Revenue growth accelerated by 10pp+ YoY | EPS growth accelerated sharply | Quarterly revenue growth above 25% YoY | Quarterly EPS growth above 30% YoY | Positive 12-1 momentum | Six-month return above 25% | PEG below 0.8 -- growth is underpriced | Price is comfortably above the 200-day average | Weekly trend is firmly positive | ADX confirms a tradable trend,P/E leaves little own-history re-rating room | Expensive versus sector peers | ROCE below 12% -- weak quality floor | High leverage -- momentum can unwind violently,Promoters sold down 12.0pp over four quarters (-8),,medium,False,2026-06-30
130,ABSLAMC.NS,57.5,moderate,57.5,0.0,1.0,True,Financial Services,EPS growth accelerated sharply | Quarterly EPS growth is positive but modest | Positive 12-1 momentum | Six-month return 12-25% | Valuation in line with sector peers | ROCE above 24% (5y avg) -- quality floor is strong | Low leverage supports the momentum setup | Price is comfortably above the 200-day average | Weekly trend is firmly positive | ADX shows a weak trend,Revenue growth is decelerating | Quarterly revenue is flat or shrinking | P/E leaves little own-history re-rating room | PEG above 2.5 -- little re-rating room,,,medium,False,2026-06-30
131,JINDALSAW.NS,57.4,moderate,57.4,0.0,0.929,True,Capital Goods,Revenue growth accelerated by 10pp+ YoY | Quarterly revenue growth is positive | Positive 12-1 momentum | Six-month return above 25% | Cheaper than sector peers | ROCE 12-18% (5y avg) | Manageable leverage | Price is comfortably above the 200-day average | Weekly trend is firmly positive | ADX confirms a strong trend,EPS growth is decelerating | Quarterly EPS is shrinking | P/E leaves little own-history re-rating room,,,medium,False,2026-06-30
132,SBIN.NS,57.3,moderate,57.3,0.0,0.929,True,Financial Services,Revenue growth accelerated by 10pp+ YoY | EPS growth accelerated sharply | Quarterly revenue growth is positive | Quarterly EPS growth is positive but modest | Positive 12-1 momentum | Cheaper than sector peers | PEG 0.8-1.5 -- growth reasonably priced | ROE 14-18% (5y avg) | Price is testing the 200-day average | ADX shows a weak trend,Negative six-month return | P/E leaves little own-history re-rating room | Weekly trend is negative,,Lender: ROE substitutes for ROCE; asset quality is not captured here.,medium,True,2026-06-30
133,SCHNEIDER.NS,57.2,moderate,57.2,0.0,0.786,True,Capital Goods,Strong 12-1 momentum -- persistent medium-term trend | Six-month return above 25% | ROCE above 24% (5y avg) -- quality floor is strong | Manageable leverage | Price is comfortably above the 200-day average | Weekly trend is flattening,Quarterly revenue is flat or shrinking | Quarterly EPS is shrinking | P/E leaves little own-history re-rating room | Expensive versus sector peers | ADX shows little trend strength,,,medium,False,2026-06-30
134,PPLPHARMA.NS,57.2,moderate,65.2,8.0,0.643,True,Healthcare,Revenue growth accelerated by 10pp+ YoY | Quarterly revenue growth 15-25% YoY | Mild 12-1 momentum | Six-month return above 25% | Manageable leverage | Price is comfortably above the 200-day average | Weekly trend is firmly positive | ADX confirms a strong trend,ROCE below 12% -- weak quality floor,Currently loss-making (-8),,medium,False,2026-06-30
135,BELRISE.NS,57.0,moderate,65.0,8.0,0.714,True,Automobile and Auto Components,Quarterly revenue growth is positive | Strong 12-1 momentum -- persistent medium-term trend | Six-month return above 25% | Valuation in line with sector peers | ROCE 12-18% (5y avg) | Manageable leverage | Price is comfortably above the 200-day average | Weekly trend is positive,Quarterly EPS is shrinking | ADX shows little trend strength,Promoters sold down 11.9pp over four quarters (-8),,medium,False,2026-06-30
136,SAILIFE.NS,57.0,moderate,57.0,0.0,1.0,True,Healthcare,Revenue growth acceleration is positive | EPS growth broadly stable | Quarterly revenue growth is positive | Quarterly EPS growth 15-30% YoY | Strong 12-1 momentum -- persistent medium-term trend | Six-month return above 25% | Low leverage supports the momentum setup | Price is comfortably above the 200-day average | Weekly trend is firmly positive | ADX confirms a strong trend,P/E leaves little own-history re-rating room | Expensive versus sector peers | PEG above 2.5 -- little re-rating room | ROCE below 12% -- weak quality floor,,,medium,False,2026-06-30
137,KIRLOSENG.NS,57.0,moderate,57.0,0.0,0.786,True,Capital Goods,Quarterly revenue growth is positive | Strong 12-1 momentum -- persistent medium-term trend | Six-month return above 25% | Valuation in line with sector peers | ROCE 12-18% (5y avg) | Elevated leverage | Price is comfortably above the 200-day average | Weekly trend is firmly positive | ADX shows a weak trend,Quarterly EPS is shrinking | P/E leaves little own-history re-rating room,,,medium,False,2026-06-30
138,GAIL.NS,57.0,moderate,57.0,0.0,1.0,True,Oil Gas & Consumable Fuels,Revenue growth accelerated by 10pp+ YoY | EPS growth accelerated sharply | Quarterly revenue growth 15-25% YoY | Quarterly EPS growth above 30% YoY | Flat 12-1 momentum | Six-month return 12-25% | P/E is high versus own history | Cheaper than sector peers | PEG below 0.8 -- growth is underpriced | Manageable leverage | Price is above the 200-day average | Weekly trend is positive | ADX shows a weak trend,ROCE below 12% -- weak quality floor,,,medium,False,2026-06-30
139,STARHEALTH.NS,56.6,moderate,56.6,0.0,1.0,True,Financial Services,Revenue growth broadly stable | Quarterly revenue growth is positive | Quarterly EPS growth 15-30% YoY | Positive 12-1 momentum | Six-month return 12-25% | P/E around its own history | Valuation in line with sector peers | PEG below 0.8 -- growth is underpriced | ROCE 12-18% (5y avg) | Low leverage supports the momentum setup | Price is comfortably above the 200-day average | Weekly trend is positive | ADX shows a weak trend,EPS growth is decelerating,,,medium,False,2026-06-30
140,PATANJALI.NS,56.5,moderate,56.5,0.0,1.0,True,Fast Moving Consumer Goods,Revenue growth accelerated by 10pp+ YoY | EPS growth accelerated sharply | Quarterly revenue growth above 25% YoY | Quarterly EPS growth above 30% YoY | P/E has substantial room to re-rate vs own history | Cheaper than sector peers | PEG below 0.8 -- growth is underpriced | Low leverage supports the momentum setup | ADX confirms a strong trend,Negative 12-1 momentum | Negative six-month return | ROCE below 12% -- weak quality floor | Price is below the 200-day average | Weekly trend is negative,,,medium,False,2026-06-30
141,BSOFT.NS,56.4,moderate,56.4,0.0,1.0,True,Information Technology,Revenue growth acceleration is positive | EPS growth acceleration is positive | Quarterly revenue growth is positive | Quarterly EPS growth above 30% YoY | P/E has substantial room to re-rate vs own history | Materially cheaper than sector peers | PEG below 0.8 -- growth is underpriced | ROCE 18-24% (5y avg) | Low leverage supports the momentum setup | ADX shows a weak trend,Negative 12-1 momentum | Negative six-month return | Price is below the 200-day average | Weekly trend is negative,,,medium,False,2026-06-30
142,SHYAMMETL.NS,56.3,moderate,56.3,0.0,0.857,True,Capital Goods,Quarterly revenue growth 15-25% YoY | Quarterly EPS growth 15-30% YoY | Mild 12-1 momentum | Six-month return above 25% | Cheaper than sector peers | PEG 0.8-1.5 -- growth reasonably priced | Low leverage supports the momentum setup | Price is comfortably above the 200-day average | Weekly trend is firmly positive | ADX confirms a tradable trend,P/E leaves little own-history re-rating room | ROCE below 12% -- weak quality floor,,,medium,False,2026-06-30
143,JUBLINGREA.NS,56.3,moderate,56.3,0.0,1.0,True,Chemicals,Revenue growth accelerated by 10pp+ YoY | EPS growth accelerated sharply | Quarterly revenue growth above 25% YoY | Quarterly EPS growth above 30% YoY | Flat 12-1 momentum | Six-month return 12-25% | P/E around its own history | Cheaper than sector peers | PEG 0.8-1.5 -- growth reasonably priced | Manageable leverage | Price is testing the 200-day average | ADX confirms a tradable trend,ROCE below 12% -- weak quality floor | Weekly trend is negative,,,medium,False,2026-06-30
144,RKFORGE.NS,56.2,moderate,63.2,7.0,0.857,True,Automobile and Auto Components,Quarterly revenue growth 15-25% YoY | Quarterly EPS growth above 30% YoY | Positive 12-1 momentum | Six-month return above 25% | P/E is high versus own history | PEG below 0.8 -- growth is underpriced | Manageable leverage | Price is comfortably above the 200-day average | Weekly trend is firmly positive | ADX confirms a strong trend,Expensive versus sector peers | ROCE below 12% -- weak quality floor,Elevated promoter pledging (15% of stake) (-7),,medium,False,2026-06-30
145,CLEAN.NS,56.2,moderate,64.2,8.0,1.0,True,Chemicals,Revenue growth accelerated by 10pp+ YoY | EPS growth accelerated sharply | Quarterly revenue growth is positive | Quarterly EPS growth is positive but modest | Six-month return 12-25% | P/E has substantial room to re-rate vs own history | Valuation in line with sector peers | ROCE above 24% (5y avg) -- quality floor is strong | Low leverage supports the momentum setup | Price is above the 200-day average | Weekly trend is firmly positive | ADX confirms a strong trend,Negative 12-1 momentum | PEG above 2.5 -- little re-rating room,Promoters sold down 23.7pp over four quarters (-8),,medium,False,2026-06-30
146,AUBANK.NS,56.0,moderate,56.0,0.0,0.929,True,Financial Services,Revenue growth broadly stable | Quarterly revenue growth 15-25% YoY | Quarterly EPS growth above 30% YoY | Strong 12-1 momentum -- persistent medium-term trend | Six-month return 12-25% | Valuation in line with sector peers | PEG below 0.8 -- growth is underpriced | ROE 10-14% (5y avg) | Price is above the 200-day average | Weekly trend is positive | ADX shows a weak trend,EPS growth is decelerating | P/E leaves little own-history re-rating room,,Lender: ROE substitutes for ROCE; asset quality is not captured here.,medium,True,2026-06-30
147,PAYTM.NS,56.0,moderate,62.0,6.0,0.929,True,Financial Services,Revenue growth acceleration is positive | Quarterly revenue growth above 25% YoY | Quarterly EPS growth above 30% YoY | Positive 12-1 momentum | Six-month return above 25% | PEG 1.5-2.5 -- some growth priced in | Low leverage supports the momentum setup | Price is comfortably above the 200-day average | Weekly trend is firmly positive | ADX confirms a strong trend,P/E leaves little own-history re-rating room | Expensive versus sector peers | ROCE below 12% -- weak quality floor,Overextended at the 52-week high with RSI above 70 (-6),,medium,False,2026-06-30
148,GVT&D.NS,55.9,moderate,55.9,0.0,1.0,True,Capital Goods,Quarterly revenue growth above 25% YoY | Quarterly EPS growth 15-30% YoY | Strong 12-1 momentum -- persistent medium-term trend | Six-month return above 25% | ROCE above 24% (5y avg) -- quality floor is strong | Low leverage supports the momentum setup | Price is comfortably above the 200-day average | Weekly trend is positive | ADX shows a weak trend,Revenue growth is decelerating | EPS growth is decelerating | P/E leaves little own-history re-rating room | Expensive versus sector peers | PEG above 2.5 -- little re-rating room,,,medium,False,2026-06-30
149,RADICO.NS,55.9,moderate,55.9,0.0,1.0,True,Fast Moving Consumer Goods,Quarterly revenue growth is positive | Quarterly EPS growth above 30% YoY | Strong 12-1 momentum -- persistent medium-term trend | Six-month return above 25% | PEG 0.8-1.5 -- growth reasonably priced | ROCE 12-18% (5y avg) | Low leverage supports the momentum setup | Price is comfortably above the 200-day average | Weekly trend is firmly positive | ADX confirms a strong trend,Revenue growth is decelerating | EPS growth is decelerating | P/E leaves little own-history re-rating room | Expensive versus sector peers,,,medium,False,2026-06-30
150,IKS.NS,55.5,moderate,55.5,0.0,1.0,True,Information Technology,Revenue growth broadly stable | Quarterly revenue growth 15-25% YoY | Quarterly EPS growth 15-30% YoY | Positive 12-1 momentum | Six-month return above 25% | P/E is high versus own history | PEG 0.8-1.5 -- growth reasonably priced | ROCE above 24% (5y avg) -- quality floor is strong | Manageable leverage | Price is above the 200-day average | Weekly trend is positive,EPS growth is decelerating | Expensive versus sector peers | ADX shows little trend strength,,,medium,False,2026-06-30
151,BOSCHLTD.NS,55.4,moderate,55.4,0.0,0.786,True,Automobile and Auto Components,Quarterly revenue growth 15-25% YoY | Mild 12-1 momentum | Six-month return above 25% | ROCE 18-24% (5y avg) | Low leverage supports the momentum setup | Price is comfortably above the 200-day average | Weekly trend is firmly positive | ADX confirms a strong trend,Quarterly EPS is shrinking | P/E leaves little own-history re-rating room | Expensive versus sector peers,,,medium,False,2026-06-30
152,GLENMARK.NS,55.3,moderate,55.3,0.0,0.857,True,Healthcare,Quarterly revenue growth above 25% YoY | Quarterly EPS growth above 30% YoY | Mild 12-1 momentum | Six-month return is positive | Cheaper than sector peers | PEG below 0.8 -- growth is underpriced | Low leverage supports the momentum setup | Price is comfortably above the 200-day average | Weekly trend is firmly positive | ADX confirms a tradable trend,P/E leaves little own-history re-rating room | ROCE below 12% -- weak quality floor,,,medium,False,2026-06-30
153,BAJFINANCE.NS,55.1,moderate,55.1,0.0,0.786,True,Financial Services,Quarterly revenue growth 15-25% YoY | Quarterly EPS growth 15-30% YoY | Mild 12-1 momentum | Six-month return 12-25% | PEG 0.8-1.5 -- growth reasonably priced | ROE above 18% (5y avg) -- strong lender quality floor | Price is above the 200-day average | Weekly trend is positive | ADX confirms a tradable trend,P/E leaves little own-history re-rating room | Expensive versus sector peers,,Lender: ROE substitutes for ROCE; asset quality is not captured here.,medium,True,2026-06-30
154,GRASIM.NS,55.0,moderate,55.0,0.0,1.0,True,Construction Materials,Revenue growth acceleration is positive | EPS growth accelerated sharply | Quarterly revenue growth 15-25% YoY | Quarterly EPS growth above 30% YoY | Mild 12-1 momentum | Six-month return above 25% | PEG below 0.8 -- growth is underpriced | Price is comfortably above the 200-day average | Weekly trend is positive | ADX confirms a tradable trend,P/E leaves little own-history re-rating room | Expensive versus sector peers | ROCE below 12% -- weak quality floor | High leverage -- momentum can unwind violently,,,medium,False,2026-06-30
155,CCL.NS,54.8,moderate,54.8,0.0,1.0,True,Fast Moving Consumer Goods,EPS growth accelerated sharply | Quarterly revenue growth is positive | Quarterly EPS growth above 30% YoY | Positive 12-1 momentum | Six-month return is positive | Valuation in line with sector peers | PEG below 0.8 -- growth is underpriced | ROCE 12-18% (5y avg) | Manageable leverage | Price is above the 200-day average | Weekly trend is flattening | ADX shows a weak trend,Revenue growth is decelerating | P/E leaves little own-history re-rating room,,,medium,False,2026-06-30
156,SAIL.NS,54.6,moderate,54.6,0.0,1.0,True,Metals & Mining,EPS growth accelerated sharply | Quarterly EPS growth above 30% YoY | Positive 12-1 momentum | Six-month return 12-25% | Cheaper than sector peers | PEG below 0.8 -- growth is underpriced | Manageable leverage | Price is above the 200-day average | Weekly trend is positive | ADX shows a weak trend,Revenue growth is decelerating | Quarterly revenue is flat or shrinking | P/E leaves little own-history re-rating room | ROCE below 12% -- weak quality floor,,,medium,False,2026-06-30
157,M&MFIN.NS,54.6,moderate,54.6,0.0,0.929,True,Financial Services,Quarterly revenue growth 15-25% YoY | Quarterly EPS growth above 30% YoY | Strong 12-1 momentum -- persistent medium-term trend | Six-month return 12-25% | Cheaper than sector peers | PEG below 0.8 -- growth is underpriced | ROE 10-14% (5y avg) | Price is above the 200-day average | Weekly trend is positive | ADX shows a weak trend,Revenue growth is decelerating | EPS growth is decelerating | P/E leaves little own-history re-rating room,,Lender: ROE substitutes for ROCE; asset quality is not captured here.,medium,True,2026-06-30
158,AIAENG.NS,54.4,moderate,54.4,0.0,0.786,True,Capital Goods,Quarterly revenue growth is positive | Strong 12-1 momentum -- persistent medium-term trend | Six-month return is positive | Cheaper than sector peers | ROCE 18-24% (5y avg) | Low leverage supports the momentum setup | Price is testing the 200-day average | ADX shows a weak trend,Quarterly EPS is shrinking | P/E leaves little own-history re-rating room | Weekly trend is negative,,,medium,False,2026-06-30
159,PCBL.NS,54.3,moderate,54.3,0.0,1.0,True,Chemicals,Revenue growth accelerated by 10pp+ YoY | EPS growth accelerated sharply | Quarterly revenue growth 15-25% YoY | Quarterly EPS growth above 30% YoY | Six-month return above 25% | P/E is high versus own history | PEG below 0.8 -- growth is underpriced | Elevated leverage | Price is comfortably above the 200-day average | Weekly trend is firmly positive | ADX confirms a strong trend,Negative 12-1 momentum | Expensive versus sector peers | ROCE below 12% -- weak quality floor,,,medium,False,2026-06-30
160,COFORGE.NS,54.2,moderate,54.2,0.0,1.0,True,Information Technology,Revenue growth accelerated by 10pp+ YoY | Quarterly revenue growth above 25% YoY | Quarterly EPS growth above 30% YoY | Flat 12-1 momentum | Six-month return above 25% | PEG 1.5-2.5 -- some growth priced in | ROCE 18-24% (5y avg) | Low leverage supports the momentum setup | Price is comfortably above the 200-day average | Weekly trend is firmly positive | ADX confirms a strong trend,EPS growth is decelerating | P/E leaves little own-history re-rating room | Expensive versus sector peers,,,medium,False,2026-06-30
161,CAPLIPOINT.NS,54.2,moderate,54.2,0.0,1.0,True,Healthcare,Revenue growth broadly stable | Quarterly revenue growth 15-25% YoY | Quarterly EPS growth 15-30% YoY | Mild 12-1 momentum | Six-month return above 25% | Cheaper than sector peers | PEG 1.5-2.5 -- some growth priced in | ROCE 18-24% (5y avg) | Low leverage supports the momentum setup | Price is comfortably above the 200-day average | Weekly trend is firmly positive | ADX confirms a tradable trend,EPS growth is decelerating | P/E leaves little own-history re-rating room,,,medium,False,2026-06-30
162,EXIDEIND.NS,54.0,moderate,54.0,0.0,0.857,True,Automobile and Auto Components,Quarterly revenue growth 15-25% YoY | Quarterly EPS growth 15-30% YoY | Mild 12-1 momentum | Six-month return above 25% | P/E is high versus own history | Valuation in line with sector peers | PEG 0.8-1.5 -- growth reasonably priced | Low leverage supports the momentum setup | Price is comfortably above the 200-day average | Weekly trend is flattening | ADX confirms a strong trend,ROCE below 12% -- weak quality floor,,,medium,False,2026-06-30
163,HFCL.NS,53.9,moderate,53.9,0.0,0.786,True,Telecommunication,Quarterly revenue growth above 25% YoY | Strong 12-1 momentum -- persistent medium-term trend | Six-month return above 25% | Manageable leverage | Price is comfortably above the 200-day average | Weekly trend is firmly positive | ADX confirms a tradable trend,Revenue growth is decelerating | P/E leaves little own-history re-rating room | Expensive versus sector peers | ROCE below 12% -- weak quality floor,,,medium,False,2026-06-30
164,NEWGEN.NS,53.8,moderate,53.8,0.0,1.0,True,Information Technology,Revenue growth acceleration is positive | EPS growth accelerated sharply | Quarterly revenue growth is positive | Quarterly EPS growth 15-30% YoY | Six-month return 12-25% | P/E around its own history | Valuation in line with sector peers | PEG 0.8-1.5 -- growth reasonably priced | ROCE 18-24% (5y avg) | Low leverage supports the momentum setup | ADX confirms a tradable trend,Negative 12-1 momentum | Price is below the 200-day average | Weekly trend is negative,,,medium,False,2026-06-30
165,GABRIEL.NS,53.8,moderate,53.8,0.0,0.857,True,Automobile and Auto Components,Quarterly revenue growth 15-25% YoY | Quarterly EPS growth is positive but modest | Mild 12-1 momentum | Six-month return above 25% | PEG 1.5-2.5 -- some growth priced in | ROCE 18-24% (5y avg) | Low leverage supports the momentum setup | Price is comfortably above the 200-day average | Weekly trend is firmly positive | ADX shows a weak trend,P/E leaves little own-history re-rating room | Expensive versus sector peers,,,medium,False,2026-06-30
166,SHRIRAMFIN.NS,53.7,moderate,61.7,8.0,0.929,True,Financial Services,Revenue growth accelerated by 10pp+ YoY | Quarterly revenue growth above 25% YoY | Quarterly EPS growth 15-30% YoY | Strong 12-1 momentum -- persistent medium-term trend | Six-month return is positive | Valuation in line with sector peers | PEG below 0.8 -- growth is underpriced | ROE 14-18% (5y avg) | Price is above the 200-day average | Weekly trend is flattening | ADX confirms a tradable trend,EPS growth is decelerating | P/E leaves little own-history re-rating room,Promoters sold down 5.1pp over four quarters (-8),Lender: ROE substitutes for ROCE; asset quality is not captured here.,medium,True,2026-06-30
167,MMTC.NS,53.5,moderate,53.5,0.0,0.857,True,Services,Quarterly EPS growth above 30% YoY | Flat 12-1 momentum | Six-month return 12-25% | P/E around its own history | Cheaper than sector peers | PEG below 0.8 -- growth is underpriced | ROCE above 24% (5y avg) -- quality floor is strong | Low leverage supports the momentum setup | Price is testing the 200-day average,Quarterly revenue is flat or shrinking | Weekly trend is negative | ADX shows little trend strength,,,medium,False,2026-06-30
168,ASTRAL.NS,53.4,moderate,53.4,0.0,1.0,True,Capital Goods,EPS growth accelerated sharply | Quarterly revenue growth 15-25% YoY | Quarterly EPS growth above 30% YoY | Mild 12-1 momentum | P/E has substantial room to re-rate vs own history | PEG 1.5-2.5 -- some growth priced in | ROCE 18-24% (5y avg) | Low leverage supports the momentum setup | ADX confirms a tradable trend,Revenue growth is decelerating | Negative six-month return | Expensive versus sector peers | Price is below the 200-day average | Weekly trend is negative,,,medium,False,2026-06-30
169,MEESHO.NS,53.0,insufficient data,61.0,8.0,0.583,False,Consumer Services,Quarterly revenue growth above 25% YoY | Six-month return above 25% | Low leverage supports the momentum setup | Weekly trend is firmly positive | ADX confirms a tradable trend,"Valuation could not be measured -- scored neutral rather than skipped, so a data gap cannot inflate the rank | ROCE below 12% -- weak quality floor",Currently loss-making (-8),"Valuation could not be measured -- scored neutral rather than skipped, so a data gap cannot inflate the rank | Low data coverage (58% of criteria applied) -- this score is not directly comparable to a fully-measured one",medium,False,2026-06-30
170,SRF.NS,53.0,moderate,53.0,0.0,1.0,True,Chemicals,Revenue growth accelerated by 10pp+ YoY | EPS growth accelerated sharply | Quarterly revenue growth above 25% YoY | Quarterly EPS growth above 30% YoY | P/E around its own history | Cheaper than sector peers | PEG below 0.8 -- growth is underpriced | ROCE 12-18% (5y avg) | Manageable leverage | ADX confirms a tradable trend,Negative 12-1 momentum | Negative six-month return | Price is below the 200-day average | Weekly trend is negative,,,medium,False,2026-06-30
171,NAUKRI.NS,53.0,moderate,53.0,0.0,0.857,True,Consumer Services,Quarterly revenue growth is positive | Quarterly EPS growth above 30% YoY | Flat 12-1 momentum | Six-month return above 25% | P/E around its own history | Valuation in line with sector peers | PEG 0.8-1.5 -- growth reasonably priced | Low leverage supports the momentum setup | Price is comfortably above the 200-day average | Weekly trend is firmly positive | ADX confirms a strong trend,ROCE below 12% -- weak quality floor,,,medium,False,2026-06-30
172,BANKINDIA.NS,52.8,moderate,52.8,0.0,0.929,True,Financial Services,Revenue growth acceleration is positive | EPS growth accelerated sharply | Quarterly revenue growth is positive | Quarterly EPS growth above 30% YoY | Positive 12-1 momentum | Cheaper than sector peers | PEG below 0.8 -- growth is underpriced | Price is testing the 200-day average | Weekly trend is flattening,Negative six-month return | P/E leaves little own-history re-rating room | ROE below 10% -- weak lender quality floor | ADX shows little trend strength,,Lender: ROE substitutes for ROCE; asset quality is not captured here.,medium,True,2026-06-30
173,BLUEDART.NS,52.6,moderate,52.6,0.0,1.0,True,Services,Revenue growth acceleration is positive | EPS growth accelerated sharply | Quarterly revenue growth is positive | Quarterly EPS growth above 30% YoY | P/E has substantial room to re-rate vs own history | PEG below 0.8 -- growth is underpriced | ROCE 18-24% (5y avg) | Manageable leverage | ADX confirms a tradable trend,Negative 12-1 momentum | Negative six-month return | Expensive versus sector peers | Price is below the 200-day average | Weekly trend is negative,,,medium,False,2026-06-30
174,PNBHOUSING.NS,52.5,moderate,52.5,0.0,0.929,True,Financial Services,Revenue growth broadly stable | Quarterly revenue growth is positive | Quarterly EPS growth is positive but modest | Strong 12-1 momentum -- persistent medium-term trend | Six-month return above 25% | Cheaper than sector peers | ROE 10-14% (5y avg) | Price is comfortably above the 200-day average | Weekly trend is firmly positive | ADX confirms a tradable trend,EPS growth is decelerating | P/E leaves little own-history re-rating room | PEG above 2.5 -- little re-rating room,,Lender: ROE substitutes for ROCE; asset quality is not captured here.,medium,True,2026-06-30
175,NCC.NS,52.4,moderate,52.4,0.0,1.0,True,Construction,Revenue growth accelerated by 10pp+ YoY | EPS growth accelerated sharply | Quarterly revenue growth is positive | Quarterly EPS growth is positive but modest | Six-month return is positive | P/E below its own median | Materially cheaper than sector peers | PEG 0.8-1.5 -- growth reasonably priced | ROCE 12-18% (5y avg) | Manageable leverage | ADX confirms a tradable trend,Negative 12-1 momentum | Price is below the 200-day average | Weekly trend is negative,,,medium,False,2026-06-30
176,IREDA.NS,52.2,moderate,52.2,0.0,0.929,True,Financial Services,Revenue growth broadly stable | EPS growth accelerated sharply | Quarterly revenue growth 15-25% YoY | Quarterly EPS growth above 30% YoY | P/E has substantial room to re-rate vs own history | Cheaper than sector peers | PEG below 0.8 -- growth is underpriced | ROE 14-18% (5y avg) | ADX shows a weak trend,Negative 12-1 momentum | Negative six-month return | Price is below the 200-day average | Weekly trend is negative,,Lender: ROE substitutes for ROCE; asset quality is not captured here.,medium,True,2026-06-30
177,NUVOCO.NS,52.2,moderate,52.2,0.0,1.0,True,Construction Materials,Revenue growth broadly stable | EPS growth accelerated sharply | Quarterly revenue growth is positive | Quarterly EPS growth 15-30% YoY | Six-month return 12-25% | P/E has substantial room to re-rate vs own history | Materially cheaper than sector peers | PEG 0.8-1.5 -- growth reasonably priced | Manageable leverage | Price is above the 200-day average | Weekly trend is flattening | ADX shows a weak trend,Negative 12-1 momentum | ROCE below 12% -- weak quality floor,,,medium,False,2026-06-30
178,TRITURBINE.NS,52.1,moderate,52.1,0.0,0.786,True,Capital Goods,Quarterly revenue growth 15-25% YoY | Mild 12-1 momentum | Six-month return 12-25% | P/E is high versus own history | Valuation in line with sector peers | ROCE above 24% (5y avg) -- quality floor is strong | Low leverage supports the momentum setup | Price is above the 200-day average | ADX shows a weak trend,Quarterly EPS is shrinking | Weekly trend is negative,,,medium,False,2026-06-30
179,IOB.NS,52.0,moderate,55.0,3.0,0.929,True,Financial Services,Revenue growth accelerated by 10pp+ YoY | EPS growth acceleration is positive | Quarterly revenue growth above 25% YoY | Quarterly EPS growth above 30% YoY | Six-month return is positive | P/E below its own median | Cheaper than sector peers | PEG below 0.8 -- growth is underpriced | ROE 10-14% (5y avg) | Price is testing the 200-day average | Weekly trend is flattening,Negative 12-1 momentum | ADX shows little trend strength,Promoters reduced stake 2.2pp over four quarters (-3),Lender: ROE substitutes for ROCE; asset quality is not captured here.,medium,True,2026-06-30
180,BEML.NS,51.8,moderate,51.8,0.0,0.786,True,Capital Goods,Revenue growth accelerated by 10pp+ YoY | Quarterly revenue growth above 25% YoY | Six-month return above 25% | ROCE 12-18% (5y avg) | Low leverage supports the momentum setup | Price is comfortably above the 200-day average | Weekly trend is firmly positive | ADX confirms a strong trend,Negative 12-1 momentum | P/E leaves little own-history re-rating room | Expensive versus sector peers,,,medium,False,2026-06-30
181,PARADEEP.NS,51.6,moderate,58.6,7.0,1.0,True,Chemicals,Revenue growth accelerated by 10pp+ YoY | EPS growth accelerated sharply | Quarterly revenue growth above 25% YoY | Quarterly EPS growth 15-30% YoY | Six-month return above 25% | Materially cheaper than sector peers | PEG below 0.8 -- growth is underpriced | Elevated leverage | Price is comfortably above the 200-day average | Weekly trend is firmly positive | ADX confirms a strong trend,Negative 12-1 momentum | P/E leaves little own-history re-rating room | ROCE below 12% -- weak quality floor,Elevated promoter pledging (15% of stake) (-7),,medium,False,2026-06-30
182,PIRAMALFIN.NS,51.6,moderate,51.6,0.0,0.786,True,Financial Services,Revenue growth broadly stable | Quarterly revenue growth above 25% YoY | Quarterly EPS growth above 30% YoY | Six-month return above 25% | PEG below 0.8 -- growth is underpriced | Price is comfortably above the 200-day average | Weekly trend is firmly positive | ADX confirms a tradable trend,EPS growth is decelerating | Expensive versus sector peers | ROE below 10% -- weak lender quality floor,,Lender: ROE substitutes for ROCE; asset quality is not captured here.,medium,True,2026-06-30
183,HEROMOTOCO.NS,51.6,moderate,51.6,0.0,0.786,True,Automobile and Auto Components,Quarterly revenue growth above 25% YoY | Mild 12-1 momentum | Six-month return is positive | Cheaper than sector peers | ROCE above 24% (5y avg) -- quality floor is strong | Low leverage supports the momentum setup | Price is testing the 200-day average | Weekly trend is flattening | ADX confirms a strong trend,Quarterly EPS is shrinking | P/E leaves little own-history re-rating room,,,medium,False,2026-06-30
184,BLUEJET.NS,51.6,moderate,59.6,8.0,0.929,True,Healthcare,Revenue growth accelerated by 10pp+ YoY | EPS growth accelerated sharply | Six-month return above 25% | P/E around its own history | Cheaper than sector peers | ROCE above 24% (5y avg) -- quality floor is strong | Low leverage supports the momentum setup | Price is comfortably above the 200-day average | Weekly trend is positive | ADX shows a weak trend,Quarterly revenue is flat or shrinking | Quarterly EPS is shrinking | Negative 12-1 momentum,Promoters sold down 6.7pp over four quarters (-8),,medium,False,2026-06-30
185,BHARTIARTL.NS,51.5,moderate,51.5,0.0,1.0,True,Telecommunication,Revenue growth broadly stable | EPS growth accelerated sharply | Quarterly revenue growth 15-25% YoY | Quarterly EPS growth above 30% YoY | Mild 12-1 momentum | Six-month return is positive | P/E is high versus own history | Valuation in line with sector peers | PEG 0.8-1.5 -- growth reasonably priced | ROCE 12-18% (5y avg) | Elevated leverage | Price is testing the 200-day average | Weekly trend is flattening | ADX confirms a strong trend,,,,medium,False,2026-06-30
186,ZFCVINDIA.NS,51.5,moderate,51.5,0.0,0.929,True,Automobile and Auto Components,Quarterly revenue growth is positive | Quarterly EPS growth above 30% YoY | Mild 12-1 momentum | Six-month return 12-25% | P/E is high versus own history | PEG 0.8-1.5 -- growth reasonably priced | ROCE 18-24% (5y avg) | Low leverage supports the momentum setup | Price is above the 200-day average | Weekly trend is positive | ADX confirms a tradable trend,Revenue growth is decelerating | Expensive versus sector peers,,,medium,False,2026-06-30
187,PIDILITIND.NS,51.5,moderate,51.5,0.0,1.0,True,Chemicals,Revenue growth acceleration is positive | Quarterly revenue growth 15-25% YoY | Quarterly EPS growth 15-30% YoY | Mild 12-1 momentum | Six-month return 12-25% | PEG 1.5-2.5 -- some growth priced in | ROCE above 24% (5y avg) -- quality floor is strong | Low leverage supports the momentum setup | Price is above the 200-day average | Weekly trend is positive | ADX confirms a tradable trend,EPS growth is decelerating | P/E leaves little own-history re-rating room | Expensive versus sector peers,,,medium,False,2026-06-30
188,ABDL.NS,51.4,moderate,51.4,0.0,0.929,True,Fast Moving Consumer Goods,EPS growth accelerated sharply | Quarterly revenue growth is positive | Positive 12-1 momentum | Six-month return above 25% | ROCE 12-18% (5y avg) | Manageable leverage | Price is comfortably above the 200-day average | Weekly trend is firmly positive,Revenue growth is decelerating | Quarterly EPS is shrinking | P/E leaves little own-history re-rating room | Expensive versus sector peers | ADX shows little trend strength,,,medium,False,2026-06-30
189,3MINDIA.NS,51.3,moderate,51.3,0.0,0.929,True,Diversified,Revenue growth broadly stable | Quarterly revenue growth 15-25% YoY | Quarterly EPS growth above 30% YoY | Positive 12-1 momentum | P/E is high versus own history | PEG 1.5-2.5 -- some growth priced in | ROCE above 24% (5y avg) -- quality floor is strong | Low leverage supports the momentum setup | Price is testing the 200-day average | Weekly trend is flattening | ADX confirms a tradable trend,EPS growth is decelerating | Negative six-month return,,,medium,False,2026-06-30
190,KOTAKBANK.NS,51.2,moderate,51.2,0.0,0.857,True,Financial Services,Revenue growth accelerated by 10pp+ YoY | Quarterly revenue growth 15-25% YoY | Quarterly EPS growth 15-30% YoY | Flat 12-1 momentum | Six-month return 12-25% | Valuation in line with sector peers | PEG 0.8-1.5 -- growth reasonably priced | ROE 10-14% (5y avg) | Price is above the 200-day average | Weekly trend is positive | ADX confirms a strong trend,P/E leaves little own-history re-rating room,,Lender: ROE substitutes for ROCE; asset quality is not captured here.,medium,True,2026-06-30
191,ELECON.NS,51.2,moderate,51.2,0.0,0.929,True,Capital Goods,Revenue growth accelerated by 10pp+ YoY | EPS growth accelerated sharply | Quarterly revenue growth is positive | Six-month return 12-25% | P/E around its own history | Cheaper than sector peers | ROCE 18-24% (5y avg) | Low leverage supports the momentum setup | ADX shows a weak trend,Quarterly EPS is shrinking | Negative 12-1 momentum | Price is below the 200-day average | Weekly trend is negative,,,medium,False,2026-06-30
192,ADANIENT.NS,51.1,moderate,54.1,3.0,0.857,True,Metals & Mining,Revenue growth accelerated by 10pp+ YoY | Quarterly revenue growth above 25% YoY | Positive 12-1 momentum | Six-month return above 25% | Elevated leverage | Price is comfortably above the 200-day average | Weekly trend is firmly positive | ADX confirms a tradable trend,Quarterly EPS is shrinking | P/E leaves little own-history re-rating room | Expensive versus sector peers | ROCE below 12% -- weak quality floor,Promoters reduced stake 2.0pp over four quarters (-3),,medium,False,2026-06-30
193,POLICYBZR.NS,51.1,moderate,51.1,0.0,1.0,True,Financial Services,Revenue growth broadly stable | EPS growth accelerated sharply | Quarterly revenue growth above 25% YoY | Quarterly EPS growth above 30% YoY | Flat 12-1 momentum | Six-month return 12-25% | PEG 0.8-1.5 -- growth reasonably priced | Low leverage supports the momentum setup | Price is comfortably above the 200-day average | Weekly trend is firmly positive | ADX confirms a strong trend,P/E leaves little own-history re-rating room | Expensive versus sector peers | ROCE below 12% -- weak quality floor,,,medium,False,2026-06-30
194,BHEL.NS,51.0,moderate,59.0,8.0,0.786,True,Capital Goods,Revenue growth broadly stable | Quarterly revenue growth above 25% YoY | Strong 12-1 momentum -- persistent medium-term trend | Six-month return above 25% | Manageable leverage | Price is comfortably above the 200-day average | Weekly trend is firmly positive | ADX confirms a strong trend,P/E leaves little own-history re-rating room | Expensive versus sector peers | ROCE below 12% -- weak quality floor,Promoters sold down 5.0pp over four quarters (-8),,medium,False,2026-06-30
195,APLAPOLLO.NS,50.9,moderate,50.9,0.0,1.0,True,Capital Goods,Quarterly revenue growth is positive | Quarterly EPS growth is positive but modest | Positive 12-1 momentum | Six-month return 12-25% | Valuation in line with sector peers | ROCE above 24% (5y avg) -- quality floor is strong | Low leverage supports the momentum setup | Price is comfortably above the 200-day average | Weekly trend is firmly positive | ADX confirms a strong trend,Revenue growth is decelerating | EPS growth is decelerating | P/E leaves little own-history re-rating room | PEG above 2.5 -- little re-rating room,,,medium,False,2026-06-30
196,ECLERX.NS,50.8,moderate,50.8,0.0,0.929,True,Services,Revenue growth broadly stable | Quarterly revenue growth 15-25% YoY | Quarterly EPS growth 15-30% YoY | Six-month return 12-25% | Valuation in line with sector peers | PEG 0.8-1.5 -- growth reasonably priced | ROCE above 24% (5y avg) -- quality floor is strong | Low leverage supports the momentum setup | Price is above the 200-day average | Weekly trend is firmly positive | ADX confirms a tradable trend,Negative 12-1 momentum | P/E leaves little own-history re-rating room,,,medium,False,2026-06-30
197,SONATSOFTW.NS,50.3,moderate,50.3,0.0,0.786,True,Information Technology,Quarterly revenue growth is positive | Six-month return 12-25% | P/E has substantial room to re-rate vs own history | Materially cheaper than sector peers | ROCE above 24% (5y avg) -- quality floor is strong | Manageable leverage | ADX confirms a tradable trend,Quarterly EPS is shrinking | Negative 12-1 momentum | Price is below the 200-day average | Weekly trend is negative,,,medium,False,2026-06-30
198,LTFOODS.NS,50.0,moderate,50.0,0.0,1.0,True,Fast Moving Consumer Goods,EPS growth accelerated sharply | Quarterly revenue growth above 25% YoY | Quarterly EPS growth is positive but modest | Six-month return 12-25% | Cheaper than sector peers | PEG below 0.8 -- growth is underpriced | ROCE 12-18% (5y avg) | Manageable leverage | Price is comfortably above the 200-day average | Weekly trend is firmly positive | ADX confirms a strong trend,Revenue growth is decelerating | Negative 12-1 momentum | P/E leaves little own-history re-rating room,,,medium,False,2026-06-30
199,IFCI.NS,49.8,weak,49.8,0.0,0.714,True,Financial Services,Strong 12-1 momentum -- persistent medium-term trend | Six-month return above 25% | Price is comfortably above the 200-day average | Weekly trend is firmly positive | ADX confirms a strong trend,Quarterly revenue is flat or shrinking | Quarterly EPS is shrinking | P/E leaves little own-history re-rating room | Expensive versus sector peers | ROE below 10% -- weak lender quality floor,,Lender: ROE substitutes for ROCE; asset quality is not captured here.,medium,True,2026-06-30
200,J&KBANK.NS,49.7,weak,49.7,0.0,0.857,True,Financial Services,Revenue growth acceleration is positive | Strong 12-1 momentum -- persistent medium-term trend | Six-month return 12-25% | Cheaper than sector peers | ROE 10-14% (5y avg) | Price is comfortably above the 200-day average | ADX confirms a tradable trend,EPS growth is decelerating | Quarterly revenue is flat or shrinking | Quarterly EPS is shrinking | P/E leaves little own-history re-rating room | Weekly trend is negative,,Lender: ROE substitutes for ROCE; asset quality is not captured here.,medium,True,2026-06-30
201,BLS.NS,49.6,weak,49.6,0.0,0.857,True,Consumer Services,Quarterly revenue growth above 25% YoY | Quarterly EPS growth is positive but modest | P/E below its own median | Materially cheaper than sector peers | PEG 0.8-1.5 -- growth reasonably priced | ROCE above 24% (5y avg) -- quality floor is strong | Low leverage supports the momentum setup | ADX confirms a tradable trend,Negative 12-1 momentum | Negative six-month return | Price is below the 200-day average | Weekly trend is negative,,,medium,False,2026-06-30
202,WOCKPHARMA.NS,49.4,weak,49.4,0.0,0.786,True,Healthcare,Quarterly revenue growth above 25% YoY | Positive 12-1 momentum | Six-month return above 25% | Manageable leverage | Price is comfortably above the 200-day average | Weekly trend is firmly positive | ADX confirms a tradable trend,Revenue growth is decelerating | P/E leaves little own-history re-rating room | Expensive versus sector peers | ROCE below 12% -- weak quality floor,,,medium,False,2026-06-30
203,BALRAMCHIN.NS,49.4,weak,49.4,0.0,0.786,True,Fast Moving Consumer Goods,Quarterly revenue growth is positive | Positive 12-1 momentum | Six-month return above 25% | Valuation in line with sector peers | Elevated leverage | Price is comfortably above the 200-day average | Weekly trend is firmly positive | ADX confirms a strong trend,Quarterly EPS is shrinking | P/E leaves little own-history re-rating room | ROCE below 12% -- weak quality floor,,,medium,False,2026-06-30
204,PFOCUS.NS,48.6,weak,48.6,0.0,0.786,True,Media Entertainment & Publication,Quarterly revenue growth above 25% YoY | Strong 12-1 momentum -- persistent medium-term trend | Six-month return 12-25% | Price is comfortably above the 200-day average | Weekly trend is firmly positive | ADX confirms a tradable trend,Quarterly EPS is shrinking | P/E leaves little own-history re-rating room | Expensive versus sector peers | ROCE below 12% -- weak quality floor | High leverage -- momentum can unwind violently,,,medium,False,2026-06-30
205,HCLTECH.NS,48.5,weak,48.5,0.0,1.0,True,Information Technology,Revenue growth broadly stable | EPS growth accelerated sharply | Quarterly revenue growth is positive | Quarterly EPS growth 15-30% YoY | Flat 12-1 momentum | ROCE above 24% (5y avg) -- quality floor is strong | Low leverage supports the momentum setup | ADX shows a weak trend,"Negative six-month return | Valuation could not be measured -- scored neutral rather than skipped, so a data gap cannot inflate the rank | Price is below the 200-day average | Weekly trend is negative",,"Valuation could not be measured -- scored neutral rather than skipped, so a data gap cannot inflate the rank | statements in USD but priced in INR; price/statement ratios suppressed (statement-only metrics such as ROCE, margins and CAGR remain valid)",medium,False,2026-06-30
206,SUMICHEM.NS,48.5,weak,48.5,0.0,1.0,True,Chemicals,Revenue growth broadly stable | EPS growth acceleration is positive | Quarterly EPS growth 15-30% YoY | Six-month return above 25% | P/E around its own history | Valuation in line with sector peers | PEG 1.5-2.5 -- some growth priced in | ROCE 18-24% (5y avg) | Low leverage supports the momentum setup | Price is above the 200-day average | ADX confirms a tradable trend,Quarterly revenue is flat or shrinking | Negative 12-1 momentum | Weekly trend is negative,,,medium,False,2026-06-30
207,SUNPHARMA.NS,48.4,weak,48.4,0.0,1.0,True,Healthcare,EPS growth broadly stable | Quarterly revenue growth is positive | Quarterly EPS growth 15-30% YoY | Positive 12-1 momentum | Six-month return is positive | Cheaper than sector peers | PEG 0.8-1.5 -- growth reasonably priced | ROCE 12-18% (5y avg) | Low leverage supports the momentum setup | Price is above the 200-day average | Weekly trend is flattening | ADX shows a weak trend,Revenue growth is decelerating | P/E leaves little own-history re-rating room,,,medium,False,2026-06-30
208,CEMPRO.NS,48.4,weak,48.4,0.0,1.0,True,Construction,Quarterly revenue growth is positive | Quarterly EPS growth is positive but modest | Strong 12-1 momentum -- persistent medium-term trend | Six-month return above 25% | ROCE 18-24% (5y avg) | Manageable leverage | Price is comfortably above the 200-day average | Weekly trend is positive | ADX confirms a tradable trend,Revenue growth is decelerating | EPS growth is decelerating | P/E leaves little own-history re-rating room | Expensive versus sector peers | PEG above 2.5 -- little re-rating room,,,medium,False,2026-06-30
209,RAINBOW.NS,48.2,weak,48.2,0.0,0.857,True,Healthcare,Quarterly revenue growth above 25% YoY | Quarterly EPS growth is positive but modest | Flat 12-1 momentum | Six-month return above 25% | P/E is high versus own history | Valuation in line with sector peers | ROCE 18-24% (5y avg) | Manageable leverage | Price is comfortably above the 200-day average | Weekly trend is positive | ADX shows a weak trend,PEG above 2.5 -- little re-rating room,,,medium,False,2026-06-30
210,ANANTRAJ.NS,48.2,weak,51.2,3.0,0.857,True,Realty,Quarterly revenue growth is positive | Quarterly EPS growth is positive but modest | Positive 12-1 momentum | Six-month return above 25% | P/E is high versus own history | Valuation in line with sector peers | Low leverage supports the momentum setup | Price is comfortably above the 200-day average | Weekly trend is positive | ADX shows a weak trend,PEG above 2.5 -- little re-rating room | ROCE below 12% -- weak quality floor,Promoters reduced stake 2.7pp over four quarters (-3),,medium,False,2026-06-30
211,TATACOMM.NS,48.2,weak,48.2,0.0,0.929,True,Telecommunication,Revenue growth broadly stable | EPS growth accelerated sharply | Quarterly revenue growth is positive | Mild 12-1 momentum | Six-month return above 25% | P/E is high versus own history | Valuation in line with sector peers | ROCE 12-18% (5y avg) | Price is above the 200-day average | Weekly trend is positive | ADX confirms a tradable trend,Quarterly EPS is shrinking | High leverage -- momentum can unwind violently,,,medium,False,2026-06-30
212,TORNTPHARM.NS,48.2,weak,56.2,8.0,0.786,True,Healthcare,Quarterly revenue growth above 25% YoY | Strong 12-1 momentum -- persistent medium-term trend | Six-month return 12-25% | ROCE 18-24% (5y avg) | Price is comfortably above the 200-day average | Weekly trend is firmly positive,Quarterly EPS is shrinking | P/E leaves little own-history re-rating room | Expensive versus sector peers | High leverage -- momentum can unwind violently | ADX shows little trend strength,Promoters sold down 7.5pp over four quarters (-8),,medium,False,2026-06-30
213,URBANCO.NS,48.1,weak,56.1,8.0,0.833,True,Consumer Services,Revenue growth broadly stable | Quarterly revenue growth above 25% YoY | Six-month return above 25% | Low leverage supports the momentum setup | Price is comfortably above the 200-day average | Weekly trend is firmly positive | ADX confirms a strong trend,"Quarterly EPS is shrinking | Valuation could not be measured -- scored neutral rather than skipped, so a data gap cannot inflate the rank | ROCE below 12% -- weak quality floor",Currently loss-making (-8),"Valuation could not be measured -- scored neutral rather than skipped, so a data gap cannot inflate the rank",medium,False,2026-06-30
214,TIMKEN.NS,47.9,weak,47.9,0.0,1.0,True,Capital Goods,Revenue growth broadly stable | EPS growth accelerated sharply | Quarterly revenue growth is positive | Quarterly EPS growth is positive but modest | Mild 12-1 momentum | P/E is high versus own history | Valuation in line with sector peers | ROCE 18-24% (5y avg) | Low leverage supports the momentum setup | Price is above the 200-day average | Weekly trend is positive | ADX shows a weak trend,Negative six-month return | PEG above 2.5 -- little re-rating room,,,medium,False,2026-06-30
215,JIOFIN.NS,47.9,weak,47.9,0.0,1.0,True,Financial Services,Revenue growth accelerated by 10pp+ YoY | EPS growth accelerated sharply | Quarterly revenue growth above 25% YoY | Quarterly EPS growth above 30% YoY | P/E below its own median | PEG below 0.8 -- growth is underpriced | Low leverage supports the momentum setup | ADX shows a weak trend,Negative 12-1 momentum | Negative six-month return | Expensive versus sector peers | ROCE below 12% -- weak quality floor | Price is below the 200-day average | Weekly trend is negative,,,medium,False,2026-06-30
216,EIHOTEL.NS,47.8,weak,47.8,0.0,0.857,True,Consumer Services,Quarterly revenue growth is positive | Quarterly EPS growth above 30% YoY | P/E around its own history | Materially cheaper than sector peers | PEG below 0.8 -- growth is underpriced | ROCE 18-24% (5y avg) | Low leverage supports the momentum setup | ADX confirms a strong trend,Negative 12-1 momentum | Negative six-month return | Price is below the 200-day average | Weekly trend is negative,,,medium,False,2026-06-30
217,ZYDUSLIFE.NS,47.7,weak,47.7,0.0,0.929,True,Healthcare,Revenue growth broadly stable | Quarterly revenue growth 15-25% YoY | Mild 12-1 momentum | Six-month return above 25% | Materially cheaper than sector peers | ROCE 18-24% (5y avg) | Manageable leverage | Price is comfortably above the 200-day average | Weekly trend is positive,EPS growth is decelerating | Quarterly EPS is shrinking | P/E leaves little own-history re-rating room | ADX shows little trend strength,,,medium,False,2026-06-30
218,NIVABUPA.NS,47.7,weak,47.7,0.0,1.0,True,Financial Services,Revenue growth broadly stable | EPS growth accelerated sharply | Quarterly revenue growth above 25% YoY | Quarterly EPS growth above 30% YoY | Flat 12-1 momentum | Six-month return is positive | P/E around its own history | PEG below 0.8 -- growth is underpriced | Low leverage supports the momentum setup | Price is above the 200-day average | Weekly trend is flattening | ADX shows a weak trend,Expensive versus sector peers | ROCE below 12% -- weak quality floor,,,medium,False,2026-06-30
219,ASAHIINDIA.NS,47.7,weak,50.7,3.0,1.0,True,Automobile and Auto Components,Revenue growth broadly stable | EPS growth accelerated sharply | Quarterly revenue growth is positive | Quarterly EPS growth above 30% YoY | Flat 12-1 momentum | Six-month return 12-25% | PEG below 0.8 -- growth is underpriced | ROCE 12-18% (5y avg) | Manageable leverage | Price is comfortably above the 200-day average | Weekly trend is firmly positive | ADX shows a weak trend,P/E leaves little own-history re-rating room | Expensive versus sector peers,Promoters reduced stake 2.5pp over four quarters (-3),,medium,False,2026-06-30
220,FIVESTAR.NS,47.7,weak,50.7,3.0,0.929,True,Financial Services,EPS growth acceleration is positive | Quarterly revenue growth is positive | Quarterly EPS growth is positive but modest | Flat 12-1 momentum | Six-month return above 25% | P/E below its own median | Cheaper than sector peers | ROE 14-18% (5y avg) | Price is comfortably above the 200-day average | Weekly trend is firmly positive | ADX shows a weak trend,Revenue growth is decelerating | PEG above 2.5 -- little re-rating room,Promoters reduced stake 2.9pp over four quarters (-3),Lender: ROE substitutes for ROCE; asset quality is not captured here.,medium,True,2026-06-30
221,LTF.NS,47.5,weak,47.5,0.0,0.929,True,Financial Services,Revenue growth broadly stable | EPS growth broadly stable | Quarterly revenue growth 15-25% YoY | Quarterly EPS growth 15-30% YoY | Positive 12-1 momentum | Six-month return 12-25% | Valuation in line with sector peers | PEG 0.8-1.5 -- growth reasonably priced | Price is above the 200-day average | Weekly trend is positive,P/E leaves little own-history re-rating room | ROE below 10% -- weak lender quality floor | ADX shows little trend strength,,Lender: ROE substitutes for ROCE; asset quality is not captured here.,medium,True,2026-06-30
222,AXISBANK.NS,47.4,weak,47.4,0.0,0.929,True,Financial Services,Revenue growth broadly stable | EPS growth accelerated sharply | Quarterly EPS growth 15-30% YoY | Mild 12-1 momentum | Six-month return is positive | Cheaper than sector peers | PEG below 0.8 -- growth is underpriced | ROE 10-14% (5y avg) | Price is testing the 200-day average | Weekly trend is flattening | ADX shows a weak trend,Quarterly revenue is flat or shrinking | P/E leaves little own-history re-rating room,,Lender: ROE substitutes for ROCE; asset quality is not captured here.,medium,True,2026-06-30
223,IRCTC.NS,47.4,weak,47.4,0.0,0.786,True,Consumer Services,Quarterly revenue growth 15-25% YoY | Quarterly EPS growth is positive but modest | P/E has substantial room to re-rate vs own history | Cheaper than sector peers | ROCE above 24% (5y avg) -- quality floor is strong | Low leverage supports the momentum setup | ADX confirms a tradable trend,Negative 12-1 momentum | Negative six-month return | Price is below the 200-day average | Weekly trend is negative,,,medium,False,2026-06-30
224,BBTC.NS,47.2,weak,47.2,0.0,0.857,True,Fast Moving Consumer Goods,Quarterly revenue growth is positive | Quarterly EPS growth 15-30% YoY | P/E around its own history | Materially cheaper than sector peers | PEG below 0.8 -- growth is underpriced | ROCE above 24% (5y avg) -- quality floor is strong | Low leverage supports the momentum setup | ADX confirms a tradable trend,Negative 12-1 momentum | Negative six-month return | Price is below the 200-day average | Weekly trend is negative,,,medium,False,2026-06-30
225,LTM.NS,47.0,weak,47.0,0.0,1.0,True,Information Technology,Revenue growth broadly stable | Quarterly revenue growth 15-25% YoY | Quarterly EPS growth 15-30% YoY | Six-month return is positive | P/E has substantial room to re-rate vs own history | Cheaper than sector peers | PEG 0.8-1.5 -- growth reasonably priced | ROCE above 24% (5y avg) -- quality floor is strong | Low leverage supports the momentum setup | Weekly trend is flattening | ADX shows a weak trend,EPS growth is decelerating | Negative 12-1 momentum | Price is below the 200-day average,,,medium,False,2026-06-30
226,ONGC.NS,46.9,weak,46.9,0.0,0.857,True,Oil Gas & Consumable Fuels,Quarterly revenue growth above 25% YoY | Quarterly EPS growth 15-30% YoY | Mild 12-1 momentum | P/E around its own history | Cheaper than sector peers | PEG below 0.8 -- growth is underpriced | ROCE 12-18% (5y avg) | Manageable leverage,Negative six-month return | Price is below the 200-day average | Weekly trend is negative | ADX shows little trend strength,,,medium,False,2026-06-30
227,CIPLA.NS,46.9,weak,46.9,0.0,0.929,True,Healthcare,Revenue growth acceleration is positive | EPS growth accelerated sharply | Six-month return is positive | P/E around its own history | Cheaper than sector peers | ROCE 18-24% (5y avg) | Low leverage supports the momentum setup | Price is testing the 200-day average | Weekly trend is flattening | ADX confirms a tradable trend,Quarterly revenue is flat or shrinking | Quarterly EPS is shrinking | Negative 12-1 momentum,,,medium,False,2026-06-30
228,PAGEIND.NS,46.9,weak,46.9,0.0,0.786,True,Textiles,Quarterly revenue growth is positive | Six-month return 12-25% | P/E has substantial room to re-rate vs own history | ROCE above 24% (5y avg) -- quality floor is strong | Low leverage supports the momentum setup | Price is testing the 200-day average | ADX confirms a strong trend,Quarterly EPS is shrinking | Negative 12-1 momentum | Expensive versus sector peers | Weekly trend is negative,,,medium,False,2026-06-30
229,HONAUT.NS,46.6,weak,46.6,0.0,1.0,True,Capital Goods,EPS growth acceleration is positive | Quarterly EPS growth 15-30% YoY | Flat 12-1 momentum | Six-month return 12-25% | P/E has substantial room to re-rate vs own history | Valuation in line with sector peers | ROCE 12-18% (5y avg) | Low leverage supports the momentum setup | Price is above the 200-day average | ADX confirms a tradable trend,Revenue growth is decelerating | Quarterly revenue is flat or shrinking | PEG above 2.5 -- little re-rating room | Weekly trend is negative,,,medium,False,2026-06-30
230,ATGL.NS,46.5,weak,46.5,0.0,0.929,True,Oil Gas & Consumable Fuels,Revenue growth accelerated by 10pp+ YoY | Quarterly revenue growth above 25% YoY | Mild 12-1 momentum | Six-month return is positive | P/E has substantial room to re-rate vs own history | ROCE 12-18% (5y avg) | Manageable leverage | Price is testing the 200-day average | ADX confirms a tradable trend,EPS growth is decelerating | Quarterly EPS is shrinking | Expensive versus sector peers | Weekly trend is negative,,,medium,False,2026-06-30
231,ITCHOTELS.NS,46.5,weak,46.5,0.0,0.929,True,Consumer Services,EPS growth accelerated sharply | Quarterly revenue growth is positive | Quarterly EPS growth above 30% YoY | P/E has substantial room to re-rate vs own history | Cheaper than sector peers | PEG 0.8-1.5 -- growth reasonably priced | Low leverage supports the momentum setup | ADX confirms a tradable trend,Negative 12-1 momentum | Negative six-month return | ROCE below 12% -- weak quality floor | Price is below the 200-day average | Weekly trend is negative,,,medium,False,2026-06-30
232,BEL.NS,46.5,weak,46.5,0.0,1.0,True,Capital Goods,Revenue growth accelerated by 10pp+ YoY | EPS growth broadly stable | Quarterly revenue growth 15-25% YoY | Quarterly EPS growth is positive but modest | Mild 12-1 momentum | P/E is high versus own history | Valuation in line with sector peers | ROCE above 24% (5y avg) -- quality floor is strong | Low leverage supports the momentum setup | Price is testing the 200-day average | Weekly trend is flattening,Negative six-month return | PEG above 2.5 -- little re-rating room | ADX shows little trend strength,,,medium,False,2026-06-30
233,SUNDARMFIN.NS,46.3,weak,46.3,0.0,0.929,True,Financial Services,Revenue growth broadly stable | EPS growth accelerated sharply | Quarterly revenue growth 15-25% YoY | Quarterly EPS growth above 30% YoY | Flat 12-1 momentum | P/E is high versus own history | Valuation in line with sector peers | PEG below 0.8 -- growth is underpriced | ROE 10-14% (5y avg) | Price is testing the 200-day average | Weekly trend is positive | ADX confirms a tradable trend,Negative six-month return,,Lender: ROE substitutes for ROCE; asset quality is not captured here.,medium,True,2026-06-30
234,BAYERCROP.NS,46.2,weak,46.2,0.0,0.857,True,Chemicals,Quarterly EPS growth 15-30% YoY | P/E has substantial room to re-rate vs own history | Cheaper than sector peers | PEG 1.5-2.5 -- some growth priced in | ROCE above 24% (5y avg) -- quality floor is strong | Low leverage supports the momentum setup | ADX confirms a strong trend,Quarterly revenue is flat or shrinking | Negative 12-1 momentum | Negative six-month return | Price is below the 200-day average | Weekly trend is negative,,,medium,False,2026-06-30
235,THERMAX.NS,46.1,weak,46.1,0.0,0.786,True,Capital Goods,Quarterly revenue growth is positive | Positive 12-1 momentum | Six-month return 12-25% | P/E is high versus own history | ROCE 12-18% (5y avg) | Manageable leverage | Price is testing the 200-day average | ADX confirms a strong trend,Quarterly EPS is shrinking | Expensive versus sector peers | Weekly trend is negative,,,medium,False,2026-06-30
236,SUNTV.NS,46.1,weak,46.1,0.0,0.857,True,Media Entertainment & Publication,Quarterly revenue growth is positive | Quarterly EPS growth 15-30% YoY | P/E below its own median | Materially cheaper than sector peers | PEG below 0.8 -- growth is underpriced | ROCE 18-24% (5y avg) | Low leverage supports the momentum setup,Negative 12-1 momentum | Negative six-month return | Price is below the 200-day average | Weekly trend is negative | ADX shows little trend strength,,,medium,False,2026-06-30
237,ZEEL.NS,45.9,weak,45.9,0.0,0.929,True,Media Entertainment & Publication,Revenue growth accelerated by 10pp+ YoY | EPS growth accelerated sharply | Six-month return is positive | P/E has substantial room to re-rate vs own history | Cheaper than sector peers | Low leverage supports the momentum setup | ADX confirms a strong trend,Quarterly revenue is flat or shrinking | Quarterly EPS is shrinking | Negative 12-1 momentum | ROCE below 12% -- weak quality floor | Price is below the 200-day average | Weekly trend is negative,,,medium,False,2026-06-30
238,LICI.NS,45.9,weak,45.9,0.0,0.929,True,Financial Services,Quarterly revenue growth is positive | Quarterly EPS growth 15-30% YoY | Flat 12-1 momentum | Six-month return is positive | P/E around its own history | Cheaper than sector peers | PEG below 0.8 -- growth is underpriced | ROCE above 24% (5y avg) -- quality floor is strong | Low leverage supports the momentum setup | Price is testing the 200-day average | Weekly trend is flattening,Revenue growth is decelerating | ADX shows little trend strength,,,medium,False,2026-06-30
239,AIIL.NS,45.8,weak,45.8,0.0,0.857,True,Financial Services,Quarterly revenue growth 15-25% YoY | Six-month return 12-25% | P/E is high versus own history | Valuation in line with sector peers | PEG 0.8-1.5 -- growth reasonably priced | ROCE above 24% (5y avg) -- quality floor is strong | Low leverage supports the momentum setup | Price is above the 200-day average | Weekly trend is positive | ADX shows a weak trend,Quarterly EPS is shrinking | Negative 12-1 momentum,,,medium,False,2026-06-30
240,NATCOPHARM.NS,45.8,weak,45.8,0.0,0.786,True,Healthcare,Mild 12-1 momentum | P/E below its own median | Materially cheaper than sector peers | ROCE 18-24% (5y avg) | Low leverage supports the momentum setup | ADX shows a weak trend,Quarterly revenue is flat or shrinking | Quarterly EPS is shrinking | Negative six-month return | Price is below the 200-day average | Weekly trend is negative,,,medium,False,2026-06-30
241,LINDEINDIA.NS,45.8,weak,45.8,0.0,1.0,True,Chemicals,Revenue growth accelerated by 10pp+ YoY | EPS growth accelerated sharply | Quarterly revenue growth 15-25% YoY | Flat 12-1 momentum | P/E around its own history | PEG below 0.8 -- growth is underpriced | ROCE 12-18% (5y avg) | Low leverage supports the momentum setup | ADX confirms a tradable trend,Quarterly EPS is shrinking | Negative six-month return | Expensive versus sector peers | Price is below the 200-day average | Weekly trend is negative,,,medium,False,2026-06-30
242,TITAGARH.NS,45.7,weak,45.7,0.0,0.786,True,Capital Goods,Quarterly revenue growth is positive | Six-month return above 25% | P/E around its own history | Valuation in line with sector peers | PEG below 0.8 -- growth is underpriced | ROCE 12-18% (5y avg) | Manageable leverage | Price is above the 200-day average | Weekly trend is positive | ADX shows a weak trend,Negative 12-1 momentum,,,medium,False,2026-06-30
243,MUTHOOTFIN.NS,45.6,weak,45.6,0.0,0.786,True,Financial Services,Quarterly revenue growth above 25% YoY | Quarterly EPS growth above 30% YoY | Flat 12-1 momentum | P/E is high versus own history | Cheaper than sector peers | PEG below 0.8 -- growth is underpriced | ROE above 18% (5y avg) -- strong lender quality floor | ADX shows a weak trend,Negative six-month return | Price is below the 200-day average | Weekly trend is negative,,Lender: ROE substitutes for ROCE; asset quality is not captured here.,medium,True,2026-06-30
244,OBEROIRLTY.NS,45.6,weak,45.6,0.0,1.0,True,Realty,Quarterly revenue growth above 25% YoY | Quarterly EPS growth 15-30% YoY | Mild 12-1 momentum | Six-month return 12-25% | P/E is high versus own history | Cheaper than sector peers | PEG 0.8-1.5 -- growth reasonably priced | ROCE 12-18% (5y avg) | Low leverage supports the momentum setup | Price is above the 200-day average | Weekly trend is flattening | ADX shows a weak trend,Revenue growth is decelerating | EPS growth is decelerating,,,medium,False,2026-06-30
245,ADANIGREEN.NS,45.5,weak,45.5,0.0,0.929,True,Power,Quarterly revenue growth 15-25% YoY | Quarterly EPS growth 15-30% YoY | Strong 12-1 momentum -- persistent medium-term trend | Six-month return above 25% | P/E around its own history | Price is comfortably above the 200-day average | ADX shows a weak trend,EPS growth is decelerating | Expensive versus sector peers | PEG above 2.5 -- little re-rating room | ROCE below 12% -- weak quality floor | High leverage -- momentum can unwind violently | Weekly trend is negative,,,medium,False,2026-06-30
246,HUDCO.NS,45.4,weak,45.4,0.0,0.786,True,Financial Services,Quarterly revenue growth above 25% YoY | Quarterly EPS growth above 30% YoY | Six-month return is positive | P/E around its own history | Cheaper than sector peers | PEG below 0.8 -- growth is underpriced | ROE 14-18% (5y avg) | ADX shows a weak trend,Negative 12-1 momentum | Price is below the 200-day average | Weekly trend is negative,,Lender: ROE substitutes for ROCE; asset quality is not captured here.,medium,True,2026-06-30
247,CUMMINSIND.NS,45.3,weak,45.3,0.0,1.0,True,Capital Goods,Quarterly revenue growth 15-25% YoY | Quarterly EPS growth is positive but modest | Positive 12-1 momentum | Six-month return is positive | Valuation in line with sector peers | ROCE above 24% (5y avg) -- quality floor is strong | Low leverage supports the momentum setup | Price is above the 200-day average | ADX confirms a strong trend,Revenue growth is decelerating | EPS growth is decelerating | P/E leaves little own-history re-rating room | PEG above 2.5 -- little re-rating room | Weekly trend is negative,,,medium,False,2026-06-30
248,MSUMI.NS,45.1,weak,45.1,0.0,0.929,True,Automobile and Auto Components,Revenue growth broadly stable | EPS growth broadly stable | Quarterly revenue growth above 25% YoY | Quarterly EPS growth is positive but modest | P/E has substantial room to re-rate vs own history | Valuation in line with sector peers | ROCE above 24% (5y avg) -- quality floor is strong | Low leverage supports the momentum setup | ADX confirms a strong trend,Negative 12-1 momentum | Negative six-month return | Price is below the 200-day average | Weekly trend is negative,,,medium,False,2026-06-30
249,CHOICEIN.NS,45.0,weak,45.0,0.0,1.0,True,Financial Services,Revenue growth accelerated by 10pp+ YoY | EPS growth broadly stable | Quarterly revenue growth above 25% YoY | Quarterly EPS growth 15-30% YoY | Flat 12-1 momentum | Six-month return 12-25% | P/E is high versus own history | ROCE 12-18% (5y avg) | Manageable leverage | Price is above the 200-day average | Weekly trend is flattening | ADX confirms a tradable trend,Expensive versus sector peers | PEG above 2.5 -- little re-rating room,,,medium,False,2026-06-30
250,LTTS.NS,44.9,weak,44.9,0.0,1.0,True,Information Technology,Revenue growth broadly stable | EPS growth acceleration is positive | Quarterly revenue growth is positive | Quarterly EPS growth is positive but modest | P/E has substantial room to re-rate vs own history | Valuation in line with sector peers | PEG 1.5-2.5 -- some growth priced in | ROCE above 24% (5y avg) -- quality floor is strong | Low leverage supports the momentum setup | ADX confirms a tradable trend,Negative 12-1 momentum | Negative six-month return | Price is below the 200-day average | Weekly trend is negative,,,medium,False,2026-06-30
251,MGL.NS,44.9,weak,44.9,0.0,0.929,True,Oil Gas & Consumable Fuels,Revenue growth acceleration is positive | EPS growth acceleration is positive | Quarterly revenue growth is positive | Six-month return is positive | P/E around its own history | Valuation in line with sector peers | ROCE above 24% (5y avg) -- quality floor is strong | Low leverage supports the momentum setup | Price is testing the 200-day average | Weekly trend is flattening | ADX shows a weak trend,Quarterly EPS is shrinking | Negative 12-1 momentum,,,medium,False,2026-06-30
252,ADANIPORTS.NS,44.8,weak,44.8,0.0,1.0,True,Services,EPS growth broadly stable | Quarterly revenue growth 15-25% YoY | Quarterly EPS growth is positive but modest | Positive 12-1 momentum | Six-month return above 25% | Valuation in line with sector peers | Manageable leverage | Price is comfortably above the 200-day average | Weekly trend is positive | ADX confirms a tradable trend,Revenue growth is decelerating | P/E leaves little own-history re-rating room | PEG above 2.5 -- little re-rating room | ROCE below 12% -- weak quality floor,,,medium,False,2026-06-30
253,BHARATFORG.NS,44.7,weak,44.7,0.0,0.786,True,Automobile and Auto Components,Quarterly revenue growth 15-25% YoY | Strong 12-1 momentum -- persistent medium-term trend | Six-month return 12-25% | Elevated leverage | Price is above the 200-day average | Weekly trend is flattening | ADX confirms a tradable trend,Quarterly EPS is shrinking | P/E leaves little own-history re-rating room | Expensive versus sector peers | ROCE below 12% -- weak quality floor,,,medium,False,2026-06-30
254,GALLANTT.NS,44.3,weak,44.3,0.0,0.929,True,Capital Goods,Revenue growth accelerated by 10pp+ YoY | EPS growth accelerated sharply | Quarterly revenue growth is positive | Quarterly EPS growth is positive but modest | Six-month return is positive | P/E is high versus own history | Cheaper than sector peers | ROCE 12-18% (5y avg) | Low leverage supports the momentum setup | ADX shows a weak trend,Negative 12-1 momentum | Price is below the 200-day average | Weekly trend is negative,,,medium,False,2026-03-31
255,VEDL.NS,44.2,weak,44.2,0.0,1.0,True,Metals & Mining,Revenue growth acceleration is positive | Quarterly revenue growth above 25% YoY | Quarterly EPS growth above 30% YoY | P/E around its own history | Materially cheaper than sector peers | PEG below 0.8 -- growth is underpriced | ROCE 18-24% (5y avg) | Manageable leverage | ADX shows a weak trend,EPS growth is decelerating | Negative 12-1 momentum | Negative six-month return | Price is below the 200-day average | Weekly trend is negative,,,medium,False,2026-06-30
256,PWL.NS,44.2,insufficient data,52.2,8.0,0.571,False,Consumer Services,Quarterly revenue growth 15-25% YoY | Six-month return above 25% | Low leverage supports the momentum setup | Price is comfortably above the 200-day average | Weekly trend is firmly positive | ADX shows a weak trend,Revenue growth is decelerating | ROCE below 12% -- weak quality floor,Currently loss-making (-8),Low data coverage (57% of criteria applied) -- this score is not directly comparable to a fully-measured one,medium,False,2026-06-30
257,CDSL.NS,44.2,weak,44.2,0.0,0.929,True,Financial Services,EPS growth accelerated sharply | Quarterly revenue growth is positive | Quarterly EPS growth is positive but modest | Six-month return 12-25% | P/E is high versus own history | ROCE above 24% (5y avg) -- quality floor is strong | Low leverage supports the momentum setup | Price is above the 200-day average | Weekly trend is positive | ADX shows a weak trend,Revenue growth is decelerating | Negative 12-1 momentum | Expensive versus sector peers,,,medium,False,2026-06-30
258,POLYMED.NS,44.1,weak,44.1,0.0,0.786,True,Healthcare,Quarterly revenue growth above 25% YoY | Six-month return above 25% | P/E is high versus own history | Valuation in line with sector peers | ROCE 12-18% (5y avg) | Low leverage supports the momentum setup | Price is comfortably above the 200-day average | Weekly trend is firmly positive | ADX shows a weak trend,Quarterly EPS is shrinking | Negative 12-1 momentum,,,medium,False,2026-06-30
259,ICICIBANK.NS,44.0,weak,44.0,0.0,0.857,True,Financial Services,EPS growth acceleration is positive | Quarterly revenue growth is positive | Quarterly EPS growth is positive but modest | Flat 12-1 momentum | Six-month return is positive | Cheaper than sector peers | PEG 0.8-1.5 -- growth reasonably priced | ROE 14-18% (5y avg) | Price is above the 200-day average | Weekly trend is positive | ADX shows a weak trend,P/E leaves little own-history re-rating room,,Lender: ROE substitutes for ROCE; asset quality is not captured here.,medium,True,2026-06-30
260,DABUR.NS,43.9,weak,43.9,0.0,1.0,True,Fast Moving Consumer Goods,Revenue growth broadly stable | EPS growth broadly stable | Quarterly revenue growth is positive | Quarterly EPS growth 15-30% YoY | P/E has substantial room to re-rate vs own history | Cheaper than sector peers | PEG 1.5-2.5 -- some growth priced in | ROCE 18-24% (5y avg) | Low leverage supports the momentum setup | ADX confirms a strong trend,Negative 12-1 momentum | Negative six-month return | Price is below the 200-day average | Weekly trend is negative,,,medium,False,2026-06-30
261,HAVELLS.NS,43.8,weak,43.8,0.0,0.929,True,Consumer Durables,Revenue growth accelerated by 10pp+ YoY | Quarterly revenue growth 15-25% YoY | P/E has substantial room to re-rate vs own history | Cheaper than sector peers | ROCE 18-24% (5y avg) | Low leverage supports the momentum setup | ADX confirms a strong trend,EPS growth is decelerating | Quarterly EPS is shrinking | Negative 12-1 momentum | Negative six-month return | Price is below the 200-day average | Weekly trend is negative,,,medium,False,2026-06-30
262,RECLTD.NS,43.6,weak,43.6,0.0,0.857,True,Financial Services,Revenue growth broadly stable | EPS growth accelerated sharply | P/E below its own median | Materially cheaper than sector peers | ROE above 18% (5y avg) -- strong lender quality floor | ADX confirms a strong trend,Quarterly revenue is flat or shrinking | Quarterly EPS is shrinking | Negative 12-1 momentum | Negative six-month return | Price is below the 200-day average | Weekly trend is negative,,Lender: ROE substitutes for ROCE; asset quality is not captured here.,medium,True,2026-06-30
263,POONAWALLA.NS,43.5,weak,46.5,3.0,0.929,True,Financial Services,Revenue growth broadly stable | EPS growth accelerated sharply | Quarterly revenue growth above 25% YoY | Quarterly EPS growth above 30% YoY | Mild 12-1 momentum | Six-month return is positive | PEG below 0.8 -- growth is underpriced | Price is above the 200-day average | Weekly trend is flattening | ADX shows a weak trend,P/E leaves little own-history re-rating room | Expensive versus sector peers | ROE below 10% -- weak lender quality floor,Promoters reduced stake 4.9pp over four quarters (-3),Lender: ROE substitutes for ROCE; asset quality is not captured here.,medium,True,2026-06-30
264,INDIGO.NS,43.5,weak,51.5,8.0,0.786,True,Services,Revenue growth accelerated by 10pp+ YoY | EPS growth accelerated sharply | Quarterly revenue growth 15-25% YoY | Flat 12-1 momentum | Six-month return 12-25% | ROCE 12-18% (5y avg) | Price is above the 200-day average | Weekly trend is flattening | ADX confirms a tradable trend,Quarterly EPS is shrinking | High leverage -- momentum can unwind violently,Currently loss-making (-8),,medium,False,2026-06-30
265,AAVAS.NS,43.1,weak,43.1,0.0,0.786,True,Financial Services,Quarterly revenue growth is positive | Quarterly EPS growth 15-30% YoY | Six-month return is positive | P/E has substantial room to re-rate vs own history | Cheaper than sector peers | PEG below 0.8 -- growth is underpriced | ROE 10-14% (5y avg) | ADX shows a weak trend,Negative 12-1 momentum | Price is below the 200-day average | Weekly trend is negative,,Lender: ROE substitutes for ROCE; asset quality is not captured here.,medium,True,2026-06-30
266,INDHOTEL.NS,42.6,weak,42.6,0.0,1.0,True,Consumer Services,Revenue growth broadly stable | EPS growth acceleration is positive | Quarterly revenue growth is positive | Quarterly EPS growth 15-30% YoY | Six-month return 12-25% | P/E is high versus own history | Valuation in line with sector peers | PEG 1.5-2.5 -- some growth priced in | ROCE 12-18% (5y avg) | Low leverage supports the momentum setup | Price is above the 200-day average | Weekly trend is positive,Negative 12-1 momentum | ADX shows little trend strength,,,medium,False,2026-06-30
267,CRISIL.NS,42.5,weak,42.5,0.0,1.0,True,Financial Services,Quarterly revenue growth above 25% YoY | Quarterly EPS growth 15-30% YoY | Six-month return 12-25% | P/E is high versus own history | PEG 1.5-2.5 -- some growth priced in | ROCE above 24% (5y avg) -- quality floor is strong | Low leverage supports the momentum setup | Price is comfortably above the 200-day average | Weekly trend is firmly positive | ADX confirms a strong trend,Revenue growth is decelerating | EPS growth is decelerating | Negative 12-1 momentum | Expensive versus sector peers,,,medium,False,2026-06-30
268,JAINREC.NS,42.4,weak,42.4,0.0,0.714,True,Metals & Mining,Quarterly revenue growth above 25% YoY | Quarterly EPS growth 15-30% YoY | PEG 1.5-2.5 -- some growth priced in | ROCE 18-24% (5y avg) | Elevated leverage | ADX confirms a strong trend,Negative six-month return | Expensive versus sector peers | Price is below the 200-day average | Weekly trend is negative,,,medium,False,2026-06-30
269,GPIL.NS,42.4,weak,42.4,0.0,0.786,True,Capital Goods,Quarterly revenue growth above 25% YoY | Flat 12-1 momentum | P/E below its own median | Cheaper than sector peers | ROCE 18-24% (5y avg) | Low leverage supports the momentum setup | ADX shows a weak trend,Quarterly EPS is shrinking | Negative six-month return | Price is below the 200-day average | Weekly trend is negative,,,medium,False,2026-06-30
270,CONCOR.NS,42.3,weak,42.3,0.0,0.857,True,Services,Quarterly EPS growth is positive but modest | Flat 12-1 momentum | Six-month return is positive | P/E has substantial room to re-rate vs own history | Valuation in line with sector peers | ROCE 12-18% (5y avg) | Low leverage supports the momentum setup | Price is above the 200-day average | Weekly trend is positive | ADX shows a weak trend,Quarterly revenue is flat or shrinking | PEG above 2.5 -- little re-rating room,,,medium,False,2026-06-30
271,BATAINDIA.NS,42.3,weak,42.3,0.0,1.0,True,Consumer Durables,Revenue growth broadly stable | EPS growth accelerated sharply | Quarterly EPS growth 15-30% YoY | Six-month return is positive | P/E has substantial room to re-rate vs own history | Cheaper than sector peers | PEG 1.5-2.5 -- some growth priced in | ROCE 12-18% (5y avg) | Elevated leverage | ADX shows a weak trend,Quarterly revenue is flat or shrinking | Negative 12-1 momentum | Price is below the 200-day average | Weekly trend is negative,,,medium,False,2026-06-30
272,ZYDUSWELL.NS,42.3,weak,42.3,0.0,0.929,True,Fast Moving Consumer Goods,Revenue growth acceleration is positive | EPS growth broadly stable | Quarterly revenue growth above 25% YoY | Flat 12-1 momentum | Six-month return above 25% | Valuation in line with sector peers | Manageable leverage | Price is comfortably above the 200-day average | Weekly trend is firmly positive | ADX confirms a tradable trend,Quarterly EPS is shrinking | P/E leaves little own-history re-rating room | ROCE below 12% -- weak quality floor,,,medium,False,2026-06-30
273,CAMS.NS,42.3,weak,42.3,0.0,0.929,True,Financial Services,Revenue growth broadly stable | Quarterly revenue growth is positive | Quarterly EPS growth 15-30% YoY | Flat 12-1 momentum | Six-month return is positive | P/E around its own history | PEG 1.5-2.5 -- some growth priced in | ROCE above 24% (5y avg) -- quality floor is strong | Low leverage supports the momentum setup | Price is testing the 200-day average | ADX confirms a tradable trend,Expensive versus sector peers | Weekly trend is negative,,,medium,False,2026-06-30
274,PNB.NS,42.2,weak,42.2,0.0,0.929,True,Financial Services,Revenue growth broadly stable | EPS growth accelerated sharply | Quarterly EPS growth above 30% YoY | Mild 12-1 momentum | Six-month return is positive | Cheaper than sector peers | Price is above the 200-day average | Weekly trend is positive | ADX shows a weak trend,Quarterly revenue is flat or shrinking | P/E leaves little own-history re-rating room | PEG above 2.5 -- little re-rating room | ROE below 10% -- weak lender quality floor,,Lender: ROE substitutes for ROCE; asset quality is not captured here.,medium,True,2026-06-30
275,INDUSINDBK.NS,42.2,weak,54.2,12.0,0.857,True,Financial Services,Quarterly EPS growth above 30% YoY | Strong 12-1 momentum -- persistent medium-term trend | Six-month return 12-25% | P/E below its own median | PEG below 0.8 -- growth is underpriced | Price is above the 200-day average | Weekly trend is positive,Revenue growth is decelerating | Quarterly revenue is flat or shrinking | Expensive versus sector peers | ROE below 10% -- weak lender quality floor | ADX shows little trend strength,Severe promoter pledging (33% of stake) (-12),Lender: ROE substitutes for ROCE; asset quality is not captured here.,medium,True,2026-06-30
276,MEDANTA.NS,42.1,weak,42.1,0.0,0.786,True,Healthcare,Quarterly revenue growth above 25% YoY | Flat 12-1 momentum | Six-month return above 25% | ROCE 12-18% (5y avg) | Manageable leverage | Price is comfortably above the 200-day average | Weekly trend is firmly positive | ADX confirms a tradable trend,Quarterly EPS is shrinking | P/E leaves little own-history re-rating room | Expensive versus sector peers,,,medium,False,2026-06-30
277,COLPAL.NS,42.1,weak,42.1,0.0,1.0,True,Fast Moving Consumer Goods,Revenue growth broadly stable | EPS growth acceleration is positive | Quarterly revenue growth is positive | Quarterly EPS growth is positive but modest | P/E below its own median | Valuation in line with sector peers | ROCE above 24% (5y avg) -- quality floor is strong | Low leverage supports the momentum setup | ADX confirms a strong trend,Negative 12-1 momentum | Negative six-month return | PEG above 2.5 -- little re-rating room | Price is below the 200-day average | Weekly trend is negative,,,medium,False,2026-06-30
278,LUPIN.NS,41.9,weak,41.9,0.0,1.0,True,Healthcare,Revenue growth broadly stable | Quarterly revenue growth above 25% YoY | Quarterly EPS growth 15-30% YoY | Mild 12-1 momentum | P/E is high versus own history | Materially cheaper than sector peers | PEG 0.8-1.5 -- growth reasonably priced | ROCE 12-18% (5y avg) | Manageable leverage | ADX confirms a strong trend,EPS growth is decelerating | Negative six-month return | Price is below the 200-day average | Weekly trend is negative,,,medium,False,2026-06-30
279,BAJAJHFL.NS,41.9,weak,44.9,3.0,0.929,True,Financial Services,Revenue growth broadly stable | EPS growth acceleration is positive | Quarterly revenue growth 15-25% YoY | Quarterly EPS growth 15-30% YoY | Six-month return is positive | P/E has substantial room to re-rate vs own history | Valuation in line with sector peers | PEG 0.8-1.5 -- growth reasonably priced | ROE 10-14% (5y avg) | Price is testing the 200-day average | Weekly trend is flattening,Negative 12-1 momentum | ADX shows little trend strength,Promoters reduced stake 2.0pp over four quarters (-3),Lender: ROE substitutes for ROCE; asset quality is not captured here.,medium,True,2026-06-30
280,HEXT.NS,41.7,weak,41.7,0.0,0.857,True,Information Technology,Revenue growth acceleration is positive | Quarterly revenue growth 15-25% YoY | Six-month return 12-25% | Cheaper than sector peers | ROCE above 24% (5y avg) -- quality floor is strong | Low leverage supports the momentum setup | ADX shows a weak trend,EPS growth is decelerating | Quarterly EPS is shrinking | Negative 12-1 momentum | Price is below the 200-day average | Weekly trend is negative,,,medium,False,2026-06-30
281,KPIL.NS,41.6,weak,48.6,7.0,1.0,True,Construction,Quarterly EPS growth above 30% YoY | Mild 12-1 momentum | Six-month return above 25% | Cheaper than sector peers | PEG below 0.8 -- growth is underpriced | ROCE 12-18% (5y avg) | Manageable leverage | Price is comfortably above the 200-day average | Weekly trend is firmly positive | ADX confirms a strong trend,Revenue growth is decelerating | EPS growth is decelerating | Quarterly revenue is flat or shrinking | P/E leaves little own-history re-rating room,Elevated promoter pledging (25% of stake) (-7),,medium,False,2026-06-30
282,PVRINOX.NS,41.6,weak,41.6,0.0,0.786,True,Media Entertainment & Publication,Quarterly revenue growth is positive | Flat 12-1 momentum | Six-month return above 25% | P/E below its own median | Valuation in line with sector peers | Elevated leverage | Price is comfortably above the 200-day average | Weekly trend is firmly positive | ADX confirms a strong trend,Revenue growth is decelerating | ROCE below 12% -- weak quality floor,,,medium,False,2026-06-30
283,PFIZER.NS,41.6,weak,41.6,0.0,0.857,True,Healthcare,Quarterly revenue growth is positive | Quarterly EPS growth is positive but modest | Flat 12-1 momentum | P/E below its own median | Cheaper than sector peers | ROCE 18-24% (5y avg) | Low leverage supports the momentum setup | ADX confirms a strong trend,Negative six-month return | PEG above 2.5 -- little re-rating room | Price is below the 200-day average | Weekly trend is negative,,,medium,False,2026-06-30
284,TCS.NS,41.5,weak,41.5,0.0,1.0,True,Information Technology,Revenue growth acceleration is positive | Quarterly revenue growth is positive | Quarterly EPS growth is positive but modest | P/E has substantial room to re-rate vs own history | Materially cheaper than sector peers | ROCE above 24% (5y avg) -- quality floor is strong | Low leverage supports the momentum setup | ADX shows a weak trend,EPS growth is decelerating | Negative 12-1 momentum | Negative six-month return | PEG above 2.5 -- little re-rating room | Price is below the 200-day average | Weekly trend is negative,,,medium,False,2026-06-30
285,BHARTIHEXA.NS,41.4,weak,41.4,0.0,1.0,True,Telecommunication,Revenue growth acceleration is positive | EPS growth accelerated sharply | Quarterly revenue growth is positive | Quarterly EPS growth 15-30% YoY | Six-month return is positive | P/E around its own history | Valuation in line with sector peers | PEG 1.5-2.5 -- some growth priced in | ROCE 12-18% (5y avg) | Elevated leverage | Price is testing the 200-day average | Weekly trend is flattening,Negative 12-1 momentum | ADX shows little trend strength,,,medium,False,2026-06-30
286,INTELLECT.NS,41.4,weak,41.4,0.0,1.0,True,Information Technology,Revenue growth broadly stable | EPS growth accelerated sharply | Quarterly revenue growth 15-25% YoY | Quarterly EPS growth is positive but modest | Six-month return is positive | P/E below its own median | Valuation in line with sector peers | ROCE 12-18% (5y avg) | Low leverage supports the momentum setup | ADX shows a weak trend,Negative 12-1 momentum | PEG above 2.5 -- little re-rating room | Price is below the 200-day average | Weekly trend is negative,,,medium,False,2026-06-30
287,RBLBANK.NS,41.3,weak,41.3,0.0,0.929,True,Financial Services,Strong 12-1 momentum -- persistent medium-term trend | Six-month return above 25% | PEG below 0.8 -- growth is underpriced | Price is comfortably above the 200-day average | Weekly trend is firmly positive | ADX confirms a tradable trend,Revenue growth is decelerating | EPS growth is decelerating | Quarterly revenue is flat or shrinking | Quarterly EPS is shrinking | P/E leaves little own-history re-rating room | Expensive versus sector peers | ROE below 10% -- weak lender quality floor,,Lender: ROE substitutes for ROCE; asset quality is not captured here.,medium,True,2026-06-30
288,GMDCLTD.NS,41.2,weak,41.2,0.0,0.786,True,Metals & Mining,Quarterly revenue growth 15-25% YoY | Mild 12-1 momentum | Six-month return is positive | Valuation in line with sector peers | ROCE 18-24% (5y avg) | Low leverage supports the momentum setup | Price is testing the 200-day average | Weekly trend is flattening,Quarterly EPS is shrinking | P/E leaves little own-history re-rating room | ADX shows little trend strength,,,medium,False,2026-06-30
289,CGPOWER.NS,41.1,weak,41.1,0.0,1.0,True,Capital Goods,Quarterly revenue growth is positive | Quarterly EPS growth is positive but modest | Mild 12-1 momentum | Six-month return above 25% | ROCE above 24% (5y avg) -- quality floor is strong | Low leverage supports the momentum setup | Price is comfortably above the 200-day average | Weekly trend is positive | ADX shows a weak trend,Revenue growth is decelerating | EPS growth is decelerating | P/E leaves little own-history re-rating room | Expensive versus sector peers | PEG above 2.5 -- little re-rating room,,,medium,False,2026-06-30
290,PREMIERENE.NS,41.0,weak,49.0,8.0,1.0,True,Capital Goods,Quarterly revenue growth above 25% YoY | Quarterly EPS growth above 30% YoY | Flat 12-1 momentum | Six-month return 12-25% | P/E below its own median | Cheaper than sector peers | PEG below 0.8 -- growth is underpriced | ROCE 18-24% (5y avg) | Elevated leverage | Price is above the 200-day average | ADX confirms a tradable trend,Revenue growth is decelerating | EPS growth is decelerating | Weekly trend is negative,Promoters sold down 5.8pp over four quarters (-8),,medium,False,2026-06-30
291,FORCEMOT.NS,41.0,weak,41.0,0.0,0.857,True,Automobile and Auto Components,Quarterly revenue growth is positive | Quarterly EPS growth 15-30% YoY | Flat 12-1 momentum | P/E is high versus own history | Cheaper than sector peers | PEG 0.8-1.5 -- growth reasonably priced | ROCE above 24% (5y avg) -- quality floor is strong | Low leverage supports the momentum setup,Negative six-month return | Price is below the 200-day average | Weekly trend is negative | ADX shows little trend strength,,,medium,False,2026-06-30
292,SBILIFE.NS,40.9,weak,40.9,0.0,0.929,True,Financial Services,Revenue growth accelerated by 10pp+ YoY | EPS growth accelerated sharply | Quarterly revenue growth 15-25% YoY | Quarterly EPS growth 15-30% YoY | Flat 12-1 momentum | P/E is high versus own history | ROCE 12-18% (5y avg) | ADX confirms a strong trend,Negative six-month return | Expensive versus sector peers | PEG above 2.5 -- little re-rating room | Price is below the 200-day average | Weekly trend is negative,,,medium,False,2026-06-30
293,SBICARD.NS,40.8,weak,40.8,0.0,0.929,True,Financial Services,EPS growth acceleration is positive | Quarterly EPS growth 15-30% YoY | P/E has substantial room to re-rate vs own history | Valuation in line with sector peers | PEG 0.8-1.5 -- growth reasonably priced | ROE 14-18% (5y avg) | Weekly trend is positive | ADX confirms a tradable trend,Revenue growth is decelerating | Quarterly revenue is flat or shrinking | Negative 12-1 momentum | Negative six-month return | Price is below the 200-day average,,Lender: ROE substitutes for ROCE; asset quality is not captured here.,medium,True,2026-06-30
294,KFINTECH.NS,40.8,weak,40.8,0.0,0.929,True,Financial Services,Revenue growth acceleration is positive | EPS growth broadly stable | Quarterly revenue growth above 25% YoY | Six-month return is positive | P/E around its own history | ROCE above 24% (5y avg) -- quality floor is strong | Low leverage supports the momentum setup | Price is testing the 200-day average | Weekly trend is flattening | ADX shows a weak trend,Quarterly EPS is shrinking | Negative 12-1 momentum | Expensive versus sector peers,,,medium,False,2026-06-30
295,TATAELXSI.NS,40.6,weak,40.6,0.0,1.0,True,Information Technology,Revenue growth acceleration is positive | Quarterly revenue growth is positive | Quarterly EPS growth 15-30% YoY | P/E has substantial room to re-rate vs own history | PEG 1.5-2.5 -- some growth priced in | ROCE above 24% (5y avg) -- quality floor is strong | Low leverage supports the momentum setup | ADX confirms a tradable trend,EPS growth is decelerating | Negative 12-1 momentum | Negative six-month return | Expensive versus sector peers | Price is below the 200-day average | Weekly trend is negative,,,medium,False,2026-06-30
296,UNITDSPR.NS,40.5,weak,40.5,0.0,1.0,True,Fast Moving Consumer Goods,Revenue growth broadly stable | Quarterly revenue growth is positive | Quarterly EPS growth is positive but modest | Mild 12-1 momentum | Six-month return is positive | P/E is high versus own history | ROCE above 24% (5y avg) -- quality floor is strong | Low leverage supports the momentum setup | Price is above the 200-day average | Weekly trend is flattening | ADX confirms a strong trend,EPS growth is decelerating | Expensive versus sector peers | PEG above 2.5 -- little re-rating room,,,medium,False,2026-06-30
297,ENDURANCE.NS,40.4,weak,40.4,0.0,0.857,True,Automobile and Auto Components,Quarterly revenue growth above 25% YoY | Quarterly EPS growth is positive but modest | Flat 12-1 momentum | Six-month return 12-25% | Valuation in line with sector peers | ROCE 12-18% (5y avg) | Low leverage supports the momentum setup | Price is above the 200-day average | Weekly trend is flattening | ADX confirms a tradable trend,P/E leaves little own-history re-rating room | PEG above 2.5 -- little re-rating room,,,medium,False,2026-06-30
298,TRENT.NS,40.3,weak,40.3,0.0,0.857,True,Consumer Services,Quarterly revenue growth 15-25% YoY | Quarterly EPS growth 15-30% YoY | Six-month return 12-25% | P/E around its own history | ROCE above 24% (5y avg) -- quality floor is strong | Manageable leverage | Price is testing the 200-day average | ADX shows a weak trend,Negative 12-1 momentum | Expensive versus sector peers | PEG above 2.5 -- little re-rating room | Weekly trend is negative,,,medium,False,2026-06-30
299,TTML.NS,40.3,weak,40.3,0.0,0.714,True,Telecommunication,Revenue growth accelerated by 10pp+ YoY | Quarterly revenue growth is positive | P/E has substantial room to re-rate vs own history | ROCE above 24% (5y avg) -- quality floor is strong,Negative 12-1 momentum | Negative six-month return | Expensive versus sector peers | Price is below the 200-day average | Weekly trend is negative | ADX shows little trend strength,,,medium,False,2026-06-30
300,NSLNISP.NS,40.3,weak,40.3,0.0,0.857,True,Metals & Mining,Quarterly revenue growth is positive | Quarterly EPS growth above 30% YoY | Flat 12-1 momentum | Six-month return 12-25% | P/E around its own history | PEG 0.8-1.5 -- growth reasonably priced | Manageable leverage | Price is above the 200-day average | Weekly trend is flattening | ADX confirms a tradable trend,Expensive versus sector peers | ROCE below 12% -- weak quality floor,,,medium,False,2026-06-30
301,ARE&M.NS,40.3,weak,40.3,0.0,1.0,True,Automobile and Auto Components,Revenue growth acceleration is positive | Quarterly revenue growth 15-25% YoY | Quarterly EPS growth 15-30% YoY | Six-month return is positive | P/E around its own history | Cheaper than sector peers | PEG 0.8-1.5 -- growth reasonably priced | ROCE 12-18% (5y avg) | Low leverage supports the momentum setup | ADX confirms a tradable trend,EPS growth is decelerating | Negative 12-1 momentum | Price is below the 200-day average | Weekly trend is negative,,,medium,False,2026-06-30
302,RITES.NS,40.3,weak,40.3,0.0,0.857,True,Construction,Quarterly revenue growth is positive | Quarterly EPS growth is positive but modest | Six-month return is positive | P/E below its own median | Valuation in line with sector peers | ROCE above 24% (5y avg) -- quality floor is strong | Low leverage supports the momentum setup | Price is testing the 200-day average | Weekly trend is flattening,Negative 12-1 momentum | PEG above 2.5 -- little re-rating room | ADX shows little trend strength,,,medium,False,2026-06-30
303,APOLLOHOSP.NS,40.3,weak,40.3,0.0,1.0,True,Healthcare,Revenue growth broadly stable | Quarterly revenue growth 15-25% YoY | Quarterly EPS growth above 30% YoY | Mild 12-1 momentum | Six-month return 12-25% | PEG 1.5-2.5 -- some growth priced in | ROCE 12-18% (5y avg) | Elevated leverage | Price is comfortably above the 200-day average | Weekly trend is positive | ADX shows a weak trend,EPS growth is decelerating | P/E leaves little own-history re-rating room | Expensive versus sector peers,,,medium,False,2026-06-30
304,PHOENIXLTD.NS,40.2,weak,40.2,0.0,1.0,True,Realty,Quarterly revenue growth is positive | Quarterly EPS growth 15-30% YoY | Positive 12-1 momentum | Six-month return 12-25% | PEG 1.5-2.5 -- some growth priced in | ROCE 12-18% (5y avg) | Manageable leverage | Price is above the 200-day average | Weekly trend is positive,Revenue growth is decelerating | EPS growth is decelerating | P/E leaves little own-history re-rating room | Expensive versus sector peers | ADX shows little trend strength,,,medium,False,2026-06-30
305,CHOLAHLDNG.NS,40.2,weak,40.2,0.0,0.786,True,Financial Services,Quarterly revenue growth 15-25% YoY | Quarterly EPS growth above 30% YoY | P/E is high versus own history | Cheaper than sector peers | PEG below 0.8 -- growth is underpriced | ROE 14-18% (5y avg) | ADX confirms a strong trend,Negative 12-1 momentum | Negative six-month return | Price is below the 200-day average | Weekly trend is negative,,Lender: ROE substitutes for ROCE; asset quality is not captured here.,medium,True,2026-06-30
306,PERSISTENT.NS,40.0,weak,40.0,0.0,1.0,True,Information Technology,Revenue growth broadly stable | Quarterly revenue growth above 25% YoY | Quarterly EPS growth is positive but modest | Flat 12-1 momentum | Six-month return 12-25% | P/E is high versus own history | ROCE above 24% (5y avg) -- quality floor is strong | Low leverage supports the momentum setup | Price is above the 200-day average | Weekly trend is positive | ADX shows a weak trend,EPS growth is decelerating | Expensive versus sector peers | PEG above 2.5 -- little re-rating room,,,medium,False,2026-06-30
307,DRREDDY.NS,39.9,weak,39.9,0.0,0.857,True,Healthcare,EPS growth accelerated sharply | P/E around its own history | Cheaper than sector peers | ROCE 18-24% (5y avg) | Low leverage supports the momentum setup | ADX confirms a strong trend,Quarterly revenue is flat or shrinking | Quarterly EPS is shrinking | Negative 12-1 momentum | Negative six-month return | Price is below the 200-day average | Weekly trend is negative,,,medium,False,2026-06-30
308,WAAREEENER.NS,39.7,weak,39.7,0.0,1.0,True,Capital Goods,Quarterly revenue growth above 25% YoY | Quarterly EPS growth is positive but modest | P/E has substantial room to re-rate vs own history | Cheaper than sector peers | PEG 0.8-1.5 -- growth reasonably priced | ROCE above 24% (5y avg) -- quality floor is strong | Manageable leverage | ADX confirms a strong trend,Revenue growth is decelerating | EPS growth is decelerating | Negative 12-1 momentum | Negative six-month return | Price is below the 200-day average | Weekly trend is negative,,,medium,False,2026-06-30
309,ABBOTINDIA.NS,39.6,weak,39.6,0.0,0.857,True,Healthcare,Quarterly EPS growth 15-30% YoY | P/E around its own history | Cheaper than sector peers | PEG 1.5-2.5 -- some growth priced in | ROCE above 24% (5y avg) -- quality floor is strong | Low leverage supports the momentum setup | Price is testing the 200-day average | ADX confirms a tradable trend,Quarterly revenue is flat or shrinking | Negative 12-1 momentum | Negative six-month return | Weekly trend is negative,,,medium,False,2026-06-30
310,UTIAMC.NS,39.3,weak,39.3,0.0,1.0,True,Financial Services,EPS growth accelerated sharply | Quarterly EPS growth 15-30% YoY | P/E around its own history | Valuation in line with sector peers | PEG 0.8-1.5 -- growth reasonably priced | ROCE 18-24% (5y avg) | Low leverage supports the momentum setup | Price is testing the 200-day average | Weekly trend is flattening,Revenue growth is decelerating | Quarterly revenue is flat or shrinking | Negative 12-1 momentum | Negative six-month return | ADX shows little trend strength,,,medium,False,2026-06-30
311,JSWINFRA.NS,39.2,weak,47.2,8.0,0.929,True,Services,Revenue growth broadly stable | EPS growth acceleration is positive | Quarterly revenue growth 15-25% YoY | Mild 12-1 momentum | Six-month return above 25% | ROCE 12-18% (5y avg) | Manageable leverage | Price is comfortably above the 200-day average | Weekly trend is firmly positive,Quarterly EPS is shrinking | P/E leaves little own-history re-rating room | Expensive versus sector peers | ADX shows little trend strength,Promoters sold down 9.7pp over four quarters (-8),,medium,False,2026-06-30
312,AEGISVOPAK.NS,39.0,weak,39.0,0.0,0.786,True,Oil Gas & Consumable Fuels,Quarterly revenue growth is positive | Mild 12-1 momentum | Six-month return above 25% | Elevated leverage | Price is comfortably above the 200-day average | Weekly trend is firmly positive | ADX confirms a tradable trend,Quarterly EPS is shrinking | Expensive versus sector peers | PEG above 2.5 -- little re-rating room | ROCE below 12% -- weak quality floor,,,medium,False,2026-06-30
313,SBFC.NS,39.0,weak,39.0,0.0,0.929,True,Financial Services,Revenue growth broadly stable | EPS growth broadly stable | Quarterly revenue growth above 25% YoY | Quarterly EPS growth 15-30% YoY | Six-month return is positive | P/E is high versus own history | Valuation in line with sector peers | PEG 0.8-1.5 -- growth reasonably priced | ROE 10-14% (5y avg) | Price is above the 200-day average | Weekly trend is positive | ADX confirms a tradable trend,Negative 12-1 momentum,,Lender: ROE substitutes for ROCE; asset quality is not captured here.,medium,True,2026-06-30
314,IGL.NS,39.0,weak,39.0,0.0,0.786,True,Oil Gas & Consumable Fuels,Quarterly revenue growth 15-25% YoY | P/E has substantial room to re-rate vs own history | Valuation in line with sector peers | ROCE 18-24% (5y avg) | Low leverage supports the momentum setup | Weekly trend is flattening | ADX shows a weak trend,Quarterly EPS is shrinking | Negative 12-1 momentum | Negative six-month return | Price is below the 200-day average,,,medium,False,2026-06-30
315,LICHSGFIN.NS,39.0,weak,39.0,0.0,0.929,True,Financial Services,EPS growth broadly stable | Quarterly EPS growth is positive but modest | Six-month return 12-25% | P/E is high versus own history | Materially cheaper than sector peers | PEG below 0.8 -- growth is underpriced | ROE 10-14% (5y avg) | Price is above the 200-day average | Weekly trend is firmly positive | ADX confirms a strong trend,Revenue growth is decelerating | Quarterly revenue is flat or shrinking | Negative 12-1 momentum,,Lender: ROE substitutes for ROCE; asset quality is not captured here.,medium,True,2026-06-30
316,COALINDIA.NS,38.9,weak,41.9,3.0,1.0,True,Oil Gas & Consumable Fuels,Revenue growth broadly stable | Quarterly revenue growth is positive | Quarterly EPS growth is positive but modest | Mild 12-1 momentum | Cheaper than sector peers | ROCE above 24% (5y avg) -- quality floor is strong | Low leverage supports the momentum setup | Price is above the 200-day average | Weekly trend is positive | ADX confirms a strong trend,EPS growth is decelerating | Negative six-month return | P/E leaves little own-history re-rating room | PEG above 2.5 -- little re-rating room,Promoters reduced stake 2.0pp over four quarters (-3),,medium,False,2026-06-30
317,NUVAMA.NS,38.9,weak,50.9,12.0,0.929,True,Financial Services,Quarterly revenue growth is positive | Quarterly EPS growth 15-30% YoY | Strong 12-1 momentum -- persistent medium-term trend | Six-month return above 25% | Valuation in line with sector peers | PEG 1.5-2.5 -- some growth priced in | ROCE 12-18% (5y avg) | Price is comfortably above the 200-day average | Weekly trend is positive,Revenue growth is decelerating | P/E leaves little own-history re-rating room | High leverage -- momentum can unwind violently | ADX shows little trend strength,Severe promoter pledging (63% of stake) (-12),,medium,False,2026-06-30
318,YESBANK.NS,38.8,weak,38.8,0.0,0.929,True,Financial Services,Revenue growth broadly stable | Quarterly revenue growth is positive | Quarterly EPS growth above 30% YoY | Mild 12-1 momentum | Six-month return above 25% | Cheaper than sector peers | PEG 1.5-2.5 -- some growth priced in | Price is above the 200-day average | Weekly trend is positive,EPS growth is decelerating | P/E leaves little own-history re-rating room | ROE below 10% -- weak lender quality floor | ADX shows little trend strength,,Lender: ROE substitutes for ROCE; asset quality is not captured here.,medium,True,2026-06-30
319,PIIND.NS,38.7,weak,38.7,0.0,0.786,True,Chemicals,P/E has substantial room to re-rate vs own history | Cheaper than sector peers | ROCE 18-24% (5y avg) | Low leverage supports the momentum setup | ADX confirms a strong trend,Quarterly revenue is flat or shrinking | Quarterly EPS is shrinking | Negative 12-1 momentum | Negative six-month return | Price is below the 200-day average | Weekly trend is negative,,,medium,False,2026-06-30
320,NH.NS,38.6,weak,38.6,0.0,0.857,True,Healthcare,Quarterly revenue growth above 25% YoY | Quarterly EPS growth is positive but modest | Flat 12-1 momentum | Six-month return 12-25% | Valuation in line with sector peers | ROCE 18-24% (5y avg) | Elevated leverage | Price is above the 200-day average | Weekly trend is flattening | ADX shows a weak trend,P/E leaves little own-history re-rating room | PEG above 2.5 -- little re-rating room,,,medium,False,2026-06-30
321,360ONE.NS,38.6,weak,38.6,0.0,1.0,True,Financial Services,Revenue growth accelerated by 10pp+ YoY | EPS growth broadly stable | Quarterly revenue growth above 25% YoY | Quarterly EPS growth is positive but modest | Mild 12-1 momentum | Six-month return is positive | P/E is high versus own history | ROCE 12-18% (5y avg) | Price is testing the 200-day average | ADX confirms a tradable trend,Expensive versus sector peers | PEG above 2.5 -- little re-rating room | High leverage -- momentum can unwind violently | Weekly trend is negative,,,medium,False,2026-06-30
322,KPITTECH.NS,38.5,weak,38.5,0.0,0.786,True,Information Technology,Quarterly revenue growth is positive | P/E has substantial room to re-rate vs own history | Valuation in line with sector peers | ROCE above 24% (5y avg) -- quality floor is strong | Low leverage supports the momentum setup | ADX shows a weak trend,Quarterly EPS is shrinking | Negative 12-1 momentum | Negative six-month return | Price is below the 200-day average | Weekly trend is negative,,,medium,False,2026-06-30
323,AFFLE.NS,38.5,weak,38.5,0.0,1.0,True,Information Technology,Revenue growth broadly stable | EPS growth broadly stable | Quarterly revenue growth 15-25% YoY | Quarterly EPS growth 15-30% YoY | Six-month return 12-25% | P/E is high versus own history | PEG 1.5-2.5 -- some growth priced in | ROCE 12-18% (5y avg) | Low leverage supports the momentum setup | Price is above the 200-day average | Weekly trend is positive | ADX shows a weak trend,Negative 12-1 momentum | Expensive versus sector peers,,,medium,False,2026-06-30
324,CARTRADE.NS,38.5,weak,38.5,0.0,1.0,True,Consumer Services,Quarterly revenue growth 15-25% YoY | Quarterly EPS growth 15-30% YoY | Mild 12-1 momentum | Six-month return above 25% | Low leverage supports the momentum setup | Price is comfortably above the 200-day average | Weekly trend is firmly positive | ADX confirms a strong trend,Revenue growth is decelerating | EPS growth is decelerating | P/E leaves little own-history re-rating room | Expensive versus sector peers | PEG above 2.5 -- little re-rating room | ROCE below 12% -- weak quality floor,,,medium,False,2026-06-30
325,MARUTI.NS,38.4,weak,38.4,0.0,0.929,True,Automobile and Auto Components,Revenue growth acceleration is positive | EPS growth broadly stable | Quarterly revenue growth above 25% YoY | P/E is high versus own history | Cheaper than sector peers | ROCE 18-24% (5y avg) | Low leverage supports the momentum setup | ADX confirms a strong trend,Quarterly EPS is shrinking | Negative 12-1 momentum | Negative six-month return | Price is below the 200-day average | Weekly trend is negative,,,medium,False,2026-06-30
326,TEJASNET.NS,38.4,weak,46.4,8.0,0.833,True,Telecommunication,Revenue growth accelerated by 10pp+ YoY | Quarterly revenue growth above 25% YoY | Six-month return 12-25% | Elevated leverage | Price is comfortably above the 200-day average | Weekly trend is positive | ADX confirms a tradable trend,"Negative 12-1 momentum | Valuation could not be measured -- scored neutral rather than skipped, so a data gap cannot inflate the rank | ROCE below 12% -- weak quality floor",Currently loss-making (-8),"Valuation could not be measured -- scored neutral rather than skipped, so a data gap cannot inflate the rank",medium,False,2026-06-30
327,GODREJCP.NS,38.4,weak,38.4,0.0,1.0,True,Fast Moving Consumer Goods,Revenue growth acceleration is positive | EPS growth broadly stable | Quarterly revenue growth 15-25% YoY | Quarterly EPS growth is positive but modest | P/E has substantial room to re-rate vs own history | Valuation in line with sector peers | ROCE 12-18% (5y avg) | Manageable leverage | ADX confirms a strong trend,Negative 12-1 momentum | Negative six-month return | PEG above 2.5 -- little re-rating room | Price is below the 200-day average | Weekly trend is negative,,,medium,False,2026-06-30
328,BDL.NS,38.3,weak,38.3,0.0,0.857,True,Capital Goods,Quarterly revenue growth above 25% YoY | Quarterly EPS growth above 30% YoY | P/E around its own history | PEG below 0.8 -- growth is underpriced | ROCE 12-18% (5y avg) | Low leverage supports the momentum setup | ADX confirms a tradable trend,Negative 12-1 momentum | Negative six-month return | Expensive versus sector peers | Price is below the 200-day average | Weekly trend is negative,,,medium,False,2026-06-30
329,UNOMINDA.NS,38.3,weak,38.3,0.0,0.857,True,Automobile and Auto Components,Quarterly revenue growth 15-25% YoY | Quarterly EPS growth is positive but modest | Flat 12-1 momentum | Six-month return 12-25% | ROCE 18-24% (5y avg) | Manageable leverage | Price is above the 200-day average | Weekly trend is positive | ADX shows a weak trend,P/E leaves little own-history re-rating room | Expensive versus sector peers | PEG above 2.5 -- little re-rating room,,,medium,False,2026-06-30
330,IRFC.NS,38.2,weak,41.2,3.0,0.929,True,Financial Services,Revenue growth accelerated by 10pp+ YoY | EPS growth acceleration is positive | Quarterly revenue growth 15-25% YoY | Quarterly EPS growth is positive but modest | P/E around its own history | Cheaper than sector peers | PEG 1.5-2.5 -- some growth priced in | ROE 10-14% (5y avg) | ADX confirms a strong trend,Negative 12-1 momentum | Negative six-month return | Price is below the 200-day average | Weekly trend is negative,Promoters reduced stake 3.5pp over four quarters (-3),Lender: ROE substitutes for ROCE; asset quality is not captured here.,medium,True,2026-06-30
331,DCMSHRIRAM.NS,38.2,weak,38.2,0.0,0.929,True,Diversified,EPS growth accelerated sharply | Quarterly revenue growth is positive | Quarterly EPS growth above 30% YoY | P/E around its own history | PEG below 0.8 -- growth is underpriced | ROCE 12-18% (5y avg) | Manageable leverage | ADX shows a weak trend,Revenue growth is decelerating | Negative 12-1 momentum | Negative six-month return | Price is below the 200-day average | Weekly trend is negative,,,medium,False,2026-06-30
332,PFC.NS,38.0,weak,38.0,0.0,0.786,True,Financial Services,Quarterly EPS growth is positive but modest | Flat 12-1 momentum | P/E around its own history | Materially cheaper than sector peers | PEG 1.5-2.5 -- some growth priced in | ROE above 18% (5y avg) -- strong lender quality floor | ADX confirms a strong trend,Quarterly revenue is flat or shrinking | Negative six-month return | Price is below the 200-day average | Weekly trend is negative,,Lender: ROE substitutes for ROCE; asset quality is not captured here.,medium,True,2026-06-30
333,TENNIND.NS,38.0,weak,38.0,0.0,0.786,True,Automobile and Auto Components,Revenue growth broadly stable | Quarterly revenue growth 15-25% YoY | Valuation in line with sector peers | ROCE above 24% (5y avg) -- quality floor is strong | Low leverage supports the momentum setup | ADX confirms a tradable trend,EPS growth is decelerating | Quarterly EPS is shrinking | Negative six-month return | Price is below the 200-day average | Weekly trend is negative,,,medium,False,2026-06-30
334,SOBHA.NS,37.9,weak,37.9,0.0,1.0,True,Realty,EPS growth accelerated sharply | Quarterly revenue growth above 25% YoY | Quarterly EPS growth above 30% YoY | P/E around its own history | PEG below 0.8 -- growth is underpriced | Low leverage supports the momentum setup | ADX confirms a strong trend,Revenue growth is decelerating | Negative 12-1 momentum | Negative six-month return | Expensive versus sector peers | ROCE below 12% -- weak quality floor | Price is below the 200-day average | Weekly trend is negative,,,medium,False,2026-06-30
335,HOMEFIRST.NS,37.9,weak,45.9,8.0,0.929,True,Financial Services,Revenue growth broadly stable | EPS growth acceleration is positive | Quarterly revenue growth 15-25% YoY | Quarterly EPS growth above 30% YoY | Six-month return 12-25% | Valuation in line with sector peers | PEG below 0.8 -- growth is underpriced | ROE 10-14% (5y avg) | Price is above the 200-day average | Weekly trend is positive | ADX shows a weak trend,Negative 12-1 momentum | P/E leaves little own-history re-rating room,Promoters sold down 5.5pp over four quarters (-8),Lender: ROE substitutes for ROCE; asset quality is not captured here.,medium,True,2026-06-30
336,MANKIND.NS,37.8,weak,37.8,0.0,1.0,True,Healthcare,Revenue growth broadly stable | EPS growth broadly stable | Quarterly revenue growth is positive | Quarterly EPS growth 15-30% YoY | Six-month return is positive | P/E around its own history | Valuation in line with sector peers | PEG 1.5-2.5 -- some growth priced in | ROCE 18-24% (5y avg) | Manageable leverage | Price is testing the 200-day average | ADX confirms a tradable trend,Negative 12-1 momentum | Weekly trend is negative,,,medium,False,2026-06-30
337,IEX.NS,37.6,weak,37.6,0.0,1.0,True,Financial Services,EPS growth broadly stable | Quarterly revenue growth is positive | Quarterly EPS growth is positive but modest | P/E has substantial room to re-rate vs own history | Valuation in line with sector peers | PEG 1.5-2.5 -- some growth priced in | ROCE above 24% (5y avg) -- quality floor is strong | Low leverage supports the momentum setup | ADX confirms a tradable trend,Revenue growth is decelerating | Negative 12-1 momentum | Negative six-month return | Price is below the 200-day average | Weekly trend is negative,,,medium,False,2026-06-30
338,SAGILITY.NS,37.6,weak,45.6,8.0,1.0,True,Information Technology,Revenue growth broadly stable | EPS growth broadly stable | Quarterly revenue growth above 25% YoY | Quarterly EPS growth above 30% YoY | Six-month return 12-25% | P/E is high versus own history | Cheaper than sector peers | PEG below 0.8 -- growth is underpriced | Low leverage supports the momentum setup | Price is above the 200-day average | Weekly trend is positive | ADX confirms a tradable trend,Negative 12-1 momentum | ROCE below 12% -- weak quality floor,Promoters sold down 16.4pp over four quarters (-8),,medium,False,2026-06-30
339,NBCC.NS,37.5,weak,37.5,0.0,0.857,True,Construction,Quarterly EPS growth 15-30% YoY | Six-month return is positive | P/E around its own history | PEG 1.5-2.5 -- some growth priced in | ROCE above 24% (5y avg) -- quality floor is strong | Low leverage supports the momentum setup | ADX confirms a strong trend,Quarterly revenue is flat or shrinking | Negative 12-1 momentum | Expensive versus sector peers | Price is below the 200-day average | Weekly trend is negative,,,medium,False,2026-06-30
340,APOLLOTYRE.NS,37.4,weak,37.4,0.0,0.857,True,Automobile and Auto Components,Quarterly revenue growth is positive | Quarterly EPS growth above 30% YoY | Six-month return is positive | P/E around its own history | Cheaper than sector peers | PEG below 0.8 -- growth is underpriced | Low leverage supports the momentum setup | Weekly trend is flattening | ADX shows a weak trend,Negative 12-1 momentum | ROCE below 12% -- weak quality floor | Price is below the 200-day average,,,medium,False,2026-06-30
341,MOTILALOFS.NS,37.4,weak,37.4,0.0,0.929,True,Financial Services,Quarterly revenue growth above 25% YoY | Quarterly EPS growth is positive but modest | Flat 12-1 momentum | Six-month return above 25% | Valuation in line with sector peers | ROCE 12-18% (5y avg) | Price is comfortably above the 200-day average | Weekly trend is firmly positive | ADX confirms a strong trend,Revenue growth is decelerating | P/E leaves little own-history re-rating room | PEG above 2.5 -- little re-rating room | High leverage -- momentum can unwind violently,,,medium,False,2026-06-30
342,SUZLON.NS,37.3,weak,37.3,0.0,0.929,True,Capital Goods,EPS growth broadly stable | Quarterly revenue growth 15-25% YoY | Six-month return is positive | P/E around its own history | Cheaper than sector peers | ROCE above 24% (5y avg) -- quality floor is strong | Low leverage supports the momentum setup | ADX confirms a strong trend,Revenue growth is decelerating | Quarterly EPS is shrinking | Negative 12-1 momentum | Price is below the 200-day average | Weekly trend is negative,,,medium,False,2026-06-30
343,VBL.NS,37.2,weak,37.2,0.0,1.0,True,Fast Moving Consumer Goods,Revenue growth broadly stable | Quarterly revenue growth 15-25% YoY | Quarterly EPS growth 15-30% YoY | Six-month return is positive | P/E around its own history | Valuation in line with sector peers | PEG 1.5-2.5 -- some growth priced in | ROCE 18-24% (5y avg) | Low leverage supports the momentum setup | ADX confirms a strong trend,EPS growth is decelerating | Negative 12-1 momentum | Price is below the 200-day average | Weekly trend is negative,,,medium,False,2026-06-30
344,HBLENGINE.NS,36.9,weak,36.9,0.0,0.786,True,Capital Goods,Quarterly revenue growth is positive | Six-month return is positive | P/E is high versus own history | Cheaper than sector peers | ROCE above 24% (5y avg) -- quality floor is strong | Low leverage supports the momentum setup | Weekly trend is flattening | ADX confirms a tradable trend,Quarterly EPS is shrinking | Negative 12-1 momentum | Price is below the 200-day average,,,medium,False,2026-06-30
345,JSWSTEEL.NS,36.8,weak,36.8,0.0,1.0,True,Metals & Mining,Quarterly revenue growth is positive | Quarterly EPS growth above 30% YoY | Mild 12-1 momentum | Six-month return is positive | Cheaper than sector peers | PEG below 0.8 -- growth is underpriced | Elevated leverage | Price is above the 200-day average | Weekly trend is positive | ADX confirms a strong trend,Revenue growth is decelerating | EPS growth is decelerating | P/E leaves little own-history re-rating room | ROCE below 12% -- weak quality floor,,,medium,False,2026-06-30
346,BPCL.NS,36.6,weak,36.6,0.0,0.929,True,Oil Gas & Consumable Fuels,Revenue growth accelerated by 10pp+ YoY | Quarterly revenue growth above 25% YoY | Flat 12-1 momentum | P/E is high versus own history | Cheaper than sector peers | ROCE 18-24% (5y avg) | Manageable leverage | Weekly trend is flattening | ADX shows a weak trend,EPS growth is decelerating | Quarterly EPS is shrinking | Negative six-month return | Price is below the 200-day average,,,medium,False,2026-06-30
347,LEMONTREE.NS,36.6,weak,36.6,0.0,0.857,True,Consumer Services,Quarterly revenue growth is positive | Quarterly EPS growth 15-30% YoY | Six-month return is positive | P/E below its own median | Cheaper than sector peers | PEG 1.5-2.5 -- some growth priced in | ROCE 12-18% (5y avg) | Elevated leverage | ADX confirms a tradable trend,Negative 12-1 momentum | Price is below the 200-day average | Weekly trend is negative,,,medium,False,2026-06-30
348,WIPRO.NS,36.4,weak,36.4,0.0,0.929,True,Information Technology,EPS growth broadly stable | Quarterly revenue growth is positive | Quarterly EPS growth is positive but modest | P/E has substantial room to re-rate vs own history | Materially cheaper than sector peers | ROCE 12-18% (5y avg) | Low leverage supports the momentum setup | ADX shows a weak trend,Negative 12-1 momentum | Negative six-month return | PEG above 2.5 -- little re-rating room | Price is below the 200-day average | Weekly trend is negative,,,medium,False,2026-06-30
349,ACC.NS,36.4,weak,36.4,0.0,0.929,True,Construction Materials,EPS growth acceleration is positive | P/E has substantial room to re-rate vs own history | Materially cheaper than sector peers | ROCE 12-18% (5y avg) | Low leverage supports the momentum setup | ADX confirms a tradable trend,Revenue growth is decelerating | Quarterly revenue is flat or shrinking | Quarterly EPS is shrinking | Negative 12-1 momentum | Negative six-month return | Price is below the 200-day average | Weekly trend is negative,,,medium,False,2026-06-30
350,APTUS.NS,36.4,weak,44.4,8.0,0.929,True,Financial Services,Quarterly revenue growth 15-25% YoY | Quarterly EPS growth 15-30% YoY | Six-month return 12-25% | P/E has substantial room to re-rate vs own history | Cheaper than sector peers | PEG below 0.8 -- growth is underpriced | ROE 14-18% (5y avg) | Price is testing the 200-day average | ADX confirms a tradable trend,Revenue growth is decelerating | EPS growth is decelerating | Negative 12-1 momentum | Weekly trend is negative,Promoters sold down 16.5pp over four quarters (-8),Lender: ROE substitutes for ROCE; asset quality is not captured here.,medium,True,2026-06-30
351,CANFINHOME.NS,36.4,weak,36.4,0.0,0.929,True,Financial Services,Quarterly revenue growth 15-25% YoY | Quarterly EPS growth 15-30% YoY | Mild 12-1 momentum | P/E is high versus own history | Cheaper than sector peers | PEG below 0.8 -- growth is underpriced | ROE 14-18% (5y avg) | ADX shows a weak trend,Revenue growth is decelerating | EPS growth is decelerating | Negative six-month return | Price is below the 200-day average | Weekly trend is negative,,Lender: ROE substitutes for ROCE; asset quality is not captured here.,medium,True,2026-06-30
352,BRIGADE.NS,36.3,weak,36.3,0.0,0.929,True,Realty,Quarterly EPS growth is positive but modest | Six-month return above 25% | P/E around its own history | Cheaper than sector peers | PEG 0.8-1.5 -- growth reasonably priced | Elevated leverage | Price is comfortably above the 200-day average | Weekly trend is firmly positive | ADX confirms a strong trend,Revenue growth is decelerating | Quarterly revenue is flat or shrinking | Negative 12-1 momentum | ROCE below 12% -- weak quality floor,,,medium,False,2026-06-30
353,ITC.NS,36.2,weak,36.2,0.0,0.929,True,Fast Moving Consumer Goods,Revenue growth broadly stable | P/E has substantial room to re-rate vs own history | Cheaper than sector peers | ROCE above 24% (5y avg) -- quality floor is strong | Low leverage supports the momentum setup | ADX confirms a strong trend,EPS growth is decelerating | Quarterly revenue is flat or shrinking | Quarterly EPS is shrinking | Negative 12-1 momentum | Negative six-month return | Price is below the 200-day average | Weekly trend is negative,,,medium,False,2026-06-30
354,JYOTICNC.NS,36.1,weak,43.1,7.0,0.786,True,Capital Goods,Quarterly revenue growth 15-25% YoY | Six-month return above 25% | P/E around its own history | ROCE 12-18% (5y avg) | Manageable leverage | Price is comfortably above the 200-day average | Weekly trend is firmly positive | ADX confirms a strong trend,Quarterly EPS is shrinking | Negative 12-1 momentum | Expensive versus sector peers,Elevated promoter pledging (21% of stake) (-7),,medium,False,2026-06-30
355,HINDUNILVR.NS,36.1,weak,36.1,0.0,1.0,True,Fast Moving Consumer Goods,Revenue growth broadly stable | Quarterly revenue growth is positive | P/E has substantial room to re-rate vs own history | Cheaper than sector peers | ROCE above 24% (5y avg) -- quality floor is strong | Low leverage supports the momentum setup | ADX confirms a strong trend,EPS growth is decelerating | Quarterly EPS is shrinking | Negative 12-1 momentum | Negative six-month return | PEG above 2.5 -- little re-rating room | Price is below the 200-day average | Weekly trend is negative,,,medium,False,2026-06-30
356,CIEINDIA.NS,36.0,weak,36.0,0.0,1.0,True,Automobile and Auto Components,Quarterly revenue growth is positive | Quarterly EPS growth 15-30% YoY | Flat 12-1 momentum | P/E below its own median | Cheaper than sector peers | PEG 0.8-1.5 -- growth reasonably priced | ROCE 12-18% (5y avg) | Low leverage supports the momentum setup | ADX confirms a strong trend,Revenue growth is decelerating | EPS growth is decelerating | Negative six-month return | Price is below the 200-day average | Weekly trend is negative,,,medium,False,2026-06-30
357,HDFCLIFE.NS,35.9,weak,35.9,0.0,1.0,True,Financial Services,Revenue growth accelerated by 10pp+ YoY | EPS growth acceleration is positive | Quarterly revenue growth is positive | Quarterly EPS growth is positive but modest | P/E has substantial room to re-rate vs own history | Low leverage supports the momentum setup | ADX shows a weak trend,Negative 12-1 momentum | Negative six-month return | Expensive versus sector peers | PEG above 2.5 -- little re-rating room | ROCE below 12% -- weak quality floor | Price is below the 200-day average | Weekly trend is negative,,,medium,False,2026-06-30
358,HDFCBANK.NS,35.8,weak,35.8,0.0,0.643,True,Financial Services,P/E has substantial room to re-rate vs own history | Cheaper than sector peers | PEG 0.8-1.5 -- growth reasonably priced | ROE 10-14% (5y avg) | ADX confirms a tradable trend,Negative 12-1 momentum | Negative six-month return | Price is below the 200-day average | Weekly trend is negative,,Lender: ROE substitutes for ROCE; asset quality is not captured here.,medium,True,2025-06-30
359,INDUSTOWER.NS,35.6,weak,35.6,0.0,1.0,True,Telecommunication,Revenue growth broadly stable | EPS growth broadly stable | Quarterly EPS growth is positive but modest | Mild 12-1 momentum | P/E is high versus own history | Cheaper than sector peers | ROCE 18-24% (5y avg) | Manageable leverage | Price is testing the 200-day average | Weekly trend is flattening,Quarterly revenue is flat or shrinking | Negative six-month return | PEG above 2.5 -- little re-rating room | ADX shows little trend strength,,,medium,False,2026-06-30
360,EMAMILTD.NS,35.5,weak,42.5,7.0,0.786,True,Fast Moving Consumer Goods,Quarterly revenue growth is positive | P/E has substantial room to re-rate vs own history | Cheaper than sector peers | ROCE above 24% (5y avg) -- quality floor is strong | Low leverage supports the momentum setup | ADX confirms a tradable trend,Quarterly EPS is shrinking | Negative 12-1 momentum | Negative six-month return | Price is below the 200-day average | Weekly trend is negative,Elevated promoter pledging (16% of stake) (-7),,medium,False,2026-06-30
361,KIMS.NS,35.5,weak,35.5,0.0,0.786,True,Healthcare,Quarterly revenue growth above 25% YoY | Mild 12-1 momentum | Six-month return 12-25% | ROCE 12-18% (5y avg) | Price is above the 200-day average | Weekly trend is flattening | ADX shows a weak trend,Quarterly EPS is shrinking | P/E leaves little own-history re-rating room | Expensive versus sector peers | High leverage -- momentum can unwind violently,,,medium,False,2026-06-30
362,RAILTEL.NS,35.4,weak,35.4,0.0,1.0,True,Telecommunication,EPS growth broadly stable | Quarterly revenue growth 15-25% YoY | P/E below its own median | Cheaper than sector peers | PEG 0.8-1.5 -- growth reasonably priced | ROCE 18-24% (5y avg) | Low leverage supports the momentum setup | ADX shows a weak trend,Revenue growth is decelerating | Quarterly EPS is shrinking | Negative 12-1 momentum | Negative six-month return | Price is below the 200-day average | Weekly trend is negative,,,medium,False,2026-06-30
363,M&M.NS,35.3,weak,35.3,0.0,1.0,True,Automobile and Auto Components,Quarterly revenue growth above 25% YoY | Quarterly EPS growth above 30% YoY | Flat 12-1 momentum | Six-month return is positive | P/E is high versus own history | Cheaper than sector peers | PEG below 0.8 -- growth is underpriced | ROCE 12-18% (5y avg) | Elevated leverage | ADX confirms a strong trend,Revenue growth is decelerating | EPS growth is decelerating | Price is below the 200-day average | Weekly trend is negative,,,medium,False,2026-06-30
364,JPPOWER.NS,35.1,weak,47.1,12.0,1.0,True,Power,Revenue growth acceleration is positive | EPS growth accelerated sharply | Quarterly revenue growth is positive | Quarterly EPS growth above 30% YoY | Six-month return 12-25% | P/E around its own history | Cheaper than sector peers | PEG below 0.8 -- growth is underpriced | Manageable leverage,Negative 12-1 momentum | ROCE below 12% -- weak quality floor | Price is below the 200-day average | Weekly trend is negative | ADX shows little trend strength,Severe promoter pledging (73% of stake) (-12),,medium,False,2026-06-30
365,ETERNAL.NS,35.0,weak,35.0,0.0,1.0,True,Consumer Services,Quarterly revenue growth above 25% YoY | Quarterly EPS growth above 30% YoY | Flat 12-1 momentum | Six-month return above 25% | Low leverage supports the momentum setup | Price is comfortably above the 200-day average | Weekly trend is firmly positive | ADX confirms a tradable trend,Revenue growth is decelerating | EPS growth is decelerating | P/E leaves little own-history re-rating room | Expensive versus sector peers | PEG above 2.5 -- little re-rating room | ROCE below 12% -- weak quality floor,,,medium,False,2026-06-30
366,ZENSARTECH.NS,35.0,weak,35.0,0.0,1.0,True,Information Technology,Revenue growth broadly stable | Quarterly revenue growth is positive | Quarterly EPS growth is positive but modest | P/E below its own median | Materially cheaper than sector peers | ROCE 18-24% (5y avg) | Low leverage supports the momentum setup | ADX confirms a tradable trend,EPS growth is decelerating | Negative 12-1 momentum | Negative six-month return | PEG above 2.5 -- little re-rating room | Price is below the 200-day average | Weekly trend is negative,,,medium,False,2026-06-30
367,HDBFS.NS,35.0,weak,35.0,0.0,0.857,True,Financial Services,Revenue growth broadly stable | Quarterly revenue growth is positive | Quarterly EPS growth above 30% YoY | Six-month return is positive | Valuation in line with sector peers | PEG below 0.8 -- growth is underpriced | ROE 14-18% (5y avg) | Price is testing the 200-day average | Weekly trend is flattening,EPS growth is decelerating | Negative 12-1 momentum | ADX shows little trend strength,,Lender: ROE substitutes for ROCE; asset quality is not captured here.,medium,True,2026-06-30
368,MAPMYINDIA.NS,34.7,avoid,34.7,0.0,0.857,True,Information Technology,Quarterly revenue growth is positive | Quarterly EPS growth is positive but modest | P/E has substantial room to re-rate vs own history | ROCE above 24% (5y avg) -- quality floor is strong | Low leverage supports the momentum setup,Negative 12-1 momentum | Negative six-month return | Expensive versus sector peers | PEG above 2.5 -- little re-rating room | Price is below the 200-day average | Weekly trend is negative | ADX shows little trend strength,,,medium,False,2026-06-30
369,SCHAEFFLER.NS,34.4,avoid,34.4,0.0,1.0,True,Automobile and Auto Components,Revenue growth broadly stable | Quarterly revenue growth 15-25% YoY | Quarterly EPS growth is positive but modest | Flat 12-1 momentum | Six-month return is positive | P/E is high versus own history | Valuation in line with sector peers | ROCE above 24% (5y avg) -- quality floor is strong | Low leverage supports the momentum setup | Price is testing the 200-day average | Weekly trend is flattening,EPS growth is decelerating | PEG above 2.5 -- little re-rating room | ADX shows little trend strength,,,medium,False,2026-06-30
370,SUPREMEIND.NS,34.4,avoid,34.4,0.0,1.0,True,Capital Goods,Quarterly EPS growth above 30% YoY | P/E below its own median | Cheaper than sector peers | PEG 0.8-1.5 -- growth reasonably priced | ROCE 18-24% (5y avg) | Low leverage supports the momentum setup | ADX shows a weak trend,Revenue growth is decelerating | EPS growth is decelerating | Quarterly revenue is flat or shrinking | Negative 12-1 momentum | Negative six-month return | Price is below the 200-day average | Weekly trend is negative,,,medium,False,2026-06-30
371,JUBLFOOD.NS,34.3,avoid,34.3,0.0,0.786,True,Consumer Services,Quarterly revenue growth is positive | Quarterly EPS growth is positive but modest | Six-month return is positive | P/E has substantial room to re-rate vs own history | ROCE 12-18% (5y avg) | Price is testing the 200-day average | Weekly trend is positive | ADX confirms a strong trend,Negative 12-1 momentum | Expensive versus sector peers | High leverage -- momentum can unwind violently,,,medium,False,2026-06-30
372,MAZDOCK.NS,34.1,avoid,34.1,0.0,1.0,True,Capital Goods,Quarterly revenue growth is positive | Quarterly EPS growth 15-30% YoY | Six-month return is positive | P/E is high versus own history | Cheaper than sector peers | PEG 1.5-2.5 -- some growth priced in | ROCE above 24% (5y avg) -- quality floor is strong | Low leverage supports the momentum setup | Price is testing the 200-day average | ADX confirms a tradable trend,Revenue growth is decelerating | EPS growth is decelerating | Negative 12-1 momentum | Weekly trend is negative,,,medium,False,2026-06-30
373,JSWDULUX.NS,34.0,avoid,42.0,8.0,0.929,True,Consumer Durables,Revenue growth accelerated by 10pp+ YoY | Six-month return is positive | P/E is high versus own history | Cheaper than sector peers | ROCE above 24% (5y avg) -- quality floor is strong | Low leverage supports the momentum setup | Price is above the 200-day average | Weekly trend is positive | ADX confirms a strong trend,EPS growth is decelerating | Quarterly revenue is flat or shrinking | Quarterly EPS is shrinking | Negative 12-1 momentum,Promoters sold down 13.6pp over four quarters (-8),,medium,False,2026-06-30
374,ICICIPRULI.NS,33.9,avoid,33.9,0.0,1.0,True,Financial Services,Revenue growth accelerated by 10pp+ YoY | Quarterly revenue growth is positive | Quarterly EPS growth 15-30% YoY | P/E has substantial room to re-rate vs own history | PEG 0.8-1.5 -- growth reasonably priced | Low leverage supports the momentum setup | ADX shows a weak trend,EPS growth is decelerating | Negative 12-1 momentum | Negative six-month return | Expensive versus sector peers | ROCE below 12% -- weak quality floor | Price is below the 200-day average | Weekly trend is negative,,,medium,False,2026-06-30
375,NTPCGREEN.NS,33.9,avoid,33.9,0.0,1.0,True,Power,Revenue growth accelerated by 10pp+ YoY | EPS growth accelerated sharply | Quarterly revenue growth above 25% YoY | P/E has substantial room to re-rate vs own history | ADX shows a weak trend,Quarterly EPS is shrinking | Negative 12-1 momentum | Negative six-month return | Expensive versus sector peers | PEG above 2.5 -- little re-rating room | ROCE below 12% -- weak quality floor | High leverage -- momentum can unwind violently | Price is below the 200-day average | Weekly trend is negative,,,medium,False,2026-03-31
376,JSL.NS,33.9,avoid,33.9,0.0,0.857,True,Metals & Mining,Quarterly revenue growth is positive | Quarterly EPS growth is positive but modest | Six-month return is positive | Valuation in line with sector peers | ROCE 18-24% (5y avg) | Manageable leverage | Price is above the 200-day average | Weekly trend is positive | ADX confirms a tradable trend,Negative 12-1 momentum | P/E leaves little own-history re-rating room | PEG above 2.5 -- little re-rating room,,,medium,False,2026-06-30
377,BAJAJFINSV.NS,33.8,avoid,33.8,0.0,0.857,True,Financial Services,Quarterly revenue growth 15-25% YoY | Quarterly EPS growth is positive but modest | Flat 12-1 momentum | Six-month return is positive | P/E is high versus own history | Valuation in line with sector peers | PEG 1.5-2.5 -- some growth priced in | ROCE 12-18% (5y avg) | Price is above the 200-day average | Weekly trend is positive | ADX confirms a tradable trend,High leverage -- momentum can unwind violently,,,medium,False,2026-06-30
378,BAJAJHLDNG.NS,33.6,avoid,33.6,0.0,0.714,True,Financial Services,Six-month return 12-25% | P/E is high versus own history | Cheaper than sector peers | Low leverage supports the momentum setup | Price is above the 200-day average | Weekly trend is positive | ADX shows a weak trend,Quarterly revenue is flat or shrinking | Quarterly EPS is shrinking | Negative 12-1 momentum,,,medium,False,2026-06-30
379,GILLETTE.NS,33.5,avoid,33.5,0.0,0.857,True,Fast Moving Consumer Goods,Quarterly revenue growth is positive | Quarterly EPS growth is positive but modest | P/E around its own history | Valuation in line with sector peers | ROCE above 24% (5y avg) -- quality floor is strong | Low leverage supports the momentum setup | ADX confirms a tradable trend,Negative 12-1 momentum | Negative six-month return | PEG above 2.5 -- little re-rating room | Price is below the 200-day average | Weekly trend is negative,,,medium,False,2026-06-30
380,NMDC.NS,33.5,avoid,33.5,0.0,1.0,True,Metals & Mining,Quarterly EPS growth is positive but modest | Mild 12-1 momentum | Six-month return is positive | Cheaper than sector peers | ROCE above 24% (5y avg) -- quality floor is strong | Low leverage supports the momentum setup | Price is testing the 200-day average | Weekly trend is flattening,Revenue growth is decelerating | EPS growth is decelerating | Quarterly revenue is flat or shrinking | P/E leaves little own-history re-rating room | PEG above 2.5 -- little re-rating room | ADX shows little trend strength,,,medium,False,2026-06-30
381,PGEL.NS,33.3,avoid,33.3,0.0,0.857,True,Consumer Durables,Quarterly revenue growth above 25% YoY | Quarterly EPS growth is positive but modest | Mild 12-1 momentum | Six-month return is positive | P/E is high versus own history | Low leverage supports the momentum setup | Price is testing the 200-day average | ADX confirms a tradable trend,Expensive versus sector peers | PEG above 2.5 -- little re-rating room | ROCE below 12% -- weak quality floor | Weekly trend is negative,,,medium,False,2026-06-30
382,JBMA.NS,33.2,avoid,33.2,0.0,1.0,True,Automobile and Auto Components,Revenue growth broadly stable | EPS growth broadly stable | Quarterly revenue growth 15-25% YoY | Quarterly EPS growth is positive but modest | Flat 12-1 momentum | Six-month return above 25% | P/E around its own history | ROCE 12-18% (5y avg) | Price is above the 200-day average,Expensive versus sector peers | PEG above 2.5 -- little re-rating room | High leverage -- momentum can unwind violently | Weekly trend is negative | ADX shows little trend strength,,,medium,False,2026-06-30
383,BIKAJI.NS,33.2,avoid,33.2,0.0,0.857,True,Fast Moving Consumer Goods,Quarterly revenue growth is positive | Quarterly EPS growth is positive but modest | P/E below its own median | ROCE 18-24% (5y avg) | Low leverage supports the momentum setup | ADX confirms a strong trend,Negative 12-1 momentum | Negative six-month return | Expensive versus sector peers | PEG above 2.5 -- little re-rating room | Price is below the 200-day average | Weekly trend is negative,,,medium,False,2026-06-30
384,ANURAS.NS,33.1,avoid,40.1,7.0,0.929,True,Chemicals,Revenue growth acceleration is positive | EPS growth accelerated sharply | Quarterly revenue growth above 25% YoY | Quarterly EPS growth is positive but modest | Mild 12-1 momentum | Manageable leverage | Price is testing the 200-day average | Weekly trend is flattening | ADX shows a weak trend,Negative six-month return | P/E leaves little own-history re-rating room | Expensive versus sector peers | ROCE below 12% -- weak quality floor,Elevated promoter pledging (22% of stake) (-7),,medium,False,2026-06-30
385,TORNTPOWER.NS,33.0,avoid,33.0,0.0,0.786,True,Power,Mild 12-1 momentum | P/E around its own history | Valuation in line with sector peers | ROCE 12-18% (5y avg) | Manageable leverage | ADX confirms a strong trend,Quarterly revenue is flat or shrinking | Quarterly EPS is shrinking | Negative six-month return | Price is below the 200-day average | Weekly trend is negative,,,medium,False,2026-06-30
386,ESCORTS.NS,33.0,avoid,33.0,0.0,0.929,True,Capital Goods,Revenue growth acceleration is positive | Quarterly revenue growth above 25% YoY | P/E around its own history | Materially cheaper than sector peers | ROCE 12-18% (5y avg) | Low leverage supports the momentum setup | ADX shows a weak trend,EPS growth is decelerating | Quarterly EPS is shrinking | Negative 12-1 momentum | Negative six-month return | Price is below the 200-day average | Weekly trend is negative,,,medium,False,2026-06-30
387,BIOCON.NS,32.9,avoid,35.9,3.0,0.857,True,Healthcare,Quarterly revenue growth is positive | Quarterly EPS growth above 30% YoY | Mild 12-1 momentum | Six-month return is positive | PEG below 0.8 -- growth is underpriced | Manageable leverage | Price is testing the 200-day average | ADX shows a weak trend,P/E leaves little own-history re-rating room | Expensive versus sector peers | ROCE below 12% -- weak quality floor | Weekly trend is negative,Promoters reduced stake 3.6pp over four quarters (-3),,medium,False,2026-06-30
388,BANKBARODA.NS,32.9,avoid,32.9,0.0,0.857,True,Financial Services,Revenue growth accelerated by 10pp+ YoY | Quarterly revenue growth is positive | Mild 12-1 momentum | P/E is high versus own history | Cheaper than sector peers | ROE 10-14% (5y avg) | ADX shows a weak trend,EPS growth is decelerating | Quarterly EPS is shrinking | Negative six-month return | Price is below the 200-day average | Weekly trend is negative,,Lender: ROE substitutes for ROCE; asset quality is not captured here.,medium,True,2026-06-30
389,LT.NS,32.7,avoid,32.7,0.0,1.0,True,Construction,EPS growth accelerated sharply | Quarterly revenue growth is positive | Quarterly EPS growth is positive but modest | Mild 12-1 momentum | Six-month return 12-25% | PEG 1.5-2.5 -- some growth priced in | Elevated leverage | Price is testing the 200-day average | Weekly trend is flattening,Revenue growth is decelerating | P/E leaves little own-history re-rating room | Expensive versus sector peers | ROCE below 12% -- weak quality floor | ADX shows little trend strength,,,medium,False,2026-06-30
390,OLECTRA.NS,32.7,avoid,32.7,0.0,0.786,True,Automobile and Auto Components,Quarterly revenue growth above 25% YoY | Six-month return above 25% | P/E around its own history | ROCE 12-18% (5y avg) | Manageable leverage | Price is testing the 200-day average,Quarterly EPS is shrinking | Negative 12-1 momentum | Expensive versus sector peers | Weekly trend is negative | ADX shows little trend strength,,,medium,False,2026-06-30
391,ULTRACEMCO.NS,32.5,avoid,32.5,0.0,1.0,True,Construction Materials,Revenue growth broadly stable | Quarterly revenue growth 15-25% YoY | Quarterly EPS growth 15-30% YoY | Flat 12-1 momentum | Six-month return is positive | P/E around its own history | PEG 1.5-2.5 -- some growth priced in | ROCE 12-18% (5y avg) | Manageable leverage | Price is testing the 200-day average | ADX confirms a tradable trend,EPS growth is decelerating | Expensive versus sector peers | Weekly trend is negative,,,medium,False,2026-06-30
392,JSWCEMENT.NS,32.5,avoid,32.5,0.0,0.643,True,Construction Materials,Quarterly revenue growth 15-25% YoY | Six-month return is positive | Materially cheaper than sector peers | Manageable leverage | Price is testing the 200-day average | ADX confirms a strong trend,Negative 12-1 momentum | ROCE below 12% -- weak quality floor | Weekly trend is negative,,,medium,False,2026-06-30
393,INDIAMART.NS,32.4,avoid,32.4,0.0,1.0,True,Consumer Services,EPS growth accelerated sharply | Quarterly revenue growth is positive | Quarterly EPS growth is positive but modest | ROCE above 24% (5y avg) -- quality floor is strong | Low leverage supports the momentum setup | ADX confirms a strong trend,Revenue growth is decelerating | Negative 12-1 momentum | Negative six-month return | P/E leaves little own-history re-rating room | Expensive versus sector peers | PEG above 2.5 -- little re-rating room | Price is below the 200-day average | Weekly trend is negative,,,medium,False,2026-06-30
394,KAYNES.NS,32.4,avoid,32.4,0.0,0.929,True,Capital Goods,Revenue growth accelerated by 10pp+ YoY | EPS growth broadly stable | Quarterly revenue growth above 25% YoY | Six-month return is positive | P/E around its own history | Low leverage supports the momentum setup | ADX confirms a tradable trend,Quarterly EPS is shrinking | Negative 12-1 momentum | Expensive versus sector peers | ROCE below 12% -- weak quality floor | Price is below the 200-day average | Weekly trend is negative,,,medium,False,2026-06-30
395,IOC.NS,32.2,avoid,32.2,0.0,0.929,True,Oil Gas & Consumable Fuels,Revenue growth accelerated by 10pp+ YoY | Quarterly revenue growth above 25% YoY | Flat 12-1 momentum | P/E is high versus own history | Cheaper than sector peers | ROCE 12-18% (5y avg) | Manageable leverage | ADX shows a weak trend,EPS growth is decelerating | Quarterly EPS is shrinking | Negative six-month return | Price is below the 200-day average | Weekly trend is negative,,,medium,False,2026-06-30
396,BLUESTARCO.NS,31.9,avoid,31.9,0.0,0.929,True,Consumer Durables,Revenue growth accelerated by 10pp+ YoY | Quarterly revenue growth is positive | P/E around its own history | ROCE 18-24% (5y avg) | Low leverage supports the momentum setup | Weekly trend is flattening | ADX confirms a tradable trend,EPS growth is decelerating | Quarterly EPS is shrinking | Negative 12-1 momentum | Negative six-month return | Expensive versus sector peers | Price is below the 200-day average,,,medium,False,2026-06-30
397,AADHARHFC.NS,31.9,avoid,39.9,8.0,0.786,True,Financial Services,Quarterly revenue growth 15-25% YoY | Quarterly EPS growth 15-30% YoY | Flat 12-1 momentum | P/E around its own history | Cheaper than sector peers | PEG 0.8-1.5 -- growth reasonably priced | ROE 14-18% (5y avg) | ADX shows a weak trend,Negative six-month return | Price is below the 200-day average | Weekly trend is negative,Promoters sold down 10.8pp over four quarters (-8),Lender: ROE substitutes for ROCE; asset quality is not captured here.,medium,True,2026-06-30
398,DOMS.NS,31.7,avoid,39.7,8.0,0.786,True,Fast Moving Consumer Goods,Quarterly revenue growth 15-25% YoY | Six-month return is positive | P/E has substantial room to re-rate vs own history | ROCE above 24% (5y avg) -- quality floor is strong | Low leverage supports the momentum setup,Quarterly EPS is shrinking | Negative 12-1 momentum | Expensive versus sector peers | Price is below the 200-day average | Weekly trend is negative | ADX shows little trend strength,Promoters sold down 7.0pp over four quarters (-8),,medium,False,2026-06-30
399,CEATLTD.NS,31.7,avoid,31.7,0.0,0.929,True,Automobile and Auto Components,Revenue growth broadly stable | Quarterly revenue growth 15-25% YoY | Mild 12-1 momentum | P/E is high versus own history | Cheaper than sector peers | ROCE 12-18% (5y avg) | Manageable leverage | ADX confirms a tradable trend,EPS growth is decelerating | Quarterly EPS is shrinking | Negative six-month return | Price is below the 200-day average | Weekly trend is negative,,,medium,False,2026-06-30
400,TIINDIA.NS,31.4,avoid,31.4,0.0,0.929,True,Automobile and Auto Components,Quarterly revenue growth 15-25% YoY | Six-month return is positive | P/E below its own median | ROCE above 24% (5y avg) -- quality floor is strong | Low leverage supports the momentum setup | ADX confirms a tradable trend,Revenue growth is decelerating | EPS growth is decelerating | Quarterly EPS is shrinking | Negative 12-1 momentum | Expensive versus sector peers | Price is below the 200-day average | Weekly trend is negative,,,medium,False,2026-06-30
401,TMPV.NS,31.1,avoid,31.1,0.0,0.786,True,Automobile and Auto Components,Quarterly revenue growth is positive | P/E has substantial room to re-rate vs own history | Materially cheaper than sector peers | Manageable leverage | ADX confirms a strong trend,Quarterly EPS is shrinking | Negative 12-1 momentum | Negative six-month return | ROCE below 12% -- weak quality floor | Price is below the 200-day average | Weekly trend is negative,,,medium,False,2026-06-30
402,VOLTAS.NS,31.0,avoid,31.0,0.0,0.857,True,Consumer Durables,Quarterly revenue growth 15-25% YoY | Quarterly EPS growth above 30% YoY | P/E below its own median | PEG 1.5-2.5 -- some growth priced in | Low leverage supports the momentum setup | ADX confirms a tradable trend,Negative 12-1 momentum | Negative six-month return | Expensive versus sector peers | ROCE below 12% -- weak quality floor | Price is below the 200-day average | Weekly trend is negative,,,medium,False,2026-06-30
403,INFY.NS,30.8,avoid,30.8,0.0,0.917,True,Information Technology,Quarterly EPS growth is positive but modest | ROCE above 24% (5y avg) -- quality floor is strong | Low leverage supports the momentum setup | ADX shows a weak trend,"EPS growth is decelerating | Quarterly revenue is flat or shrinking | Negative 12-1 momentum | Negative six-month return | Valuation could not be measured -- scored neutral rather than skipped, so a data gap cannot inflate the rank | Price is below the 200-day average | Weekly trend is negative",,"Valuation could not be measured -- scored neutral rather than skipped, so a data gap cannot inflate the rank | statements in USD but priced in INR; price/statement ratios suppressed (statement-only metrics such as ROCE, margins and CAGR remain valid)",medium,False,2026-06-30
404,COROMANDEL.NS,30.6,avoid,30.6,0.0,0.929,True,Chemicals,EPS growth accelerated sharply | Quarterly revenue growth 15-25% YoY | P/E is high versus own history | Valuation in line with sector peers | ROCE 18-24% (5y avg) | Manageable leverage,Revenue growth is decelerating | Quarterly EPS is shrinking | Negative 12-1 momentum | Negative six-month return | Price is below the 200-day average | Weekly trend is negative | ADX shows little trend strength,,,medium,False,2026-06-30
405,BANDHANBNK.NS,30.4,avoid,33.4,3.0,0.929,True,Financial Services,Quarterly EPS growth above 30% YoY | Flat 12-1 momentum | Six-month return is positive | P/E below its own median | Cheaper than sector peers | PEG below 0.8 -- growth is underpriced | Price is above the 200-day average | Weekly trend is flattening | ADX shows a weak trend,Revenue growth is decelerating | EPS growth is decelerating | Quarterly revenue is flat or shrinking | ROE below 10% -- weak lender quality floor,Promoters reduced stake 3.4pp over four quarters (-3),Lender: ROE substitutes for ROCE; asset quality is not captured here.,medium,True,2026-06-30
406,IRCON.NS,30.3,avoid,30.3,0.0,0.786,True,Construction,Quarterly revenue growth is positive | Quarterly EPS growth is positive but modest | P/E below its own median | Cheaper than sector peers | ROCE 12-18% (5y avg) | Elevated leverage | ADX confirms a tradable trend,Negative 12-1 momentum | Negative six-month return | Price is below the 200-day average | Weekly trend is negative,,,medium,False,2026-06-30
407,TATACONSUM.NS,30.2,avoid,30.2,0.0,1.0,True,Fast Moving Consumer Goods,EPS growth acceleration is positive | Quarterly revenue growth is positive | Quarterly EPS growth 15-30% YoY | Flat 12-1 momentum | P/E around its own history | PEG 1.5-2.5 -- some growth priced in | Low leverage supports the momentum setup | ADX confirms a strong trend,Revenue growth is decelerating | Negative six-month return | Expensive versus sector peers | ROCE below 12% -- weak quality floor | Price is below the 200-day average | Weekly trend is negative,,,medium,False,2026-06-30
408,DLF.NS,30.1,avoid,30.1,0.0,1.0,True,Realty,EPS growth acceleration is positive | Quarterly EPS growth is positive but modest | Six-month return 12-25% | P/E around its own history | Low leverage supports the momentum setup | Price is above the 200-day average | Weekly trend is positive | ADX shows a weak trend,Revenue growth is decelerating | Quarterly revenue is flat or shrinking | Negative 12-1 momentum | Expensive versus sector peers | PEG above 2.5 -- little re-rating room | ROCE below 12% -- weak quality floor,,,medium,False,2026-06-30
409,ALKEM.NS,29.9,avoid,32.9,3.0,0.786,True,Healthcare,Quarterly revenue growth is positive | Flat 12-1 momentum | P/E around its own history | Cheaper than sector peers | ROCE 12-18% (5y avg) | Low leverage supports the momentum setup | ADX confirms a strong trend,Quarterly EPS is shrinking | Negative six-month return | Price is below the 200-day average | Weekly trend is negative,Promoters reduced stake 3.3pp over four quarters (-3),,medium,False,2026-06-30
410,SAPPHIRE.NS,29.8,avoid,37.8,8.0,0.643,True,Consumer Services,Revenue growth broadly stable | Quarterly revenue growth is positive | Six-month return above 25% | Elevated leverage | Price is comfortably above the 200-day average | Weekly trend is firmly positive | ADX confirms a strong trend,Negative 12-1 momentum | ROCE below 12% -- weak quality floor,Currently loss-making (-8),,medium,False,2026-06-30
411,GODREJIND.NS,29.7,avoid,29.7,0.0,0.714,True,Diversified,Quarterly revenue growth 15-25% YoY | Flat 12-1 momentum | Six-month return above 25% | P/E is high versus own history | Price is above the 200-day average | ADX confirms a strong trend,Quarterly EPS is shrinking | ROCE below 12% -- weak quality floor | High leverage -- momentum can unwind violently | Weekly trend is negative,,,medium,False,2026-06-30
412,HYUNDAI.NS,29.7,avoid,29.7,0.0,0.929,True,Automobile and Auto Components,Six-month return is positive | P/E is high versus own history | Valuation in line with sector peers | ROCE above 24% (5y avg) -- quality floor is strong | Low leverage supports the momentum setup | Price is above the 200-day average | Weekly trend is positive | ADX confirms a tradable trend,Revenue growth is decelerating | EPS growth is decelerating | Quarterly revenue is flat or shrinking | Quarterly EPS is shrinking | Negative 12-1 momentum,,,medium,False,2026-06-30
413,BRITANNIA.NS,29.5,avoid,29.5,0.0,1.0,True,Fast Moving Consumer Goods,Revenue growth broadly stable | Quarterly revenue growth is positive | Quarterly EPS growth is positive but modest | P/E around its own history | Valuation in line with sector peers | ROCE above 24% (5y avg) -- quality floor is strong | Manageable leverage | ADX confirms a strong trend,EPS growth is decelerating | Negative 12-1 momentum | Negative six-month return | PEG above 2.5 -- little re-rating room | Price is below the 200-day average | Weekly trend is negative,,,medium,False,2026-06-30
414,KEC.NS,29.4,avoid,29.4,0.0,0.786,True,Construction,P/E has substantial room to re-rate vs own history | Cheaper than sector peers | ROCE 12-18% (5y avg) | Elevated leverage | ADX confirms a strong trend,Quarterly revenue is flat or shrinking | Quarterly EPS is shrinking | Negative 12-1 momentum | Negative six-month return | Price is below the 200-day average | Weekly trend is negative,,,medium,False,2026-06-30
415,COHANCE.NS,29.4,avoid,49.4,20.0,0.786,True,Healthcare,Six-month return above 25% | P/E has substantial room to re-rate vs own history | ROCE 18-24% (5y avg) | Low leverage supports the momentum setup | Price is above the 200-day average | Weekly trend is positive | ADX confirms a strong trend,Quarterly revenue is flat or shrinking | Quarterly EPS is shrinking | Negative 12-1 momentum | Expensive versus sector peers,Severe promoter pledging (95% of stake) (-12) | Promoters sold down 8.9pp over four quarters (-8),,medium,False,2026-06-30
416,ICICIGI.NS,29.2,avoid,29.2,0.0,0.929,True,Financial Services,Revenue growth broadly stable | Quarterly revenue growth is positive | P/E below its own median | ROCE 18-24% (5y avg) | Low leverage supports the momentum setup | ADX confirms a strong trend,EPS growth is decelerating | Quarterly EPS is shrinking | Negative 12-1 momentum | Negative six-month return | Expensive versus sector peers | Price is below the 200-day average | Weekly trend is negative,,,medium,False,2026-06-30
417,AWL.NS,29.0,avoid,37.0,8.0,1.0,True,Fast Moving Consumer Goods,Revenue growth broadly stable | Quarterly revenue growth 15-25% YoY | Quarterly EPS growth above 30% YoY | Six-month return is positive | P/E has substantial room to re-rate vs own history | Cheaper than sector peers | PEG below 0.8 -- growth is underpriced | Elevated leverage | ADX confirms a tradable trend,EPS growth is decelerating | Negative 12-1 momentum | ROCE below 12% -- weak quality floor | Price is below the 200-day average | Weekly trend is negative,Promoters sold down 17.4pp over four quarters (-8),,medium,False,2026-06-30
418,JUBLPHARMA.NS,28.9,avoid,28.9,0.0,0.929,True,Healthcare,Revenue growth broadly stable | Quarterly revenue growth 15-25% YoY | Six-month return 12-25% | P/E is high versus own history | Valuation in line with sector peers | Manageable leverage | Price is above the 200-day average | Weekly trend is firmly positive | ADX confirms a tradable trend,EPS growth is decelerating | Quarterly EPS is shrinking | Negative 12-1 momentum | ROCE below 12% -- weak quality floor,,,medium,False,2026-06-30
419,JWL.NS,28.8,avoid,28.8,0.0,0.786,True,Capital Goods,Quarterly revenue growth above 25% YoY | P/E below its own median | Valuation in line with sector peers | ROCE 12-18% (5y avg) | Manageable leverage,Quarterly EPS is shrinking | Negative 12-1 momentum | Negative six-month return | Price is below the 200-day average | Weekly trend is negative | ADX shows little trend strength,,,medium,False,2026-06-30
420,TRIDENT.NS,28.7,avoid,28.7,0.0,0.857,True,Textiles,Quarterly EPS growth is positive but modest | Six-month return is positive | P/E has substantial room to re-rate vs own history | Cheaper than sector peers | PEG 1.5-2.5 -- some growth priced in | Manageable leverage,Quarterly revenue is flat or shrinking | Negative 12-1 momentum | ROCE below 12% -- weak quality floor | Price is below the 200-day average | Weekly trend is negative | ADX shows little trend strength,,,medium,False,2026-06-30
421,CROMPTON.NS,28.6,avoid,36.6,8.0,0.786,True,Consumer Durables,Revenue growth broadly stable | EPS growth accelerated sharply | Quarterly revenue growth is positive | Quarterly EPS growth is positive but modest | ROCE 12-18% (5y avg) | Low leverage supports the momentum setup | ADX confirms a tradable trend,Negative 12-1 momentum | Negative six-month return | Price is below the 200-day average | Weekly trend is negative,Currently loss-making (-8),,medium,False,2026-06-30
422,NAVA.NS,28.5,avoid,28.5,0.0,0.786,True,Power,Six-month return is positive | P/E is high versus own history | Cheaper than sector peers | ROCE 18-24% (5y avg) | Manageable leverage | Price is testing the 200-day average | ADX shows a weak trend,Quarterly revenue is flat or shrinking | Quarterly EPS is shrinking | Negative 12-1 momentum | Weekly trend is negative,,,medium,False,2026-06-30
423,EIDPARRY.NS,28.1,avoid,28.1,0.0,0.786,True,Fast Moving Consumer Goods,P/E around its own history | Cheaper than sector peers | ROCE above 24% (5y avg) -- quality floor is strong | Elevated leverage | ADX confirms a tradable trend,Quarterly revenue is flat or shrinking | Quarterly EPS is shrinking | Negative 12-1 momentum | Negative six-month return | Price is below the 200-day average | Weekly trend is negative,,,medium,False,2026-06-30
424,DEVYANI.NS,28.0,avoid,36.0,8.0,0.714,True,Consumer Services,Quarterly revenue growth 15-25% YoY | Quarterly EPS growth above 30% YoY | Six-month return 12-25% | Price is comfortably above the 200-day average | Weekly trend is firmly positive | ADX confirms a strong trend,Revenue growth is decelerating | Negative 12-1 momentum | ROCE below 12% -- weak quality floor | High leverage -- momentum can unwind violently,Currently loss-making (-8),,medium,False,2026-06-30
425,UBL.NS,27.9,avoid,27.9,0.0,0.929,True,Fast Moving Consumer Goods,Revenue growth accelerated by 10pp+ YoY | Quarterly revenue growth is positive | P/E has substantial room to re-rate vs own history | Manageable leverage | ADX confirms a strong trend,EPS growth is decelerating | Quarterly EPS is shrinking | Negative 12-1 momentum | Negative six-month return | Expensive versus sector peers | ROCE below 12% -- weak quality floor | Price is below the 200-day average | Weekly trend is negative,,,medium,False,2026-06-30
426,LATENTVIEW.NS,27.9,avoid,27.9,0.0,0.929,True,Information Technology,Quarterly revenue growth 15-25% YoY | P/E has substantial room to re-rate vs own history | Valuation in line with sector peers | ROCE 12-18% (5y avg) | Low leverage supports the momentum setup | ADX confirms a tradable trend,Revenue growth is decelerating | EPS growth is decelerating | Quarterly EPS is shrinking | Negative 12-1 momentum | Negative six-month return | Price is below the 200-day average | Weekly trend is negative,,,medium,False,2026-06-30
427,ERIS.NS,27.6,avoid,34.6,7.0,0.857,True,Healthcare,Quarterly revenue growth is positive | Quarterly EPS growth 15-30% YoY | Six-month return is positive | P/E is high versus own history | Cheaper than sector peers | PEG 1.5-2.5 -- some growth priced in | ROCE 12-18% (5y avg) | Manageable leverage | Price is testing the 200-day average | Weekly trend is flattening | ADX confirms a tradable trend,Negative 12-1 momentum,Elevated promoter pledging (17% of stake) (-7),,medium,False,2026-06-30
428,FSL.NS,27.6,avoid,27.6,0.0,0.929,True,Services,Revenue growth broadly stable | Quarterly revenue growth 15-25% YoY | Six-month return 12-25% | P/E around its own history | Valuation in line with sector peers | ROCE 12-18% (5y avg) | Manageable leverage,EPS growth is decelerating | Quarterly EPS is shrinking | Negative 12-1 momentum | Price is below the 200-day average | Weekly trend is negative | ADX shows little trend strength,,,medium,False,2026-06-30
429,SHREECEM.NS,27.4,avoid,27.4,0.0,1.0,True,Construction Materials,Revenue growth acceleration is positive | Quarterly revenue growth 15-25% YoY | P/E has substantial room to re-rate vs own history | Low leverage supports the momentum setup | ADX confirms a strong trend,EPS growth is decelerating | Quarterly EPS is shrinking | Negative 12-1 momentum | Negative six-month return | Expensive versus sector peers | PEG above 2.5 -- little re-rating room | ROCE below 12% -- weak quality floor | Price is below the 200-day average | Weekly trend is negative,,,medium,False,2026-06-30
430,JINDALSTEL.NS,27.3,avoid,27.3,0.0,0.857,True,Metals & Mining,Revenue growth broadly stable | Quarterly revenue growth above 25% YoY | Mild 12-1 momentum | Manageable leverage | Price is testing the 200-day average | Weekly trend is flattening | ADX confirms a tradable trend,Quarterly EPS is shrinking | Negative six-month return | P/E leaves little own-history re-rating room | Expensive versus sector peers | ROCE below 12% -- weak quality floor,,,medium,False,2026-06-30
431,OLAELEC.NS,26.9,avoid,37.9,11.0,0.833,True,Automobile and Auto Components,Revenue growth accelerated by 10pp+ YoY | Six-month return above 25% | Elevated leverage | Price is above the 200-day average | Weekly trend is flattening,"Quarterly revenue is flat or shrinking | Negative 12-1 momentum | Valuation could not be measured -- scored neutral rather than skipped, so a data gap cannot inflate the rank | ROCE below 12% -- weak quality floor | ADX shows little trend strength",Promoters reduced stake 3.8pp over four quarters (-3) | Currently loss-making (-8),"Valuation could not be measured -- scored neutral rather than skipped, so a data gap cannot inflate the rank",medium,False,2026-06-30
432,NIACL.NS,26.8,avoid,26.8,0.0,0.714,True,Financial Services,Six-month return above 25% | P/E is high versus own history | Price is comfortably above the 200-day average | Weekly trend is firmly positive | ADX confirms a strong trend,Quarterly revenue is flat or shrinking | Quarterly EPS is shrinking | Negative 12-1 momentum | Expensive versus sector peers | ROCE below 12% -- weak quality floor,,,medium,False,2026-06-30
433,HDFCAMC.NS,26.6,avoid,26.6,0.0,0.929,True,Financial Services,Quarterly revenue growth is positive | Quarterly EPS growth is positive but modest | Six-month return is positive | P/E is high versus own history | ROCE above 24% (5y avg) -- quality floor is strong | Low leverage supports the momentum setup | ADX shows a weak trend,Revenue growth is decelerating | Negative 12-1 momentum | Expensive versus sector peers | PEG above 2.5 -- little re-rating room | Price is below the 200-day average | Weekly trend is negative,,,medium,False,2026-06-30
434,MRF.NS,26.5,avoid,26.5,0.0,0.786,True,Automobile and Auto Components,Quarterly revenue growth is positive | P/E around its own history | Cheaper than sector peers | ROCE 12-18% (5y avg) | Low leverage supports the momentum setup | Weekly trend is flattening,Quarterly EPS is shrinking | Negative 12-1 momentum | Negative six-month return | Price is below the 200-day average | ADX shows little trend strength,,,medium,False,2026-06-30
435,MAXHEALTH.NS,26.5,avoid,26.5,0.0,0.857,True,Healthcare,Quarterly revenue growth 15-25% YoY | Quarterly EPS growth is positive but modest | Six-month return is positive | P/E is high versus own history | ROCE 12-18% (5y avg) | Manageable leverage | Price is testing the 200-day average | Weekly trend is flattening | ADX confirms a tradable trend,Negative 12-1 momentum | Expensive versus sector peers | PEG above 2.5 -- little re-rating room,,,medium,False,2026-06-30
436,GODREJPROP.NS,26.4,avoid,26.4,0.0,0.929,True,Realty,Quarterly revenue growth 15-25% YoY | Flat 12-1 momentum | Six-month return 12-25% | P/E below its own median | Cheaper than sector peers | Elevated leverage | ADX shows a weak trend,Revenue growth is decelerating | EPS growth is decelerating | Quarterly EPS is shrinking | ROCE below 12% -- weak quality floor | Price is below the 200-day average | Weekly trend is negative,,,medium,False,2026-06-30
437,SARDAEN.NS,26.4,avoid,26.4,0.0,0.857,True,Metals & Mining,Quarterly EPS growth is positive but modest | Cheaper than sector peers | ROCE 12-18% (5y avg) | Manageable leverage | Price is above the 200-day average | Weekly trend is positive | ADX confirms a tradable trend,Quarterly revenue is flat or shrinking | Negative 12-1 momentum | Negative six-month return | P/E leaves little own-history re-rating room | PEG above 2.5 -- little re-rating room,,,medium,False,2026-06-30
438,SAMMAANCAP.NS,25.8,avoid,33.8,8.0,0.917,True,Financial Services,EPS growth accelerated sharply | Mild 12-1 momentum | Six-month return is positive | Price is testing the 200-day average,"Revenue growth is decelerating | Quarterly revenue is flat or shrinking | Quarterly EPS is shrinking | Valuation could not be measured -- scored neutral rather than skipped, so a data gap cannot inflate the rank | ROE below 10% -- weak lender quality floor | Weekly trend is negative | ADX shows little trend strength",Currently loss-making (-8),"Valuation could not be measured -- scored neutral rather than skipped, so a data gap cannot inflate the rank | Lender: ROE substitutes for ROCE; asset quality is not captured here.",medium,True,2026-06-30
439,RELIANCE.NS,25.6,avoid,25.6,0.0,0.929,True,Oil Gas & Consumable Fuels,Revenue growth accelerated by 10pp+ YoY | Quarterly revenue growth above 25% YoY | Flat 12-1 momentum | P/E around its own history | Manageable leverage | ADX shows a weak trend,EPS growth is decelerating | Quarterly EPS is shrinking | Negative six-month return | Expensive versus sector peers | ROCE below 12% -- weak quality floor | Price is below the 200-day average | Weekly trend is negative,,,medium,False,2026-06-30
440,DMART.NS,25.5,avoid,25.5,0.0,1.0,True,Consumer Services,Quarterly revenue growth is positive | Quarterly EPS growth is positive but modest | P/E has substantial room to re-rate vs own history | ROCE 12-18% (5y avg) | Low leverage supports the momentum setup | ADX confirms a strong trend,Revenue growth is decelerating | EPS growth is decelerating | Negative 12-1 momentum | Negative six-month return | Expensive versus sector peers | PEG above 2.5 -- little re-rating room | Price is below the 200-day average | Weekly trend is negative,,,medium,False,2026-06-30
441,ASTERDM.NS,25.3,avoid,37.3,12.0,0.929,True,Healthcare,Revenue growth broadly stable | Quarterly revenue growth 15-25% YoY | Positive 12-1 momentum | Six-month return 12-25% | Manageable leverage | Price is comfortably above the 200-day average | Weekly trend is flattening | ADX shows a weak trend,EPS growth is decelerating | Quarterly EPS is shrinking | P/E leaves little own-history re-rating room | Expensive versus sector peers | ROCE below 12% -- weak quality floor,Severe promoter pledging (41% of stake) (-12),,medium,False,2026-06-30
442,TECHNOE.NS,25.2,avoid,25.2,0.0,0.786,True,Construction,Quarterly revenue growth 15-25% YoY | P/E around its own history | Valuation in line with sector peers | ROCE 12-18% (5y avg) | Low leverage supports the momentum setup,Quarterly EPS is shrinking | Negative 12-1 momentum | Negative six-month return | Price is below the 200-day average | Weekly trend is negative | ADX shows little trend strength,,,medium,False,2026-06-30
443,JKTYRE.NS,25.0,avoid,25.0,0.0,0.929,True,Automobile and Auto Components,Mild 12-1 momentum | P/E around its own history | Cheaper than sector peers | ROCE 12-18% (5y avg) | Elevated leverage | ADX confirms a tradable trend,Revenue growth is decelerating | EPS growth is decelerating | Quarterly revenue is flat or shrinking | Quarterly EPS is shrinking | Negative six-month return | Price is below the 200-day average | Weekly trend is negative,,,medium,False,2026-06-30
444,HINDPETRO.NS,25.0,avoid,25.0,0.0,0.929,True,Oil Gas & Consumable Fuels,Revenue growth accelerated by 10pp+ YoY | Quarterly revenue growth above 25% YoY | Flat 12-1 momentum | Six-month return is positive | P/E is high versus own history | Elevated leverage | ADX confirms a tradable trend,EPS growth is decelerating | Quarterly EPS is shrinking | Expensive versus sector peers | ROCE below 12% -- weak quality floor | Price is below the 200-day average | Weekly trend is negative,,,medium,False,2026-06-30
445,RVNL.NS,24.9,avoid,24.9,0.0,0.857,True,Construction,Quarterly revenue growth is positive | Quarterly EPS growth 15-30% YoY | P/E around its own history | ROCE 12-18% (5y avg) | Manageable leverage | ADX confirms a tradable trend,Negative 12-1 momentum | Negative six-month return | Expensive versus sector peers | PEG above 2.5 -- little re-rating room | Price is below the 200-day average | Weekly trend is negative,,,medium,False,2026-06-30
446,POWERGRID.NS,24.9,avoid,24.9,0.0,0.929,True,Power,Revenue growth acceleration is positive | Quarterly EPS growth is positive but modest | Flat 12-1 momentum | P/E around its own history | Cheaper than sector peers | ROCE 12-18% (5y avg),EPS growth is decelerating | Quarterly revenue is flat or shrinking | Negative six-month return | High leverage -- momentum can unwind violently | Price is below the 200-day average | Weekly trend is negative | ADX shows little trend strength,,,medium,False,2026-06-30
447,UCOBANK.NS,24.8,avoid,24.8,0.0,0.786,True,Financial Services,Quarterly EPS growth is positive but modest | P/E below its own median | Cheaper than sector peers | PEG 0.8-1.5 -- growth reasonably priced | ADX confirms a tradable trend,Quarterly revenue is flat or shrinking | Negative 12-1 momentum | Negative six-month return | ROE below 10% -- weak lender quality floor | Price is below the 200-day average | Weekly trend is negative,,Lender: ROE substitutes for ROCE; asset quality is not captured here.,medium,True,2026-06-30
448,IDBI.NS,24.6,avoid,24.6,0.0,0.857,True,Financial Services,EPS growth broadly stable | Quarterly EPS growth is positive but modest | Six-month return is positive | P/E is high versus own history | Cheaper than sector peers | ROE 10-14% (5y avg) | Weekly trend is flattening | ADX confirms a strong trend,Revenue growth is decelerating | Quarterly revenue is flat or shrinking | Negative 12-1 momentum | Price is below the 200-day average,,Lender: ROE substitutes for ROCE; asset quality is not captured here.,medium,True,2026-06-30
449,ASHOKLEY.NS,24.2,avoid,36.2,12.0,0.857,True,Capital Goods,Quarterly revenue growth is positive | Quarterly EPS growth is positive but modest | Positive 12-1 momentum | Cheaper than sector peers | ROCE 12-18% (5y avg) | Price is testing the 200-day average | Weekly trend is flattening | ADX shows a weak trend,Negative six-month return | P/E leaves little own-history re-rating room | PEG above 2.5 -- little re-rating room | High leverage -- momentum can unwind violently,Severe promoter pledging (39% of stake) (-12),,medium,False,2026-06-30
450,PRESTIGE.NS,24.0,avoid,24.0,0.0,0.786,True,Realty,Quarterly revenue growth 15-25% YoY | Flat 12-1 momentum | Six-month return 12-25% | P/E is high versus own history | Elevated leverage | Price is above the 200-day average | Weekly trend is flattening,Quarterly EPS is shrinking | Expensive versus sector peers | ROCE below 12% -- weak quality floor | ADX shows little trend strength,,,medium,False,2026-06-30
451,GODIGIT.NS,24.0,avoid,24.0,0.0,0.929,True,Financial Services,Revenue growth acceleration is positive | Quarterly revenue growth is positive | P/E has substantial room to re-rate vs own history | Low leverage supports the momentum setup,EPS growth is decelerating | Quarterly EPS is shrinking | Negative 12-1 momentum | Negative six-month return | Expensive versus sector peers | ROCE below 12% -- weak quality floor | Price is below the 200-day average | Weekly trend is negative | ADX shows little trend strength,,,medium,False,2026-06-30
452,JKCEMENT.NS,23.9,avoid,23.9,0.0,0.929,True,Construction Materials,Revenue growth accelerated by 10pp+ YoY | Quarterly revenue growth 15-25% YoY | P/E is high versus own history | ROCE 12-18% (5y avg) | Elevated leverage | ADX confirms a strong trend,EPS growth is decelerating | Quarterly EPS is shrinking | Negative 12-1 momentum | Negative six-month return | Expensive versus sector peers | Price is below the 200-day average | Weekly trend is negative,,,medium,False,2026-06-30
453,VMM.NS,23.5,avoid,31.5,8.0,0.857,True,Consumer Services,Quarterly revenue growth 15-25% YoY | Quarterly EPS growth 15-30% YoY | P/E has substantial room to re-rate vs own history | Valuation in line with sector peers | PEG 1.5-2.5 -- some growth priced in | Manageable leverage | ADX shows a weak trend,Negative 12-1 momentum | Negative six-month return | ROCE below 12% -- weak quality floor | Price is below the 200-day average | Weekly trend is negative,Promoters sold down 14.1pp over four quarters (-8),,medium,False,2026-06-30
454,ABREL.NS,23.5,avoid,31.5,8.0,0.643,True,Realty,Revenue growth accelerated by 10pp+ YoY | Quarterly revenue growth above 25% YoY | Six-month return 12-25% | ADX shows a weak trend,Negative 12-1 momentum | ROCE below 12% -- weak quality floor | High leverage -- momentum can unwind violently | Price is below the 200-day average | Weekly trend is negative,Currently loss-making (-8),,medium,False,2026-06-30
455,IRB.NS,23.4,avoid,23.4,0.0,0.857,True,Construction,Quarterly EPS growth above 30% YoY | Valuation in line with sector peers | PEG below 0.8 -- growth is underpriced | Elevated leverage | Price is testing the 200-day average | Weekly trend is flattening | ADX confirms a tradable trend,Quarterly revenue is flat or shrinking | Negative 12-1 momentum | Negative six-month return | P/E leaves little own-history re-rating room | ROCE below 12% -- weak quality floor,,,medium,False,2026-06-30
456,COCHINSHIP.NS,23.3,avoid,23.3,0.0,0.786,True,Capital Goods,Six-month return is positive | P/E around its own history | Valuation in line with sector peers | ROCE 12-18% (5y avg) | Manageable leverage | ADX shows a weak trend,Quarterly revenue is flat or shrinking | Quarterly EPS is shrinking | Negative 12-1 momentum | Price is below the 200-day average | Weekly trend is negative,,,medium,False,2026-06-30
457,WHIRLPOOL.NS,23.3,avoid,31.3,8.0,0.929,True,Consumer Durables,Revenue growth broadly stable | EPS growth broadly stable | Quarterly revenue growth is positive | P/E has substantial room to re-rate vs own history | Materially cheaper than sector peers | Low leverage supports the momentum setup | ADX shows a weak trend,Quarterly EPS is shrinking | Negative 12-1 momentum | Negative six-month return | ROCE below 12% -- weak quality floor | Price is below the 200-day average | Weekly trend is negative,Promoters sold down 11.2pp over four quarters (-8),,medium,False,2026-06-30
458,DALBHARAT.NS,23.3,avoid,23.3,0.0,0.929,True,Construction Materials,Revenue growth broadly stable | Quarterly revenue growth is positive | P/E has substantial room to re-rate vs own history | Valuation in line with sector peers | Manageable leverage | ADX confirms a tradable trend,EPS growth is decelerating | Quarterly EPS is shrinking | Negative 12-1 momentum | Negative six-month return | ROCE below 12% -- weak quality floor | Price is below the 200-day average | Weekly trend is negative,,,medium,False,2026-06-30
459,CESC.NS,22.7,avoid,22.7,0.0,1.0,True,Power,Revenue growth broadly stable | Quarterly revenue growth is positive | Quarterly EPS growth is positive but modest | Mild 12-1 momentum | P/E around its own history | Cheaper than sector peers,EPS growth is decelerating | Negative six-month return | PEG above 2.5 -- little re-rating room | ROCE below 12% -- weak quality floor | High leverage -- momentum can unwind violently | Price is below the 200-day average | Weekly trend is negative | ADX shows little trend strength,,,medium,False,2026-06-30
460,TATASTEEL.NS,22.7,avoid,22.7,0.0,0.857,True,Metals & Mining,Quarterly revenue growth is positive | Quarterly EPS growth is positive but modest | Mild 12-1 momentum | Valuation in line with sector peers | PEG 1.5-2.5 -- some growth priced in | Elevated leverage | Price is testing the 200-day average,Negative six-month return | P/E leaves little own-history re-rating room | ROCE below 12% -- weak quality floor | Weekly trend is negative | ADX shows little trend strength,,,medium,False,2026-06-30
461,GODFRYPHLP.NS,22.6,avoid,22.6,0.0,0.929,True,Fast Moving Consumer Goods,P/E is high versus own history | Cheaper than sector peers | ROCE above 24% (5y avg) -- quality floor is strong | Low leverage supports the momentum setup | ADX shows a weak trend,Revenue growth is decelerating | EPS growth is decelerating | Quarterly revenue is flat or shrinking | Quarterly EPS is shrinking | Negative 12-1 momentum | Negative six-month return | Price is below the 200-day average | Weekly trend is negative,,,medium,False,2026-06-30
462,TARIL.NS,22.4,avoid,29.4,7.0,0.786,True,Capital Goods,Quarterly revenue growth is positive | Six-month return is positive | P/E around its own history | Cheaper than sector peers | ROCE 12-18% (5y avg) | Manageable leverage | Price is testing the 200-day average | ADX shows a weak trend,Quarterly EPS is shrinking | Negative 12-1 momentum | Weekly trend is negative,Elevated promoter pledging (22% of stake) (-7),,medium,False,2026-06-30
463,AMBUJACEM.NS,21.6,avoid,21.6,0.0,0.929,True,Construction Materials,P/E has substantial room to re-rate vs own history | Cheaper than sector peers | Low leverage supports the momentum setup | ADX confirms a tradable trend,Revenue growth is decelerating | EPS growth is decelerating | Quarterly revenue is flat or shrinking | Quarterly EPS is shrinking | Negative 12-1 momentum | Negative six-month return | ROCE below 12% -- weak quality floor | Price is below the 200-day average | Weekly trend is negative,,,medium,False,2026-06-30
464,UPL.NS,21.5,avoid,21.5,0.0,0.786,True,Chemicals,Quarterly revenue growth is positive | P/E has substantial room to re-rate vs own history | Valuation in line with sector peers | Manageable leverage,Revenue growth is decelerating | Negative 12-1 momentum | Negative six-month return | ROCE below 12% -- weak quality floor | Price is below the 200-day average | Weekly trend is negative | ADX shows little trend strength,,,medium,False,2026-06-30
465,NTPC.NS,21.5,avoid,21.5,0.0,0.929,True,Power,Revenue growth acceleration is positive | Quarterly revenue growth is positive | Quarterly EPS growth is positive but modest | Flat 12-1 momentum | P/E is high versus own history | Cheaper than sector peers | Elevated leverage,EPS growth is decelerating | Negative six-month return | ROCE below 12% -- weak quality floor | Price is below the 200-day average | Weekly trend is negative | ADX shows little trend strength,,,medium,False,2026-06-30
466,ABLBL.NS,21.1,avoid,21.1,0.0,0.929,True,Consumer Services,Revenue growth broadly stable | Quarterly revenue growth is positive | Quarterly EPS growth 15-30% YoY | Valuation in line with sector peers | ROCE 12-18% (5y avg) | ADX confirms a strong trend,EPS growth is decelerating | Negative 12-1 momentum | Negative six-month return | PEG above 2.5 -- little re-rating room | High leverage -- momentum can unwind violently | Price is below the 200-day average | Weekly trend is negative,,,medium,False,2026-06-30
467,GMRAIRPORT.NS,20.8,avoid,27.8,7.0,0.643,True,Services,Quarterly revenue growth 15-25% YoY | Mild 12-1 momentum | Six-month return is positive | Price is testing the 200-day average | ADX confirms a strong trend,P/E leaves little own-history re-rating room | Expensive versus sector peers | ROCE below 12% -- weak quality floor | Weekly trend is negative,Elevated promoter pledging (16% of stake) (-7),,medium,False,2026-06-30
468,SYNGENE.NS,20.6,avoid,20.6,0.0,0.929,True,Healthcare,P/E has substantial room to re-rate vs own history | ROCE 12-18% (5y avg) | Low leverage supports the momentum setup | ADX shows a weak trend,Revenue growth is decelerating | EPS growth is decelerating | Quarterly revenue is flat or shrinking | Quarterly EPS is shrinking | Negative 12-1 momentum | Negative six-month return | Expensive versus sector peers | Price is below the 200-day average | Weekly trend is negative,,,medium,False,2026-06-30
469,SJVN.NS,20.5,avoid,20.5,0.0,0.786,True,Power,Quarterly revenue growth above 25% YoY | Quarterly EPS growth is positive but modest | P/E below its own median | ADX confirms a tradable trend,Negative 12-1 momentum | Negative six-month return | Expensive versus sector peers | ROCE below 12% -- weak quality floor | High leverage -- momentum can unwind violently | Price is below the 200-day average | Weekly trend is negative,,,medium,False,2026-06-30
470,AMBER.NS,20.3,avoid,20.3,0.0,0.929,True,Consumer Durables,Revenue growth broadly stable | Quarterly revenue growth is positive | Six-month return 12-25% | P/E is high versus own history | Manageable leverage | Price is above the 200-day average | ADX shows a weak trend,EPS growth is decelerating | Quarterly EPS is shrinking | Negative 12-1 momentum | Expensive versus sector peers | ROCE below 12% -- weak quality floor | Weekly trend is negative,,,medium,False,2026-06-30
471,INOXWIND.NS,20.1,avoid,20.1,0.0,0.786,True,Capital Goods,P/E around its own history | Cheaper than sector peers | Low leverage supports the momentum setup | ADX confirms a tradable trend,Quarterly revenue is flat or shrinking | Quarterly EPS is shrinking | Negative 12-1 momentum | Negative six-month return | ROCE below 12% -- weak quality floor | Price is below the 200-day average | Weekly trend is negative,,,medium,False,2026-06-30
472,TEGA.NS,20.0,avoid,28.0,8.0,0.786,True,Capital Goods,Quarterly revenue growth above 25% YoY | P/E is high versus own history | ROCE 12-18% (5y avg) | Low leverage supports the momentum setup | Price is above the 200-day average | Weekly trend is positive | ADX shows a weak trend,Quarterly EPS is shrinking | Negative 12-1 momentum | Negative six-month return | Expensive versus sector peers,Promoters sold down 7.3pp over four quarters (-8),,medium,False,2026-06-30
473,SIGNATURE.NS,19.9,avoid,19.9,0.0,0.786,True,Realty,P/E has substantial room to re-rate vs own history | Materially cheaper than sector peers,Quarterly revenue is flat or shrinking | Quarterly EPS is shrinking | Negative 12-1 momentum | Negative six-month return | ROCE below 12% -- weak quality floor | High leverage -- momentum can unwind violently | Price is below the 200-day average | Weekly trend is negative | ADX shows little trend strength,,,medium,False,2026-06-30
474,NLCINDIA.NS,19.9,avoid,22.9,3.0,0.929,True,Power,Quarterly revenue growth 15-25% YoY | Mild 12-1 momentum | Six-month return is positive | Cheaper than sector peers | Elevated leverage | ADX confirms a tradable trend,Revenue growth is decelerating | EPS growth is decelerating | Quarterly EPS is shrinking | P/E leaves little own-history re-rating room | ROCE below 12% -- weak quality floor | Price is below the 200-day average | Weekly trend is negative,Promoters reduced stake 2.7pp over four quarters (-3),,medium,False,2026-06-30
475,CHAMBLFERT.NS,19.6,avoid,26.6,7.0,0.929,True,Chemicals,Six-month return is positive | P/E around its own history | Materially cheaper than sector peers | ROCE 18-24% (5y avg) | Low leverage supports the momentum setup,Revenue growth is decelerating | EPS growth is decelerating | Quarterly revenue is flat or shrinking | Quarterly EPS is shrinking | Negative 12-1 momentum | Price is below the 200-day average | Weekly trend is negative | ADX shows little trend strength,Elevated promoter pledging (23% of stake) (-7),,medium,False,2026-06-30
476,RAMCOCEM.NS,18.7,avoid,18.7,0.0,0.929,True,Construction Materials,Revenue growth broadly stable | Quarterly revenue growth is positive | P/E below its own median | Valuation in line with sector peers | Manageable leverage,EPS growth is decelerating | Quarterly EPS is shrinking | Negative 12-1 momentum | Negative six-month return | ROCE below 12% -- weak quality floor | Price is below the 200-day average | Weekly trend is negative | ADX shows little trend strength,,,medium,False,2026-06-30
477,MPHASIS.NS,18.5,avoid,38.5,20.0,1.0,True,Information Technology,Revenue growth broadly stable | Quarterly revenue growth 15-25% YoY | Quarterly EPS growth is positive but modest | Six-month return is positive | P/E below its own median | Cheaper than sector peers | PEG 1.5-2.5 -- some growth priced in | ROCE 18-24% (5y avg) | Low leverage supports the momentum setup | Price is testing the 200-day average | Weekly trend is flattening,EPS growth is decelerating | Negative 12-1 momentum | ADX shows little trend strength,Severe promoter pledging (100% of stake) (-12) | Promoters sold down 9.6pp over four quarters (-8),,medium,False,2026-06-30
478,CENTRALBK.NS,18.4,avoid,26.4,8.0,0.929,True,Financial Services,EPS growth accelerated sharply | Quarterly EPS growth is positive but modest | P/E below its own median | Cheaper than sector peers | PEG 1.5-2.5 -- some growth priced in,Revenue growth is decelerating | Quarterly revenue is flat or shrinking | Negative 12-1 momentum | Negative six-month return | ROE below 10% -- weak lender quality floor | Price is below the 200-day average | Weekly trend is negative | ADX shows little trend strength,Promoters sold down 8.1pp over four quarters (-8),Lender: ROE substitutes for ROCE; asset quality is not captured here.,medium,True,2026-06-30
479,DELHIVERY.NS,18.3,avoid,18.3,0.0,0.929,True,Services,Quarterly revenue growth above 25% YoY | Flat 12-1 momentum | Six-month return is positive | P/E is high versus own history | Low leverage supports the momentum setup | Price is testing the 200-day average,Revenue growth is decelerating | EPS growth is decelerating | Quarterly EPS is shrinking | Expensive versus sector peers | ROCE below 12% -- weak quality floor | Weekly trend is negative | ADX shows little trend strength,,,medium,False,2026-06-30
480,TATAINVEST.NS,18.1,avoid,18.1,0.0,0.857,True,Financial Services,Quarterly revenue growth is positive | Flat 12-1 momentum | Six-month return is positive | P/E is high versus own history | Low leverage supports the momentum setup | Price is testing the 200-day average | Weekly trend is flattening,Revenue growth is decelerating | EPS growth is decelerating | Quarterly EPS is shrinking | Expensive versus sector peers | ADX shows little trend strength,,,medium,False,2026-06-30
481,SWIGGY.NS,18.0,avoid,26.0,8.0,0.833,True,Consumer Services,Quarterly revenue growth above 25% YoY | Low leverage supports the momentum setup | Weekly trend is positive,"Revenue growth is decelerating | Negative 12-1 momentum | Negative six-month return | Valuation could not be measured -- scored neutral rather than skipped, so a data gap cannot inflate the rank | ROCE below 12% -- weak quality floor | Price is below the 200-day average | ADX shows little trend strength",Currently loss-making (-8),"Valuation could not be measured -- scored neutral rather than skipped, so a data gap cannot inflate the rank",medium,False,2026-06-30
482,FORTIS.NS,17.5,avoid,17.5,0.0,0.857,True,Healthcare,Quarterly revenue growth 15-25% YoY | Quarterly EPS growth is positive but modest | Six-month return is positive | P/E is high versus own history | Manageable leverage | Price is testing the 200-day average,Negative 12-1 momentum | Expensive versus sector peers | PEG above 2.5 -- little re-rating room | ROCE below 12% -- weak quality floor | Weekly trend is negative | ADX shows little trend strength,,,medium,False,2026-06-30
483,NHPC.NS,17.0,avoid,25.0,8.0,1.0,True,Power,Revenue growth broadly stable | Quarterly revenue growth 15-25% YoY | Quarterly EPS growth is positive but modest | Flat 12-1 momentum | Six-month return is positive | P/E around its own history | Cheaper than sector peers | Elevated leverage | Price is testing the 200-day average | Weekly trend is flattening,EPS growth is decelerating | PEG above 2.5 -- little re-rating room | ROCE below 12% -- weak quality floor | ADX shows little trend strength,Promoters sold down 6.0pp over four quarters (-8),,medium,False,2026-06-30
484,TATAPOWER.NS,16.7,avoid,16.7,0.0,0.857,True,Power,Quarterly revenue growth is positive | Quarterly EPS growth is positive but modest | Flat 12-1 momentum | P/E around its own history | Valuation in line with sector peers | ADX shows a weak trend,Negative six-month return | PEG above 2.5 -- little re-rating room | ROCE below 12% -- weak quality floor | High leverage -- momentum can unwind violently | Price is below the 200-day average | Weekly trend is negative,,,medium,False,2026-06-30
485,GICRE.NS,15.6,avoid,23.6,8.0,0.714,True,Financial Services,Six-month return is positive | P/E around its own history | Cheaper than sector peers | ROCE 12-18% (5y avg) | Price is testing the 200-day average | Weekly trend is flattening,Quarterly revenue is flat or shrinking | Quarterly EPS is shrinking | Negative 12-1 momentum | ADX shows little trend strength,Promoters sold down 5.0pp over four quarters (-8),,medium,False,2026-06-30
486,ITI.NS,15.5,avoid,15.5,0.0,0.714,True,Telecommunication,Six-month return is positive | P/E around its own history | Manageable leverage | ADX shows a weak trend,Quarterly revenue is flat or shrinking | Negative 12-1 momentum | Expensive versus sector peers | ROCE below 12% -- weak quality floor | Price is below the 200-day average | Weekly trend is negative,,,medium,False,2026-06-30
487,RHIM.NS,13.6,avoid,21.6,8.0,0.643,True,Capital Goods,Quarterly revenue growth is positive | Quarterly EPS growth above 30% YoY | Low leverage supports the momentum setup,Negative 12-1 momentum | Negative six-month return | ROCE below 12% -- weak quality floor | Price is below the 200-day average | Weekly trend is negative | ADX shows little trend strength,Currently loss-making (-8),,medium,False,2026-06-30
488,JMFINANCIL.NS,13.5,avoid,13.5,0.0,0.857,True,Financial Services,Six-month return is positive | P/E is high versus own history | Cheaper than sector peers | Elevated leverage | Price is testing the 200-day average | Weekly trend is flattening,Revenue growth is decelerating | EPS growth is decelerating | Quarterly revenue is flat or shrinking | Quarterly EPS is shrinking | Negative 12-1 momentum | ADX shows little trend strength,,,medium,False,2026-06-30
489,TATACHEM.NS,12.8,avoid,20.8,8.0,0.714,True,Chemicals,Revenue growth accelerated by 10pp+ YoY | Quarterly revenue growth is positive | Manageable leverage,Quarterly EPS is shrinking | Negative 12-1 momentum | Negative six-month return | ROCE below 12% -- weak quality floor | Price is below the 200-day average | Weekly trend is negative | ADX shows little trend strength,Currently loss-making (-8),,medium,False,2026-06-30
490,ONESOURCE.NS,12.7,avoid,32.7,20.0,0.75,True,Healthcare,Quarterly revenue growth above 25% YoY | Six-month return is positive | Manageable leverage | Price is above the 200-day average | Weekly trend is flattening,"Negative 12-1 momentum | Valuation could not be measured -- scored neutral rather than skipped, so a data gap cannot inflate the rank | ROCE below 12% -- weak quality floor | ADX shows little trend strength",Severe promoter pledging (37% of stake) (-12) | Currently loss-making (-8),"Valuation could not be measured -- scored neutral rather than skipped, so a data gap cannot inflate the rank",medium,False,2026-06-30
491,JSWENERGY.NS,12.4,avoid,15.4,3.0,0.929,True,Power,Mild 12-1 momentum | Six-month return is positive | P/E is high versus own history | Price is above the 200-day average,Revenue growth is decelerating | EPS growth is decelerating | Quarterly revenue is flat or shrinking | Quarterly EPS is shrinking | Expensive versus sector peers | ROCE below 12% -- weak quality floor | High leverage -- momentum can unwind violently | Weekly trend is negative | ADX shows little trend strength,Promoters reduced stake 2.7pp over four quarters (-3),,medium,False,2026-06-30
492,AFCONS.NS,11.8,avoid,23.8,12.0,0.786,True,Construction,P/E has substantial room to re-rate vs own history | ROCE 12-18% (5y avg) | Manageable leverage | ADX shows a weak trend,Quarterly revenue is flat or shrinking | Quarterly EPS is shrinking | Negative 12-1 momentum | Negative six-month return | Expensive versus sector peers | Price is below the 200-day average | Weekly trend is negative,Severe promoter pledging (100% of stake) (-12),,medium,False,2026-06-30
493,CHALET.NS,11.8,avoid,23.8,12.0,0.929,True,Consumer Services,Six-month return 12-25% | P/E is high versus own history | Cheaper than sector peers | Manageable leverage | Price is above the 200-day average | Weekly trend is positive | ADX confirms a strong trend,Revenue growth is decelerating | EPS growth is decelerating | Quarterly revenue is flat or shrinking | Quarterly EPS is shrinking | Negative 12-1 momentum | ROCE below 12% -- weak quality floor,Severe promoter pledging (32% of stake) (-12),,medium,False,2026-06-30
494,ABFRL.NS,10.5,avoid,18.5,8.0,0.833,True,Consumer Services,Quarterly revenue growth is positive | Elevated leverage | ADX confirms a tradable trend,"Revenue growth is decelerating | Negative 12-1 momentum | Negative six-month return | Valuation could not be measured -- scored neutral rather than skipped, so a data gap cannot inflate the rank | ROCE below 12% -- weak quality floor | Price is below the 200-day average | Weekly trend is negative",Currently loss-making (-8),"Valuation could not be measured -- scored neutral rather than skipped, so a data gap cannot inflate the rank",medium,False,2026-06-30
495,INDIACEM.NS,9.0,avoid,25.0,16.0,0.833,True,Construction Materials,Flat 12-1 momentum | Low leverage supports the momentum setup | ADX confirms a strong trend,"Revenue growth is decelerating | Quarterly revenue is flat or shrinking | Negative six-month return | Valuation could not be measured -- scored neutral rather than skipped, so a data gap cannot inflate the rank | ROCE below 12% -- weak quality floor | Price is below the 200-day average | Weekly trend is negative",Promoters sold down 6.5pp over four quarters (-8) | Currently loss-making (-8),"Valuation could not be measured -- scored neutral rather than skipped, so a data gap cannot inflate the rank",medium,False,2026-06-30
496,MFSL.NS,8.3,avoid,20.3,12.0,0.786,True,Financial Services,Quarterly revenue growth 15-25% YoY | Quarterly EPS growth above 30% YoY | P/E is high versus own history | Manageable leverage | ADX shows a weak trend,Negative 12-1 momentum | Negative six-month return | Expensive versus sector peers | ROCE below 12% -- weak quality floor | Price is below the 200-day average | Weekly trend is negative,Severe promoter pledging (27% of stake) (-12),,medium,False,2026-06-30
497,SWANCORP.NS,7.8,avoid,19.8,12.0,0.786,True,Chemicals,P/E below its own median | Valuation in line with sector peers | Manageable leverage | ADX confirms a tradable trend,Quarterly revenue is flat or shrinking | Quarterly EPS is shrinking | Negative 12-1 momentum | Negative six-month return | ROCE below 12% -- weak quality floor | Price is below the 200-day average | Weekly trend is negative,Severe promoter pledging (40% of stake) (-12),,medium,False,2026-06-30
498,FIRSTCRY.NS,7.6,insufficient data,15.6,8.0,0.571,False,Consumer Services,Quarterly revenue growth is positive | Manageable leverage | ADX confirms a strong trend,Negative 12-1 momentum | Negative six-month return | ROCE below 12% -- weak quality floor | Price is below the 200-day average | Weekly trend is negative,Currently loss-making (-8),Low data coverage (57% of criteria applied) -- this score is not directly comparable to a fully-measured one,medium,False,2026-06-30
499,FACT.NS,6.3,avoid,14.3,8.0,1.0,True,Chemicals,Quarterly revenue growth 15-25% YoY | ADX shows a weak trend,"Revenue growth is decelerating | EPS growth is decelerating | Quarterly EPS is shrinking | Negative 12-1 momentum | Negative six-month return | Valuation could not be measured -- scored neutral rather than skipped, so a data gap cannot inflate the rank | ROCE below 12% -- weak quality floor | High leverage -- momentum can unwind violently | Price is below the 200-day average | Weekly trend is negative",Currently loss-making (-8),"Valuation could not be measured -- scored neutral rather than skipped, so a data gap cannot inflate the rank",medium,False,2026-06-30
500,RPOWER.NS,4.5,avoid,12.5,8.0,0.643,True,Power,Quarterly EPS growth above 30% YoY | Elevated leverage,Quarterly revenue is flat or shrinking | Negative 12-1 momentum | Negative six-month return | ROCE below 12% -- weak quality floor | Price is below the 200-day average | Weekly trend is negative | ADX shows little trend strength,Currently loss-making (-8),,medium,False,2026-06-30
