rank,ticker,score,tier,raw_score,penalty,coverage,confident,sector,reasons,misses,penalties,warnings,horizon,entry,stop_loss,risk_per_share,target_2r,target_3r,suggested_hold
1,OIL.NS,98.4,strong,98.4,0.0,0.938,True,Oil Gas & Consumable Fuels,Price is above SMA20 without being stretched | Price is above SMA50 | Price is above SMA200 -- primary trend supports the trade | SMA20 is rising quickly | SMA50 is rising | Weekly EMA trend confirms the daily setup | 60-day structure is higher-highs and higher-lows | ADX shows strong trend strength | ADX trajectory is positive | 20-day momentum is strong but not vertical | 60-day momentum supports the setup | Three-month return confirms momentum | RSI is in the healthy participation band | MACD is above signal | Volume confirms the move,,,,short,489.7999877929688,462.4508130259116,27.349174767057196,544.4983373270832,571.8475120941404,4-10 weeks
2,SAILIFE.NS,95.2,strong,95.2,0.0,0.938,True,Healthcare,Price is above SMA20 without being stretched | Price is above SMA50 | Price is above SMA200 -- primary trend supports the trade | SMA20 is rising quickly | SMA50 is rising | Weekly EMA trend confirms the daily setup | 60-day structure is higher-highs and higher-lows | ADX shows strong trend strength | ADX is rising -- trend strength is expanding | 20-day momentum is strong but not vertical | 60-day momentum is extended | Three-month return confirms momentum | RSI is in the healthy participation band | MACD is above signal | Volume confirms the move,,,,short,1585.0,1476.385599261934,108.61440073806607,1802.228801476132,1910.8432022141983,4-10 weeks
3,BEML.NS,91.2,strong,91.2,0.0,0.938,True,Capital Goods,Price is above SMA20 without being stretched | Price is above SMA50 | Price is above SMA200 -- primary trend supports the trade | SMA20 is rising quickly | SMA50 is rising | Weekly EMA trend confirms the daily setup | 60-day structure is higher-highs and higher-lows | ADX shows strong trend strength | ADX is rising -- trend strength is expanding | 20-day momentum is strong but not vertical | 60-day momentum supports the setup | Three-month return confirms momentum | RSI is in the healthy participation band | MACD is above signal,"Volume does not confirm, or is a blow-off",,,short,2023.4000244140625,1888.5233602488365,134.87666416522603,2293.1533527445145,2428.0300169097404,4-10 weeks
4,CRAFTSMAN.NS,90.3,strong,90.3,0.0,0.938,True,Automobile and Auto Components,Price is above SMA20 without being stretched | Price is above SMA50 | Price is above SMA200 -- primary trend supports the trade | SMA20 is rising quickly | SMA50 is rising | Weekly EMA trend confirms the daily setup | 60-day structure is higher-highs and higher-lows | ADX shows strong trend strength | ADX is rising -- trend strength is expanding | 20-day momentum is strong but not vertical | 60-day momentum supports the setup | Three-month return confirms momentum | RSI is firm but approaching overbought | MACD is above signal | Volume is normal,,,,short,11669.0,10886.47781678431,782.5221832156897,13234.044366431379,14016.566549647068,4-10 weeks
5,CAPLIPOINT.NS,89.8,strong,89.8,0.0,0.938,True,Healthcare,Price is above SMA20 without being stretched | Price is above SMA50 | Price is above SMA200 -- primary trend supports the trade | SMA20 is rising quickly | SMA50 is rising | Weekly EMA trend confirms the daily setup | 60-day structure is higher-highs and higher-lows | ADX shows tradable trend strength | ADX is rising -- trend strength is expanding | 20-day momentum is strong but not vertical | 60-day momentum supports the setup | Three-month return confirms momentum | RSI is in the healthy participation band | MACD is above signal,"Volume does not confirm, or is a blow-off",,,short,2754.89990234375,2555.5761691481675,199.32373319558252,3153.547368734915,3352.8711019304974,4-10 weeks
6,NYKAA.NS,89.2,strong,89.2,0.0,0.938,True,Consumer Services,Price is above SMA20 without being stretched | Price is modestly above SMA50 | Price is above SMA200 -- primary trend supports the trade | SMA20 is rising | SMA50 is rising | Weekly EMA trend confirms the daily setup | 60-day structure is higher-highs and higher-lows | ADX shows tradable trend strength | ADX trajectory is positive | 20-day momentum is strong but not vertical | 60-day momentum supports the setup | Three-month return confirms momentum | RSI is in the healthy participation band | MACD is above signal | Volume is normal,,,,short,344.5,329.63849410569065,14.861505894309369,374.22301178861875,389.0845176829281,4-10 weeks
7,RBLBANK.NS,89.0,strong,89.0,0.0,0.938,True,Financial Services,Price is above SMA20 without being stretched | Price is above SMA50 | Price is above SMA200 -- primary trend supports the trade | SMA20 is rising quickly | SMA50 is rising | Weekly EMA trend confirms the daily setup | 60-day structure is higher-highs and higher-lows | ADX shows tradable trend strength | ADX is rising -- trend strength is expanding | 20-day momentum is strong but not vertical | 60-day momentum supports the setup | Three-month return confirms momentum | RSI is firm but approaching overbought | MACD is above signal | Volume is normal,,,Lender: short-term score is technical; asset quality still needs a separate check.,short,412.5499877929688,395.08013871061723,17.469849082351583,447.48968595767195,464.9595350400235,4-10 weeks
8,SHYAMMETL.NS,88.3,strong,88.3,0.0,0.938,True,Capital Goods,Price is above SMA20 without being stretched | Price is modestly above SMA50 | Price is above SMA200 -- primary trend supports the trade | SMA20 is rising quickly | SMA50 is rising | Weekly EMA trend confirms the daily setup | 60-day structure is higher-highs and higher-lows | ADX shows tradable trend strength | ADX is rising -- trend strength is expanding | 20-day momentum is strong but not vertical | 60-day momentum supports the setup | Three-month return confirms momentum | RSI is in the healthy participation band | MACD is above signal,"Volume does not confirm, or is a blow-off",,,short,1074.800048828125,1018.5534897938662,56.24655903425878,1187.2931668966426,1243.5397259309013,4-10 weeks
9,AEGISVOPAK.NS,88.1,strong,88.1,0.0,0.938,True,Oil Gas & Consumable Fuels,Price is above SMA20 without being stretched | Price is modestly above SMA50 | Price is above SMA200 -- primary trend supports the trade | SMA20 is rising | SMA50 is rising | Weekly EMA trend confirms the daily setup | ADX trend strength is emerging | ADX is rising -- trend strength is expanding | 20-day momentum is strong but not vertical | 60-day momentum supports the setup | Three-month return confirms momentum | RSI is in the healthy participation band | MACD is above signal | Volume confirms the move,60-day structure is not higher-highs and higher-lows,,,short,295.1000061035156,271.0553437075683,24.04466239594734,343.1893308954103,367.23399329135765,4-10 weeks
10,ENGINERSIN.NS,87.2,strong,87.2,0.0,0.938,True,Construction,Price is above SMA20 without being stretched | Price is above SMA50 | Price is above SMA200 -- primary trend supports the trade | SMA20 is rising quickly | SMA50 is rising | Weekly EMA trend confirms the daily setup | 60-day structure is higher-highs and higher-lows | ADX shows strong trend strength | ADX is rising -- trend strength is expanding | 20-day momentum is strong but not vertical | 60-day momentum is positive | Three-month return confirms momentum | RSI is in the healthy participation band | MACD is above signal,"Volume does not confirm, or is a blow-off",,,short,268.95001220703125,250.13335153240004,18.81666067463121,306.58333355629367,325.3999942309249,4-10 weeks
11,SOLARINDS.NS,87.2,strong,87.2,0.0,0.938,True,Chemicals,Price is above SMA20 without being stretched | Price is above SMA50 | Price is above SMA200 -- primary trend supports the trade | SMA20 is rising quickly | SMA50 is rising | Weekly EMA trend confirms the daily setup | 60-day structure is higher-highs and higher-lows | ADX shows strong trend strength | ADX is rising -- trend strength is expanding | 20-day momentum is strong but not vertical | 60-day momentum supports the setup | Three-month return confirms momentum | RSI is overbought | MACD is above signal | Volume is normal,,,,short,22290.0,21243.44316077661,1046.556839223389,24383.113678446778,25429.670517670165,4-10 weeks
12,MEESHO.NS,86.7,strong,91.7,5.0,0.875,True,Consumer Services,Price is above SMA20 without being stretched | Price is above SMA50 | SMA20 is rising quickly | SMA50 is rising | Weekly EMA trend confirms the daily setup | 60-day structure is higher-highs and higher-lows | ADX shows tradable trend strength | ADX trajectory is positive | 20-day momentum is strong but not vertical | 60-day momentum supports the setup | Three-month return confirms momentum | RSI is firm but approaching overbought | MACD is above signal | Volume confirms the move,,Fundamental junk filter: loss-making profile (-5),,short,217.0800018310547,202.4604813412632,14.619520489791485,246.31904281063765,260.93856330042917,4-10 weeks
13,WOCKPHARMA.NS,86.6,strong,86.6,0.0,0.938,True,Healthcare,Price is above SMA20 but extended | Price is above SMA50 | Price is above SMA200 -- primary trend supports the trade | SMA20 is rising quickly | SMA50 slope is positive | Weekly EMA trend confirms the daily setup | 60-day structure is higher-highs and higher-lows | ADX shows tradable trend strength | ADX is rising -- trend strength is expanding | 20-day momentum is strong but not vertical | 60-day momentum supports the setup | Three-month return is positive | RSI is in the healthy participation band | MACD is above signal | Volume is normal,,,,short,2179.39990234375,2018.938898417691,160.46100392605894,2500.321910195868,2660.7829141219268,4-10 weeks
14,CGCL.NS,86.4,strong,86.4,0.0,0.938,True,Financial Services,Price is above SMA20 without being stretched | Price is above SMA50 | Price is above SMA200 -- primary trend supports the trade | SMA20 is rising quickly | SMA50 is rising | Weekly EMA trend confirms the daily setup | 60-day structure is higher-highs and higher-lows | ADX shows strong trend strength | ADX is rising -- trend strength is expanding | 20-day momentum is extended | 60-day momentum supports the setup | Three-month return confirms momentum | RSI is in the healthy participation band | MACD is above signal,"Volume does not confirm, or is a blow-off",,Lender: short-term score is technical; asset quality still needs a separate check.,short,266.0,244.2732873058044,21.726712694195612,309.4534253883912,331.18013808258684,4-10 weeks
15,JINDALSAW.NS,86.4,strong,86.4,0.0,0.938,True,Capital Goods,Price is above SMA20 without being stretched | Price is above SMA50 | Price is above SMA200 -- primary trend supports the trade | SMA20 is rising quickly | SMA50 is rising | Weekly EMA trend confirms the daily setup | 60-day structure is higher-highs and higher-lows | ADX shows strong trend strength | ADX is rising -- trend strength is expanding | 20-day momentum is extended | 60-day momentum supports the setup | Three-month return confirms momentum | RSI is in the healthy participation band | MACD is above signal,"Volume does not confirm, or is a blow-off",,,short,311.95001220703125,290.4290852987806,21.520926908250676,354.9918660235326,376.5127929317833,4-10 weeks
16,ANTHEM.NS,86.0,strong,86.0,0.0,0.938,True,Healthcare,Price is above SMA20 without being stretched | Price is above SMA50 | Price is above SMA200 -- primary trend supports the trade | SMA20 is rising quickly | SMA50 is rising | Weekly EMA trend confirms the daily setup | 60-day structure is higher-highs and higher-lows | ADX shows strong trend strength | ADX trajectory is positive | 20-day momentum is strong but not vertical | 60-day momentum supports the setup | Three-month return confirms momentum | RSI is in the healthy participation band | Volume is normal,MACD is below signal,,,short,940.9000244140624,882.7215899720732,58.1784344419892,1057.2568932980407,1115.43532774003,4-10 weeks
17,PFOCUS.NS,85.8,strong,85.8,0.0,0.938,True,Media Entertainment & Publication,Price is above SMA20 without being stretched | Price is above SMA50 | Price is above SMA200 -- primary trend supports the trade | SMA20 is rising quickly | SMA50 is rising | Weekly EMA trend confirms the daily setup | 60-day structure is higher-highs and higher-lows | ADX shows tradable trend strength | ADX trajectory is flat | 20-day momentum is strong but not vertical | 60-day momentum supports the setup | Three-month return confirms momentum | RSI is in the healthy participation band | MACD is above signal,"Volume does not confirm, or is a blow-off",,,short,310.8500061035156,284.6527687215938,26.19723738192183,363.2444808673593,389.4417182492811,4-10 weeks
18,SAGILITY.NS,85.7,strong,85.7,0.0,0.938,True,Information Technology,Price is above SMA20 without being stretched | Price is modestly above SMA50 | Price is just above SMA200 | SMA20 is rising quickly | SMA50 is rising | Weekly EMA trend confirms the daily setup | 60-day structure is higher-highs and higher-lows | ADX shows tradable trend strength | ADX is rising -- trend strength is expanding | 20-day momentum is strong but not vertical | 60-day momentum supports the setup | Three-month return confirms momentum | RSI is in the healthy participation band | MACD is near a bullish cross | Volume is normal,,,,short,45.20000076293945,42.701880257018566,2.498120505920886,50.19624177478123,52.69436228070211,4-10 weeks
19,IDEA.NS,84.3,strong,84.3,0.0,0.938,True,Telecommunication,Price is above SMA20 without being stretched | Price is above SMA50 | Price is above SMA200 -- primary trend supports the trade | SMA20 is rising quickly | SMA50 slope is positive | Weekly EMA trend confirms the daily setup | 60-day structure is higher-highs and higher-lows | ADX shows tradable trend strength | 20-day momentum is strong but not vertical | 60-day momentum is positive | Three-month return is positive | RSI is in the healthy participation band | MACD is above signal | Volume confirms the move,ADX is falling -- trend strength is fading,,,short,14.970000267028809,13.948047739013411,1.021952528015398,17.013905323059603,18.035857851075,4-10 weeks
20,GRAPHITE.NS,83.4,strong,83.4,0.0,0.938,True,Capital Goods,Price is above SMA20 but extended | Price is above SMA50 | Price is above SMA200 -- primary trend supports the trade | SMA20 is rising quickly | SMA50 is rising | Weekly EMA trend confirms the daily setup | 60-day structure is higher-highs and higher-lows | ADX shows strong trend strength | ADX trajectory is positive | 20-day momentum is strong but not vertical | 60-day momentum supports the setup | Three-month return confirms momentum | RSI is overbought | MACD is above signal | Volume is normal,,,,short,825.7999877929688,754.9434448559682,70.85654293700051,967.5130736669698,1038.3696166039704,4-10 weeks
21,NIACL.NS,82.4,strong,82.4,0.0,0.938,True,Financial Services,Price is above SMA20 without being stretched | Price is above SMA50 | Price is above SMA200 -- primary trend supports the trade | SMA20 is rising quickly | SMA50 is rising | Weekly EMA trend confirms the daily setup | 60-day structure is higher-highs and higher-lows | ADX shows strong trend strength | ADX is rising -- trend strength is expanding | 20-day momentum is strong but not vertical | Three-month return confirms momentum | RSI is in the healthy participation band | MACD is above signal,"60-day momentum is weak or exhausted | Volume does not confirm, or is a blow-off",,,short,198.38999938964844,175.28978363243237,23.100215757216066,244.59043090408056,267.6906466612966,4-10 weeks
22,SYRMA.NS,82.3,strong,82.3,0.0,0.938,True,Capital Goods,Price is above SMA20 without being stretched | Price is above SMA50 | Price is above SMA200 -- primary trend supports the trade | SMA20 is rising quickly | SMA50 is rising | Weekly EMA trend confirms the daily setup | 60-day structure is higher-highs and higher-lows | ADX trend strength is emerging | 20-day momentum is strong but not vertical | 60-day momentum supports the setup | Three-month return confirms momentum | RSI is in the healthy participation band | MACD is above signal,"ADX is falling -- trend strength is fading | Volume does not confirm, or is a blow-off",,,short,1589.300048828125,1477.9829044938087,111.31714433431621,1811.9343374967575,1923.2514818310738,4-10 weeks
23,IPCALAB.NS,82.0,strong,82.0,0.0,0.938,True,Healthcare,Price is above SMA20 without being stretched | Price is above SMA50 | Price is above SMA200 -- primary trend supports the trade | SMA20 is rising quickly | SMA50 is rising | Weekly EMA trend confirms the daily setup | 60-day structure is higher-highs and higher-lows | ADX shows strong trend strength | ADX trajectory is positive | 20-day momentum is strong but not vertical | 60-day momentum supports the setup | Three-month return confirms momentum | RSI is in the healthy participation band,"MACD is below signal | Volume does not confirm, or is a blow-off",,,short,1968.5,1869.1028906721376,99.3971093278625,2167.2942186557248,2266.6913279835876,4-10 weeks
24,KOTAKBANK.NS,81.9,strong,81.9,0.0,0.938,True,Financial Services,Price is above SMA20 without being stretched | Price is above SMA50 | Price is just above SMA200 | SMA20 is rising quickly | SMA50 slope is positive | Weekly EMA trend confirms the daily setup | 60-day structure is higher-highs and higher-lows | ADX shows strong trend strength | ADX is rising -- trend strength is expanding | 20-day momentum is strong but not vertical | 60-day momentum is positive | Three-month return is positive | RSI is in the healthy participation band | Volume confirms the move,MACD is below signal,,Lender: short-term score is technical; asset quality still needs a separate check.,short,419.0,405.0686346963339,13.93136530366608,446.86273060733214,460.79409591099824,4-10 weeks
25,MRPL.NS,81.9,strong,81.9,0.0,0.938,True,Oil Gas & Consumable Fuels,Price is above SMA20 without being stretched | Price is modestly above SMA50 | Price is above SMA200 -- primary trend supports the trade | SMA20 is rising | SMA50 is rising | Weekly EMA trend confirms the daily setup | 60-day structure is higher-highs and higher-lows | ADX shows tradable trend strength | ADX trajectory is positive | 20-day momentum is positive | 60-day momentum supports the setup | Three-month return is positive | RSI is in the healthy participation band | MACD is above signal | Volume is normal,,,,short,175.86000061035156,160.15689172189477,15.703108888456784,207.26621838726513,222.96932727572192,4-10 weeks
26,SPLPETRO.NS,81.2,strong,81.2,0.0,0.938,True,Chemicals,Price is above SMA20 but extended | Price is above SMA50 | Price is above SMA200 -- primary trend supports the trade | SMA20 is rising quickly | SMA50 slope is positive | Weekly EMA trend confirms the daily setup | 60-day structure is higher-highs and higher-lows | ADX shows tradable trend strength | ADX is rising -- trend strength is expanding | 20-day momentum is strong but not vertical | 60-day momentum supports the setup | Three-month return confirms momentum | RSI is firm but approaching overbought | MACD is above signal,"Volume does not confirm, or is a blow-off",,,short,818.3499755859375,764.4638167124649,53.886158873472596,926.1222933328827,980.0084522063553,4-10 weeks
27,PIRAMALFIN.NS,81.1,strong,81.1,0.0,0.938,True,Financial Services,Price is above SMA20 without being stretched | Price is modestly above SMA50 | Price is above SMA200 -- primary trend supports the trade | SMA20 is rising quickly | SMA50 slope is positive | Weekly EMA trend confirms the daily setup | 60-day structure is higher-highs and higher-lows | ADX shows tradable trend strength | ADX trajectory is positive | 20-day momentum is strong but not vertical | 60-day momentum is positive | Three-month return confirms momentum | RSI is in the healthy participation band | MACD is above signal,"Volume does not confirm, or is a blow-off",,Lender: short-term score is technical; asset quality still needs a separate check.,short,2255.60009765625,2128.829345596351,126.7707520598993,2509.1416017760484,2635.912353835948,4-10 weeks
28,PARADEEP.NS,80.7,strong,80.7,0.0,0.938,True,Chemicals,Price is above SMA20 without being stretched | Price is above SMA50 | Price is above SMA200 -- primary trend supports the trade | SMA20 is rising quickly | SMA50 is rising | Weekly EMA trend confirms the daily setup | 60-day structure is higher-highs and higher-lows | ADX shows tradable trend strength | ADX trajectory is positive | 20-day momentum is strong but not vertical | 60-day momentum supports the setup | Three-month return confirms momentum | RSI is in the healthy participation band,"MACD is below signal | Volume does not confirm, or is a blow-off",,,short,155.9600067138672,145.34143040974786,10.618576304119317,177.19715932210582,187.81573562622515,4-10 weeks
29,ACMESOLAR.NS,80.7,strong,80.7,0.0,0.938,True,Power,Price is above SMA20 without being stretched | Price is above SMA50 | Price is above SMA200 -- primary trend supports the trade | SMA20 is rising quickly | SMA50 is rising | Weekly EMA trend confirms the daily setup | 60-day structure is higher-highs and higher-lows | ADX shows tradable trend strength | ADX trajectory is positive | 20-day momentum is strong but not vertical | 60-day momentum supports the setup | Three-month return confirms momentum | RSI is in the healthy participation band,"MACD is below signal | Volume does not confirm, or is a blow-off",,,short,402.2999877929688,370.7744479419043,31.52553985106449,465.35106749509777,496.87660734616225,4-10 weeks
30,GLENMARK.NS,80.7,strong,80.7,0.0,0.938,True,Healthcare,Price is above SMA20 without being stretched | Price is modestly above SMA50 | Price is above SMA200 -- primary trend supports the trade | SMA20 is rising quickly | SMA50 is rising | Weekly EMA trend confirms the daily setup | 60-day structure is higher-highs and higher-lows | ADX shows tradable trend strength | ADX is rising -- trend strength is expanding | 20-day momentum is strong but not vertical | 60-day momentum supports the setup | Three-month return confirms momentum | RSI is in the healthy participation band,"MACD is below signal | Volume does not confirm, or is a blow-off",,,short,2419.199951171875,2304.6698401964036,114.53011097547129,2648.2601731228174,2762.790284098289,4-10 weeks
31,JSL.NS,80.6,strong,80.6,0.0,0.938,True,Metals & Mining,Price is above SMA20 without being stretched | Price is modestly above SMA50 | Price is just above SMA200 | SMA20 is rising | SMA50 is rising | Weekly EMA trend confirms the daily setup | 60-day structure is higher-highs and higher-lows | ADX trend strength is emerging | ADX is rising -- trend strength is expanding | 20-day momentum is positive | 60-day momentum is positive | Three-month return is positive | RSI is in the healthy participation band | MACD is above signal | Volume confirms the move,,,,short,756.0999755859375,713.9879148411402,42.11206074479726,840.324097075532,882.4361578203293,4-10 weeks
32,ANANDRATHI.NS,80.5,strong,80.5,0.0,0.938,True,Financial Services,Price is above SMA20 without being stretched | Price is modestly above SMA50 | Price is above SMA200 -- primary trend supports the trade | SMA20 is rising quickly | SMA50 is rising | Weekly EMA trend confirms the daily setup | 60-day structure is higher-highs and higher-lows | ADX shows strong trend strength | ADX trajectory is positive | 20-day momentum is positive | 60-day momentum supports the setup | Three-month return confirms momentum | RSI is in the healthy participation band | Volume is normal,MACD is below signal,,,short,2211.0,2125.4170539067795,85.5829460932203,2382.1658921864405,2467.748838279661,4-10 weeks
33,PNBHOUSING.NS,80.4,strong,80.4,0.0,0.938,True,Financial Services,Price is above SMA20 without being stretched | Price is above SMA50 | Price is above SMA200 -- primary trend supports the trade | SMA20 is rising | SMA50 is rising | Weekly EMA trend confirms the daily setup | 60-day structure is higher-highs and higher-lows | ADX shows tradable trend strength | 20-day momentum is positive | 60-day momentum supports the setup | Three-month return confirms momentum | RSI is in the healthy participation band | Volume confirms the move,ADX is falling -- trend strength is fading | MACD is below signal,,Lender: short-term score is technical; asset quality still needs a separate check.,short,1178.9000244140625,1117.0682751469574,61.83174926710506,1302.5635229482725,1364.3952722153776,4-10 weeks
34,LTFOODS.NS,79.6,good,79.6,0.0,0.938,True,Fast Moving Consumer Goods,Price is near SMA20 support | Price is above SMA50 | Price is above SMA200 -- primary trend supports the trade | SMA20 is rising quickly | SMA50 is rising | Weekly EMA trend confirms the daily setup | 60-day structure is higher-highs and higher-lows | ADX shows strong trend strength | ADX is rising -- trend strength is expanding | 20-day momentum is strong but not vertical | 60-day momentum supports the setup | Three-month return confirms momentum | RSI is in the healthy participation band,"MACD is below signal | Volume does not confirm, or is a blow-off",,,short,438.1000061035156,410.0497785533776,28.050227550138008,494.20046120379163,522.2506887539297,4-10 weeks
35,MCX.NS,79.6,good,79.6,0.0,0.938,True,Financial Services,Price is above SMA20 without being stretched | Price is above SMA50 | Price is above SMA200 -- primary trend supports the trade | SMA20 is rising quickly | SMA50 is rising | Weekly EMA trend confirms the daily setup | 60-day structure is higher-highs and higher-lows | ADX shows strong trend strength | ADX trajectory is flat | 20-day momentum is strong but not vertical | 60-day momentum supports the setup | Three-month return confirms momentum | RSI is in the healthy participation band,"MACD is below signal | Volume does not confirm, or is a blow-off",,,short,3276.0,3073.108676424406,202.89132357559407,3681.782647151188,3884.6739707267825,4-10 weeks
36,CUB.NS,79.1,good,79.1,0.0,0.938,True,Financial Services,Price is above SMA20 without being stretched | Price is modestly above SMA50 | Price is above SMA200 -- primary trend supports the trade | SMA20 is rising quickly | SMA50 is rising | Weekly EMA trend confirms the daily setup | 60-day structure is higher-highs and higher-lows | ADX shows tradable trend strength | ADX trajectory is positive | 20-day momentum is strong but not vertical | 60-day momentum supports the setup | Three-month return confirms momentum | RSI is in the healthy participation band,"MACD is below signal | Volume does not confirm, or is a blow-off",,Lender: short-term score is technical; asset quality still needs a separate check.,short,227.32000732421875,210.64959622358106,16.670411100637693,260.66082952549414,277.33124062613183,4-10 weeks
37,AUROPHARMA.NS,78.9,good,78.9,0.0,0.938,True,Healthcare,Price is above SMA20 without being stretched | Price is modestly above SMA50 | Price is above SMA200 -- primary trend supports the trade | SMA20 is rising | SMA50 is rising | Weekly EMA trend confirms the daily setup | 60-day structure is higher-highs and higher-lows | ADX shows tradable trend strength | ADX trajectory is flat | 20-day momentum is positive | 60-day momentum supports the setup | Three-month return confirms momentum | RSI is in the healthy participation band | MACD is above signal,"Volume does not confirm, or is a blow-off",,,short,1679.800048828125,1602.2931450044068,77.50690382371828,1834.8138564755616,1912.3207602992798,4-10 weeks
38,CYIENT.NS,78.8,good,78.8,0.0,0.938,True,Information Technology,Price is above SMA20 without being stretched | Price is above SMA50 | Price is above SMA200 -- primary trend supports the trade | SMA20 is rising quickly | SMA50 is rising | Weekly EMA trend confirms the daily setup | 60-day structure is higher-highs and higher-lows | ADX shows strong trend strength | ADX is rising -- trend strength is expanding | 20-day momentum is extended | 60-day momentum supports the setup | Three-month return confirms momentum | RSI is in the healthy participation band,"MACD is below signal | Volume does not confirm, or is a blow-off",,,short,1059.4000244140625,980.7562288329278,78.64379558113467,1216.6876155763318,1295.3314111574664,4-10 weeks
39,CLEAN.NS,78.6,good,78.6,0.0,0.938,True,Chemicals,Price is above SMA20 without being stretched | Price is above SMA50 | Price is above SMA200 -- primary trend supports the trade | SMA20 is rising quickly | SMA50 is rising | Weekly EMA trend confirms the daily setup | 60-day structure is higher-highs and higher-lows | ADX shows strong trend strength | ADX trajectory is positive | 20-day momentum is positive | 60-day momentum supports the setup | Three-month return is positive | RSI is in the healthy participation band | Volume is normal,MACD is below signal,,,short,842.0499877929688,793.6044767544928,48.44551103847598,938.9410098699207,987.3865209083967,4-10 weeks
40,PTCIL.NS,78.4,good,78.4,0.0,0.938,True,Capital Goods,Price is above SMA20 but extended | Price is above SMA50 | Price is above SMA200 -- primary trend supports the trade | SMA20 is rising quickly | SMA50 is rising | Weekly EMA trend confirms the daily setup | 60-day structure is higher-highs and higher-lows | ADX shows strong trend strength | ADX is rising -- trend strength is expanding | 20-day momentum is extended | 60-day momentum is extended | Three-month return confirms momentum | RSI is firm but approaching overbought | MACD is above signal | Volume is normal,,,,short,23630.0,21813.976203249826,1816.0237967501762,27262.047593500352,29078.07139025053,4-10 weeks
41,CARTRADE.NS,78.2,good,78.2,0.0,0.938,True,Consumer Services,Price is above SMA20 without being stretched | Price is above SMA50 | Price is above SMA200 -- primary trend supports the trade | SMA20 is rising quickly | SMA50 is rising | Weekly EMA trend confirms the daily setup | 60-day structure is higher-highs and higher-lows | ADX shows strong trend strength | 20-day momentum is strong but not vertical | 60-day momentum supports the setup | Three-month return confirms momentum | RSI is in the healthy participation band,"ADX is falling -- trend strength is fading | MACD is below signal | Volume does not confirm, or is a blow-off",,,short,3087.89990234375,2843.0479040812966,244.85199826245346,3577.603898868657,3822.4558971311103,4-10 weeks
42,CRISIL.NS,78.2,good,78.2,0.0,0.938,True,Financial Services,Price is above SMA20 without being stretched | Price is above SMA50 | Price is above SMA200 -- primary trend supports the trade | SMA20 is rising quickly | SMA50 is rising | Weekly EMA trend confirms the daily setup | 60-day structure is higher-highs and higher-lows | ADX shows tradable trend strength | ADX trajectory is flat | 20-day momentum is strong but not vertical | 60-day momentum supports the setup | Three-month return confirms momentum | RSI is in the healthy participation band,"MACD is below signal | Volume does not confirm, or is a blow-off",,,short,4697.89990234375,4471.873799107438,226.02610323631203,5149.952108816374,5375.978212052686,4-10 weeks
43,CONCORDBIO.NS,78.2,good,78.2,0.0,0.938,True,Healthcare,Price is above SMA20 without being stretched | Price is above SMA50 | Price is above SMA200 -- primary trend supports the trade | SMA20 is rising | SMA50 is rising | Weekly EMA trend confirms the daily setup | 60-day structure is higher-highs and higher-lows | ADX trend strength is emerging | 20-day momentum is positive | 60-day momentum supports the setup | Three-month return confirms momentum | RSI is in the healthy participation band | Volume confirms the move,ADX is falling -- trend strength is fading | MACD is below signal,,,short,1505.699951171875,1398.6577717591797,107.04217941269523,1719.7843099972654,1826.8264894099607,4-10 weeks
44,PVRINOX.NS,77.4,good,77.4,0.0,0.938,True,Media Entertainment & Publication,Price is above SMA20 without being stretched | Price is above SMA50 | Price is above SMA200 -- primary trend supports the trade | SMA20 is rising quickly | SMA50 is rising | Weekly EMA trend confirms the daily setup | 60-day structure is higher-highs and higher-lows | ADX shows strong trend strength | 20-day momentum is strong but not vertical | 60-day momentum is extended | Three-month return confirms momentum | RSI is in the healthy participation band | Volume is normal,ADX is falling -- trend strength is fading | MACD is below signal,,,short,1237.0999755859375,1141.161931821556,95.9380437643816,1428.9760631147008,1524.9141068790823,4-10 weeks
45,BALRAMCHIN.NS,77.2,good,77.2,0.0,0.938,True,Fast Moving Consumer Goods,Price is above SMA20 without being stretched | Price is above SMA50 | Price is above SMA200 -- primary trend supports the trade | SMA20 is rising quickly | SMA50 is rising | Weekly EMA trend confirms the daily setup | 60-day structure is higher-highs and higher-lows | ADX shows strong trend strength | ADX trajectory is positive | 20-day momentum is strong but not vertical | 60-day momentum is extended | Three-month return confirms momentum | RSI is in the healthy participation band,"MACD is below signal | Volume does not confirm, or is a blow-off",,,short,691.4000244140625,621.6378189035352,69.76220551052738,830.9244354351173,900.6866409456446,4-10 weeks
46,FINCABLES.NS,77.0,good,77.0,0.0,0.938,True,Capital Goods,Price is above SMA20 but extended | Price is above SMA50 | Price is above SMA200 -- primary trend supports the trade | SMA20 is rising quickly | SMA50 is rising | Weekly EMA trend confirms the daily setup | 60-day structure is higher-highs and higher-lows | ADX shows strong trend strength | 20-day momentum is extended | 60-day momentum supports the setup | Three-month return confirms momentum | RSI is firm but approaching overbought | MACD is above signal | Volume is high but not yet a blow-off,ADX is falling -- trend strength is fading,,,short,1424.0,1291.9712316141377,132.02876838586246,1688.057536771725,1820.0863051575875,4-10 weeks
47,CHALET.NS,76.6,good,76.6,0.0,0.938,True,Consumer Services,Price is near SMA20 support | Price is modestly above SMA50 | Price is above SMA200 -- primary trend supports the trade | SMA20 is rising quickly | SMA50 is rising | Weekly EMA trend confirms the daily setup | 60-day structure is higher-highs and higher-lows | ADX shows tradable trend strength | ADX is rising -- trend strength is expanding | 20-day momentum is strong but not vertical | 60-day momentum supports the setup | Three-month return confirms momentum | RSI is in the healthy participation band,"MACD is below signal | Volume does not confirm, or is a blow-off",,,short,877.25,826.536835643768,50.713164356232035,978.676328712464,1029.389493068696,4-10 weeks
48,ASAHIINDIA.NS,76.4,good,76.4,0.0,0.938,True,Automobile and Auto Components,Price is above SMA20 without being stretched | Price is above SMA50 | Price is above SMA200 -- primary trend supports the trade | SMA20 is rising quickly | SMA50 is rising | Weekly EMA trend confirms the daily setup | 60-day structure is higher-highs and higher-lows | 20-day momentum is strong but not vertical | 60-day momentum supports the setup | Three-month return confirms momentum | RSI is overbought | MACD is above signal | Volume is normal,ADX shows little trend strength | ADX is falling -- trend strength is fading,,,short,985.7999877929688,939.416708874764,46.383278918204766,1078.5665456293782,1124.949824547583,4-10 weeks
49,DIVISLAB.NS,76.3,good,76.3,0.0,0.938,True,Healthcare,Price is above SMA20 without being stretched | Price is above SMA50 | Price is above SMA200 -- primary trend supports the trade | SMA20 is rising quickly | SMA50 is rising | Weekly EMA trend confirms the daily setup | 60-day structure is higher-highs and higher-lows | ADX shows strong trend strength | ADX trajectory is positive | 20-day momentum is strong but not vertical | 60-day momentum is extended | Three-month return is stretched | RSI is in the healthy participation band | Volume is normal,MACD is below signal,,,short,9322.0,8924.326381884113,397.6736181158862,10117.347236231772,10515.020854347658,4-10 weeks
50,VIJAYA.NS,75.6,good,75.6,0.0,0.938,True,Healthcare,Price is above SMA20 without being stretched | Price is above SMA50 | Price is above SMA200 -- primary trend supports the trade | SMA20 is rising quickly | SMA50 is rising | Weekly EMA trend confirms the daily setup | 60-day structure is higher-highs and higher-lows | ADX shows strong trend strength | ADX trajectory is flat | 20-day momentum is positive | 60-day momentum supports the setup | Three-month return confirms momentum | RSI is in the healthy participation band,"MACD is below signal | Volume does not confirm, or is a blow-off",,,short,1502.0,1408.1751092793804,93.8248907206195,1689.649781441239,1783.4746721618585,4-10 weeks
51,BRIGADE.NS,75.5,good,75.5,0.0,0.938,True,Realty,Price is near SMA20 support | Price is above SMA50 | Price is above SMA200 -- primary trend supports the trade | SMA20 is rising quickly | SMA50 is rising | Weekly EMA trend confirms the daily setup | 60-day structure is higher-highs and higher-lows | ADX shows strong trend strength | ADX trajectory is flat | 20-day momentum is strong but not vertical | 60-day momentum supports the setup | Three-month return confirms momentum | RSI is in the healthy participation band,"MACD is below signal | Volume does not confirm, or is a blow-off",,,short,638.6500244140625,582.7573153634721,55.892709050590426,750.4354425152434,806.3281515658338,4-10 weeks
52,INDGN.NS,75.5,good,75.5,0.0,0.938,True,Healthcare,Price is near SMA20 support | Price is above SMA50 | Price is above SMA200 -- primary trend supports the trade | SMA20 is rising quickly | SMA50 is rising | Weekly EMA trend confirms the daily setup | 60-day structure is higher-highs and higher-lows | ADX shows strong trend strength | ADX trajectory is flat | 20-day momentum is strong but not vertical | 60-day momentum supports the setup | Three-month return confirms momentum | RSI is in the healthy participation band,"MACD is below signal | Volume does not confirm, or is a blow-off",,,short,578.3499755859375,545.7957502686277,32.554225317309836,643.4584262205572,676.012651537867,4-10 weeks
53,MEDANTA.NS,75.4,good,75.4,0.0,0.938,True,Healthcare,Price is above SMA20 without being stretched | Price is modestly above SMA50 | Price is above SMA200 -- primary trend supports the trade | SMA20 is rising | SMA50 is rising | Weekly EMA trend confirms the daily setup | 60-day structure is higher-highs and higher-lows | ADX shows tradable trend strength | ADX is rising -- trend strength is expanding | 20-day momentum is positive | 60-day momentum supports the setup | Three-month return confirms momentum | RSI is in the healthy participation band,"MACD is below signal | Volume does not confirm, or is a blow-off",,,short,1447.199951171875,1352.810930430935,94.38902074093993,1635.9779926537549,1730.3670133946948,4-10 weeks
54,LICHSGFIN.NS,75.1,good,75.1,0.0,0.938,True,Financial Services,Price is above SMA20 without being stretched | Price is above SMA50 | Price is above SMA200 -- primary trend supports the trade | SMA20 is rising quickly | SMA50 slope is positive | Weekly EMA trend confirms the daily setup | ADX shows strong trend strength | ADX is rising -- trend strength is expanding | 20-day momentum is strong but not vertical | 60-day momentum is positive | Three-month return is positive | RSI is firm but approaching overbought | MACD is above signal | Volume is high but not yet a blow-off,60-day structure is not higher-highs and higher-lows,,Lender: short-term score is technical; asset quality still needs a separate check.,short,562.9000244140625,533.6091269761243,29.29089743793811,621.4818192899387,650.7727167278769,4-10 weeks
55,URBANCO.NS,74.8,good,74.8,0.0,0.938,True,Consumer Services,Price is above SMA20 without being stretched | Price is above SMA50 | Price is above SMA200 -- primary trend supports the trade | SMA20 is rising quickly | SMA50 is rising | Weekly EMA trend confirms the daily setup | 60-day structure is higher-highs and higher-lows | ADX shows strong trend strength | ADX trajectory is flat | 20-day momentum is extended | 60-day momentum supports the setup | Three-month return confirms momentum | RSI is in the healthy participation band,"MACD is below signal | Volume does not confirm, or is a blow-off",,,short,166.88999938964844,152.8230110063243,14.066988383324153,195.02397615629675,209.0909645396209,4-10 weeks
56,APARINDS.NS,74.3,good,74.3,0.0,0.938,True,Capital Goods,Price is above SMA20 without being stretched | Price is above SMA50 | Price is above SMA200 -- primary trend supports the trade | SMA20 is rising quickly | SMA50 is rising | Weekly EMA trend confirms the daily setup | ADX shows strong trend strength | 20-day momentum is positive | 60-day momentum supports the setup | Three-month return is positive | RSI is in the healthy participation band | Volume confirms the move,60-day structure is not higher-highs and higher-lows | ADX is falling -- trend strength is fading | MACD is below signal,,,short,17500.0,16122.51943320012,1377.4805667998814,20254.96113359976,21632.441700399642,4-10 weeks
57,NAVINFLUOR.NS,74.3,good,74.3,0.0,0.938,True,Chemicals,Price is above SMA20 without being stretched | Price is above SMA50 | Price is above SMA200 -- primary trend supports the trade | SMA20 is rising quickly | SMA50 is rising | Weekly EMA trend confirms the daily setup | 60-day structure is higher-highs and higher-lows | ADX shows strong trend strength | 20-day momentum is positive | 60-day momentum supports the setup | Three-month return confirms momentum | RSI is in the healthy participation band,"ADX is falling -- trend strength is fading | MACD is below signal | Volume does not confirm, or is a blow-off",,,short,8543.5,8104.228325106116,439.27167489388376,9422.043349787768,9861.315024681651,4-10 weeks
58,BOSCHLTD.NS,74.3,good,74.3,0.0,0.938,True,Automobile and Auto Components,Price is above SMA20 without being stretched | Price is above SMA50 | Price is above SMA200 -- primary trend supports the trade | SMA20 is rising quickly | SMA50 is rising | Weekly EMA trend confirms the daily setup | 60-day structure is higher-highs and higher-lows | ADX shows strong trend strength | 20-day momentum is positive | 60-day momentum supports the setup | Three-month return confirms momentum | RSI is in the healthy participation band,"ADX is falling -- trend strength is fading | MACD is below signal | Volume does not confirm, or is a blow-off",,,short,48385.0,46232.862886190094,2152.1371138099034,52689.274227619804,54841.41134142971,4-10 weeks
59,THELEELA.NS,74.1,good,74.1,0.0,0.938,True,Consumer Services,Price is near SMA20 support | Price is above SMA50 | Price is above SMA200 -- primary trend supports the trade | SMA20 is rising quickly | SMA50 is rising | Weekly EMA trend confirms the daily setup | 60-day structure is higher-highs and higher-lows | ADX shows strong trend strength | 20-day momentum is strong but not vertical | 60-day momentum supports the setup | Three-month return confirms momentum | RSI is in the healthy participation band,"ADX is falling -- trend strength is fading | MACD is below signal | Volume does not confirm, or is a blow-off",,,short,542.2999877929688,504.7214446432504,37.578543149718385,617.4570740924055,655.0356172421239,4-10 weeks
60,APLAPOLLO.NS,74.1,good,74.1,0.0,0.938,True,Capital Goods,Price is near SMA20 support | Price is above SMA50 | Price is above SMA200 -- primary trend supports the trade | SMA20 is rising quickly | SMA50 is rising | Weekly EMA trend confirms the daily setup | 60-day structure is higher-highs and higher-lows | ADX shows strong trend strength | 20-day momentum is positive | 60-day momentum supports the setup | Three-month return confirms momentum | RSI is in the healthy participation band | Volume is normal,ADX is falling -- trend strength is fading | MACD is below signal,,,short,2153.5,2041.5335623977667,111.96643760223337,2377.4328752044667,2489.3993128067,4-10 weeks
61,ACE.NS,73.8,good,73.8,0.0,0.938,True,Capital Goods,Price is near SMA20 support | Price is modestly above SMA50 | Price is above SMA200 -- primary trend supports the trade | SMA20 is rising | SMA50 is rising | Weekly EMA trend confirms the daily setup | 60-day structure is higher-highs and higher-lows | ADX shows tradable trend strength | 20-day momentum is strong but not vertical | 60-day momentum supports the setup | Three-month return confirms momentum | RSI is in the healthy participation band | Volume is normal,ADX is falling -- trend strength is fading | MACD is below signal,,,short,1129.0,1046.5034039858265,82.4965960141735,1293.993192028347,1376.4897880425206,4-10 weeks
62,CPPLUS.NS,73.7,good,73.7,0.0,0.938,True,Capital Goods,Price is above SMA20 without being stretched | Price is above SMA50 | Price is above SMA200 -- primary trend supports the trade | SMA20 is rising | SMA50 slope is positive | Weekly EMA trend confirms the daily setup | ADX trend strength is emerging | ADX trajectory is positive | 20-day momentum is strong but not vertical | 60-day momentum is positive | Three-month return confirms momentum | RSI is in the healthy participation band | MACD is above signal,"60-day structure is not higher-highs and higher-lows | Volume does not confirm, or is a blow-off",,,short,3825.5,3510.3447428361083,315.1552571638919,4455.8105143277835,4770.965771491676,4-10 weeks
63,JSWINFRA.NS,73.2,good,73.2,0.0,0.938,True,Services,Price is above SMA20 without being stretched | Price is modestly above SMA50 | Price is above SMA200 -- primary trend supports the trade | SMA20 is flat | SMA50 slope is positive | Weekly EMA trend confirms the daily setup | 20-day momentum is positive | 60-day momentum supports the setup | Three-month return confirms momentum | RSI is in the healthy participation band | MACD is above signal | Volume confirms the move,60-day structure is not higher-highs and higher-lows | ADX shows little trend strength | ADX is falling -- trend strength is fading,,,short,343.1499938964844,325.64289749494407,17.507096401540323,378.164186699565,395.67128310110536,4-10 weeks
64,GRANULES.NS,72.9,good,79.9,7.0,0.938,True,Healthcare,Price is above SMA20 without being stretched | Price is above SMA50 | Price is above SMA200 -- primary trend supports the trade | SMA20 is rising | SMA50 is rising | Weekly EMA trend confirms the daily setup | 60-day structure is higher-highs and higher-lows | ADX trend strength is emerging | ADX trajectory is positive | 20-day momentum is strong but not vertical | 60-day momentum supports the setup | Three-month return confirms momentum | RSI is firm but approaching overbought | MACD is above signal,"Volume does not confirm, or is a blow-off",Blow-off volume above 3x 20-day average -- possible exhaustion (-7),,short,909.2999877929688,856.0058570437618,53.29413074920697,1015.8882492913826,1069.1823800405896,4-10 weeks
65,PCBL.NS,72.8,good,72.8,0.0,0.938,True,Chemicals,Price is above SMA20 without being stretched | Price is modestly above SMA50 | Price is above SMA200 -- primary trend supports the trade | SMA20 is flat | SMA50 slope is positive | Weekly EMA trend confirms the daily setup | ADX shows tradable trend strength | ADX trajectory is positive | 20-day momentum is strong but not vertical | 60-day momentum supports the setup | Three-month return is positive | RSI is in the healthy participation band | MACD is above signal,"60-day structure is not higher-highs and higher-lows | Volume does not confirm, or is a blow-off",,,short,331.04998779296875,309.92121339578847,21.128774397180255,373.30753658732925,394.43631098450953,4-10 weeks
66,DATAPATTNS.NS,72.8,good,72.8,0.0,0.938,True,Capital Goods,Price is above SMA20 without being stretched | Price is above SMA50 | Price is above SMA200 -- primary trend supports the trade | SMA20 is rising quickly | SMA50 slope is positive | Weekly EMA trend confirms the daily setup | 60-day structure is higher-highs and higher-lows | ADX trajectory is flat | 20-day momentum is strong but not vertical | 60-day momentum is positive | Three-month return is positive | RSI is in the healthy participation band | MACD is above signal,"ADX shows little trend strength | Volume does not confirm, or is a blow-off",,,short,4829.2001953125,4464.586102324575,364.6140929879247,5558.42838128835,5923.042474276274,4-10 weeks
67,CHENNPETRO.NS,72.8,good,72.8,0.0,0.938,True,Oil Gas & Consumable Fuels,Price is above SMA20 but extended | Price is above SMA50 | Price is above SMA200 -- primary trend supports the trade | SMA20 is rising quickly | SMA50 is rising | Weekly EMA trend confirms the daily setup | 60-day structure is higher-highs and higher-lows | ADX shows strong trend strength | ADX trajectory is positive | 20-day momentum is extended | Three-month return is stretched | RSI is firm but approaching overbought | MACD is above signal | Volume confirms the move,60-day momentum is weak or exhausted,,,short,1572.9000244140625,1432.1567049105083,140.7433195035541,1854.3866634211706,1995.1299829247248,4-10 weeks
68,KPIL.NS,72.0,good,72.0,0.0,0.938,True,Construction,Price is above SMA20 without being stretched | Price is above SMA50 | Price is above SMA200 -- primary trend supports the trade | SMA20 is rising quickly | SMA50 slope is positive | Weekly EMA trend confirms the daily setup | ADX shows strong trend strength | ADX is rising -- trend strength is expanding | 20-day momentum is strong but not vertical | 60-day momentum is positive | Three-month return is positive | RSI is firm but approaching overbought | MACD is above signal,"60-day structure is not higher-highs and higher-lows | Volume does not confirm, or is a blow-off",,,short,1435.699951171875,1360.563317972424,75.13663319945094,1585.9732175707768,1661.1098507702277,4-10 weeks
69,COFORGE.NS,71.9,good,71.9,0.0,0.938,True,Information Technology,Price is above SMA50 | Price is above SMA200 -- primary trend supports the trade | SMA20 is rising quickly | SMA50 is rising | Weekly EMA trend confirms the daily setup | 60-day structure is higher-highs and higher-lows | ADX shows strong trend strength | 20-day momentum is positive | 60-day momentum supports the setup | Three-month return confirms momentum | RSI is in the healthy participation band | Volume is normal,Price is below SMA20 or vertically stretched | ADX is falling -- trend strength is fading | MACD is below signal,,,short,1846.5,1734.0697962783106,112.43020372168942,2071.360407443379,2183.790611165068,4-10 weeks
70,POLICYBZR.NS,71.5,good,71.5,0.0,0.938,True,Financial Services,Price is near SMA20 support | Price is above SMA50 | Price is above SMA200 -- primary trend supports the trade | SMA20 is rising quickly | SMA50 is rising | Weekly EMA trend confirms the daily setup | 60-day structure is higher-highs and higher-lows | ADX shows strong trend strength | ADX trajectory is flat | 20-day momentum is positive | 60-day momentum supports the setup | Three-month return confirms momentum | RSI is in the healthy participation band,"MACD is below signal | Volume does not confirm, or is a blow-off",,,short,1797.300048828125,1701.9365357894246,95.3635130387003,1988.0270749055255,2083.390587944226,4-10 weeks
71,EMMVEE.NS,71.4,good,71.4,0.0,0.938,True,Capital Goods,Price is above SMA20 without being stretched | Price is above SMA50 | Price is above SMA200 -- primary trend supports the trade | SMA20 is rising | Weekly EMA trend confirms the daily setup | ADX trend strength is emerging | ADX trajectory is positive | 20-day momentum is strong but not vertical | 60-day momentum is positive | Three-month return is positive | RSI is firm but approaching overbought | MACD is above signal | Volume confirms the move,SMA50 is falling | 60-day structure is not higher-highs and higher-lows,,,short,346.0,324.24643916291325,21.75356083708673,389.50712167417345,411.2606825112602,4-10 weeks
72,MOTILALOFS.NS,70.9,good,70.9,0.0,0.938,True,Financial Services,Price is above SMA20 without being stretched | Price is above SMA50 | Price is above SMA200 -- primary trend supports the trade | SMA20 is rising quickly | SMA50 is rising | Weekly EMA trend confirms the daily setup | 60-day structure is higher-highs and higher-lows | ADX shows strong trend strength | 20-day momentum is strong but not vertical | 60-day momentum is positive | Three-month return is positive | RSI is in the healthy participation band,"ADX is falling -- trend strength is fading | MACD is below signal | Volume does not confirm, or is a blow-off",,,short,1026.5,968.3656414086062,58.1343585913938,1142.7687171827877,1200.9030757741814,4-10 weeks
73,HFCL.NS,70.6,good,70.6,0.0,0.938,True,Telecommunication,Price is near SMA20 support | Price is above SMA50 | Price is above SMA200 -- primary trend supports the trade | SMA20 is rising quickly | SMA50 is rising | Weekly EMA trend confirms the daily setup | 60-day structure is higher-highs and higher-lows | ADX trend strength is emerging | 20-day momentum is strong but not vertical | 60-day momentum supports the setup | Three-month return confirms momentum | RSI is in the healthy participation band,"ADX is falling -- trend strength is fading | MACD is below signal | Volume does not confirm, or is a blow-off",,,short,233.69000244140625,210.91910297454945,22.77089946685681,279.23180137511986,302.00270084197666,4-10 weeks
74,IDFCFIRSTB.NS,70.5,good,70.5,0.0,0.938,True,Financial Services,Price is above SMA20 without being stretched | Price is modestly above SMA50 | Price is above SMA200 -- primary trend supports the trade | SMA20 is flat | SMA50 is rising | Weekly EMA trend confirms the daily setup | ADX shows strong trend strength | 20-day momentum is positive | 60-day momentum supports the setup | Three-month return confirms momentum | RSI is in the healthy participation band | MACD is near a bullish cross | Volume is normal,60-day structure is not higher-highs and higher-lows | ADX is falling -- trend strength is fading,,Lender: short-term score is technical; asset quality still needs a separate check.,short,86.20999908447266,83.11095716258257,3.099041921890085,92.40808292825282,95.50712485014292,4-10 weeks
75,GLAXO.NS,70.3,good,70.3,0.0,0.938,True,Healthcare,Price is modestly above SMA50 | Price is above SMA200 -- primary trend supports the trade | SMA20 is rising quickly | SMA50 is rising | Weekly EMA trend confirms the daily setup | 60-day structure is higher-highs and higher-lows | ADX shows strong trend strength | 20-day momentum is strong but not vertical | 60-day momentum supports the setup | Three-month return confirms momentum | RSI is in the healthy participation band,"Price is below SMA20 or vertically stretched | ADX is falling -- trend strength is fading | MACD is below signal | Volume does not confirm, or is a blow-off",,,short,2828.39990234375,2660.0086465425957,168.39125580115424,3165.1824139460587,3333.573669747213,4-10 weeks
76,AEGISLOG.NS,69.8,good,69.8,0.0,0.938,True,Oil Gas & Consumable Fuels,Price is above SMA20 without being stretched | Price is modestly above SMA50 | Price is above SMA200 -- primary trend supports the trade | SMA50 is rising | Weekly EMA trend confirms the daily setup | ADX trend strength is emerging | 20-day momentum is strong but not vertical | 60-day momentum is extended | Three-month return is stretched | RSI is in the healthy participation band | MACD is above signal | Volume confirms the move,SMA20 is falling | 60-day structure is not higher-highs and higher-lows | ADX is falling -- trend strength is fading,,,short,1353.5999755859375,1222.8682014771864,130.731774108751,1615.0635238034395,1745.7952979121906,4-10 weeks
77,LAURUSLABS.NS,69.8,good,69.8,0.0,0.938,True,Healthcare,Price is above SMA20 without being stretched | Price is above SMA50 | Price is above SMA200 -- primary trend supports the trade | SMA20 is rising | SMA50 is rising | Weekly EMA trend confirms the daily setup | 60-day structure is higher-highs and higher-lows | ADX shows strong trend strength | 20-day momentum is strong but not vertical | 60-day momentum is extended | Three-month return is stretched | RSI is firm but approaching overbought | MACD is above signal,"ADX is falling -- trend strength is fading | Volume does not confirm, or is a blow-off",,,short,1969.0,1871.351889492647,97.64811050735312,2164.296221014706,2261.944331522059,4-10 weeks
78,BHEL.NS,69.7,good,69.7,0.0,0.938,True,Capital Goods,Price is above SMA20 without being stretched | Price is modestly above SMA50 | Price is above SMA200 -- primary trend supports the trade | SMA20 is rising quickly | SMA50 is rising | Weekly EMA trend confirms the daily setup | ADX shows tradable trend strength | ADX trajectory is positive | 20-day momentum is positive | 60-day momentum is positive | Three-month return confirms momentum | RSI is in the healthy participation band | Volume is normal,60-day structure is not higher-highs and higher-lows | MACD is below signal,,,short,431.0,407.0674742685662,23.932525731433806,478.8650514628676,502.7975771943014,4-10 weeks
79,WELSPUNLIV.NS,69.6,good,69.6,0.0,0.938,True,Textiles,Price is above SMA20 without being stretched | Price is above SMA50 | Price is above SMA200 -- primary trend supports the trade | SMA20 is rising quickly | SMA50 is rising | Weekly EMA trend confirms the daily setup | 60-day structure is higher-highs and higher-lows | ADX shows strong trend strength | ADX is rising -- trend strength is expanding | 60-day momentum supports the setup | Three-month return is stretched | RSI is overbought | MACD is above signal,"20-day momentum is weak or exhausted | Volume does not confirm, or is a blow-off",,,short,207.67999267578125,193.4646829802165,14.21530969556475,236.11061206691076,250.3259217624755,4-10 weeks
80,PWL.NS,69.4,good,74.4,5.0,0.938,True,Consumer Services,Price is above SMA20 but extended | Price is above SMA50 | Price is above SMA200 -- primary trend supports the trade | SMA20 is flat | Weekly EMA trend confirms the daily setup | ADX trend strength is emerging | ADX trajectory is positive | 20-day momentum is extended | 60-day momentum supports the setup | Three-month return confirms momentum | RSI is in the healthy participation band | MACD is above signal | Volume confirms the move,SMA50 is falling | 60-day structure is not higher-highs and higher-lows,Fundamental junk filter: loss-making profile (-5),,short,136.10000610351562,124.410986344076,11.689019759439628,159.4780456223949,171.1670653818345,4-10 weeks
81,ZYDUSWELL.NS,69.1,good,69.1,0.0,0.938,True,Fast Moving Consumer Goods,Price is above SMA20 without being stretched | Price is modestly above SMA50 | Price is above SMA200 -- primary trend supports the trade | SMA20 is rising | SMA50 is flat | Weekly EMA trend confirms the daily setup | ADX shows tradable trend strength | ADX trajectory is positive | 20-day momentum is strong but not vertical | 60-day momentum is positive | Three-month return is positive | RSI is in the healthy participation band | MACD is above signal,"60-day structure is not higher-highs and higher-lows | Volume does not confirm, or is a blow-off",,,short,552.0,516.5821349540918,35.41786504590826,622.8357300918165,658.2535951377248,4-10 weeks
82,FLUOROCHEM.NS,68.9,good,68.9,0.0,0.938,True,Chemicals,Price is above SMA20 without being stretched | Price is above SMA50 | Price is above SMA200 -- primary trend supports the trade | SMA20 is rising quickly | SMA50 is rising | Weekly EMA trend confirms the daily setup | ADX shows strong trend strength | 20-day momentum is positive | 60-day momentum supports the setup | Three-month return confirms momentum | RSI is in the healthy participation band,"60-day structure is not higher-highs and higher-lows | ADX is falling -- trend strength is fading | MACD is below signal | Volume does not confirm, or is a blow-off",,,short,4773.2001953125,4468.955864498747,304.2443308137523,5381.688856940004,5685.933187753757,4-10 weeks
83,TBOTEK.NS,68.8,good,68.8,0.0,0.938,True,Consumer Services,Price is near SMA20 support | Price is above SMA50 | Price is above SMA200 -- primary trend supports the trade | SMA20 is rising quickly | SMA50 is rising | Weekly EMA trend confirms the daily setup | 60-day structure is higher-highs and higher-lows | ADX shows tradable trend strength | 20-day momentum is positive | 60-day momentum supports the setup | Three-month return confirms momentum | RSI is in the healthy participation band,"ADX is falling -- trend strength is fading | MACD is below signal | Volume does not confirm, or is a blow-off",,,short,1679.5,1566.873577243654,112.62642275634613,1904.7528455126921,2017.3792682690384,4-10 weeks
84,SBFC.NS,68.5,good,68.5,0.0,0.938,True,Financial Services,Price is above SMA20 without being stretched | Price is modestly above SMA50 | Price is just above SMA200 | SMA20 is rising quickly | SMA50 is rising | Weekly EMA trend is positive | 60-day structure is higher-highs and higher-lows | ADX shows tradable trend strength | ADX is rising -- trend strength is expanding | 20-day momentum is positive | 60-day momentum is positive | Three-month return is positive | RSI is in the healthy participation band | MACD is near a bullish cross,"Volume does not confirm, or is a blow-off",,Lender: short-term score is technical; asset quality still needs a separate check.,short,98.19000244140624,92.14442927293364,6.045573168472594,110.28114877835142,116.32672194682402,4-10 weeks
85,NEULANDLAB.NS,68.5,good,68.5,0.0,0.938,True,Healthcare,Price is above SMA20 without being stretched | Price is above SMA50 | Price is above SMA200 -- primary trend supports the trade | SMA20 is rising quickly | SMA50 is rising | Weekly EMA trend confirms the daily setup | 60-day structure is higher-highs and higher-lows | ADX shows strong trend strength | 20-day momentum is positive | 60-day momentum is extended | Three-month return is stretched | RSI is in the healthy participation band | Volume is normal,ADX is falling -- trend strength is fading | MACD is below signal,,,short,23535.0,22054.66577139377,1480.3342286062293,26495.668457212458,27976.00268581869,4-10 weeks
86,PAYTM.NS,68.1,good,68.1,0.0,0.938,True,Financial Services,Price is above SMA20 but extended | Price is above SMA50 | Price is above SMA200 -- primary trend supports the trade | SMA20 is rising quickly | SMA50 is rising | Weekly EMA trend confirms the daily setup | 60-day structure is higher-highs and higher-lows | ADX shows strong trend strength | 20-day momentum is strong but not vertical | RSI is overbought | MACD is above signal | Volume confirms the move,ADX is falling -- trend strength is fading | 60-day momentum is weak or exhausted | Three-month return is weak or exhausted,,,short,1807.5,1687.8840866272185,119.61591337278142,2046.7318267455628,2166.3477401183445,4-10 weeks
87,KIRLOSENG.NS,68.0,good,68.0,0.0,0.938,True,Capital Goods,Price is above SMA20 without being stretched | Price is testing SMA50 | Price is above SMA200 -- primary trend supports the trade | SMA20 is flat | Weekly EMA trend confirms the daily setup | ADX trend strength is emerging | ADX trajectory is positive | 20-day momentum is strong but not vertical | 60-day momentum supports the setup | Three-month return confirms momentum | RSI is in the healthy participation band | MACD is above signal,"SMA50 is falling | 60-day structure is not higher-highs and higher-lows | Volume does not confirm, or is a blow-off",,,short,2168.60009765625,1988.2396431072507,180.36045454899934,2529.3210067542486,2709.681461303248,4-10 weeks
88,MOTHERSON.NS,67.8,good,67.8,0.0,0.938,True,Automobile and Auto Components,Price is near SMA20 support | Price is modestly above SMA50 | Price is above SMA200 -- primary trend supports the trade | SMA20 is flat | SMA50 is rising | Weekly EMA trend confirms the daily setup | 60-day structure is higher-highs and higher-lows | ADX shows tradable trend strength | 60-day momentum supports the setup | Three-month return confirms momentum | RSI is in the healthy participation band | Volume confirms the move,ADX is falling -- trend strength is fading | 20-day momentum is weak or exhausted | MACD is below signal,,,short,164.4499969482422,156.58970023837628,7.860296709865898,180.17059036797397,188.03088707783988,4-10 weeks
89,LENSKART.NS,67.5,good,67.5,0.0,0.938,True,Consumer Services,Price is above SMA20 without being stretched | Price is above SMA50 | Price is above SMA200 -- primary trend supports the trade | SMA20 is rising quickly | SMA50 is rising | Weekly EMA trend confirms the daily setup | 60-day structure is higher-highs and higher-lows | ADX shows strong trend strength | ADX trajectory is positive | 20-day momentum is strong but not vertical | 60-day momentum is extended | Three-month return is stretched | RSI is firm but approaching overbought,"MACD is below signal | Volume does not confirm, or is a blow-off",,,short,681.75,643.6754973829721,38.07450261702791,757.8990052340558,795.9735078510837,4-10 weeks
90,ACUTAAS.NS,67.3,good,67.3,0.0,0.938,True,Healthcare,Price is above SMA20 without being stretched | Price is modestly above SMA50 | Price is above SMA200 -- primary trend supports the trade | SMA20 is flat | Weekly EMA trend confirms the daily setup | ADX trend strength is emerging | 20-day momentum is strong but not vertical | 60-day momentum is positive | Three-month return confirms momentum | RSI is in the healthy participation band | MACD is above signal | Volume is normal,SMA50 is falling | 60-day structure is not higher-highs and higher-lows | ADX is falling -- trend strength is fading,,,short,3383.699951171875,3132.215879314747,251.48407185712804,3886.6680948861313,4138.152166743259,4-10 weeks
91,MAHABANK.NS,67.0,good,67.0,0.0,0.938,True,Financial Services,Price is above SMA20 without being stretched | Price is modestly above SMA50 | Price is above SMA200 -- primary trend supports the trade | SMA20 is rising quickly | Weekly EMA trend confirms the daily setup | ADX trend strength is emerging | ADX trajectory is positive | 20-day momentum is strong but not vertical | RSI is in the healthy participation band | MACD is above signal | Volume confirms the move,SMA50 is falling | 60-day structure is not higher-highs and higher-lows | 60-day momentum is weak or exhausted | Three-month return is weak or exhausted,,Lender: short-term score is technical; asset quality still needs a separate check.,short,84.19999694824219,79.76867929350094,4.431317654741247,93.06263225772469,97.49394991246592,4-10 weeks
92,ABDL.NS,66.9,good,66.9,0.0,0.938,True,Fast Moving Consumer Goods,Price is above SMA20 without being stretched | Price is modestly above SMA50 | Price is above SMA200 -- primary trend supports the trade | SMA20 is flat | Weekly EMA trend confirms the daily setup | 20-day momentum is strong but not vertical | 60-day momentum is positive | Three-month return is positive | RSI is in the healthy participation band | MACD is above signal | Volume confirms the move,SMA50 is falling | 60-day structure is not higher-highs and higher-lows | ADX shows little trend strength | ADX is falling -- trend strength is fading,,,short,632.5,592.8211372282668,39.6788627717332,711.8577255434664,751.5365883151997,4-10 weeks
93,SARDAEN.NS,66.7,good,66.7,0.0,0.938,True,Metals & Mining,Price is above SMA20 without being stretched | Price is modestly above SMA50 | Price is just above SMA200 | SMA20 is rising | SMA50 slope is positive | Weekly EMA trend is positive | 60-day structure is higher-highs and higher-lows | ADX trend strength is emerging | ADX trajectory is positive | 20-day momentum is positive | 60-day momentum is positive | Three-month return is positive | RSI is in the healthy participation band | MACD is above signal,"Volume does not confirm, or is a blow-off",,,short,524.1500244140625,494.16209065446725,29.987933759595236,584.125891933253,614.1138256928482,4-10 weeks
94,BAJAJ-AUTO.NS,66.3,good,66.3,0.0,0.938,True,Automobile and Auto Components,Price is near SMA20 support | Price is modestly above SMA50 | Price is above SMA200 -- primary trend supports the trade | SMA20 is rising | SMA50 is rising | Weekly EMA trend confirms the daily setup | 60-day structure is higher-highs and higher-lows | ADX shows strong trend strength | 60-day momentum supports the setup | Three-month return confirms momentum | RSI is in the healthy participation band | Volume is normal,ADX is falling -- trend strength is fading | 20-day momentum is weak or exhausted | MACD is below signal,,,short,11678.0,11246.50206879494,431.49793120506024,12540.99586241012,12972.49379361518,4-10 weeks
95,REDINGTON.NS,66.2,good,66.2,0.0,0.938,True,Services,Price is above SMA20 but extended | Price is above SMA50 | Price is above SMA200 -- primary trend supports the trade | SMA20 is rising quickly | SMA50 is rising | Weekly EMA trend confirms the daily setup | 60-day structure is higher-highs and higher-lows | ADX shows strong trend strength | ADX trajectory is positive | 20-day momentum is extended | 60-day momentum is extended | RSI is overbought | MACD is above signal | Volume is normal,Three-month return is weak or exhausted,,,short,393.7000122070313,364.72336563307215,28.976646573959137,451.65330535494957,480.6299519289087,4-10 weeks
96,ECLERX.NS,66.2,good,66.2,0.0,0.938,True,Services,Price is near SMA20 support | Price is modestly above SMA50 | Price is above SMA200 -- primary trend supports the trade | SMA20 is rising quickly | SMA50 is rising | Weekly EMA trend confirms the daily setup | 60-day structure is higher-highs and higher-lows | ADX shows tradable trend strength | ADX trajectory is positive | 20-day momentum is positive | 60-day momentum is extended | Three-month return confirms momentum | RSI is in the healthy participation band,"MACD is below signal | Volume does not confirm, or is a blow-off",,,short,1899.5999755859373,1746.5171147392741,153.08286084666312,2205.7656972792633,2358.8485581259265,4-10 weeks
97,ETERNAL.NS,65.9,good,65.9,0.0,0.938,True,Consumer Services,Price is near SMA20 support | Price is modestly above SMA50 | Price is above SMA200 -- primary trend supports the trade | SMA20 is rising | SMA50 is rising | Weekly EMA trend confirms the daily setup | 60-day structure is higher-highs and higher-lows | ADX shows tradable trend strength | 20-day momentum is positive | 60-day momentum supports the setup | Three-month return confirms momentum | RSI is in the healthy participation band,"ADX is falling -- trend strength is fading | MACD is below signal | Volume does not confirm, or is a blow-off",,,short,323.5,308.8780856023073,14.621914397692679,352.74382879538535,367.36574319307806,4-10 weeks
98,EMCURE.NS,65.7,good,65.7,0.0,0.938,True,Healthcare,Price is above SMA20 without being stretched | Price is modestly above SMA50 | Price is above SMA200 -- primary trend supports the trade | SMA50 slope is positive | Weekly EMA trend confirms the daily setup | ADX trend strength is emerging | ADX trajectory is flat | 20-day momentum is positive | 60-day momentum supports the setup | Three-month return confirms momentum | RSI is firm but approaching overbought | MACD is above signal | Volume is normal,SMA20 is falling | 60-day structure is not higher-highs and higher-lows,,,short,1978.9000244140625,1876.5938226174947,102.30620179656789,2183.512428007198,2285.8186298037663,4-10 weeks
99,JSWDULUX.NS,65.6,good,65.6,0.0,0.938,True,Consumer Durables,Price is above SMA20 without being stretched | Price is modestly above SMA50 | Price is just above SMA200 | SMA20 is rising | SMA50 is flat | Weekly EMA trend is positive | ADX shows tradable trend strength | ADX trajectory is positive | 20-day momentum is positive | Three-month return is positive | RSI is in the healthy participation band | MACD is above signal | Volume confirms the move,60-day structure is not higher-highs and higher-lows | 60-day momentum is weak or exhausted,,,short,3155.10009765625,3023.7226828361404,131.3774148201098,3417.8549272964697,3549.2323421165793,4-10 weeks
100,GESHIP.NS,64.7,moderate,64.7,0.0,0.938,True,Services,Price is above SMA20 without being stretched | Price is modestly above SMA50 | Price is above SMA200 -- primary trend supports the trade | SMA20 is rising | Weekly EMA trend is positive | ADX trend strength is emerging | ADX is rising -- trend strength is expanding | 20-day momentum is strong but not vertical | Three-month return is positive | RSI is in the healthy participation band | MACD is above signal | Volume is normal,SMA50 is falling | 60-day structure is not higher-highs and higher-lows | 60-day momentum is weak or exhausted,,,short,1412.199951171875,1336.21807908343,75.98187208844499,1564.163695348765,1640.14556743721,4-10 weeks
101,GLAND.NS,64.6,moderate,64.6,0.0,0.938,True,Healthcare,Price is above SMA20 without being stretched | Price is above SMA50 | Price is above SMA200 -- primary trend supports the trade | SMA20 is rising quickly | SMA50 is rising | Weekly EMA trend confirms the daily setup | 60-day structure is higher-highs and higher-lows | ADX shows strong trend strength | 60-day momentum is extended | Three-month return confirms momentum | RSI is in the healthy participation band,"ADX is falling -- trend strength is fading | 20-day momentum is weak or exhausted | MACD is below signal | Volume does not confirm, or is a blow-off",,,short,2922.300048828125,2740.2605119786112,182.03953684951367,3286.3791225271525,3468.4186593766663,4-10 weeks
102,IFCI.NS,63.4,moderate,63.4,0.0,0.938,True,Financial Services,Price is modestly above SMA50 | Price is above SMA200 -- primary trend supports the trade | SMA20 is rising quickly | SMA50 is rising | Weekly EMA trend confirms the daily setup | 60-day structure is higher-highs and higher-lows | ADX shows strong trend strength | ADX is rising -- trend strength is expanding | 20-day momentum is strong but not vertical | RSI is in the healthy participation band | Volume is normal,Price is below SMA20 or vertically stretched | 60-day momentum is weak or exhausted | Three-month return is weak or exhausted | MACD is below signal,,Lender: short-term score is technical; asset quality still needs a separate check.,short,82.29000091552734,71.53982412666502,10.750176788862323,103.79035449325198,114.54053128211432,4-10 weeks
103,CASTROLIND.NS,63.2,moderate,63.2,0.0,0.938,True,Oil Gas & Consumable Fuels,Price is above SMA20 without being stretched | Price is modestly above SMA50 | Price is above SMA200 -- primary trend supports the trade | SMA20 is rising | SMA50 slope is positive | Weekly EMA trend is positive | 60-day structure is higher-highs and higher-lows | ADX shows strong trend strength | 20-day momentum is positive | 60-day momentum is positive | Three-month return is positive | RSI is in the healthy participation band | MACD is near a bullish cross,"ADX is falling -- trend strength is fading | Volume does not confirm, or is a blow-off",,,short,188.02999877929688,183.2691825444246,4.760816234872254,197.55163124904138,202.31244748391364,4-10 weeks
104,TITAN.NS,63.0,moderate,63.0,0.0,0.938,True,Consumer Durables,Price is near SMA20 support | Price is modestly above SMA50 | Price is above SMA200 -- primary trend supports the trade | SMA20 is flat | SMA50 is rising | Weekly EMA trend confirms the daily setup | 60-day structure is higher-highs and higher-lows | ADX shows tradable trend strength | 60-day momentum supports the setup | Three-month return confirms momentum | RSI is in the healthy participation band | Volume is normal,ADX is falling -- trend strength is fading | 20-day momentum is weak or exhausted | MACD is below signal,,,short,5009.5,4857.85587541379,151.64412458620978,5312.7882491724195,5464.432373758629,4-10 weeks
105,HAL.NS,62.8,moderate,62.8,0.0,0.938,True,Capital Goods,Price is near SMA20 support | Price is modestly above SMA50 | Price is above SMA200 -- primary trend supports the trade | SMA20 is rising | SMA50 is rising | Weekly EMA trend confirms the daily setup | 60-day structure is higher-highs and higher-lows | ADX trend strength is emerging | 60-day momentum supports the setup | Three-month return confirms momentum | RSI is in the healthy participation band | Volume is normal,ADX is falling -- trend strength is fading | 20-day momentum is weak or exhausted | MACD is below signal,,,short,4905.0,4690.133055447893,214.86694455210747,5334.7338891042145,5549.600833656323,4-10 weeks
106,LALPATHLAB.NS,62.4,moderate,62.4,0.0,0.938,True,Healthcare,Price is near SMA20 support | Price is modestly above SMA50 | Price is above SMA200 -- primary trend supports the trade | SMA20 is flat | SMA50 is rising | Weekly EMA trend confirms the daily setup | ADX shows tradable trend strength | 60-day momentum supports the setup | Three-month return confirms momentum | RSI is in the healthy participation band | Volume confirms the move,60-day structure is not higher-highs and higher-lows | ADX is falling -- trend strength is fading | 20-day momentum is weak or exhausted | MACD is below signal,,,short,1909.0,1810.1779130256668,98.82208697433319,2106.6441739486663,2205.4662609229995,4-10 weeks
107,TORNTPHARM.NS,62.4,moderate,62.4,0.0,0.938,True,Healthcare,Price is above SMA20 without being stretched | Price is modestly above SMA50 | Price is above SMA200 -- primary trend supports the trade | SMA20 is flat | SMA50 is rising | Weekly EMA trend confirms the daily setup | 20-day momentum is positive | 60-day momentum supports the setup | Three-month return confirms momentum | RSI is in the healthy participation band | Volume is normal,60-day structure is not higher-highs and higher-lows | ADX shows little trend strength | ADX is falling -- trend strength is fading | MACD is below signal,,,short,4965.5,4756.089032456119,209.41096754388164,5384.321935087763,5593.732902631645,4-10 weeks
108,OFSS.NS,62.3,moderate,62.3,0.0,0.938,True,Information Technology,Price is near SMA20 support | Price is modestly above SMA50 | Price is above SMA200 -- primary trend supports the trade | SMA20 is rising | SMA50 is rising | Weekly EMA trend confirms the daily setup | 60-day structure is higher-highs and higher-lows | ADX trajectory is flat | 60-day momentum supports the setup | Three-month return confirms momentum | RSI is in the healthy participation band | Volume is normal,ADX shows little trend strength | 20-day momentum is weak or exhausted | MACD is below signal,,,short,11763.0,11127.31054512324,635.6894548767604,13034.378909753521,13670.06836463028,4-10 weeks
109,ATHERENERG.NS,60.9,moderate,65.9,5.0,0.938,True,Automobile and Auto Components,Price is above SMA20 without being stretched | Price is above SMA50 | Price is above SMA200 -- primary trend supports the trade | SMA20 is rising quickly | SMA50 is rising | Weekly EMA trend confirms the daily setup | 60-day structure is higher-highs and higher-lows | ADX shows strong trend strength | 20-day momentum is strong but not vertical | RSI is in the healthy participation band | Volume is normal,ADX is falling -- trend strength is fading | 60-day momentum is weak or exhausted | Three-month return is weak or exhausted | MACD is below signal,Fundamental junk filter: loss-making profile (-5),,short,1656.0,1529.9354425276408,126.06455747235924,1908.1291149447184,2034.1936724170778,4-10 weeks
110,ABSLAMC.NS,60.8,moderate,60.8,0.0,0.938,True,Financial Services,Price is above SMA20 without being stretched | Price is above SMA50 | Price is above SMA200 -- primary trend supports the trade | SMA20 is rising | Weekly EMA trend confirms the daily setup | ADX trend strength is emerging | ADX trajectory is positive | 20-day momentum is strong but not vertical | Three-month return is positive | RSI is firm but approaching overbought | MACD is above signal | Volume is high but not yet a blow-off,SMA50 is falling | 60-day structure is not higher-highs and higher-lows | 60-day momentum is weak or exhausted,,,short,1109.9000244140625,1040.746510654118,69.15351375994445,1248.2070519339513,1317.3605656938958,4-10 weeks
111,PPLPHARMA.NS,60.5,moderate,60.5,0.0,0.938,True,Healthcare,Price is near SMA20 support | Price is above SMA50 | Price is above SMA200 -- primary trend supports the trade | SMA20 is rising quickly | SMA50 is rising | Weekly EMA trend confirms the daily setup | 60-day structure is higher-highs and higher-lows | ADX shows strong trend strength | 60-day momentum is extended | Three-month return confirms momentum | RSI is in the healthy participation band,"ADX is falling -- trend strength is fading | 20-day momentum is weak or exhausted | MACD is below signal | Volume does not confirm, or is a blow-off",,,short,211.3500061035156,195.9192926037812,15.430713499734408,242.21143310298442,257.6421466027188,4-10 weeks
112,ADANIENT.NS,60.2,moderate,60.2,0.0,0.938,True,Metals & Mining,Price is above SMA20 without being stretched | Price is modestly above SMA50 | Price is above SMA200 -- primary trend supports the trade | Weekly EMA trend confirms the daily setup | ADX trend strength is emerging | ADX trajectory is flat | 20-day momentum is positive | 60-day momentum is positive | Three-month return is positive | RSI is in the healthy participation band | MACD is above signal | Volume is normal,SMA20 is falling | SMA50 is falling | 60-day structure is not higher-highs and higher-lows,,,short,3060.0,2894.4217867950347,165.57821320496532,3391.1564264099306,3556.734639614896,4-10 weeks
113,HONASA.NS,60.2,moderate,60.2,0.0,0.938,True,Fast Moving Consumer Goods,Price is near SMA20 support | Price is modestly above SMA50 | Price is above SMA200 -- primary trend supports the trade | SMA20 is rising | SMA50 is rising | Weekly EMA trend confirms the daily setup | 60-day structure is higher-highs and higher-lows | ADX trend strength is emerging | ADX trajectory is flat | 60-day momentum supports the setup | Three-month return confirms momentum | RSI is in the healthy participation band,"20-day momentum is weak or exhausted | MACD is below signal | Volume does not confirm, or is a blow-off",,,short,471.1499938964844,441.0058372174559,30.144156679028445,531.4383072545413,561.5824639335697,4-10 weeks
114,KARURVYSYA.NS,60.2,moderate,60.2,0.0,0.938,True,Financial Services,Price is modestly above SMA50 | Price is above SMA200 -- primary trend supports the trade | SMA20 is rising | SMA50 is rising | Weekly EMA trend confirms the daily setup | 60-day structure is higher-highs and higher-lows | ADX shows tradable trend strength | ADX trajectory is flat | 20-day momentum is positive | 60-day momentum supports the setup | Three-month return confirms momentum | RSI is improving from a low base,"Price is below SMA20 or vertically stretched | MACD is below signal | Volume does not confirm, or is a blow-off",,Lender: short-term score is technical; asset quality still needs a separate check.,short,333.79998779296875,317.978368439912,15.821619353056738,365.44322649908224,381.26484585213893,4-10 weeks
115,ELGIEQUIP.NS,60.1,moderate,60.1,0.0,0.938,True,Capital Goods,Price is near SMA20 support | Price is modestly above SMA50 | Price is above SMA200 -- primary trend supports the trade | SMA20 is rising quickly | SMA50 slope is positive | Weekly EMA trend confirms the daily setup | 60-day structure is higher-highs and higher-lows | ADX trend strength is emerging | 20-day momentum is strong but not vertical | 60-day momentum is positive | Three-month return is positive | RSI is in the healthy participation band,"ADX is falling -- trend strength is fading | MACD is below signal | Volume does not confirm, or is a blow-off",,,short,617.7000122070312,580.5085366413342,37.191475565697075,692.0829633384254,729.2744389041225,4-10 weeks
116,RKFORGE.NS,59.7,moderate,59.7,0.0,0.938,True,Automobile and Auto Components,Price is above SMA50 | Price is above SMA200 -- primary trend supports the trade | SMA20 is flat | SMA50 is rising | Weekly EMA trend confirms the daily setup | 60-day structure is higher-highs and higher-lows | ADX shows strong trend strength | 60-day momentum supports the setup | Three-month return confirms momentum | RSI is in the healthy participation band,"Price is below SMA20 or vertically stretched | ADX is falling -- trend strength is fading | 20-day momentum is weak or exhausted | MACD is below signal | Volume does not confirm, or is a blow-off",,,short,711.2000122070312,661.6988645605882,49.50114764644306,810.2023074999174,859.7034551463604,4-10 weeks
117,CANHLIFE.NS,59.7,moderate,59.7,0.0,0.938,True,Financial Services,Price is near SMA20 support | Price is modestly above SMA50 | Price is above SMA200 -- primary trend supports the trade | SMA20 is rising | SMA50 is rising | Weekly EMA trend is positive | ADX shows strong trend strength | ADX trajectory is positive | 20-day momentum is positive | 60-day momentum is positive | Three-month return confirms momentum | RSI is in the healthy participation band,"60-day structure is not higher-highs and higher-lows | MACD is below signal | Volume does not confirm, or is a blow-off",,,short,151.9199981689453,140.7602503598827,11.15974780906261,174.23949378707053,185.39924159613315,4-10 weeks
118,JYOTICNC.NS,59.6,moderate,59.6,0.0,0.938,True,Capital Goods,Price is near SMA20 support | Price is above SMA50 | Price is above SMA200 -- primary trend supports the trade | SMA20 is rising quickly | SMA50 is rising | Weekly EMA trend confirms the daily setup | 60-day structure is higher-highs and higher-lows | ADX shows strong trend strength | 20-day momentum is extended | 60-day momentum is extended | Three-month return is stretched | RSI is in the healthy participation band,"ADX is falling -- trend strength is fading | MACD is below signal | Volume does not confirm, or is a blow-off",,,short,985.0,906.0952660082454,78.90473399175461,1142.8094679835092,1221.714201975264,4-10 weeks
119,SAREGAMA.NS,59.0,moderate,59.0,0.0,0.938,True,Media Entertainment & Publication,Price is above SMA20 without being stretched | Price is modestly above SMA50 | Price is above SMA200 -- primary trend supports the trade | SMA50 slope is positive | Weekly EMA trend confirms the daily setup | 60-day momentum supports the setup | Three-month return is positive | RSI is in the healthy participation band | MACD is above signal | Volume is normal,SMA20 is falling | 60-day structure is not higher-highs and higher-lows | ADX shows little trend strength | ADX is falling -- trend strength is fading | 20-day momentum is weak or exhausted,,,short,505.5,467.3045905403785,38.19540945962151,581.890818919243,620.0862283788645,4-10 weeks
120,SONACOMS.NS,58.1,moderate,58.1,0.0,0.938,True,Automobile and Auto Components,Price is modestly above SMA50 | Price is above SMA200 -- primary trend supports the trade | SMA20 is flat | SMA50 is rising | Weekly EMA trend confirms the daily setup | 60-day structure is higher-highs and higher-lows | ADX shows strong trend strength | 60-day momentum supports the setup | Three-month return confirms momentum | RSI is in the healthy participation band,"Price is below SMA20 or vertically stretched | ADX is falling -- trend strength is fading | 20-day momentum is weak or exhausted | MACD is below signal | Volume does not confirm, or is a blow-off",,,short,788.0,746.4340127697276,41.565987230272405,871.1319744605448,912.6979616908172,4-10 weeks
121,SAPPHIRE.NS,58.1,moderate,63.1,5.0,0.938,True,Consumer Services,Price is above SMA50 | Price is above SMA200 -- primary trend supports the trade | SMA20 is rising quickly | SMA50 is rising | Weekly EMA trend confirms the daily setup | 60-day structure is higher-highs and higher-lows | ADX shows strong trend strength | 60-day momentum supports the setup | Three-month return confirms momentum | RSI is in the healthy participation band,"Price is below SMA20 or vertically stretched | ADX is falling -- trend strength is fading | 20-day momentum is weak or exhausted | MACD is below signal | Volume does not confirm, or is a blow-off",Fundamental junk filter: loss-making profile (-5),,short,225.7400054931641,206.9631633098354,18.776842183328682,263.2936898598215,282.07053204315014,4-10 weeks
122,DEVYANI.NS,58.1,moderate,63.1,5.0,0.938,True,Consumer Services,Price is above SMA50 | Price is above SMA200 -- primary trend supports the trade | SMA20 is rising quickly | SMA50 is rising | Weekly EMA trend confirms the daily setup | 60-day structure is higher-highs and higher-lows | ADX shows strong trend strength | 60-day momentum supports the setup | Three-month return confirms momentum | RSI is in the healthy participation band,"Price is below SMA20 or vertically stretched | ADX is falling -- trend strength is fading | 20-day momentum is weak or exhausted | MACD is below signal | Volume does not confirm, or is a blow-off",Fundamental junk filter: loss-making profile (-5),,short,137.97000122070312,127.9854343372555,9.984566883447634,157.93913498759838,167.92370187104603,4-10 weeks
123,TEJASNET.NS,58.0,moderate,58.0,0.0,0.938,True,Telecommunication,Price is above SMA20 without being stretched | Price is modestly above SMA50 | Price is above SMA200 -- primary trend supports the trade | SMA20 is rising quickly | Weekly EMA trend confirms the daily setup | ADX shows tradable trend strength | ADX is rising -- trend strength is expanding | 20-day momentum is positive | RSI is in the healthy participation band | MACD is above signal,"SMA50 is falling | 60-day structure is not higher-highs and higher-lows | 60-day momentum is weak or exhausted | Three-month return is weak or exhausted | Volume does not confirm, or is a blow-off",,,short,552.6500244140625,501.28737737223906,51.36264704182346,655.3753184977094,706.7379655395329,4-10 weeks
124,HYUNDAI.NS,57.9,moderate,57.9,0.0,0.938,True,Automobile and Auto Components,Price is near SMA20 support | Price is modestly above SMA50 | Price is above SMA200 -- primary trend supports the trade | SMA50 is rising | Weekly EMA trend confirms the daily setup | 60-day structure is higher-highs and higher-lows | ADX shows tradable trend strength | 60-day momentum supports the setup | Three-month return confirms momentum | RSI is in the healthy participation band,"SMA20 is falling | ADX is falling -- trend strength is fading | 20-day momentum is weak or exhausted | MACD is below signal | Volume does not confirm, or is a blow-off",,,short,2174.0,2070.50226645269,103.49773354730999,2380.99546709462,2484.49320064193,4-10 weeks
125,GAIL.NS,57.5,moderate,57.5,0.0,0.938,True,Oil Gas & Consumable Fuels,Price is above SMA20 without being stretched | Price is modestly above SMA50 | Price is above SMA200 -- primary trend supports the trade | SMA20 is flat | SMA50 slope is positive | Weekly EMA trend is positive | ADX trend strength is emerging | ADX is rising -- trend strength is expanding | 60-day momentum is positive | RSI is in the healthy participation band | MACD is above signal | Volume is normal,60-day structure is not higher-highs and higher-lows | 20-day momentum is weak or exhausted | Three-month return is weak or exhausted,,,short,173.6199951171875,167.08587146237338,6.534123654814115,186.68824242681572,193.22236608162984,4-10 weeks
126,JUBLPHARMA.NS,57.4,moderate,57.4,0.0,0.938,True,Healthcare,Price is above SMA20 but extended | Price is above SMA50 | Price is above SMA200 -- primary trend supports the trade | SMA20 is rising | SMA50 is flat | Weekly EMA trend confirms the daily setup | ADX shows tradable trend strength | ADX is rising -- trend strength is expanding | 20-day momentum is extended | 60-day momentum is positive | Three-month return is positive | RSI is overbought | MACD is above signal,"60-day structure is not higher-highs and higher-lows | Volume does not confirm, or is a blow-off",,,short,1025.199951171875,961.9279971169333,63.271954054941716,1151.7438592817584,1215.0158133367001,4-10 weeks
127,CGPOWER.NS,56.8,moderate,56.8,0.0,0.938,True,Capital Goods,Price is above SMA20 without being stretched | Price is modestly above SMA50 | Price is above SMA200 -- primary trend supports the trade | SMA20 is rising | Weekly EMA trend confirms the daily setup | ADX trend strength is emerging | ADX trajectory is positive | 20-day momentum is positive | RSI is in the healthy participation band | MACD is above signal | Volume is normal,SMA50 is falling | 60-day structure is not higher-highs and higher-lows | 60-day momentum is weak or exhausted | Three-month return is weak or exhausted,,,short,909.0,863.51259206292,45.48740793708001,999.97481587416,1045.46222381124,4-10 weeks
128,AJANTPHARM.NS,56.8,moderate,56.8,0.0,0.938,True,Healthcare,Price is near SMA20 support | Price is modestly above SMA50 | Price is above SMA200 -- primary trend supports the trade | SMA20 is flat | SMA50 is rising | Weekly EMA trend confirms the daily setup | 60-day structure is higher-highs and higher-lows | ADX trend strength is emerging | 60-day momentum supports the setup | Three-month return confirms momentum | RSI is in the healthy participation band,"ADX is falling -- trend strength is fading | 20-day momentum is weak or exhausted | MACD is below signal | Volume does not confirm, or is a blow-off",,,short,3533.39990234375,3335.8294550871447,197.5704472566054,3928.5407968569607,4126.1112441135665,4-10 weeks
129,SBICARD.NS,56.6,moderate,64.6,8.0,0.938,True,Financial Services,Price is above SMA20 without being stretched | Price is modestly above SMA50 | SMA20 is flat | SMA50 is rising | Weekly EMA trend is positive | 60-day structure is higher-highs and higher-lows | ADX shows tradable trend strength | ADX trajectory is positive | 20-day momentum is positive | 60-day momentum is positive | Three-month return is positive | RSI is in the healthy participation band | MACD is above signal,"Price is below SMA200 | Volume does not confirm, or is a blow-off",Price below SMA200 -- fighting the primary trend (-8),Lender: short-term score is technical; asset quality still needs a separate check.,short,655.2000122070312,619.071793768464,36.12821843856723,727.4564490841657,763.584667522733,4-10 weeks
130,SIEMENS.NS,56.5,moderate,56.5,0.0,0.938,True,Capital Goods,Price is near SMA20 support | Price is modestly above SMA50 | Price is above SMA200 -- primary trend supports the trade | SMA20 is flat | SMA50 is rising | Weekly EMA trend confirms the daily setup | 60-day structure is higher-highs and higher-lows | ADX shows tradable trend strength | 20-day momentum is positive | 60-day momentum is positive | Three-month return is positive | RSI is in the healthy participation band,"ADX is falling -- trend strength is fading | MACD is below signal | Volume does not confirm, or is a blow-off",,,short,3957.0,3770.4374850646304,186.56251493536962,4330.125029870739,4516.687544806109,4-10 weeks
131,HOMEFIRST.NS,56.2,moderate,56.2,0.0,0.938,True,Financial Services,Price is near SMA20 support | Price is testing SMA50 | Price is above SMA200 -- primary trend supports the trade | SMA20 is rising | SMA50 slope is positive | Weekly EMA trend is positive | ADX trend strength is emerging | ADX trajectory is flat | 20-day momentum is positive | 60-day momentum is positive | Three-month return is positive | RSI is in the healthy participation band | MACD is above signal | Volume is high but not yet a blow-off,60-day structure is not higher-highs and higher-lows,,Lender: short-term score is technical; asset quality still needs a separate check.,short,1184.5,1111.075922736611,73.42407726338905,1331.3481545267782,1404.772231790167,4-10 weeks
132,WELCORP.NS,55.9,moderate,55.9,0.0,0.938,True,Capital Goods,Price is above SMA20 but extended | Price is above SMA50 | Price is above SMA200 -- primary trend supports the trade | SMA20 is rising quickly | SMA50 is rising | Weekly EMA trend confirms the daily setup | 60-day structure is higher-highs and higher-lows | ADX shows strong trend strength | ADX is rising -- trend strength is expanding | RSI is overbought | MACD is above signal,"20-day momentum is weak or exhausted | 60-day momentum is weak or exhausted | Three-month return is weak or exhausted | Volume does not confirm, or is a blow-off",,,short,2676.60009765625,2467.8296811145515,208.77041654169864,3094.140930739647,3302.911347281346,4-10 weeks
133,APOLLOHOSP.NS,55.2,moderate,55.2,0.0,0.938,True,Healthcare,Price is above SMA20 without being stretched | Price is modestly above SMA50 | Price is above SMA200 -- primary trend supports the trade | SMA20 is flat | SMA50 slope is positive | Weekly EMA trend is positive | 20-day momentum is positive | 60-day momentum is positive | Three-month return is positive | RSI is in the healthy participation band | MACD is above signal,"60-day structure is not higher-highs and higher-lows | ADX shows little trend strength | ADX is falling -- trend strength is fading | Volume does not confirm, or is a blow-off",,,short,8836.0,8534.36449851533,301.6355014846712,9439.271002969343,9740.906504454013,4-10 weeks
134,TEGA.NS,54.9,moderate,54.9,0.0,0.938,True,Capital Goods,Price is above SMA20 without being stretched | Price is above SMA50 | Price is just above SMA200 | SMA20 is rising | Weekly EMA trend is positive | ADX trend strength is emerging | ADX trajectory is positive | 20-day momentum is positive | RSI is in the healthy participation band | MACD is above signal | Volume is normal,SMA50 is falling | 60-day structure is not higher-highs and higher-lows | 60-day momentum is weak or exhausted | Three-month return is weak or exhausted,,,short,1729.0999755859375,1593.3336208530911,135.76635473284634,2000.6326850516302,2136.3990397844764,4-10 weeks
135,PINELABS.NS,54.9,moderate,61.9,7.0,0.938,True,Financial Services,Price is above SMA50 | Price is above SMA200 -- primary trend supports the trade | SMA20 is rising quickly | SMA50 is rising | Weekly EMA trend confirms the daily setup | 60-day structure is higher-highs and higher-lows | ADX shows tradable trend strength | ADX trajectory is flat | 20-day momentum is extended | 60-day momentum is extended | Three-month return confirms momentum | RSI is overbought | MACD is above signal,"Price is below SMA20 or vertically stretched | Volume does not confirm, or is a blow-off",Blow-off volume above 3x 20-day average -- possible exhaustion (-7),,short,202.1699981689453,183.8354070998453,18.334591069100014,238.83918030714534,257.1737713762453,4-10 weeks
136,FIVESTAR.NS,54.2,moderate,61.2,7.0,0.938,True,Financial Services,Price is above SMA20 without being stretched | Price is modestly above SMA50 | Price is above SMA200 -- primary trend supports the trade | SMA50 slope is positive | Weekly EMA trend confirms the daily setup | ADX trend strength is emerging | 20-day momentum is positive | 60-day momentum is positive | Three-month return confirms momentum | RSI is in the healthy participation band | MACD is above signal,"SMA20 is falling | 60-day structure is not higher-highs and higher-lows | ADX is falling -- trend strength is fading | Volume does not confirm, or is a blow-off",Blow-off volume above 3x 20-day average -- possible exhaustion (-7),Lender: short-term score is technical; asset quality still needs a separate check.,short,551.0499877929688,515.2701393967186,35.77984839625016,622.609684585469,658.3895329817192,4-10 weeks
137,GROWW.NS,53.6,moderate,53.6,0.0,0.938,True,Financial Services,Price is above SMA20 without being stretched | Price is modestly above SMA50 | Price is above SMA200 -- primary trend supports the trade | SMA20 is flat | Weekly EMA trend is positive | ADX trajectory is flat | 20-day momentum is positive | 60-day momentum is positive | Three-month return is positive | RSI is in the healthy participation band | MACD is above signal,"SMA50 is falling | 60-day structure is not higher-highs and higher-lows | ADX shows little trend strength | Volume does not confirm, or is a blow-off",,,short,200.2400054931641,189.59027483972062,10.64973065344347,221.53946680005103,232.1891974534945,4-10 weeks
138,COALINDIA.NS,53.6,moderate,53.6,0.0,0.938,True,Oil Gas & Consumable Fuels,Price is above SMA20 without being stretched | Price is modestly above SMA50 | Price is just above SMA200 | SMA20 is rising | Weekly EMA trend is positive | ADX shows strong trend strength | ADX is rising -- trend strength is expanding | 20-day momentum is strong but not vertical | RSI is firm but approaching overbought | MACD is above signal,"SMA50 is falling | 60-day structure is not higher-highs and higher-lows | 60-day momentum is weak or exhausted | Three-month return is weak or exhausted | Volume does not confirm, or is a blow-off",,,short,426.3999938964844,410.37541187215334,16.024582024331046,458.44915794514645,474.4737399694775,4-10 weeks
139,GVT&D.NS,53.0,moderate,53.0,0.0,0.938,True,Capital Goods,Price is above SMA20 without being stretched | Price is modestly above SMA50 | Price is above SMA200 -- primary trend supports the trade | SMA20 is rising | Weekly EMA trend confirms the daily setup | ADX trend strength is emerging | 20-day momentum is strong but not vertical | RSI is in the healthy participation band | MACD is above signal,"SMA50 is falling | 60-day structure is not higher-highs and higher-lows | ADX is falling -- trend strength is fading | 60-day momentum is weak or exhausted | Three-month return is weak or exhausted | Volume does not confirm, or is a blow-off",,,short,4548.10009765625,4217.179555409543,330.9205422467066,5209.941182149663,5540.86172439637,4-10 weeks
140,TIMKEN.NS,52.5,moderate,52.5,0.0,0.938,True,Capital Goods,Price is above SMA20 without being stretched | Price is modestly above SMA50 | Price is just above SMA200 | Weekly EMA trend is positive | ADX trend strength is emerging | ADX trajectory is flat | 20-day momentum is positive | RSI is in the healthy participation band | MACD is above signal | Volume confirms the move,SMA20 is falling | SMA50 is falling | 60-day structure is not higher-highs and higher-lows | 60-day momentum is weak or exhausted | Three-month return is weak or exhausted,,,short,3302.39990234375,3127.0335426183547,175.36635972539523,3653.1326217945407,3828.4989815199356,4-10 weeks
141,CHOLAFIN.NS,52.2,moderate,52.2,0.0,0.938,True,Financial Services,Price is near SMA20 support | Price is modestly above SMA50 | Price is above SMA200 -- primary trend supports the trade | SMA50 slope is positive | Weekly EMA trend confirms the daily setup | 60-day momentum supports the setup | Three-month return is positive | RSI is in the healthy participation band | Volume confirms the move,SMA20 is falling | 60-day structure is not higher-highs and higher-lows | ADX shows little trend strength | ADX is falling -- trend strength is fading | 20-day momentum is weak or exhausted | MACD is below signal,,Lender: short-term score is technical; asset quality still needs a separate check.,short,1845.9000244140625,1754.8311223197882,91.06890209427443,2028.0378286026114,2119.1067306968857,4-10 weeks
142,TVSMOTOR.NS,52.2,moderate,52.2,0.0,0.938,True,Automobile and Auto Components,Price is modestly above SMA50 | Price is above SMA200 -- primary trend supports the trade | SMA50 is rising | Weekly EMA trend confirms the daily setup | 60-day structure is higher-highs and higher-lows | ADX shows strong trend strength | 60-day momentum supports the setup | Three-month return confirms momentum | RSI is improving from a low base,"Price is below SMA20 or vertically stretched | SMA20 is falling | ADX is falling -- trend strength is fading | 20-day momentum is weak or exhausted | MACD is below signal | Volume does not confirm, or is a blow-off",,,short,4125.0,3923.547417804957,201.45258219504282,4527.905164390086,4729.357746585129,4-10 weeks
143,USHAMART.NS,52.0,moderate,52.0,0.0,0.938,True,Capital Goods,Price is near SMA20 support | Price is testing SMA50 | Price is above SMA200 -- primary trend supports the trade | SMA20 is flat | SMA50 slope is positive | Weekly EMA trend is positive | 60-day structure is higher-highs and higher-lows | ADX trajectory is positive | 60-day momentum is positive | RSI is in the healthy participation band | MACD is near a bullish cross | Volume confirms the move,ADX shows little trend strength | 20-day momentum is weak or exhausted | Three-month return is weak or exhausted,,,short,494.5,467.49471938692653,27.005280613073456,548.5105612261469,575.5158418392203,4-10 weeks
144,PERSISTENT.NS,51.9,moderate,51.9,0.0,0.938,True,Information Technology,Price is near SMA20 support | Price is modestly above SMA50 | Price is just above SMA200 | SMA20 is rising | SMA50 is rising | Weekly EMA trend is positive | 60-day structure is higher-highs and higher-lows | ADX trend strength is emerging | 60-day momentum supports the setup | Three-month return is positive | RSI is in the healthy participation band,"ADX is falling -- trend strength is fading | 20-day momentum is weak or exhausted | MACD is below signal | Volume does not confirm, or is a blow-off",,,short,5516.0,5205.666550338167,310.33344966183233,6136.666899323664,6447.000348985497,4-10 weeks
145,GRASIM.NS,51.5,moderate,51.5,0.0,0.938,True,Construction Materials,Price is near SMA20 support | Price is modestly above SMA50 | Price is above SMA200 -- primary trend supports the trade | SMA20 is rising | SMA50 slope is positive | Weekly EMA trend confirms the daily setup | ADX shows tradable trend strength | 20-day momentum is positive | 60-day momentum is positive | Three-month return is positive | RSI is in the healthy participation band,"60-day structure is not higher-highs and higher-lows | ADX is falling -- trend strength is fading | MACD is below signal | Volume does not confirm, or is a blow-off",,,short,3281.89990234375,3152.945693586676,128.95420875707399,3539.808319857898,3668.762528614972,4-10 weeks
146,ADANIPORTS.NS,51.1,moderate,51.1,0.0,0.938,True,Services,Price is above SMA20 without being stretched | Price is modestly above SMA50 | Price is above SMA200 -- primary trend supports the trade | SMA20 is rising | Weekly EMA trend is positive | ADX trend strength is emerging | 20-day momentum is strong but not vertical | RSI is in the healthy participation band | MACD is above signal,"SMA50 is falling | 60-day structure is not higher-highs and higher-lows | ADX is falling -- trend strength is fading | 60-day momentum is weak or exhausted | Three-month return is weak or exhausted | Volume does not confirm, or is a blow-off",,,short,1764.5999755859375,1688.6987364486893,75.90123913724833,1916.4024538604342,1992.3036929976824,4-10 weeks
147,ANGELONE.NS,50.9,moderate,50.9,0.0,0.938,True,Financial Services,Price is above SMA20 without being stretched | Price is testing SMA50 | Price is above SMA200 -- primary trend supports the trade | Weekly EMA trend is positive | ADX shows tradable trend strength | 20-day momentum is strong but not vertical | RSI is in the healthy participation band | MACD is above signal | Volume is normal,SMA20 is falling | SMA50 is falling | 60-day structure is not higher-highs and higher-lows | ADX is falling -- trend strength is fading | 60-day momentum is weak or exhausted | Three-month return is weak or exhausted,,,short,305.0,284.77965080010574,20.22034919989426,345.4406983997885,365.6610475996828,4-10 weeks
148,NAM-INDIA.NS,50.8,moderate,50.8,0.0,0.938,True,Financial Services,Price is near SMA20 support | Price is modestly above SMA50 | Price is above SMA200 -- primary trend supports the trade | SMA20 is flat | SMA50 slope is positive | Weekly EMA trend confirms the daily setup | 60-day structure is higher-highs and higher-lows | 20-day momentum is positive | 60-day momentum is positive | Three-month return is positive | RSI is in the healthy participation band,"ADX shows little trend strength | ADX is falling -- trend strength is fading | MACD is below signal | Volume does not confirm, or is a blow-off",,,short,1189.5999755859375,1123.4605010779046,66.13947450803279,1321.878924602003,1388.018399110036,4-10 weeks
149,IIFL.NS,50.8,moderate,50.8,0.0,0.938,True,Financial Services,Price is testing SMA50 | Price is above SMA200 -- primary trend supports the trade | SMA20 is rising | SMA50 is rising | Weekly EMA trend confirms the daily setup | 60-day structure is higher-highs and higher-lows | ADX shows tradable trend strength | 60-day momentum supports the setup | Three-month return confirms momentum | RSI is improving from a low base,"Price is below SMA20 or vertically stretched | ADX is falling -- trend strength is fading | 20-day momentum is weak or exhausted | MACD is below signal | Volume does not confirm, or is a blow-off",,Lender: short-term score is technical; asset quality still needs a separate check.,short,600.5999755859375,548.6028008084924,51.99717477744519,704.5943251408279,756.591499918273,4-10 weeks
150,MINDACORP.NS,50.7,moderate,50.7,0.0,0.938,True,Automobile and Auto Components,Price is near SMA20 support | Price is modestly above SMA50 | Price is above SMA200 -- primary trend supports the trade | SMA50 slope is positive | Weekly EMA trend confirms the daily setup | 60-day structure is higher-highs and higher-lows | ADX trend strength is emerging | 60-day momentum supports the setup | Three-month return is positive | RSI is in the healthy participation band,"SMA20 is falling | ADX is falling -- trend strength is fading | 20-day momentum is weak or exhausted | MACD is below signal | Volume does not confirm, or is a blow-off",,,short,705.4500122070312,663.5495315270477,41.90048067998349,789.2509735669983,831.1514542469818,4-10 weeks
151,SUNDARMFIN.NS,50.1,moderate,58.1,8.0,0.938,True,Financial Services,Price is above SMA20 without being stretched | Price is modestly above SMA50 | Price is near SMA200 but primary trend is fragile | SMA20 is flat | SMA50 slope is positive | Weekly EMA trend is positive | ADX trend strength is emerging | ADX is rising -- trend strength is expanding | 20-day momentum is positive | 60-day momentum is positive | Three-month return is positive | RSI is in the healthy participation band | MACD is above signal,"60-day structure is not higher-highs and higher-lows | Volume does not confirm, or is a blow-off",Price below SMA200 -- fighting the primary trend (-8),Lender: short-term score is technical; asset quality still needs a separate check.,short,4710.7001953125,4503.721510293068,206.97868501943242,5124.657565351365,5331.636250370797,4-10 weeks
152,POLYMED.NS,50.0,moderate,50.0,0.0,0.938,True,Healthcare,Price is near SMA20 support | Price is modestly above SMA50 | Price is above SMA200 -- primary trend supports the trade | SMA50 slope is positive | Weekly EMA trend confirms the daily setup | ADX trend strength is emerging | ADX trajectory is flat | 60-day momentum supports the setup | Three-month return confirms momentum | RSI is in the healthy participation band,"SMA20 is falling | 60-day structure is not higher-highs and higher-lows | 20-day momentum is weak or exhausted | MACD is below signal | Volume does not confirm, or is a blow-off",,,short,1738.5,1617.973471483945,120.52652851605497,1979.55305703211,2100.0795855481647,4-10 weeks
153,NETWEB.NS,49.6,weak,49.6,0.0,0.938,True,Information Technology,Price is above SMA50 | Price is above SMA200 -- primary trend supports the trade | SMA20 is rising quickly | SMA50 is rising | Weekly EMA trend confirms the daily setup | 60-day structure is higher-highs and higher-lows | ADX shows tradable trend strength | Three-month return is positive | RSI is in the healthy participation band,"Price is below SMA20 or vertically stretched | ADX is falling -- trend strength is fading | 20-day momentum is weak or exhausted | 60-day momentum is weak or exhausted | MACD is below signal | Volume does not confirm, or is a blow-off",,,short,5027.0,4587.805353495563,439.1946465044366,5905.389293008873,6344.58393951331,4-10 weeks
154,CDSL.NS,49.4,weak,49.4,0.0,0.938,True,Financial Services,Price is near SMA20 support | Price is testing SMA50 | Price is just above SMA200 | SMA20 is rising | SMA50 slope is positive | Weekly EMA trend is positive | 60-day structure is higher-highs and higher-lows | ADX trend strength is emerging | ADX trajectory is flat | 20-day momentum is positive | 60-day momentum is positive | Three-month return is positive | RSI is in the healthy participation band,"MACD is below signal | Volume does not confirm, or is a blow-off",,,short,1360.0,1297.8568320640272,62.143167935972706,1484.2863358719453,1546.429503807918,4-10 weeks
155,UNIONBANK.NS,48.7,weak,48.7,0.0,0.938,True,Financial Services,Price is modestly above SMA50 | Price is above SMA200 -- primary trend supports the trade | SMA20 is rising | SMA50 is rising | Weekly EMA trend is positive | 60-day structure is higher-highs and higher-lows | ADX shows tradable trend strength | 60-day momentum is positive | Three-month return is positive | RSI is improving from a low base | Volume is normal,Price is below SMA20 or vertically stretched | ADX is falling -- trend strength is fading | 20-day momentum is weak or exhausted | MACD is below signal,,Lender: short-term score is technical; asset quality still needs a separate check.,short,178.10000610351562,168.94528544768477,9.154720655830868,196.40944741517737,205.56416807100823,4-10 weeks
156,PNB.NS,48.6,weak,48.6,0.0,0.938,True,Financial Services,Price is above SMA20 without being stretched | Price is modestly above SMA50 | Price is just above SMA200 | SMA20 is flat | SMA50 is rising | Weekly EMA trend confirms the daily setup | 60-day momentum is positive | Three-month return is positive | RSI is in the healthy participation band | Volume is normal,60-day structure is not higher-highs and higher-lows | ADX shows little trend strength | ADX is falling -- trend strength is fading | 20-day momentum is weak or exhausted | MACD is below signal,,Lender: short-term score is technical; asset quality still needs a separate check.,short,116.75,112.39424222187212,4.35575777812788,125.46151555625576,129.81727333438363,4-10 weeks
157,NSLNISP.NS,48.4,weak,48.4,0.0,0.938,True,Metals & Mining,Price is above SMA20 without being stretched | Price is modestly above SMA50 | Price is just above SMA200 | SMA20 is rising | SMA50 slope is positive | Weekly EMA trend is neutral | ADX shows tradable trend strength | ADX is rising -- trend strength is expanding | RSI is in the healthy participation band | MACD is above signal,"60-day structure is not higher-highs and higher-lows | 20-day momentum is weak or exhausted | 60-day momentum is weak or exhausted | Three-month return is weak or exhausted | Volume does not confirm, or is a blow-off",,,short,43.65999984741211,40.33202115261327,3.327978694798837,50.31595723700978,53.64393593180862,4-10 weeks
158,PETRONET.NS,48.2,weak,48.2,0.0,0.938,True,Oil Gas & Consumable Fuels,Price is near SMA20 support | Price is modestly above SMA50 | Price is just above SMA200 | SMA20 is rising | SMA50 slope is positive | Weekly EMA trend is positive | 60-day structure is higher-highs and higher-lows | ADX shows tradable trend strength | ADX trajectory is positive | 20-day momentum is positive | RSI is in the healthy participation band,"60-day momentum is weak or exhausted | Three-month return is weak or exhausted | MACD is below signal | Volume does not confirm, or is a blow-off",,,short,287.20001220703125,275.30534162967643,11.894670577354827,310.9893533617409,322.88402393909575,4-10 weeks
159,LGEINDIA.NS,48.1,weak,48.1,0.0,0.938,True,Consumer Durables,Price is near SMA20 support | Price is modestly above SMA50 | Price is above SMA200 -- primary trend supports the trade | SMA20 is rising quickly | SMA50 slope is positive | Weekly EMA trend is positive | 60-day structure is higher-highs and higher-lows | ADX shows tradable trend strength | ADX trajectory is flat | Three-month return is positive | RSI is in the healthy participation band,"20-day momentum is weak or exhausted | 60-day momentum is weak or exhausted | MACD is below signal | Volume does not confirm, or is a blow-off",,,short,1636.800048828125,1558.9697303941255,77.8303184339996,1792.460685696124,1870.2910041301238,4-10 weeks
160,RADICO.NS,47.7,weak,47.7,0.0,0.938,True,Fast Moving Consumer Goods,Price is testing SMA50 | Price is above SMA200 -- primary trend supports the trade | SMA50 is rising | Weekly EMA trend confirms the daily setup | 60-day structure is higher-highs and higher-lows | ADX shows tradable trend strength | 60-day momentum supports the setup | Three-month return confirms momentum | RSI is improving from a low base,"Price is below SMA20 or vertically stretched | SMA20 is falling | ADX is falling -- trend strength is fading | 20-day momentum is weak or exhausted | MACD is below signal | Volume does not confirm, or is a blow-off",,,short,4368.10009765625,4177.53812993215,190.56196772410004,4749.22403310445,4939.78600082855,4-10 weeks
161,BAJAJHLDNG.NS,46.9,weak,46.9,0.0,0.938,True,Financial Services,Price is near SMA20 support | Price is modestly above SMA50 | Price is above SMA200 -- primary trend supports the trade | SMA50 slope is positive | Weekly EMA trend is positive | 60-day structure is higher-highs and higher-lows | 60-day momentum is positive | Three-month return is positive | RSI is in the healthy participation band | Volume is normal,SMA20 is falling | ADX shows little trend strength | ADX is falling -- trend strength is fading | 20-day momentum is weak or exhausted | MACD is below signal,,,short,11134.0,10673.824890447417,460.1751095525841,12054.350219105168,12514.525328657752,4-10 weeks
162,HINDZINC.NS,46.0,weak,54.0,8.0,0.938,True,Metals & Mining,Price is modestly above SMA50 | Price is near SMA200 but primary trend is fragile | SMA20 is rising | SMA50 is rising | Weekly EMA trend is positive | 60-day structure is higher-highs and higher-lows | ADX shows tradable trend strength | 20-day momentum is positive | 60-day momentum is positive | Three-month return is positive | RSI is in the healthy participation band | Volume is normal,Price is below SMA20 or vertically stretched | ADX is falling -- trend strength is fading | MACD is below signal,Price below SMA200 -- fighting the primary trend (-8),,short,576.4500122070312,539.4117057326275,37.03830647440371,650.5266251558387,687.5649316302424,4-10 weeks
163,GICRE.NS,45.9,weak,53.9,8.0,0.938,True,Financial Services,Price is above SMA20 without being stretched | Price is modestly above SMA50 | Price is near SMA200 but primary trend is fragile | SMA20 is flat | SMA50 is flat | Weekly EMA trend is neutral | ADX trajectory is positive | 20-day momentum is strong but not vertical | 60-day momentum is positive | Three-month return is positive | RSI is in the healthy participation band | MACD is above signal,"60-day structure is not higher-highs and higher-lows | ADX shows little trend strength | Volume does not confirm, or is a blow-off",Price below SMA200 -- fighting the primary trend (-8),,short,349.3999938964844,334.3831422803299,15.016851616154499,379.43369712879337,394.45054874494787,4-10 weeks
164,SAIL.NS,45.1,weak,45.1,0.0,0.938,True,Metals & Mining,Price is modestly above SMA50 | Price is above SMA200 -- primary trend supports the trade | SMA20 is rising quickly | SMA50 is rising | Weekly EMA trend is positive | 60-day structure is higher-highs and higher-lows | ADX trend strength is emerging | ADX trajectory is flat | 20-day momentum is strong but not vertical | RSI is improving from a low base,"Price is below SMA20 or vertically stretched | 60-day momentum is weak or exhausted | Three-month return is weak or exhausted | MACD is below signal | Volume does not confirm, or is a blow-off",,,short,179.0,166.2765411833288,12.72345881667122,204.44691763334245,217.17037645001366,4-10 weeks
165,LTF.NS,44.3,weak,44.3,0.0,0.938,True,Financial Services,Price is near SMA20 support | Price is testing SMA50 | Price is above SMA200 -- primary trend supports the trade | SMA20 is flat | SMA50 slope is positive | Weekly EMA trend is positive | 20-day momentum is positive | 60-day momentum is positive | Three-month return is positive | RSI is in the healthy participation band | Volume is normal,60-day structure is not higher-highs and higher-lows | ADX shows little trend strength | ADX is falling -- trend strength is fading | MACD is below signal,,Lender: short-term score is technical; asset quality still needs a separate check.,short,309.1000061035156,292.7505471328196,16.349458970696027,341.79892404490766,358.1483830156037,4-10 weeks
166,DIXON.NS,44.1,weak,44.1,0.0,0.938,True,Consumer Durables,Price is above SMA200 -- primary trend supports the trade | SMA20 is flat | SMA50 is rising | Weekly EMA trend is positive | 60-day structure is higher-highs and higher-lows | ADX shows tradable trend strength | ADX trajectory is flat | 60-day momentum is positive | Three-month return is positive | Volume confirms the move,Price is below SMA20 or vertically stretched | Price is below SMA50 | 20-day momentum is weak or exhausted | RSI is weak or extremely overbought | MACD is below signal,,,short,13425.0,12650.406379638394,774.5936203616061,14974.187240723211,15748.780861084819,4-10 weeks
167,BAJAJFINSV.NS,43.9,weak,43.9,0.0,0.938,True,Financial Services,Price is testing SMA50 | Price is just above SMA200 | SMA50 is rising | Weekly EMA trend is positive | ADX shows tradable trend strength | ADX trajectory is positive | 60-day momentum supports the setup | Three-month return is positive | Volume confirms the move,Price is below SMA20 or vertically stretched | SMA20 is falling | 60-day structure is not higher-highs and higher-lows | 20-day momentum is weak or exhausted | RSI is weak or extremely overbought | MACD is below signal,,,short,1913.5,1843.1382905472115,70.36170945278847,2054.223418905577,2124.585128358365,4-10 weeks
168,LLOYDSME.NS,43.8,weak,43.8,0.0,0.938,True,Metals & Mining,Price is above SMA200 -- primary trend supports the trade | SMA50 slope is positive | Weekly EMA trend is positive | ADX shows strong trend strength | ADX trajectory is positive | 60-day momentum is positive | Three-month return is positive | RSI is improving from a low base | Volume confirms the move,Price is below SMA20 or vertically stretched | Price is below SMA50 | SMA20 is falling | 60-day structure is not higher-highs and higher-lows | 20-day momentum is weak or exhausted | MACD is below signal,,,short,1799.5999755859375,1707.72730363372,91.8726719522174,1983.3453194903723,2075.2179914425897,4-10 weeks
169,NAUKRI.NS,43.4,weak,43.4,0.0,0.938,True,Consumer Services,Price is testing SMA50 | Price is above SMA200 -- primary trend supports the trade | SMA20 is flat | SMA50 is rising | Weekly EMA trend confirms the daily setup | ADX shows tradable trend strength | 60-day momentum supports the setup | Three-month return confirms momentum | RSI is improving from a low base,"Price is below SMA20 or vertically stretched | 60-day structure is not higher-highs and higher-lows | ADX is falling -- trend strength is fading | 20-day momentum is weak or exhausted | MACD is below signal | Volume does not confirm, or is a blow-off",,,short,1250.800048828125,1178.641526951482,72.15852187664301,1395.117092581411,1467.275614458054,4-10 weeks
170,TITAGARH.NS,43.3,weak,43.3,0.0,0.938,True,Capital Goods,Price is near SMA20 support | Price is testing SMA50 | Price is above SMA200 -- primary trend supports the trade | SMA20 is flat | Weekly EMA trend is positive | ADX trend strength is emerging | ADX is rising -- trend strength is expanding | 20-day momentum is positive | RSI is in the healthy participation band | MACD is above signal,"SMA50 is falling | 60-day structure is not higher-highs and higher-lows | 60-day momentum is weak or exhausted | Three-month return is weak or exhausted | Volume does not confirm, or is a blow-off",,,short,842.1500244140625,785.5414181839787,56.608606230083694,955.3672368742299,1011.9758431043135,4-10 weeks
171,NUVOCO.NS,43.1,weak,43.1,0.0,0.938,True,Construction Materials,Price is above SMA20 without being stretched | Price is testing SMA50 | Price is just above SMA200 | SMA50 is rising | Weekly EMA trend is neutral | 60-day momentum is positive | Three-month return is positive | RSI is in the healthy participation band | MACD is above signal,"SMA20 is falling | 60-day structure is not higher-highs and higher-lows | ADX shows little trend strength | ADX is falling -- trend strength is fading | 20-day momentum is weak or exhausted | Volume does not confirm, or is a blow-off",,,short,330.1499938964844,310.20395801872405,19.946035877760323,370.042065652005,389.98810152976534,4-10 weeks
172,RAINBOW.NS,42.9,weak,42.9,0.0,0.938,True,Healthcare,Price is near SMA20 support | Price is testing SMA50 | Price is above SMA200 -- primary trend supports the trade | SMA50 slope is positive | Weekly EMA trend is positive | ADX trend strength is emerging | Three-month return is positive | RSI is in the healthy participation band | MACD is above signal | Volume is normal,SMA20 is falling | 60-day structure is not higher-highs and higher-lows | ADX is falling -- trend strength is fading | 20-day momentum is weak or exhausted | 60-day momentum is weak or exhausted,,,short,1444.9000244140625,1371.6123391425922,73.28768527147022,1591.475394957003,1664.7630802284732,4-10 weeks
173,KAJARIACER.NS,42.6,weak,42.6,0.0,0.938,True,Consumer Durables,Price is near SMA20 support | Price is modestly above SMA50 | Price is above SMA200 -- primary trend supports the trade | SMA20 is rising | SMA50 slope is positive | Weekly EMA trend confirms the daily setup | 60-day momentum is positive | Three-month return is positive | RSI is in the healthy participation band,"60-day structure is not higher-highs and higher-lows | ADX shows little trend strength | ADX is falling -- trend strength is fading | 20-day momentum is weak or exhausted | MACD is below signal | Volume does not confirm, or is a blow-off",,,short,1226.4000244140625,1162.9965220063946,63.403502407667816,1353.2070292293981,1416.6105316370658,4-10 weeks
174,TATACOMM.NS,42.5,weak,42.5,0.0,0.938,True,Telecommunication,Price is above SMA20 without being stretched | Price is testing SMA50 | Price is just above SMA200 | SMA20 is flat | Weekly EMA trend is positive | ADX shows tradable trend strength | 20-day momentum is positive | RSI is in the healthy participation band | MACD is above signal,"SMA50 is falling | 60-day structure is not higher-highs and higher-lows | ADX is falling -- trend strength is fading | 60-day momentum is weak or exhausted | Three-month return is weak or exhausted | Volume does not confirm, or is a blow-off",,,short,1761.5999755859375,1671.0902095919362,90.50976599400124,1942.61950757394,2033.1292735679413,4-10 weeks
175,DLF.NS,42.1,weak,42.1,0.0,0.938,True,Realty,Price is testing SMA50 | Price is just above SMA200 | SMA20 is rising | SMA50 is rising | Weekly EMA trend is positive | 60-day structure is higher-highs and higher-lows | ADX trajectory is flat | 60-day momentum is positive | Three-month return is positive | Volume confirms the move,Price is below SMA20 or vertically stretched | ADX shows little trend strength | 20-day momentum is weak or exhausted | RSI is weak or extremely overbought | MACD is below signal,,,short,644.5,609.9759904363705,34.52400956362959,713.5480191272592,748.0720286908888,4-10 weeks
176,NH.NS,41.9,weak,41.9,0.0,0.938,True,Healthcare,Price is near SMA20 support | Price is just above SMA200 | SMA20 is flat | SMA50 is flat | Weekly EMA trend is neutral | ADX trend strength is emerging | 20-day momentum is positive | 60-day momentum is positive | Three-month return is positive | RSI is in the healthy participation band | MACD is above signal,"Price is below SMA50 | 60-day structure is not higher-highs and higher-lows | ADX is falling -- trend strength is fading | Volume does not confirm, or is a blow-off",,,short,1869.199951171875,1782.685935902198,86.51401526967706,2042.2279817112292,2128.741996980906,4-10 weeks
177,TMCV.NS,41.9,weak,41.9,0.0,0.938,True,Capital Goods,Price is testing SMA50 | Price is just above SMA200 | SMA20 is flat | SMA50 is rising | Weekly EMA trend is positive | 60-day structure is higher-highs and higher-lows | ADX shows tradable trend strength | 60-day momentum supports the setup | Three-month return is positive | Volume is normal,Price is below SMA20 or vertically stretched | ADX is falling -- trend strength is fading | 20-day momentum is weak or exhausted | RSI is weak or extremely overbought | MACD is below signal,,,short,434.5499877929688,408.548655097989,26.001332694979784,486.5526531829284,512.5539858779082,4-10 weeks
178,FEDERALBNK.NS,41.9,weak,41.9,0.0,0.938,True,Financial Services,Price is near SMA20 support | Price is testing SMA50 | Price is above SMA200 -- primary trend supports the trade | SMA50 is rising | Weekly EMA trend confirms the daily setup | ADX shows tradable trend strength | 60-day momentum is positive | Three-month return is positive | RSI is in the healthy participation band,"SMA20 is falling | 60-day structure is not higher-highs and higher-lows | ADX is falling -- trend strength is fading | 20-day momentum is weak or exhausted | MACD is below signal | Volume does not confirm, or is a blow-off",,Lender: short-term score is technical; asset quality still needs a separate check.,short,344.5,331.37534625392215,13.124653746077872,370.74930749215576,383.8739612382336,4-10 weeks
179,ANANTRAJ.NS,41.7,weak,41.7,0.0,0.938,True,Realty,Price is testing SMA50 | Price is above SMA200 -- primary trend supports the trade | SMA50 is rising | Weekly EMA trend is positive | 60-day structure is higher-highs and higher-lows | 60-day momentum supports the setup | Three-month return confirms momentum | RSI is improving from a low base,"Price is below SMA20 or vertically stretched | SMA20 is falling | ADX shows little trend strength | ADX is falling -- trend strength is fading | 20-day momentum is weak or exhausted | MACD is below signal | Volume does not confirm, or is a blow-off",,,short,598.3499755859375,558.9977287760771,39.3522468098604,677.0544692056583,716.4067160155187,4-10 weeks
180,AUBANK.NS,40.6,weak,40.6,0.0,0.938,True,Financial Services,Price is testing SMA50 | Price is above SMA200 -- primary trend supports the trade | SMA20 is flat | SMA50 slope is positive | Weekly EMA trend is positive | 60-day structure is higher-highs and higher-lows | ADX trend strength is emerging | 60-day momentum is positive | Three-month return is positive | RSI is in the healthy participation band,"Price is below SMA20 or vertically stretched | ADX is falling -- trend strength is fading | 20-day momentum is weak or exhausted | MACD is below signal | Volume does not confirm, or is a blow-off",,Lender: short-term score is technical; asset quality still needs a separate check.,short,1058.9000244140625,1014.7285568291137,44.17146758494877,1147.24295958396,1191.4144271689088,4-10 weeks
181,PHOENIXLTD.NS,40.6,weak,40.6,0.0,0.938,True,Realty,Price is near SMA20 support | Price is just above SMA200 | SMA20 is flat | SMA50 is flat | Weekly EMA trend is positive | ADX trajectory is flat | 20-day momentum is positive | 60-day momentum is positive | Three-month return is positive | RSI is improving from a low base | Volume confirms the move,Price is below SMA50 | 60-day structure is not higher-highs and higher-lows | ADX shows little trend strength | MACD is below signal,,,short,1890.0,1802.1903906403659,87.80960935963418,2065.6192187192682,2153.4288280789024,4-10 weeks
182,ADANIPOWER.NS,40.1,weak,40.1,0.0,0.938,True,Power,Price is above SMA20 without being stretched | Price is testing SMA50 | Price is above SMA200 -- primary trend supports the trade | SMA20 is flat | Weekly EMA trend is positive | 20-day momentum is positive | RSI is in the healthy participation band | MACD is above signal,"SMA50 is falling | 60-day structure is not higher-highs and higher-lows | ADX shows little trend strength | ADX is falling -- trend strength is fading | 60-day momentum is weak or exhausted | Three-month return is weak or exhausted | Volume does not confirm, or is a blow-off",,,short,209.97000122070312,198.6700554988504,11.299945721852737,232.5698926644086,243.86983838626134,4-10 weeks
183,BLUEJET.NS,40.1,weak,40.1,0.0,0.938,True,Healthcare,Price is testing SMA50 | Price is above SMA200 -- primary trend supports the trade | SMA50 is rising | Weekly EMA trend confirms the daily setup | ADX trend strength is emerging | 60-day momentum supports the setup | Three-month return confirms momentum | RSI is improving from a low base,"Price is below SMA20 or vertically stretched | SMA20 is falling | 60-day structure is not higher-highs and higher-lows | ADX is falling -- trend strength is fading | 20-day momentum is weak or exhausted | MACD is below signal | Volume does not confirm, or is a blow-off",,,short,568.5499877929688,536.3059561353077,32.24403165766101,633.0380511082908,665.2820827659518,4-10 weeks
184,NUVAMA.NS,38.7,weak,38.7,0.0,0.938,True,Financial Services,Price is near SMA20 support | Price is above SMA200 -- primary trend supports the trade | SMA20 is rising quickly | SMA50 slope is positive | Weekly EMA trend is positive | ADX trajectory is flat | 20-day momentum is positive | 60-day momentum is positive | Three-month return is positive | RSI is improving from a low base,"Price is below SMA50 | 60-day structure is not higher-highs and higher-lows | ADX shows little trend strength | MACD is below signal | Volume does not confirm, or is a blow-off",,,short,1737.199951171875,1611.7526578270658,125.44729334480927,1988.0945378614936,2113.541831206303,4-10 weeks
185,MAXHEALTH.NS,38.6,weak,46.6,8.0,0.938,True,Healthcare,Price is above SMA20 without being stretched | Price is testing SMA50 | Price is near SMA200 but primary trend is fragile | Weekly EMA trend is neutral | ADX trend strength is emerging | 20-day momentum is positive | Three-month return is positive | RSI is in the healthy participation band | MACD is above signal | Volume confirms the move,SMA20 is falling | SMA50 is falling | 60-day structure is not higher-highs and higher-lows | ADX is falling -- trend strength is fading | 60-day momentum is weak or exhausted,Price below SMA200 -- fighting the primary trend (-8),,short,1037.699951171875,987.8184875343668,49.88146363750815,1137.4628784468914,1187.3443420843994,4-10 weeks
186,GABRIEL.NS,38.5,weak,38.5,0.0,0.938,True,Automobile and Auto Components,Price is above SMA200 -- primary trend supports the trade | SMA50 is rising | Weekly EMA trend confirms the daily setup | ADX trend strength is emerging | 60-day momentum supports the setup | Three-month return confirms momentum | RSI is improving from a low base,"Price is below SMA20 or vertically stretched | Price is below SMA50 | SMA20 is falling | 60-day structure is not higher-highs and higher-lows | ADX is falling -- trend strength is fading | 20-day momentum is weak or exhausted | MACD is below signal | Volume does not confirm, or is a blow-off",,,short,1346.4000244140625,1234.8381148925878,111.56190952147465,1569.5238434570117,1681.0857529784864,4-10 weeks
187,TECHM.NS,38.4,weak,38.4,0.0,0.938,True,Information Technology,Price is testing SMA50 | Price is just above SMA200 | SMA50 is rising | Weekly EMA trend is positive | ADX trend strength is emerging | ADX trajectory is flat | 60-day momentum supports the setup | Three-month return is positive | RSI is improving from a low base | Volume is normal,Price is below SMA20 or vertically stretched | SMA20 is falling | 60-day structure is not higher-highs and higher-lows | 20-day momentum is weak or exhausted | MACD is below signal,,,short,1541.0,1462.8293610465823,78.17063895341772,1697.3412779068353,1775.5119168602532,4-10 weeks
188,UTIAMC.NS,38.4,weak,46.4,8.0,0.938,True,Financial Services,Price is above SMA20 without being stretched | Price is testing SMA50 | Price is near SMA200 but primary trend is fragile | SMA50 is flat | Weekly EMA trend is neutral | ADX is rising -- trend strength is expanding | 20-day momentum is positive | Three-month return is positive | RSI is in the healthy participation band | MACD is above signal | Volume is normal,SMA20 is falling | 60-day structure is not higher-highs and higher-lows | ADX shows little trend strength | 60-day momentum is weak or exhausted,Price below SMA200 -- fighting the primary trend (-8),,short,910.0,878.8721961521641,31.127803847835917,972.2556076956719,1003.3834115435077,4-10 weeks
189,NHPC.NS,38.0,weak,46.0,8.0,0.938,True,Power,Price is above SMA20 without being stretched | Price is testing SMA50 | Price is near SMA200 but primary trend is fragile | Weekly EMA trend is neutral | ADX trajectory is flat | 60-day momentum is positive | Three-month return is positive | RSI is in the healthy participation band | MACD is above signal | Volume confirms the move,SMA20 is falling | SMA50 is falling | 60-day structure is not higher-highs and higher-lows | ADX shows little trend strength | 20-day momentum is weak or exhausted,Price below SMA200 -- fighting the primary trend (-8),,short,76.37999725341797,73.51515856701288,2.8648386864050996,82.10967462622817,84.97451331263326,4-10 weeks
190,LODHA.NS,37.9,weak,37.9,0.0,0.938,True,Realty,Price is above SMA200 -- primary trend supports the trade | SMA50 is rising | Weekly EMA trend is positive | ADX shows tradable trend strength | 60-day momentum supports the setup | Three-month return confirms momentum | Volume is high but not yet a blow-off,Price is below SMA20 or vertically stretched | Price is below SMA50 | SMA20 is falling | 60-day structure is not higher-highs and higher-lows | ADX is falling -- trend strength is fading | 20-day momentum is weak or exhausted | RSI is weak or extremely overbought | MACD is below signal,,,short,1116.9000244140625,1028.5096050739944,88.39041934006808,1293.6808630941987,1382.0712824342668,4-10 weeks
191,JUBLFOOD.NS,37.7,weak,45.7,8.0,0.938,True,Consumer Services,Price is modestly above SMA50 | Price is near SMA200 but primary trend is fragile | SMA20 is flat | SMA50 is rising | Weekly EMA trend is positive | 60-day structure is higher-highs and higher-lows | ADX shows tradable trend strength | 60-day momentum supports the setup | Three-month return confirms momentum | RSI is improving from a low base,"Price is below SMA20 or vertically stretched | ADX is falling -- trend strength is fading | 20-day momentum is weak or exhausted | MACD is below signal | Volume does not confirm, or is a blow-off",Price below SMA200 -- fighting the primary trend (-8),,short,470.25,444.9196494655005,25.33035053449949,520.910701068999,546.2410516034985,4-10 weeks
192,HBLENGINE.NS,37.7,weak,45.7,8.0,0.938,True,Capital Goods,Price is above SMA20 without being stretched | Price is modestly above SMA50 | Weekly EMA trend is neutral | ADX shows tradable trend strength | ADX trajectory is positive | 20-day momentum is strong but not vertical | RSI is in the healthy participation band | MACD is above signal,"Price is below SMA200 | SMA20 is falling | SMA50 is falling | 60-day structure is not higher-highs and higher-lows | 60-day momentum is weak or exhausted | Three-month return is weak or exhausted | Volume does not confirm, or is a blow-off",Price below SMA200 -- fighting the primary trend (-8),,short,722.2000122070312,674.6280030084338,47.57200919859742,817.3440306042261,864.9160398028235,4-10 weeks
193,RRKABEL.NS,37.6,weak,37.6,0.0,0.938,True,Capital Goods,Price is above SMA200 -- primary trend supports the trade | SMA50 is rising | Weekly EMA trend is positive | 60-day structure is higher-highs and higher-lows | ADX shows strong trend strength | 60-day momentum is positive | Three-month return confirms momentum,"Price is below SMA20 or vertically stretched | Price is below SMA50 | SMA20 is falling | ADX is falling -- trend strength is fading | 20-day momentum is weak or exhausted | RSI is weak or extremely overbought | MACD is below signal | Volume does not confirm, or is a blow-off",,,short,2424.39990234375,2213.077818213464,211.32208413028584,2847.044070604322,3058.3661547346073,4-10 weeks
194,AARTIIND.NS,37.4,weak,37.4,0.0,0.938,True,Chemicals,Price is testing SMA50 | Price is above SMA200 -- primary trend supports the trade | SMA20 is rising | SMA50 is rising | Weekly EMA trend is positive | 60-day structure is higher-highs and higher-lows | ADX shows tradable trend strength | 60-day momentum is positive | RSI is improving from a low base,"Price is below SMA20 or vertically stretched | ADX is falling -- trend strength is fading | 20-day momentum is weak or exhausted | Three-month return is weak or exhausted | MACD is below signal | Volume does not confirm, or is a blow-off",,,short,492.7000122070313,461.39674913551426,31.30326307151704,555.3065383500654,586.6098014215825,4-10 weeks
195,BAJFINANCE.NS,37.0,weak,37.0,0.0,0.938,True,Financial Services,Price is above SMA200 -- primary trend supports the trade | SMA50 slope is positive | Weekly EMA trend is positive | ADX trend strength is emerging | ADX is rising -- trend strength is expanding | 60-day momentum supports the setup | Three-month return is positive | Volume is normal,Price is below SMA20 or vertically stretched | Price is below SMA50 | SMA20 is falling | 60-day structure is not higher-highs and higher-lows | 20-day momentum is weak or exhausted | RSI is weak or extremely overbought | MACD is below signal,,Lender: short-term score is technical; asset quality still needs a separate check.,short,1034.5,993.1979138662022,41.302086133797815,1117.1041722675957,1158.4062584013934,4-10 weeks
196,ABB.NS,36.9,weak,36.9,0.0,0.938,True,Capital Goods,Price is testing SMA50 | Price is above SMA200 -- primary trend supports the trade | SMA50 is rising | Weekly EMA trend is positive | ADX shows tradable trend strength | 60-day momentum is positive | Three-month return is positive | RSI is improving from a low base | Volume is normal,Price is below SMA20 or vertically stretched | SMA20 is falling | 60-day structure is not higher-highs and higher-lows | ADX is falling -- trend strength is fading | 20-day momentum is weak or exhausted | MACD is below signal,,,short,7274.0,6944.060273789281,329.93972621071833,7933.879452421436,8263.819178632155,4-10 weeks
197,IKS.NS,36.8,weak,36.8,0.0,0.938,True,Information Technology,Price is near SMA20 support | Price is above SMA200 -- primary trend supports the trade | SMA50 slope is positive | Weekly EMA trend is positive | ADX trajectory is flat | 60-day momentum is positive | Three-month return is positive | RSI is improving from a low base | MACD is above signal,"Price is below SMA50 | SMA20 is falling | 60-day structure is not higher-highs and higher-lows | ADX shows little trend strength | 20-day momentum is weak or exhausted | Volume does not confirm, or is a blow-off",,,short,1740.5999755859375,1634.0196965252646,106.58027906067296,1953.7605337072835,2060.3408127679563,4-10 weeks
198,KPRMILL.NS,36.8,weak,36.8,0.0,0.938,True,Textiles,Price is testing SMA50 | Price is above SMA200 -- primary trend supports the trade | SMA20 is rising quickly | SMA50 is flat | Weekly EMA trend is positive | ADX trend strength is emerging | 20-day momentum is positive | Three-month return is positive | RSI is in the healthy participation band,"Price is below SMA20 or vertically stretched | 60-day structure is not higher-highs and higher-lows | ADX is falling -- trend strength is fading | 60-day momentum is weak or exhausted | MACD is below signal | Volume does not confirm, or is a blow-off",,,short,1109.0999755859375,1036.195733191693,72.90424239424443,1254.9084603744263,1327.8127027686708,4-10 weeks
199,KALYANKJIL.NS,36.7,weak,36.7,0.0,0.938,True,Consumer Durables,Price is near SMA20 support | Price is above SMA50 | Price is above SMA200 -- primary trend supports the trade | SMA20 is flat | SMA50 is rising | Weekly EMA trend confirms the daily setup | ADX trend strength is emerging | RSI is in the healthy participation band,"60-day structure is not higher-highs and higher-lows | ADX is falling -- trend strength is fading | 20-day momentum is weak or exhausted | 60-day momentum is weak or exhausted | Three-month return is weak or exhausted | MACD is below signal | Volume does not confirm, or is a blow-off",,,short,601.1500244140625,557.0046081657289,44.14541624833366,689.4408569107298,733.5862731590635,4-10 weeks
200,M&MFIN.NS,36.6,weak,36.6,0.0,0.938,True,Financial Services,Price is above SMA200 -- primary trend supports the trade | SMA50 is rising | Weekly EMA trend is positive | ADX trend strength is emerging | 60-day momentum supports the setup | Three-month return confirms momentum | Volume is normal,Price is below SMA20 or vertically stretched | Price is below SMA50 | SMA20 is falling | 60-day structure is not higher-highs and higher-lows | ADX is falling -- trend strength is fading | 20-day momentum is weak or exhausted | RSI is weak or extremely overbought | MACD is below signal,,Lender: short-term score is technical; asset quality still needs a separate check.,short,356.1499938964844,333.6959240101282,22.45406988635618,401.05813366919676,423.5122035555529,4-10 weeks
201,IRB.NS,36.4,weak,44.4,8.0,0.938,True,Construction,Price is above SMA20 without being stretched | Price is modestly above SMA50 | Price is near SMA200 but primary trend is fragile | Weekly EMA trend is neutral | ADX shows tradable trend strength | ADX is rising -- trend strength is expanding | 20-day momentum is positive | RSI is in the healthy participation band | MACD is above signal,"SMA20 is falling | SMA50 is falling | 60-day structure is not higher-highs and higher-lows | 60-day momentum is weak or exhausted | Three-month return is weak or exhausted | Volume does not confirm, or is a blow-off",Price below SMA200 -- fighting the primary trend (-8),,short,19.63999938964844,18.68192101216359,0.9580783774848539,21.55615614461815,22.514234522103003,4-10 weeks
202,SUMICHEM.NS,36.2,weak,36.2,0.0,0.938,True,Chemicals,Price is just above SMA200 | SMA50 is rising | 60-day structure is higher-highs and higher-lows | ADX shows tradable trend strength | ADX is rising -- trend strength is expanding | 60-day momentum is positive | Three-month return is positive | Volume is normal,Price is below SMA20 or vertically stretched | Price is below SMA50 | SMA20 is falling | Weekly EMA trend is negative | 20-day momentum is weak or exhausted | RSI is weak or extremely overbought | MACD is below signal,,,short,476.3999938964844,445.14338570180524,31.256608194679117,538.9132102858426,570.1698184805217,4-10 weeks
203,INDUSINDBK.NS,36.1,weak,36.1,0.0,0.938,True,Financial Services,Price is above SMA200 -- primary trend supports the trade | SMA50 is rising | Weekly EMA trend is positive | 60-day momentum is positive | Three-month return is positive | RSI is improving from a low base | Volume confirms the move,Price is below SMA20 or vertically stretched | Price is below SMA50 | SMA20 is falling | 60-day structure is not higher-highs and higher-lows | ADX shows little trend strength | ADX is falling -- trend strength is fading | 20-day momentum is weak or exhausted | MACD is below signal,,Lender: short-term score is technical; asset quality still needs a separate check.,short,978.2000122070312,938.0339188166453,40.166093390385996,1058.5321989878032,1098.6982923781893,4-10 weeks
204,AFFLE.NS,36.0,weak,36.0,0.0,0.938,True,Information Technology,Price is testing SMA50 | Price is just above SMA200 | SMA50 is rising | Weekly EMA trend is positive | 60-day structure is higher-highs and higher-lows | ADX trend strength is emerging | ADX trajectory is flat | 60-day momentum is positive | Three-month return is positive | RSI is improving from a low base,"Price is below SMA20 or vertically stretched | SMA20 is falling | 20-day momentum is weak or exhausted | MACD is below signal | Volume does not confirm, or is a blow-off",,,short,1567.5999755859375,1462.569033537651,105.03094204828645,1777.6618596825103,1882.6928017307969,4-10 weeks
205,TATACAP.NS,35.7,weak,35.7,0.0,0.938,True,Financial Services,Price is near SMA20 support | Price is modestly above SMA50 | Price is above SMA200 -- primary trend supports the trade | SMA20 is flat | SMA50 slope is positive | Weekly EMA trend is positive | ADX trend strength is emerging | Three-month return is positive | RSI is in the healthy participation band,"60-day structure is not higher-highs and higher-lows | ADX is falling -- trend strength is fading | 20-day momentum is weak or exhausted | 60-day momentum is weak or exhausted | MACD is below signal | Volume does not confirm, or is a blow-off",,Lender: short-term score is technical; asset quality still needs a separate check.,short,362.8999938964844,347.8784040267872,15.021589869697173,392.94317363587874,407.9647635055759,4-10 weeks
206,COHANCE.NS,35.6,weak,35.6,0.0,0.938,True,Healthcare,Price is testing SMA50 | Price is just above SMA200 | SMA20 is rising | SMA50 slope is positive | Weekly EMA trend is positive | ADX shows strong trend strength | ADX trajectory is flat | 60-day momentum is positive | Three-month return is positive | RSI is improving from a low base,"Price is below SMA20 or vertically stretched | 60-day structure is not higher-highs and higher-lows | 20-day momentum is weak or exhausted | MACD is below signal | Volume does not confirm, or is a blow-off",,,short,440.2000122070313,408.27761627558164,31.922395931449657,504.0448040699306,535.9672000013803,4-10 weeks
207,CEMPRO.NS,35.5,weak,35.5,0.0,0.938,True,Construction,Price is above SMA200 -- primary trend supports the trade | SMA20 is flat | SMA50 is flat | Weekly EMA trend confirms the daily setup | ADX trend strength is emerging | Three-month return is positive | RSI is improving from a low base | MACD is above signal | Volume is normal,Price is below SMA20 or vertically stretched | Price is below SMA50 | 60-day structure is not higher-highs and higher-lows | ADX is falling -- trend strength is fading | 20-day momentum is weak or exhausted | 60-day momentum is weak or exhausted,,,short,1244.300048828125,1144.5212879587102,99.77876086941478,1443.8575705669546,1543.6363314363693,4-10 weeks
208,ZYDUSLIFE.NS,35.5,weak,35.5,0.0,0.938,True,Healthcare,Price is near SMA20 support | Price is testing SMA50 | Price is above SMA200 -- primary trend supports the trade | SMA20 is flat | SMA50 slope is positive | Weekly EMA trend is positive | 60-day momentum is positive | Three-month return is positive | RSI is in the healthy participation band,"60-day structure is not higher-highs and higher-lows | ADX shows little trend strength | ADX is falling -- trend strength is fading | 20-day momentum is weak or exhausted | MACD is below signal | Volume does not confirm, or is a blow-off",,,short,1119.0999755859375,1057.7891733640683,61.310802221869054,1241.7215800296756,1303.0323822515447,4-10 weeks
209,INDIANB.NS,35.3,weak,35.3,0.0,0.938,True,Financial Services,Price is testing SMA50 | Price is just above SMA200 | SMA20 is flat | SMA50 slope is positive | Weekly EMA trend is neutral | 60-day structure is higher-highs and higher-lows | ADX trend strength is emerging | Three-month return is positive | RSI is improving from a low base | Volume confirms the move,Price is below SMA20 or vertically stretched | ADX is falling -- trend strength is fading | 20-day momentum is weak or exhausted | 60-day momentum is weak or exhausted | MACD is below signal,,Lender: short-term score is technical; asset quality still needs a separate check.,short,853.5,812.7100254220286,40.78997457797145,935.0799491559429,975.8699237339143,4-10 weeks
210,UNOMINDA.NS,35.2,weak,35.2,0.0,0.938,True,Automobile and Auto Components,Price is testing SMA50 | Price is just above SMA200 | SMA20 is flat | SMA50 is rising | Weekly EMA trend is positive | 60-day structure is higher-highs and higher-lows | ADX trend strength is emerging | 60-day momentum is positive | Three-month return confirms momentum,"Price is below SMA20 or vertically stretched | ADX is falling -- trend strength is fading | 20-day momentum is weak or exhausted | RSI is weak or extremely overbought | MACD is below signal | Volume does not confirm, or is a blow-off",,,short,1201.5999755859375,1146.5499068744439,55.05006871149366,1311.7001130089247,1366.7501817204184,4-10 weeks
211,JINDALSTEL.NS,35.2,weak,43.2,8.0,0.938,True,Metals & Mining,Price is near SMA20 support | Price is modestly above SMA50 | Price is near SMA200 but primary trend is fragile | SMA20 is rising quickly | SMA50 is rising | Weekly EMA trend is neutral | 60-day structure is higher-highs and higher-lows | ADX shows tradable trend strength | ADX trajectory is flat | 20-day momentum is positive | RSI is in the healthy participation band,"60-day momentum is weak or exhausted | Three-month return is weak or exhausted | MACD is below signal | Volume does not confirm, or is a blow-off",Price below SMA200 -- fighting the primary trend (-8),,short,1120.5,1057.8809799931357,62.61902000686425,1245.7380400137286,1308.3570600205928,4-10 weeks
212,YESBANK.NS,35.1,weak,42.1,7.0,0.938,True,Financial Services,Price is above SMA20 without being stretched | Price is modestly above SMA50 | Price is above SMA200 -- primary trend supports the trade | Weekly EMA trend is positive | 20-day momentum is positive | RSI is in the healthy participation band | MACD is above signal,"SMA20 is falling | SMA50 is falling | 60-day structure is not higher-highs and higher-lows | ADX shows little trend strength | ADX is falling -- trend strength is fading | 60-day momentum is weak or exhausted | Three-month return is weak or exhausted | Volume does not confirm, or is a blow-off",Blow-off volume above 3x 20-day average -- possible exhaustion (-7),Lender: short-term score is technical; asset quality still needs a separate check.,short,23.479999542236328,22.53957058135555,0.9404289608807759,25.36085746399788,26.301286424878654,4-10 weeks
213,STARHEALTH.NS,34.7,avoid,34.7,0.0,0.938,True,Financial Services,Price is near SMA20 support | Price is above SMA200 -- primary trend supports the trade | Weekly EMA trend is positive | ADX trend strength is emerging | ADX trajectory is positive | Three-month return is positive | RSI is improving from a low base | Volume confirms the move,Price is below SMA50 | SMA20 is falling | SMA50 is falling | 60-day structure is not higher-highs and higher-lows | 20-day momentum is weak or exhausted | 60-day momentum is weak or exhausted | MACD is below signal,,,short,562.7000122070312,532.804384392744,29.895627814287245,622.4912678356058,652.386895649893,4-10 weeks
214,SWANCORP.NS,34.5,avoid,42.5,8.0,0.938,True,Chemicals,Price is above SMA20 without being stretched | Price is testing SMA50 | ADX shows tradable trend strength | ADX is rising -- trend strength is expanding | RSI is in the healthy participation band | MACD is above signal | Volume confirms the move,Price is below SMA200 | SMA20 is falling | SMA50 is falling | Weekly EMA trend is negative | 60-day structure is not higher-highs and higher-lows | 20-day momentum is weak or exhausted | 60-day momentum is weak or exhausted | Three-month return is weak or exhausted,Price below SMA200 -- fighting the primary trend (-8),,short,296.45001220703125,276.8355697129285,19.614442494102782,335.6788971952368,355.2933396893396,4-10 weeks
215,SCHNEIDER.NS,33.8,avoid,33.8,0.0,0.938,True,Capital Goods,Price is above SMA20 without being stretched | Price is above SMA200 -- primary trend supports the trade | Weekly EMA trend is neutral | Three-month return is positive | RSI is in the healthy participation band | MACD is above signal,"Price is below SMA50 | SMA20 is falling | SMA50 is falling | 60-day structure is not higher-highs and higher-lows | ADX shows little trend strength | ADX is falling -- trend strength is fading | 20-day momentum is weak or exhausted | 60-day momentum is weak or exhausted | Volume does not confirm, or is a blow-off",,,short,1227.0,1117.6654620816298,109.33453791837024,1445.6690758367404,1555.0036137551108,4-10 weeks
216,UNITDSPR.NS,33.7,avoid,33.7,0.0,0.938,True,Fast Moving Consumer Goods,Price is just above SMA200 | SMA50 is rising | Weekly EMA trend is neutral | 60-day structure is higher-highs and higher-lows | ADX shows strong trend strength | 60-day momentum is positive | Three-month return is positive | Volume is normal,Price is below SMA20 or vertically stretched | Price is below SMA50 | SMA20 is falling | ADX is falling -- trend strength is fading | 20-day momentum is weak or exhausted | RSI is weak or extremely overbought | MACD is below signal,,,short,1395.0,1335.321462960889,59.67853703911094,1514.3570740782218,1574.0356111173328,4-10 weeks
217,BLUESTARCO.NS,33.6,avoid,41.6,8.0,0.938,True,Consumer Durables,Price is above SMA20 without being stretched | Price is testing SMA50 | Weekly EMA trend is neutral | ADX shows tradable trend strength | ADX trajectory is positive | 20-day momentum is positive | RSI is in the healthy participation band | MACD is above signal | Volume is high but not yet a blow-off,Price is below SMA200 | SMA20 is falling | SMA50 is falling | 60-day structure is not higher-highs and higher-lows | 60-day momentum is weak or exhausted | Three-month return is weak or exhausted,Price below SMA200 -- fighting the primary trend (-8),,short,1558.0,1466.0458420887655,91.95415791123439,1741.9083158224687,1833.8624737337032,4-10 weeks
218,ZFCVINDIA.NS,33.3,avoid,33.3,0.0,0.938,True,Automobile and Auto Components,Price is near SMA20 support | Price is modestly above SMA50 | Price is just above SMA200 | SMA50 is flat | Weekly EMA trend is positive | ADX shows tradable trend strength | Three-month return is positive | RSI is in the healthy participation band,"SMA20 is falling | 60-day structure is not higher-highs and higher-lows | ADX is falling -- trend strength is fading | 20-day momentum is weak or exhausted | 60-day momentum is weak or exhausted | MACD is below signal | Volume does not confirm, or is a blow-off",,,short,2548.199951171875,2410.237111637734,137.9628395341409,2824.1256302401566,2962.0884697742977,4-10 weeks
219,JSWSTEEL.NS,32.9,avoid,32.9,0.0,0.938,True,Metals & Mining,Price is testing SMA50 | Price is just above SMA200 | SMA20 is flat | SMA50 is rising | Weekly EMA trend is positive | 60-day structure is higher-highs and higher-lows | ADX shows tradable trend strength | RSI is improving from a low base | Volume is normal,Price is below SMA20 or vertically stretched | ADX is falling -- trend strength is fading | 20-day momentum is weak or exhausted | 60-day momentum is weak or exhausted | Three-month return is weak or exhausted | MACD is below signal,,,short,1265.0,1213.4479666524296,51.552033347570486,1368.104066695141,1419.6561000427114,4-10 weeks
220,BSE.NS,32.3,avoid,32.3,0.0,0.938,True,Financial Services,Price is above SMA20 without being stretched | Price is just above SMA200 | ADX trend strength is emerging | RSI is in the healthy participation band | MACD is above signal | Volume is normal,Price is below SMA50 | SMA20 is falling | SMA50 is falling | Weekly EMA trend is negative | 60-day structure is not higher-highs and higher-lows | ADX is falling -- trend strength is fading | 20-day momentum is weak or exhausted | 60-day momentum is weak or exhausted | Three-month return is weak or exhausted,,,short,3384.0,3156.099584346949,227.9004156530507,3839.8008313061014,4067.701246959152,4-10 weeks
221,EXIDEIND.NS,32.3,avoid,32.3,0.0,0.938,True,Automobile and Auto Components,Price is above SMA200 -- primary trend supports the trade | SMA50 is rising | Weekly EMA trend is neutral | ADX shows tradable trend strength | ADX trajectory is positive | 60-day momentum supports the setup | Three-month return is positive,"Price is below SMA20 or vertically stretched | Price is below SMA50 | SMA20 is falling | 60-day structure is not higher-highs and higher-lows | 20-day momentum is weak or exhausted | RSI is weak or extremely overbought | MACD is below signal | Volume does not confirm, or is a blow-off",,,short,412.6499938964844,388.3317181811058,24.31827571537856,461.28654532724147,485.6048210426201,4-10 weeks
222,EICHERMOT.NS,32.3,avoid,32.3,0.0,0.938,True,Automobile and Auto Components,Price is testing SMA50 | Price is just above SMA200 | SMA50 slope is positive | Weekly EMA trend is neutral | 60-day structure is higher-highs and higher-lows | ADX shows tradable trend strength | 60-day momentum is positive | Three-month return is positive | Volume is normal,Price is below SMA20 or vertically stretched | SMA20 is falling | ADX is falling -- trend strength is fading | 20-day momentum is weak or exhausted | RSI is weak or extremely overbought | MACD is below signal,,,short,7530.0,7242.212096340608,287.78790365939227,8105.575807318784,8393.363710978178,4-10 weeks
223,IDBI.NS,31.8,avoid,39.8,8.0,0.938,True,Financial Services,Price is testing SMA50 | SMA20 is rising quickly | SMA50 slope is positive | Weekly EMA trend is neutral | ADX shows strong trend strength | ADX trajectory is flat | 20-day momentum is positive | 60-day momentum is positive | RSI is improving from a low base | Volume confirms the move,Price is below SMA20 or vertically stretched | Price is below SMA200 | 60-day structure is not higher-highs and higher-lows | Three-month return is weak or exhausted | MACD is below signal,Price below SMA200 -- fighting the primary trend (-8),Lender: short-term score is technical; asset quality still needs a separate check.,short,83.43000030517578,76.69966856183339,6.730331743342383,96.89066379186055,103.62099553520292,4-10 weeks
224,DRREDDY.NS,31.8,avoid,39.8,8.0,0.938,True,Healthcare,Price is near SMA20 support | Price is testing SMA50 | ADX shows strong trend strength | ADX is rising -- trend strength is expanding | RSI is in the healthy participation band | MACD is above signal | Volume confirms the move,Price is below SMA200 | SMA20 is falling | SMA50 is falling | Weekly EMA trend is negative | 60-day structure is not higher-highs and higher-lows | 20-day momentum is weak or exhausted | 60-day momentum is weak or exhausted | Three-month return is weak or exhausted,Price below SMA200 -- fighting the primary trend (-8),,short,1165.5,1123.0320320476928,42.46796795230722,1250.4359359046143,1292.9039038569217,4-10 weeks
225,OLAELEC.NS,31.6,avoid,36.6,5.0,0.938,True,Automobile and Auto Components,Price is above SMA20 without being stretched | Price is testing SMA50 | Price is above SMA200 -- primary trend supports the trade | Weekly EMA trend is neutral | ADX trajectory is flat | RSI is in the healthy participation band | MACD is above signal | Volume is normal,SMA20 is falling | SMA50 is falling | 60-day structure is not higher-highs and higher-lows | ADX shows little trend strength | 20-day momentum is weak or exhausted | 60-day momentum is weak or exhausted | Three-month return is weak or exhausted,Fundamental junk filter: loss-making profile (-5),,short,38.540000915527344,35.23823660131036,3.3017643142169786,45.1435295439613,48.44529385817828,4-10 weeks
226,KIMS.NS,31.3,avoid,31.3,0.0,0.938,True,Healthcare,Price is near SMA20 support | Price is above SMA200 -- primary trend supports the trade | Weekly EMA trend is neutral | ADX trend strength is emerging | ADX trajectory is positive | RSI is in the healthy participation band | MACD is above signal,"Price is below SMA50 | SMA20 is falling | SMA50 is falling | 60-day structure is not higher-highs and higher-lows | 20-day momentum is weak or exhausted | 60-day momentum is weak or exhausted | Three-month return is weak or exhausted | Volume does not confirm, or is a blow-off",,,short,768.9500122070312,730.3161168114656,38.633895395565716,846.2178029981627,884.8516983937284,4-10 weeks
227,ABCAPITAL.NS,31.1,avoid,31.1,0.0,0.938,True,Financial Services,Price is testing SMA50 | Price is above SMA200 -- primary trend supports the trade | SMA50 slope is positive | Weekly EMA trend is positive | ADX trajectory is positive | 60-day momentum is positive | Three-month return is positive | RSI is improving from a low base,"Price is below SMA20 or vertically stretched | SMA20 is falling | 60-day structure is not higher-highs and higher-lows | ADX shows little trend strength | 20-day momentum is weak or exhausted | MACD is below signal | Volume does not confirm, or is a blow-off",,,short,395.0,376.4855857946252,18.514414205374823,432.02882841074967,450.5432426161245,4-10 weeks
228,MANAPPURAM.NS,30.2,avoid,30.2,0.0,0.938,True,Financial Services,Price is above SMA200 -- primary trend supports the trade | SMA50 slope is positive | Weekly EMA trend is neutral | ADX trend strength is emerging | ADX is rising -- trend strength is expanding | 60-day momentum is positive | Three-month return is positive | RSI is improving from a low base,"Price is below SMA20 or vertically stretched | Price is below SMA50 | SMA20 is falling | 60-day structure is not higher-highs and higher-lows | 20-day momentum is weak or exhausted | MACD is below signal | Volume does not confirm, or is a blow-off",,Lender: short-term score is technical; asset quality still needs a separate check.,short,329.0,307.1796239445061,21.820376055493888,372.64075211098776,394.46112816648167,4-10 weeks
229,CREDITACC.NS,30.0,avoid,30.0,0.0,0.938,True,Financial Services,Price is near SMA20 support | Price is above SMA200 -- primary trend supports the trade | Weekly EMA trend is neutral | ADX shows tradable trend strength | ADX trajectory is positive | 60-day momentum is positive | Three-month return is positive | RSI is improving from a low base,"Price is below SMA50 | SMA20 is falling | SMA50 is falling | 60-day structure is not higher-highs and higher-lows | 20-day momentum is weak or exhausted | MACD is below signal | Volume does not confirm, or is a blow-off",,Lender: short-term score is technical; asset quality still needs a separate check.,short,1424.199951171875,1335.9463068730506,88.25364429882428,1600.7072397695235,1688.960884068348,4-10 weeks
230,POWERGRID.NS,29.9,avoid,37.9,8.0,0.938,True,Power,Price is above SMA20 without being stretched | Price is testing SMA50 | 20-day momentum is positive | RSI is in the healthy participation band | MACD is above signal | Volume confirms the move,Price is below SMA200 | SMA20 is falling | SMA50 is falling | Weekly EMA trend is negative | 60-day structure is not higher-highs and higher-lows | ADX shows little trend strength | ADX is falling -- trend strength is fading | 60-day momentum is weak or exhausted | Three-month return is weak or exhausted,Price below SMA200 -- fighting the primary trend (-8),,short,269.1000061035156,259.5654531179715,9.534552985544087,288.1691120746038,297.7036650601479,4-10 weeks
231,IGL.NS,29.6,avoid,37.6,8.0,0.938,True,Oil Gas & Consumable Fuels,Price is above SMA20 without being stretched | Price is modestly above SMA50 | Weekly EMA trend is neutral | ADX trajectory is positive | 20-day momentum is positive | RSI is in the healthy participation band | MACD is above signal,"Price is below SMA200 | SMA20 is falling | SMA50 is falling | 60-day structure is not higher-highs and higher-lows | ADX shows little trend strength | 60-day momentum is weak or exhausted | Three-month return is weak or exhausted | Volume does not confirm, or is a blow-off",Price below SMA200 -- fighting the primary trend (-8),,short,151.97999572753906,145.02590769540632,6.954088032132743,165.88817179180455,172.8422598239373,4-10 weeks
232,SWIGGY.NS,29.5,avoid,42.5,13.0,0.938,True,Consumer Services,Price is near SMA20 support | Price is modestly above SMA50 | SMA50 is rising | Weekly EMA trend is positive | 20-day momentum is positive | 60-day momentum supports the setup | Three-month return is positive | RSI is in the healthy participation band,"Price is below SMA200 | SMA20 is falling | 60-day structure is not higher-highs and higher-lows | ADX shows little trend strength | ADX is falling -- trend strength is fading | MACD is below signal | Volume does not confirm, or is a blow-off",Price below SMA200 -- fighting the primary trend (-8) | Fundamental junk filter: loss-making profile (-5),,short,278.20001220703125,260.5457289618672,17.654283245164024,313.5085786973593,331.1628619425233,4-10 weeks
233,BANDHANBNK.NS,29.4,avoid,36.4,7.0,0.938,True,Financial Services,Price is above SMA20 without being stretched | Price is testing SMA50 | Price is just above SMA200 | Weekly EMA trend is neutral | ADX trend strength is emerging | 20-day momentum is positive | RSI is in the healthy participation band | MACD is above signal,"SMA20 is falling | SMA50 is falling | 60-day structure is not higher-highs and higher-lows | ADX is falling -- trend strength is fading | 60-day momentum is weak or exhausted | Three-month return is weak or exhausted | Volume does not confirm, or is a blow-off",Blow-off volume above 3x 20-day average -- possible exhaustion (-7),Lender: short-term score is technical; asset quality still needs a separate check.,short,176.52000427246094,166.13245818192328,10.387546090537663,197.29509645353627,207.68264254407393,4-10 weeks
234,BHARTIHEXA.NS,29.3,avoid,37.3,8.0,0.938,True,Telecommunication,Price is near SMA20 support | Price is testing SMA50 | Price is near SMA200 but primary trend is fragile | SMA50 slope is positive | Weekly EMA trend is neutral | ADX trajectory is flat | 60-day momentum is positive | Three-month return is positive | RSI is in the healthy participation band | Volume confirms the move,SMA20 is falling | 60-day structure is not higher-highs and higher-lows | ADX shows little trend strength | 20-day momentum is weak or exhausted | MACD is below signal,Price below SMA200 -- fighting the primary trend (-8),,short,1545.0,1463.603277415163,81.39672258483711,1707.7934451696742,1789.1901677545113,4-10 weeks
235,BAJAJHFL.NS,29.1,avoid,37.1,8.0,0.938,True,Financial Services,Price is above SMA20 without being stretched | Price is testing SMA50 | Price is near SMA200 but primary trend is fragile | Weekly EMA trend is neutral | ADX trajectory is flat | RSI is in the healthy participation band | MACD is above signal | Volume confirms the move,SMA20 is falling | SMA50 is falling | 60-day structure is not higher-highs and higher-lows | ADX shows little trend strength | 20-day momentum is weak or exhausted | 60-day momentum is weak or exhausted | Three-month return is weak or exhausted,Price below SMA200 -- fighting the primary trend (-8),Lender: short-term score is technical; asset quality still needs a separate check.,short,84.11000061035156,81.22681558937302,2.8831850209785435,89.87637065230865,92.7595556732872,4-10 weeks
236,SHRIRAMFIN.NS,29.1,avoid,29.1,0.0,0.938,True,Financial Services,Price is just above SMA200 | SMA50 slope is positive | Weekly EMA trend is neutral | ADX shows tradable trend strength | ADX trajectory is positive | 60-day momentum is positive | Three-month return is positive | Volume is normal,Price is below SMA20 or vertically stretched | Price is below SMA50 | SMA20 is falling | 60-day structure is not higher-highs and higher-lows | 20-day momentum is weak or exhausted | RSI is weak or extremely overbought | MACD is below signal,,Lender: short-term score is technical; asset quality still needs a separate check.,short,1028.5999755859375,974.7554229724058,53.844552613531675,1136.289080813001,1190.1336334265325,4-10 weeks
237,AIIL.NS,29.0,avoid,36.0,7.0,0.938,True,Financial Services,Price is above SMA20 without being stretched | Price is modestly above SMA50 | Price is just above SMA200 | SMA50 is flat | Weekly EMA trend is positive | ADX trend strength is emerging | 60-day momentum is positive | RSI is in the healthy participation band,"SMA20 is falling | 60-day structure is not higher-highs and higher-lows | ADX is falling -- trend strength is fading | 20-day momentum is weak or exhausted | Three-month return is weak or exhausted | MACD is below signal | Volume does not confirm, or is a blow-off",Blow-off volume above 3x 20-day average -- possible exhaustion (-7),,short,544.3499755859375,499.77162546029973,44.578350125637776,633.506675837213,678.0850259628509,4-10 weeks
238,TATATECH.NS,28.9,avoid,28.9,0.0,0.938,True,Information Technology,Price is testing SMA50 | Price is above SMA200 -- primary trend supports the trade | SMA50 is rising | Weekly EMA trend is positive | 60-day momentum is positive | Three-month return is positive | Volume is normal,Price is below SMA20 or vertically stretched | SMA20 is falling | 60-day structure is not higher-highs and higher-lows | ADX shows little trend strength | ADX is falling -- trend strength is fading | 20-day momentum is weak or exhausted | RSI is weak or extremely overbought | MACD is below signal,,,short,762.1500244140625,708.2590881392406,53.89093627482192,869.9318969637063,923.8228332385282,4-10 weeks
239,GPIL.NS,28.9,avoid,36.9,8.0,0.938,True,Capital Goods,Price is near SMA20 support | Price is testing SMA50 | SMA20 is rising | 20-day momentum is positive | RSI is in the healthy participation band | MACD is above signal | Volume confirms the move,Price is below SMA200 | SMA50 is falling | Weekly EMA trend is negative | 60-day structure is not higher-highs and higher-lows | ADX shows little trend strength | ADX is falling -- trend strength is fading | 60-day momentum is weak or exhausted | Three-month return is weak or exhausted,Price below SMA200 -- fighting the primary trend (-8),,short,244.4499969482422,229.04367185245465,15.40632509578753,275.26264713981726,290.66897223560477,4-10 weeks
240,ENDURANCE.NS,28.2,avoid,28.2,0.0,0.938,True,Automobile and Auto Components,Price is just above SMA200 | SMA50 slope is positive | Weekly EMA trend is neutral | 60-day structure is higher-highs and higher-lows | ADX shows tradable trend strength | ADX trajectory is flat | 60-day momentum is positive | Three-month return is positive,"Price is below SMA20 or vertically stretched | Price is below SMA50 | SMA20 is falling | 20-day momentum is weak or exhausted | RSI is weak or extremely overbought | MACD is below signal | Volume does not confirm, or is a blow-off",,,short,2692.60009765625,2540.4962263860007,152.1038712702494,2996.8078401967487,3148.911711466998,4-10 weeks
241,POONAWALLA.NS,28.0,avoid,28.0,0.0,0.938,True,Financial Services,Price is just above SMA200 | SMA50 slope is positive | Weekly EMA trend is neutral | ADX trend strength is emerging | 60-day momentum is positive | Three-month return is positive | Volume confirms the move,Price is below SMA20 or vertically stretched | Price is below SMA50 | SMA20 is falling | 60-day structure is not higher-highs and higher-lows | ADX is falling -- trend strength is fading | 20-day momentum is weak or exhausted | RSI is weak or extremely overbought | MACD is below signal,,Lender: short-term score is technical; asset quality still needs a separate check.,short,445.25,420.5071585431711,24.74284145682892,494.73568291365785,519.4785243704868,4-10 weeks
242,INDHOTEL.NS,27.9,avoid,27.9,0.0,0.938,True,Consumer Services,Price is near SMA20 support | Price is testing SMA50 | Price is just above SMA200 | SMA50 slope is positive | Weekly EMA trend is positive | Three-month return is positive | RSI is in the healthy participation band,"SMA20 is falling | 60-day structure is not higher-highs and higher-lows | ADX shows little trend strength | ADX is falling -- trend strength is fading | 20-day momentum is weak or exhausted | 60-day momentum is weak or exhausted | MACD is below signal | Volume does not confirm, or is a blow-off",,,short,718.5,690.3712057854755,28.128794214524543,774.7575884290491,802.8863826435736,4-10 weeks
243,INDIGO.NS,27.8,avoid,27.8,0.0,0.938,True,Services,Price is just above SMA200 | Weekly EMA trend is neutral | ADX shows tradable trend strength | ADX is rising -- trend strength is expanding | Three-month return is positive | Volume confirms the move,Price is below SMA20 or vertically stretched | Price is below SMA50 | SMA20 is falling | SMA50 is falling | 60-day structure is not higher-highs and higher-lows | 20-day momentum is weak or exhausted | 60-day momentum is weak or exhausted | RSI is weak or extremely overbought | MACD is below signal,,,short,4973.0,4752.596888816522,220.40311118347796,5413.806222366956,5634.209333550434,4-10 weeks
244,KAYNES.NS,27.7,avoid,35.7,8.0,0.938,True,Capital Goods,Price is testing SMA50 | SMA50 is rising | 60-day structure is higher-highs and higher-lows | ADX shows tradable trend strength | ADX trajectory is positive | 60-day momentum is positive | Three-month return confirms momentum | RSI is improving from a low base,"Price is below SMA20 or vertically stretched | Price is below SMA200 | SMA20 is falling | Weekly EMA trend is negative | 20-day momentum is weak or exhausted | MACD is below signal | Volume does not confirm, or is a blow-off",Price below SMA200 -- fighting the primary trend (-8),,short,3505.0,3231.349519162389,273.650480837611,4052.300961675222,4325.951442512833,4-10 weeks
245,WAAREEENER.NS,27.7,avoid,35.7,8.0,0.938,True,Capital Goods,Price is near SMA20 support | Price is testing SMA50 | ADX shows strong trend strength | ADX trajectory is flat | RSI is in the healthy participation band | MACD is above signal | Volume confirms the move,Price is below SMA200 | SMA20 is falling | SMA50 is falling | Weekly EMA trend is negative | 60-day structure is not higher-highs and higher-lows | 20-day momentum is weak or exhausted | 60-day momentum is weak or exhausted | Three-month return is weak or exhausted,Price below SMA200 -- fighting the primary trend (-8),,short,2625.0,2507.5780808176078,117.4219191823921,2859.843838364784,2977.2657575471762,4-10 weeks
246,AXISBANK.NS,27.6,avoid,35.6,8.0,0.938,True,Financial Services,Price is near SMA20 support | Price is testing SMA50 | Price is near SMA200 but primary trend is fragile | SMA20 is rising | Weekly EMA trend is neutral | ADX trend strength is emerging | ADX trajectory is positive | 20-day momentum is positive | RSI is in the healthy participation band | MACD is near a bullish cross | Volume is normal,SMA50 is falling | 60-day structure is not higher-highs and higher-lows | 60-day momentum is weak or exhausted | Three-month return is weak or exhausted,Price below SMA200 -- fighting the primary trend (-8),Lender: short-term score is technical; asset quality still needs a separate check.,short,1246.0,1199.6321748076366,46.36782519236336,1338.7356503847268,1385.1034755770902,4-10 weeks
247,ICICIBANK.NS,27.4,avoid,27.4,0.0,0.938,True,Financial Services,Price is testing SMA50 | Price is just above SMA200 | SMA50 slope is positive | Weekly EMA trend is positive | ADX trend strength is emerging | ADX trajectory is positive | 60-day momentum is positive | Three-month return is positive,"Price is below SMA20 or vertically stretched | SMA20 is falling | 60-day structure is not higher-highs and higher-lows | 20-day momentum is weak or exhausted | RSI is weak or extremely overbought | MACD is below signal | Volume does not confirm, or is a blow-off",,Lender: short-term score is technical; asset quality still needs a separate check.,short,1379.300048828125,1336.4477421350944,42.85230669303061,1465.0046622141863,1507.856968907217,4-10 weeks
248,CONCOR.NS,27.3,avoid,27.3,0.0,0.938,True,Services,Price is testing SMA50 | Price is just above SMA200 | SMA50 is rising | Weekly EMA trend is positive | 60-day momentum is positive | Three-month return is positive | RSI is improving from a low base,"Price is below SMA20 or vertically stretched | SMA20 is falling | 60-day structure is not higher-highs and higher-lows | ADX shows little trend strength | ADX is falling -- trend strength is fading | 20-day momentum is weak or exhausted | MACD is below signal | Volume does not confirm, or is a blow-off",,,short,499.25,475.80165520565095,23.448344794349072,546.1466895886981,569.5950343830473,4-10 weeks
249,OBEROIRLTY.NS,26.3,avoid,26.3,0.0,0.938,True,Realty,Price is just above SMA200 | SMA20 is rising | SMA50 slope is positive | Weekly EMA trend is neutral | ADX trend strength is emerging | 60-day momentum is positive | Three-month return is positive | Volume is normal,Price is below SMA20 or vertically stretched | Price is below SMA50 | 60-day structure is not higher-highs and higher-lows | ADX is falling -- trend strength is fading | 20-day momentum is weak or exhausted | RSI is weak or extremely overbought | MACD is below signal,,,short,1741.0999755859375,1649.7256170883443,91.37435849759318,1923.848692581124,2015.2230510787172,4-10 weeks
250,SUNPHARMA.NS,24.5,avoid,24.5,0.0,0.938,True,Healthcare,Price is just above SMA200 | SMA50 slope is positive | Weekly EMA trend is neutral | ADX trend strength is emerging | ADX trajectory is flat | 60-day momentum is positive | Three-month return is positive | Volume is normal,Price is below SMA20 or vertically stretched | Price is below SMA50 | SMA20 is falling | 60-day structure is not higher-highs and higher-lows | 20-day momentum is weak or exhausted | RSI is weak or extremely overbought | MACD is below signal,,,short,1840.0,1774.9839435845608,65.01605641543921,1970.0321128308783,2035.0481692463177,4-10 weeks
251,IOB.NS,24.2,avoid,32.2,8.0,0.938,True,Financial Services,Price is above SMA20 without being stretched | Price is testing SMA50 | Price is near SMA200 but primary trend is fragile | Weekly EMA trend is neutral | ADX trajectory is flat | RSI is in the healthy participation band | MACD is above signal | Volume is normal,SMA20 is falling | SMA50 is falling | 60-day structure is not higher-highs and higher-lows | ADX shows little trend strength | 20-day momentum is weak or exhausted | 60-day momentum is weak or exhausted | Three-month return is weak or exhausted,Price below SMA200 -- fighting the primary trend (-8),Lender: short-term score is technical; asset quality still needs a separate check.,short,33.06999969482422,31.939382440556933,1.1306172542672839,35.33123420335879,36.46185145762607,4-10 weeks
252,TATAINVEST.NS,24.2,avoid,32.2,8.0,0.938,True,Financial Services,Price is above SMA20 without being stretched | Price is testing SMA50 | Price is near SMA200 but primary trend is fragile | Weekly EMA trend is neutral | ADX trajectory is flat | RSI is in the healthy participation band | MACD is above signal | Volume is normal,SMA20 is falling | SMA50 is falling | 60-day structure is not higher-highs and higher-lows | ADX shows little trend strength | 20-day momentum is weak or exhausted | 60-day momentum is weak or exhausted | Three-month return is weak or exhausted,Price below SMA200 -- fighting the primary trend (-8),,short,650.9000244140625,619.790230819881,31.109793594181507,713.1196116024255,744.229405196607,4-10 weeks
253,ASTERDM.NS,23.8,avoid,23.8,0.0,0.938,True,Healthcare,Price is near SMA20 support | Price is above SMA200 -- primary trend supports the trade | SMA50 is flat | Weekly EMA trend is neutral | ADX trend strength is emerging | RSI is improving from a low base | MACD is above signal,"Price is below SMA50 | SMA20 is falling | 60-day structure is not higher-highs and higher-lows | ADX is falling -- trend strength is fading | 20-day momentum is weak or exhausted | 60-day momentum is weak or exhausted | Three-month return is weak or exhausted | Volume does not confirm, or is a blow-off",,,short,763.0499877929688,720.3411633656646,42.70882442730423,848.4676366475773,891.1764610748814,4-10 weeks
254,ONESOURCE.NS,23.6,avoid,35.6,12.0,0.938,True,Healthcare,Price is above SMA20 without being stretched | Price is testing SMA50 | Price is just above SMA200 | SMA20 is flat | Weekly EMA trend is neutral | 20-day momentum is positive | RSI is in the healthy participation band | MACD is above signal,"SMA50 is falling | 60-day structure is not higher-highs and higher-lows | ADX shows little trend strength | ADX is falling -- trend strength is fading | 60-day momentum is weak or exhausted | Three-month return is weak or exhausted | Volume does not confirm, or is a blow-off",Blow-off volume above 3x 20-day average -- possible exhaustion (-7) | Fundamental junk filter: loss-making profile (-5),,short,1592.199951171875,1475.3993079867703,116.80064318510468,1825.8012375420844,1942.601880727189,4-10 weeks
255,GMDCLTD.NS,23.4,avoid,31.4,8.0,0.938,True,Metals & Mining,Price is above SMA20 without being stretched | Price is modestly above SMA50 | Price is near SMA200 but primary trend is fragile | Weekly EMA trend is neutral | ADX trajectory is flat | RSI is in the healthy participation band | MACD is above signal,"SMA20 is falling | SMA50 is falling | 60-day structure is not higher-highs and higher-lows | ADX shows little trend strength | 20-day momentum is weak or exhausted | 60-day momentum is weak or exhausted | Three-month return is weak or exhausted | Volume does not confirm, or is a blow-off",Price below SMA200 -- fighting the primary trend (-8),,short,575.3499755859375,544.4974764495107,30.852499136426776,637.0549738587911,667.9074729952179,4-10 weeks
256,TRITURBINE.NS,23.4,avoid,23.4,0.0,0.938,True,Capital Goods,Price is near SMA20 support | Price is just above SMA200 | ADX trend strength is emerging | RSI is improving from a low base | MACD is above signal | Volume is normal,Price is below SMA50 | SMA20 is falling | SMA50 is falling | Weekly EMA trend is negative | 60-day structure is not higher-highs and higher-lows | ADX is falling -- trend strength is fading | 20-day momentum is weak or exhausted | 60-day momentum is weak or exhausted | Three-month return is weak or exhausted,,,short,569.6500244140625,532.4524915224246,37.197532891637884,644.0450901973383,681.2426230889762,4-10 weeks
257,CHOLAHLDNG.NS,23.0,avoid,31.0,8.0,0.938,True,Financial Services,Price is near SMA20 support | Price is testing SMA50 | ADX shows strong trend strength | ADX is rising -- trend strength is expanding | RSI is in the healthy participation band | MACD is above signal,"Price is below SMA200 | SMA20 is falling | SMA50 is falling | Weekly EMA trend is negative | 60-day structure is not higher-highs and higher-lows | 20-day momentum is weak or exhausted | 60-day momentum is weak or exhausted | Three-month return is weak or exhausted | Volume does not confirm, or is a blow-off",Price below SMA200 -- fighting the primary trend (-8),Lender: short-term score is technical; asset quality still needs a separate check.,short,1528.5999755859375,1443.5616455168222,85.03833006911528,1698.6766357241681,1783.7149657932832,4-10 weeks
258,INOXWIND.NS,23.0,avoid,31.0,8.0,0.938,True,Capital Goods,Price is above SMA20 without being stretched | Price is testing SMA50 | ADX trend strength is emerging | 20-day momentum is positive | RSI is in the healthy participation band | MACD is above signal,"Price is below SMA200 | SMA20 is falling | SMA50 is falling | Weekly EMA trend is negative | 60-day structure is not higher-highs and higher-lows | ADX is falling -- trend strength is fading | 60-day momentum is weak or exhausted | Three-month return is weak or exhausted | Volume does not confirm, or is a blow-off",Price below SMA200 -- fighting the primary trend (-8),,short,76.5,71.94011639833064,4.559883601669359,85.61976720333871,90.17965080500808,4-10 weeks
259,ERIS.NS,23.0,avoid,31.0,8.0,0.938,True,Healthcare,Price is above SMA20 without being stretched | Price is testing SMA50 | Price is near SMA200 but primary trend is fragile | Weekly EMA trend is neutral | ADX shows tradable trend strength | RSI is in the healthy participation band | MACD is above signal,"SMA20 is falling | SMA50 is falling | 60-day structure is not higher-highs and higher-lows | ADX is falling -- trend strength is fading | 20-day momentum is weak or exhausted | 60-day momentum is weak or exhausted | Three-month return is weak or exhausted | Volume does not confirm, or is a blow-off",Price below SMA200 -- fighting the primary trend (-8),,short,1355.5,1291.2240770251565,64.27592297484352,1484.051845949687,1548.3277689245306,4-10 weeks
260,HINDALCO.NS,22.8,avoid,22.8,0.0,0.938,True,Metals & Mining,Price is testing SMA50 | Price is just above SMA200 | SMA50 slope is positive | Weekly EMA trend is neutral | Three-month return is positive | Volume confirms the move,Price is below SMA20 or vertically stretched | SMA20 is falling | 60-day structure is not higher-highs and higher-lows | ADX shows little trend strength | ADX is falling -- trend strength is fading | 20-day momentum is weak or exhausted | 60-day momentum is weak or exhausted | RSI is weak or extremely overbought | MACD is below signal,,,short,981.5,933.5990043590342,47.900995640965746,1077.3019912819316,1125.2029869228973,4-10 weeks
261,CCL.NS,22.7,avoid,22.7,0.0,0.938,True,Fast Moving Consumer Goods,Price is just above SMA200 | Weekly EMA trend is neutral | ADX trend strength is emerging | RSI is improving from a low base | MACD is above signal | Volume is normal,Price is below SMA20 or vertically stretched | Price is below SMA50 | SMA20 is falling | SMA50 is falling | 60-day structure is not higher-highs and higher-lows | ADX is falling -- trend strength is fading | 20-day momentum is weak or exhausted | 60-day momentum is weak or exhausted | Three-month return is weak or exhausted,,,short,1081.0,1018.5850031818155,62.41499681818449,1205.829993636369,1268.2449904545535,4-10 weeks
262,ADANIGREEN.NS,22.4,avoid,22.4,0.0,0.938,True,Power,Price is near SMA20 support | Price is above SMA200 -- primary trend supports the trade | ADX trend strength is emerging | ADX trajectory is flat | RSI is improving from a low base | MACD is above signal,"Price is below SMA50 | SMA20 is falling | SMA50 is falling | Weekly EMA trend is negative | 60-day structure is not higher-highs and higher-lows | 20-day momentum is weak or exhausted | 60-day momentum is weak or exhausted | Three-month return is weak or exhausted | Volume does not confirm, or is a blow-off",,,short,1281.300048828125,1205.0674096696823,76.23263915844277,1433.7653271450106,1509.9979663034533,4-10 weeks
263,INDUSTOWER.NS,22.2,avoid,37.2,15.0,0.938,True,Telecommunication,Price is above SMA20 without being stretched | Price is modestly above SMA50 | Price is near SMA200 but primary trend is fragile | SMA20 is flat | SMA50 is flat | Weekly EMA trend is neutral | 20-day momentum is positive | RSI is in the healthy participation band | MACD is above signal,"60-day structure is not higher-highs and higher-lows | ADX shows little trend strength | ADX is falling -- trend strength is fading | 60-day momentum is weak or exhausted | Three-month return is weak or exhausted | Volume does not confirm, or is a blow-off",Blow-off volume above 3x 20-day average -- possible exhaustion (-7) | Price below SMA200 -- fighting the primary trend (-8),,short,388.0,369.1784494339383,18.821550566061703,425.64310113212343,444.4646516981851,4-10 weeks
264,PREMIERENE.NS,22.1,avoid,22.1,0.0,0.938,True,Capital Goods,Price is just above SMA200 | ADX shows tradable trend strength | ADX is rising -- trend strength is expanding | Volume confirms the move,Price is below SMA20 or vertically stretched | Price is below SMA50 | SMA20 is falling | SMA50 is falling | Weekly EMA trend is negative | 60-day structure is not higher-highs and higher-lows | 20-day momentum is weak or exhausted | 60-day momentum is weak or exhausted | Three-month return is weak or exhausted | RSI is weak or extremely overbought | MACD is below signal,,,short,974.2000122070312,921.2207202081064,52.97929199892485,1080.158596204881,1133.1378882038057,4-10 weeks
265,RHIM.NS,22.0,avoid,30.0,8.0,0.938,True,Capital Goods,Price is above SMA20 without being stretched | SMA50 is flat | ADX trajectory is flat | 60-day momentum is positive | RSI is in the healthy participation band | MACD is above signal,"Price is below SMA50 | Price is below SMA200 | SMA20 is falling | Weekly EMA trend is negative | 60-day structure is not higher-highs and higher-lows | ADX shows little trend strength | 20-day momentum is weak or exhausted | Three-month return is weak or exhausted | Volume does not confirm, or is a blow-off",Price below SMA200 -- fighting the primary trend (-8),,short,375.7999877929688,355.35114032931943,20.448847463649372,416.69768272026755,437.1465301839169,4-10 weeks
266,SJVN.NS,21.7,avoid,29.7,8.0,0.938,True,Power,Price is above SMA20 without being stretched | Price is testing SMA50 | ADX shows tradable trend strength | ADX trajectory is flat | RSI is in the healthy participation band | MACD is above signal,"Price is below SMA200 | SMA20 is falling | SMA50 is falling | Weekly EMA trend is negative | 60-day structure is not higher-highs and higher-lows | 20-day momentum is weak or exhausted | 60-day momentum is weak or exhausted | Three-month return is weak or exhausted | Volume does not confirm, or is a blow-off",Price below SMA200 -- fighting the primary trend (-8),,short,66.18000030517578,63.69946228472925,2.480538020446529,71.14107634606884,73.62161436651537,4-10 weeks
267,FORCEMOT.NS,21.6,avoid,29.6,8.0,0.938,True,Automobile and Auto Components,Price is above SMA20 without being stretched | Price is testing SMA50 | ADX trajectory is flat | RSI is in the healthy participation band | MACD is above signal | Volume is normal,Price is below SMA200 | SMA20 is falling | SMA50 is falling | Weekly EMA trend is negative | 60-day structure is not higher-highs and higher-lows | ADX shows little trend strength | 20-day momentum is weak or exhausted | 60-day momentum is weak or exhausted | Three-month return is weak or exhausted,Price below SMA200 -- fighting the primary trend (-8),,short,17705.0,16718.80669341364,986.193306586358,19677.386613172715,20663.579919759075,4-10 weeks
268,PRESTIGE.NS,21.5,avoid,21.5,0.0,0.938,True,Realty,Price is just above SMA200 | SMA50 is flat | Weekly EMA trend is neutral | ADX trajectory is flat | 60-day momentum is positive | Volume confirms the move,Price is below SMA20 or vertically stretched | Price is below SMA50 | SMA20 is falling | 60-day structure is not higher-highs and higher-lows | ADX shows little trend strength | 20-day momentum is weak or exhausted | Three-month return is weak or exhausted | RSI is weak or extremely overbought | MACD is below signal,,,short,1498.0,1398.3196768001706,99.68032319982939,1697.360646399659,1797.040969599488,4-10 weeks
269,MARICO.NS,21.3,avoid,21.3,0.0,0.938,True,Fast Moving Consumer Goods,Price is just above SMA200 | SMA50 is flat | Weekly EMA trend is neutral | ADX shows strong trend strength | ADX is rising -- trend strength is expanding | Volume is normal,Price is below SMA20 or vertically stretched | Price is below SMA50 | SMA20 is falling | 60-day structure is not higher-highs and higher-lows | 20-day momentum is weak or exhausted | 60-day momentum is weak or exhausted | Three-month return is weak or exhausted | RSI is weak or extremely overbought | MACD is below signal,,,short,802.0999755859375,770.9540184011009,31.145957184836572,864.3918899556106,895.5378471404472,4-10 weeks
270,AMBER.NS,20.9,avoid,20.9,0.0,0.938,True,Consumer Durables,Price is near SMA20 support | Price is testing SMA50 | Price is just above SMA200 | SMA20 is rising | ADX trajectory is flat | 20-day momentum is positive | RSI is improving from a low base,"SMA50 is falling | Weekly EMA trend is negative | 60-day structure is not higher-highs and higher-lows | ADX shows little trend strength | 60-day momentum is weak or exhausted | Three-month return is weak or exhausted | MACD is below signal | Volume does not confirm, or is a blow-off",,,short,7245.0,6897.113907730106,347.88609226989433,7940.772184539788,8288.658276809683,4-10 weeks
271,DALBHARAT.NS,20.6,avoid,28.6,8.0,0.938,True,Construction Materials,SMA50 slope is positive | 60-day structure is higher-highs and higher-lows | ADX trend strength is emerging | ADX is rising -- trend strength is expanding | 60-day momentum is positive | Three-month return is positive | RSI is improving from a low base,"Price is below SMA20 or vertically stretched | Price is below SMA50 | Price is below SMA200 | SMA20 is falling | Weekly EMA trend is negative | 20-day momentum is weak or exhausted | MACD is below signal | Volume does not confirm, or is a blow-off",Price below SMA200 -- fighting the primary trend (-8),,short,1746.5999755859375,1641.2099713368978,105.3900042490398,1957.379984084017,2062.769988333057,4-10 weeks
272,CHOICEIN.NS,20.6,avoid,20.6,0.0,0.938,True,Financial Services,Price is just above SMA200 | SMA50 slope is positive | Weekly EMA trend is neutral | ADX trend strength is emerging | ADX trajectory is flat | 60-day momentum is positive | Three-month return is positive,"Price is below SMA20 or vertically stretched | Price is below SMA50 | SMA20 is falling | 60-day structure is not higher-highs and higher-lows | 20-day momentum is weak or exhausted | RSI is weak or extremely overbought | MACD is below signal | Volume does not confirm, or is a blow-off",,,short,759.7999877929688,729.3195054934845,30.48048229948427,820.7609523919373,851.2414346914215,4-10 weeks
273,JUBLINGREA.NS,20.0,avoid,28.0,8.0,0.938,True,Chemicals,Price is near SMA200 but primary trend is fragile | SMA50 is rising | ADX shows tradable trend strength | ADX is rising -- trend strength is expanding | 60-day momentum is positive | Three-month return is positive | Volume is normal,Price is below SMA20 or vertically stretched | Price is below SMA50 | SMA20 is falling | Weekly EMA trend is negative | 60-day structure is not higher-highs and higher-lows | 20-day momentum is weak or exhausted | RSI is weak or extremely overbought | MACD is below signal,Price below SMA200 -- fighting the primary trend (-8),,short,658.4000244140625,618.0499721098856,40.35005230417684,739.1001290224162,779.450181326593,4-10 weeks
274,VBL.NS,19.9,avoid,27.9,8.0,0.938,True,Fast Moving Consumer Goods,Price is near SMA20 support | ADX shows strong trend strength | RSI is improving from a low base | MACD is above signal | Volume confirms the move,Price is below SMA50 | Price is below SMA200 | SMA20 is falling | SMA50 is falling | Weekly EMA trend is negative | 60-day structure is not higher-highs and higher-lows | ADX is falling -- trend strength is fading | 20-day momentum is weak or exhausted | 60-day momentum is weak or exhausted | Three-month return is weak or exhausted,Price below SMA200 -- fighting the primary trend (-8),,short,416.5,395.36026236115356,21.139737638846437,458.7794752776929,479.9192129165393,4-10 weeks
275,GODREJIND.NS,19.6,avoid,19.6,0.0,0.938,True,Diversified,Price is above SMA200 -- primary trend supports the trade | SMA50 is flat | ADX shows tradable trend strength | 60-day momentum is positive | Three-month return is positive,"Price is below SMA20 or vertically stretched | Price is below SMA50 | SMA20 is falling | Weekly EMA trend is negative | 60-day structure is not higher-highs and higher-lows | ADX is falling -- trend strength is fading | 20-day momentum is weak or exhausted | RSI is weak or extremely overbought | MACD is below signal | Volume does not confirm, or is a blow-off",,,short,1126.800048828125,1050.5610472999317,76.23900152819324,1279.2780518845116,1355.5170534127046,4-10 weeks
276,UPL.NS,19.2,avoid,27.2,8.0,0.938,True,Chemicals,Price is near SMA20 support | Price is testing SMA50 | SMA20 is flat | SMA50 is flat | 20-day momentum is positive | RSI is in the healthy participation band | MACD is above signal,"Price is below SMA200 | Weekly EMA trend is negative | 60-day structure is not higher-highs and higher-lows | ADX shows little trend strength | ADX is falling -- trend strength is fading | 60-day momentum is weak or exhausted | Three-month return is weak or exhausted | Volume does not confirm, or is a blow-off",Price below SMA200 -- fighting the primary trend (-8),,short,572.9500122070312,551.4067226016729,21.54328960535839,616.036591417748,637.5798810231064,4-10 weeks
277,TORNTPOWER.NS,18.7,avoid,26.7,8.0,0.938,True,Power,Price is above SMA20 without being stretched | ADX shows tradable trend strength | RSI is in the healthy participation band | MACD is above signal,"Price is below SMA50 | Price is below SMA200 | SMA20 is falling | SMA50 is falling | Weekly EMA trend is negative | 60-day structure is not higher-highs and higher-lows | ADX is falling -- trend strength is fading | 20-day momentum is weak or exhausted | 60-day momentum is weak or exhausted | Three-month return is weak or exhausted | Volume does not confirm, or is a blow-off",Price below SMA200 -- fighting the primary trend (-8),,short,1297.5999755859375,1229.0820526077273,68.51792297821012,1434.6358215423577,1503.153744520568,4-10 weeks
278,HSCL.NS,18.7,avoid,18.7,0.0,0.938,True,Chemicals,Price is above SMA200 -- primary trend supports the trade | SMA50 slope is positive | Weekly EMA trend is positive | ADX trend strength is emerging | RSI is improving from a low base,"Price is below SMA20 or vertically stretched | Price is below SMA50 | SMA20 is falling | 60-day structure is not higher-highs and higher-lows | ADX is falling -- trend strength is fading | 20-day momentum is weak or exhausted | 60-day momentum is weak or exhausted | Three-month return is weak or exhausted | MACD is below signal | Volume does not confirm, or is a blow-off",,,short,664.9000244140625,619.5501870229124,45.34983739115015,755.5996991963628,800.949536587513,4-10 weeks
279,ZENTEC.NS,18.6,avoid,18.6,0.0,0.938,True,Capital Goods,Price is above SMA200 -- primary trend supports the trade | SMA20 is rising | SMA50 is flat | Weekly EMA trend is neutral | 60-day structure is higher-highs and higher-lows | ADX trend strength is emerging,"Price is below SMA20 or vertically stretched | Price is below SMA50 | ADX is falling -- trend strength is fading | 20-day momentum is weak or exhausted | 60-day momentum is weak or exhausted | Three-month return is weak or exhausted | RSI is weak or extremely overbought | MACD is below signal | Volume does not confirm, or is a blow-off",,,short,1722.5999755859375,1600.794417824266,121.80555776167138,1966.2110911092802,2088.0166488709515,4-10 weeks
280,LTM.NS,18.5,avoid,26.5,8.0,0.938,True,Information Technology,Price is testing SMA50 | SMA50 is rising | Weekly EMA trend is neutral | ADX trend strength is emerging | 60-day momentum supports the setup | Three-month return is positive | Volume is normal,Price is below SMA20 or vertically stretched | Price is below SMA200 | SMA20 is falling | 60-day structure is not higher-highs and higher-lows | ADX is falling -- trend strength is fading | 20-day momentum is weak or exhausted | RSI is weak or extremely overbought | MACD is below signal,Price below SMA200 -- fighting the primary trend (-8),,short,4275.0,4022.0426591970386,252.95734080296126,4780.914681605923,5033.872022408884,4-10 weeks
281,PIDILITIND.NS,18.5,avoid,18.5,0.0,0.938,True,Chemicals,Price is above SMA200 -- primary trend supports the trade | SMA50 slope is positive | Weekly EMA trend is positive | ADX trend strength is emerging | ADX trajectory is positive,"Price is below SMA20 or vertically stretched | Price is below SMA50 | SMA20 is falling | 60-day structure is not higher-highs and higher-lows | 20-day momentum is weak or exhausted | 60-day momentum is weak or exhausted | Three-month return is weak or exhausted | RSI is weak or extremely overbought | MACD is below signal | Volume does not confirm, or is a blow-off",,,short,1566.9000244140625,1505.2951854699338,61.604838944128716,1690.1097023023199,1751.7145412464486,4-10 weeks
282,CIPLA.NS,17.8,avoid,25.8,8.0,0.938,True,Healthcare,Price is near SMA200 but primary trend is fragile | Weekly EMA trend is neutral | ADX shows tradable trend strength | ADX is rising -- trend strength is expanding | 60-day momentum is positive | Volume confirms the move,Price is below SMA20 or vertically stretched | Price is below SMA50 | SMA20 is falling | SMA50 is falling | 60-day structure is not higher-highs and higher-lows | 20-day momentum is weak or exhausted | Three-month return is weak or exhausted | RSI is weak or extremely overbought | MACD is below signal,Price below SMA200 -- fighting the primary trend (-8),,short,1366.0,1320.5405484240873,45.4594515759127,1456.9189031518254,1502.378354727738,4-10 weeks
283,BELRISE.NS,17.6,avoid,17.6,0.0,0.938,True,Automobile and Auto Components,Price is near SMA20 support | Price is testing SMA50 | Price is above SMA200 -- primary trend supports the trade | Weekly EMA trend is positive | RSI is improving from a low base,"SMA20 is falling | SMA50 is falling | 60-day structure is not higher-highs and higher-lows | ADX shows little trend strength | ADX is falling -- trend strength is fading | 20-day momentum is weak or exhausted | 60-day momentum is weak or exhausted | Three-month return is weak or exhausted | MACD is below signal | Volume does not confirm, or is a blow-off",,,short,228.0,215.21418101807166,12.785818981928353,253.57163796385672,266.3574569457851,4-10 weeks
284,CARBORUNIV.NS,17.3,avoid,17.3,0.0,0.938,True,Capital Goods,Price is testing SMA50 | Price is above SMA200 -- primary trend supports the trade | Weekly EMA trend is positive | ADX trend strength is emerging | RSI is improving from a low base,"Price is below SMA20 or vertically stretched | SMA20 is falling | SMA50 is falling | 60-day structure is not higher-highs and higher-lows | ADX is falling -- trend strength is fading | 20-day momentum is weak or exhausted | 60-day momentum is weak or exhausted | Three-month return is weak or exhausted | MACD is below signal | Volume does not confirm, or is a blow-off",,,short,1075.199951171875,993.0595280323448,82.14042313953023,1239.4807974509354,1321.6212205904658,4-10 weeks
285,TATASTEEL.NS,17.3,avoid,25.3,8.0,0.938,True,Metals & Mining,Price is near SMA20 support | Price is testing SMA50 | Price is near SMA200 but primary trend is fragile | SMA50 is flat | ADX trajectory is positive | RSI is improving from a low base | MACD is above signal | Volume is normal,SMA20 is falling | Weekly EMA trend is negative | 60-day structure is not higher-highs and higher-lows | ADX shows little trend strength | 20-day momentum is weak or exhausted | 60-day momentum is weak or exhausted | Three-month return is weak or exhausted,Price below SMA200 -- fighting the primary trend (-8),,short,183.0,173.81609949687274,9.183900503127262,201.36780100625452,210.5517015093818,4-10 weeks
286,ONGC.NS,17.2,avoid,25.2,8.0,0.938,True,Oil Gas & Consumable Fuels,Price is near SMA20 support | Price is testing SMA50 | SMA50 is flat | RSI is improving from a low base | MACD is above signal | Volume confirms the move,Price is below SMA200 | SMA20 is falling | Weekly EMA trend is negative | 60-day structure is not higher-highs and higher-lows | ADX shows little trend strength | ADX is falling -- trend strength is fading | 20-day momentum is weak or exhausted | 60-day momentum is weak or exhausted | Three-month return is weak or exhausted,Price below SMA200 -- fighting the primary trend (-8),,short,232.5,223.65603874790713,8.843961252092871,250.18792250418574,259.0318837562786,4-10 weeks
287,ANURAS.NS,17.2,avoid,25.2,8.0,0.938,True,Chemicals,Price is near SMA20 support | Price is testing SMA50 | Price is near SMA200 but primary trend is fragile | SMA20 is rising | Weekly EMA trend is neutral | ADX trend strength is emerging | 20-day momentum is positive | Volume confirms the move,SMA50 is falling | 60-day structure is not higher-highs and higher-lows | ADX is falling -- trend strength is fading | 60-day momentum is weak or exhausted | Three-month return is weak or exhausted | RSI is weak or extremely overbought | MACD is below signal,Price below SMA200 -- fighting the primary trend (-8),,short,1219.4000244140625,1178.9536127246818,40.44641168938068,1300.292847792824,1340.7392594822045,4-10 weeks
288,JMFINANCIL.NS,17.1,avoid,25.1,8.0,0.938,True,Financial Services,Price is testing SMA50 | Price is near SMA200 but primary trend is fragile | SMA20 is rising | SMA50 slope is positive | Weekly EMA trend is neutral | 60-day structure is higher-highs and higher-lows | ADX trajectory is flat | RSI is improving from a low base | Volume is normal,Price is below SMA20 or vertically stretched | ADX shows little trend strength | 20-day momentum is weak or exhausted | 60-day momentum is weak or exhausted | Three-month return is weak or exhausted | MACD is below signal,Price below SMA200 -- fighting the primary trend (-8),,short,124.47000122070312,116.70813407437667,7.76186714632645,139.99373551335603,147.75560265968247,4-10 weeks
289,ASHOKLEY.NS,17.0,avoid,25.0,8.0,0.938,True,Capital Goods,Price is testing SMA50 | Price is near SMA200 but primary trend is fragile | SMA50 slope is positive | Weekly EMA trend is neutral | 60-day momentum is positive | Three-month return is positive | Volume confirms the move,Price is below SMA20 or vertically stretched | SMA20 is falling | 60-day structure is not higher-highs and higher-lows | ADX shows little trend strength | ADX is falling -- trend strength is fading | 20-day momentum is weak or exhausted | RSI is weak or extremely overbought | MACD is below signal,Price below SMA200 -- fighting the primary trend (-8),,short,163.75,155.38781512415866,8.362184875841326,180.47436975168264,188.83655462752398,4-10 weeks
290,BEL.NS,16.9,avoid,24.9,8.0,0.938,True,Capital Goods,Price is near SMA20 support | Price is testing SMA50 | Price is near SMA200 but primary trend is fragile | SMA20 is rising | SMA50 is flat | Weekly EMA trend is neutral | ADX trajectory is flat | RSI is in the healthy participation band | Volume is normal,60-day structure is not higher-highs and higher-lows | ADX shows little trend strength | 20-day momentum is weak or exhausted | 60-day momentum is weak or exhausted | Three-month return is weak or exhausted | MACD is below signal,Price below SMA200 -- fighting the primary trend (-8),,short,404.3500061035156,390.61437186683366,13.73563423668198,431.8212745768796,445.55690881356156,4-10 weeks
291,ABBOTINDIA.NS,16.8,avoid,24.8,8.0,0.938,True,Healthcare,Price is near SMA200 but primary trend is fragile | SMA50 slope is positive | ADX shows tradable trend strength | ADX trajectory is positive | 60-day momentum is positive | Three-month return is positive | Volume is normal,Price is below SMA20 or vertically stretched | Price is below SMA50 | SMA20 is falling | Weekly EMA trend is negative | 60-day structure is not higher-highs and higher-lows | 20-day momentum is weak or exhausted | RSI is weak or extremely overbought | MACD is below signal,Price below SMA200 -- fighting the primary trend (-8),,short,25550.0,24626.762594033626,923.2374059663726,27396.474811932745,28319.71221789912,4-10 weeks
292,CUMMINSIND.NS,16.8,avoid,16.8,0.0,0.938,True,Capital Goods,Price is just above SMA200 | ADX shows tradable trend strength | ADX trajectory is flat | MACD is above signal,"Price is below SMA20 or vertically stretched | Price is below SMA50 | SMA20 is falling | SMA50 is falling | Weekly EMA trend is negative | 60-day structure is not higher-highs and higher-lows | 20-day momentum is weak or exhausted | 60-day momentum is weak or exhausted | Three-month return is weak or exhausted | RSI is weak or extremely overbought | Volume does not confirm, or is a blow-off",,,short,5070.0,4840.02069684825,229.97930315175017,5529.9586063035,5759.9379094552505,4-10 weeks
293,J&KBANK.NS,16.2,avoid,16.2,0.0,0.938,True,Financial Services,Price is above SMA200 -- primary trend supports the trade | ADX trend strength is emerging | ADX trajectory is flat | MACD is above signal,"Price is below SMA20 or vertically stretched | Price is below SMA50 | SMA20 is falling | SMA50 is falling | Weekly EMA trend is negative | 60-day structure is not higher-highs and higher-lows | 20-day momentum is weak or exhausted | 60-day momentum is weak or exhausted | Three-month return is weak or exhausted | RSI is weak or extremely overbought | Volume does not confirm, or is a blow-off",,Lender: short-term score is technical; asset quality still needs a separate check.,short,145.27000427246094,136.29084832745377,8.97915594500716,163.22831616247527,172.20747210748243,4-10 weeks
294,NTPC.NS,16.2,avoid,24.2,8.0,0.938,True,Power,Price is above SMA20 without being stretched | Price is testing SMA50 | RSI is in the healthy participation band | MACD is above signal,"Price is below SMA200 | SMA20 is falling | SMA50 is falling | Weekly EMA trend is negative | 60-day structure is not higher-highs and higher-lows | ADX shows little trend strength | ADX is falling -- trend strength is fading | 20-day momentum is weak or exhausted | 60-day momentum is weak or exhausted | Three-month return is weak or exhausted | Volume does not confirm, or is a blow-off",Price below SMA200 -- fighting the primary trend (-8),,short,333.3999938964844,322.65536692370665,10.744626972777706,354.88924784203977,365.6338748148175,4-10 weeks
295,NATIONALUM.NS,15.4,avoid,23.4,8.0,0.938,True,Metals & Mining,Price is testing SMA50 | Price is near SMA200 but primary trend is fragile | SMA50 is rising | Weekly EMA trend is neutral | ADX trend strength is emerging | RSI is improving from a low base | Volume confirms the move,Price is below SMA20 or vertically stretched | SMA20 is falling | 60-day structure is not higher-highs and higher-lows | ADX is falling -- trend strength is fading | 20-day momentum is weak or exhausted | 60-day momentum is weak or exhausted | Three-month return is weak or exhausted | MACD is below signal,Price below SMA200 -- fighting the primary trend (-8),,short,361.0,336.2799370013797,24.720062998620254,410.4401259972405,435.1601889958608,4-10 weeks
296,HINDCOPPER.NS,15.3,avoid,23.3,8.0,0.938,True,Metals & Mining,Price is testing SMA50 | Price is near SMA200 but primary trend is fragile | SMA50 slope is positive | Weekly EMA trend is neutral | 60-day structure is higher-highs and higher-lows | ADX trend strength is emerging | 60-day momentum is positive | RSI is improving from a low base,"Price is below SMA20 or vertically stretched | SMA20 is falling | ADX is falling -- trend strength is fading | 20-day momentum is weak or exhausted | Three-month return is weak or exhausted | MACD is below signal | Volume does not confirm, or is a blow-off",Price below SMA200 -- fighting the primary trend (-8),,short,514.5,475.30765127120696,39.19234872879303,592.8846974575861,632.0770461863791,4-10 weeks
297,HEROMOTOCO.NS,15.2,avoid,23.2,8.0,0.938,True,Automobile and Auto Components,Price is testing SMA50 | Price is near SMA200 but primary trend is fragile | SMA50 is rising | Weekly EMA trend is neutral | ADX shows strong trend strength | 60-day momentum is positive | Three-month return is positive,"Price is below SMA20 or vertically stretched | SMA20 is falling | 60-day structure is not higher-highs and higher-lows | ADX is falling -- trend strength is fading | 20-day momentum is weak or exhausted | RSI is weak or extremely overbought | MACD is below signal | Volume does not confirm, or is a blow-off",Price below SMA200 -- fighting the primary trend (-8),,short,5221.5,4981.958877412977,239.54112258702335,5700.582245174047,5940.12336776107,4-10 weeks
298,NEWGEN.NS,15.2,avoid,23.2,8.0,0.938,True,Information Technology,SMA50 is rising | ADX trend strength is emerging | ADX trajectory is positive | 60-day momentum is positive | Three-month return is positive | RSI is improving from a low base,"Price is below SMA20 or vertically stretched | Price is below SMA50 | Price is below SMA200 | SMA20 is falling | Weekly EMA trend is negative | 60-day structure is not higher-highs and higher-lows | 20-day momentum is weak or exhausted | MACD is below signal | Volume does not confirm, or is a blow-off",Price below SMA200 -- fighting the primary trend (-8),,short,501.3999938964844,461.72317041746874,39.67682347901563,580.7536408545157,620.4304643335313,4-10 weeks
299,3MINDIA.NS,15.1,avoid,23.1,8.0,0.938,True,Diversified,Price is near SMA200 but primary trend is fragile | SMA50 slope is positive | Weekly EMA trend is neutral | 60-day structure is higher-highs and higher-lows | ADX shows tradable trend strength | ADX trajectory is positive | Three-month return is positive,"Price is below SMA20 or vertically stretched | Price is below SMA50 | SMA20 is falling | 20-day momentum is weak or exhausted | 60-day momentum is weak or exhausted | RSI is weak or extremely overbought | MACD is below signal | Volume does not confirm, or is a blow-off",Price below SMA200 -- fighting the primary trend (-8),,short,32710.0,31265.726125649526,1444.2738743504744,35598.54774870095,37042.82162305142,4-10 weeks
300,MPHASIS.NS,15.0,avoid,23.0,8.0,0.938,True,Information Technology,Price is near SMA200 but primary trend is fragile | SMA50 is rising | Weekly EMA trend is neutral | 60-day structure is higher-highs and higher-lows | ADX trajectory is flat | 60-day momentum is positive | Three-month return is positive,"Price is below SMA20 or vertically stretched | Price is below SMA50 | SMA20 is falling | ADX shows little trend strength | 20-day momentum is weak or exhausted | RSI is weak or extremely overbought | MACD is below signal | Volume does not confirm, or is a blow-off",Price below SMA200 -- fighting the primary trend (-8),,short,2295.0,2160.5356171352933,134.46438286470658,2563.928765729413,2698.39314859412,4-10 weeks
301,ADANIENSOL.NS,14.9,avoid,14.9,0.0,0.938,True,Power,Price is above SMA200 -- primary trend supports the trade | ADX shows tradable trend strength | ADX is rising -- trend strength is expanding,"Price is below SMA20 or vertically stretched | Price is below SMA50 | SMA20 is falling | SMA50 is falling | Weekly EMA trend is negative | 60-day structure is not higher-highs and higher-lows | 20-day momentum is weak or exhausted | 60-day momentum is weak or exhausted | Three-month return is weak or exhausted | RSI is weak or extremely overbought | MACD is below signal | Volume does not confirm, or is a blow-off",,,short,1373.0,1270.9525947912275,102.0474052087724,1577.0948104175447,1679.1422156263172,4-10 weeks
302,360ONE.NS,14.9,avoid,22.9,8.0,0.938,True,Financial Services,Price is near SMA200 but primary trend is fragile | SMA50 slope is positive | 60-day structure is higher-highs and higher-lows | ADX shows tradable trend strength | ADX is rising -- trend strength is expanding | Volume is normal,Price is below SMA20 or vertically stretched | Price is below SMA50 | SMA20 is falling | Weekly EMA trend is negative | 20-day momentum is weak or exhausted | 60-day momentum is weak or exhausted | Three-month return is weak or exhausted | RSI is weak or extremely overbought | MACD is below signal,Price below SMA200 -- fighting the primary trend (-8),,short,1091.0,1029.2891742936438,61.71082570635611,1214.4216514127122,1276.1324771190684,4-10 weeks
303,M&M.NS,14.8,avoid,22.8,8.0,0.938,True,Automobile and Auto Components,SMA50 slope is positive | ADX shows strong trend strength | ADX is rising -- trend strength is expanding | 60-day momentum is positive | Three-month return is positive,"Price is below SMA20 or vertically stretched | Price is below SMA50 | Price is below SMA200 | SMA20 is falling | Weekly EMA trend is negative | 60-day structure is not higher-highs and higher-lows | 20-day momentum is weak or exhausted | RSI is weak or extremely overbought | MACD is below signal | Volume does not confirm, or is a blow-off",Price below SMA200 -- fighting the primary trend (-8),,short,3107.0,2978.4959074722506,128.50409252774963,3364.0081850554993,3492.5122775832488,4-10 weeks
304,ICICIAMC.NS,14.7,avoid,14.7,0.0,0.875,True,Financial Services,Price is testing SMA50 | Weekly EMA trend is neutral | ADX trend strength is emerging | RSI is in the healthy participation band,"Price is below SMA20 or vertically stretched | SMA20 is falling | SMA50 is falling | 60-day structure is not higher-highs and higher-lows | ADX is falling -- trend strength is fading | 20-day momentum is weak or exhausted | 60-day momentum is weak or exhausted | Three-month return is weak or exhausted | MACD is below signal | Volume does not confirm, or is a blow-off",,,short,3041.5,2890.3366992582464,151.16330074175343,3343.8266014835067,3494.9899022252603,4-10 weeks
305,SUZLON.NS,14.3,avoid,22.3,8.0,0.938,True,Capital Goods,ADX shows strong trend strength | ADX is rising -- trend strength is expanding | MACD is near a bullish cross | Volume confirms the move,Price is below SMA20 or vertically stretched | Price is below SMA50 | Price is below SMA200 | SMA20 is falling | SMA50 is falling | Weekly EMA trend is negative | 60-day structure is not higher-highs and higher-lows | 20-day momentum is weak or exhausted | 60-day momentum is weak or exhausted | Three-month return is weak or exhausted | RSI is weak or extremely overbought,Price below SMA200 -- fighting the primary trend (-8),,short,44.119998931884766,41.92022034287066,2.199778589014106,48.519556109912976,50.719334698927085,4-10 weeks
306,RECLTD.NS,14.3,avoid,22.3,8.0,0.938,True,Financial Services,ADX shows strong trend strength | ADX is rising -- trend strength is expanding | MACD is above signal | Volume is normal,Price is below SMA20 or vertically stretched | Price is below SMA50 | Price is below SMA200 | SMA20 is falling | SMA50 is falling | Weekly EMA trend is negative | 60-day structure is not higher-highs and higher-lows | 20-day momentum is weak or exhausted | 60-day momentum is weak or exhausted | Three-month return is weak or exhausted | RSI is weak or extremely overbought,Price below SMA200 -- fighting the primary trend (-8),Lender: short-term score is technical; asset quality still needs a separate check.,short,312.70001220703125,299.2653542976098,13.434657909421425,339.5693280258741,353.00398593529553,4-10 weeks
307,POWERINDIA.NS,14.2,avoid,14.2,0.0,0.938,True,Capital Goods,Price is above SMA200 -- primary trend supports the trade | Weekly EMA trend is neutral | ADX trend strength is emerging | ADX trajectory is flat | RSI is improving from a low base,"Price is below SMA20 or vertically stretched | Price is below SMA50 | SMA20 is falling | SMA50 is falling | 60-day structure is not higher-highs and higher-lows | 20-day momentum is weak or exhausted | 60-day momentum is weak or exhausted | Three-month return is weak or exhausted | MACD is below signal | Volume does not confirm, or is a blow-off",,,short,31435.0,29510.26998037899,1924.7300196210083,35284.46003924202,37209.19005886302,4-10 weeks
308,TATAPOWER.NS,14.0,avoid,22.0,8.0,0.938,True,Power,Price is near SMA20 support | Price is testing SMA50 | ADX trend strength is emerging | RSI is in the healthy participation band | MACD is above signal,"Price is below SMA200 | SMA20 is falling | SMA50 is falling | Weekly EMA trend is negative | 60-day structure is not higher-highs and higher-lows | ADX is falling -- trend strength is fading | 20-day momentum is weak or exhausted | 60-day momentum is weak or exhausted | Three-month return is weak or exhausted | Volume does not confirm, or is a blow-off",Price below SMA200 -- fighting the primary trend (-8),,short,364.6499938964844,350.80589321350845,13.84410068297592,392.3381952624362,406.18229594541214,4-10 weeks
309,NIVABUPA.NS,13.9,avoid,13.9,0.0,0.938,True,Financial Services,Price is just above SMA200 | Weekly EMA trend is neutral | ADX trend strength is emerging | MACD is near a bullish cross | Volume is normal,Price is below SMA20 or vertically stretched | Price is below SMA50 | SMA20 is falling | SMA50 is falling | 60-day structure is not higher-highs and higher-lows | ADX is falling -- trend strength is fading | 20-day momentum is weak or exhausted | 60-day momentum is weak or exhausted | Three-month return is weak or exhausted | RSI is weak or extremely overbought,,,short,79.93000030517578,76.32152457037618,3.6084757347995997,87.14695177477498,90.75542750957459,4-10 weeks
310,JBMA.NS,13.9,avoid,13.9,0.0,0.938,True,Automobile and Auto Components,Price is near SMA20 support | Price is just above SMA200 | RSI is improving from a low base | Volume is normal,Price is below SMA50 | SMA20 is falling | SMA50 is falling | Weekly EMA trend is negative | 60-day structure is not higher-highs and higher-lows | ADX shows little trend strength | ADX is falling -- trend strength is fading | 20-day momentum is weak or exhausted | 60-day momentum is weak or exhausted | Three-month return is weak or exhausted | MACD is below signal,,,short,620.2999877929688,585.6986346776479,34.6013531153209,689.5026940236105,724.1040471389315,4-10 weeks
311,HDFCBANK.NS,13.7,avoid,21.7,8.0,0.938,True,Financial Services,Price is near SMA20 support | ADX shows tradable trend strength | RSI is improving from a low base | MACD is above signal | Volume is normal,Price is below SMA50 | Price is below SMA200 | SMA20 is falling | SMA50 is falling | Weekly EMA trend is negative | 60-day structure is not higher-highs and higher-lows | ADX is falling -- trend strength is fading | 20-day momentum is weak or exhausted | 60-day momentum is weak or exhausted | Three-month return is weak or exhausted,Price below SMA200 -- fighting the primary trend (-8),Lender: short-term score is technical; asset quality still needs a separate check.,short,708.25,682.9194762677807,25.33052373221928,758.9110474644385,784.2415711966578,4-10 weeks
312,CENTRALBK.NS,13.5,avoid,21.5,8.0,0.938,True,Financial Services,Price is near SMA20 support | Price is testing SMA50 | ADX trajectory is flat | RSI is in the healthy participation band | MACD is above signal,"Price is below SMA200 | SMA20 is falling | SMA50 is falling | Weekly EMA trend is negative | 60-day structure is not higher-highs and higher-lows | ADX shows little trend strength | 20-day momentum is weak or exhausted | 60-day momentum is weak or exhausted | Three-month return is weak or exhausted | Volume does not confirm, or is a blow-off",Price below SMA200 -- fighting the primary trend (-8),Lender: short-term score is technical; asset quality still needs a separate check.,short,30.739999771118164,29.778436845819275,0.9615629252988884,32.66312562171594,33.62468854701483,4-10 weeks
313,NCC.NS,13.4,avoid,21.4,8.0,0.938,True,Construction,Price is testing SMA50 | SMA20 is rising | ADX shows tradable trend strength | ADX trajectory is positive | 20-day momentum is positive | RSI is improving from a low base,"Price is below SMA20 or vertically stretched | Price is below SMA200 | SMA50 is falling | Weekly EMA trend is negative | 60-day structure is not higher-highs and higher-lows | 60-day momentum is weak or exhausted | Three-month return is weak or exhausted | MACD is below signal | Volume does not confirm, or is a blow-off",Price below SMA200 -- fighting the primary trend (-8),,short,140.94000244140625,132.00117424253148,8.938828198874763,158.81765883915577,167.75648703803054,4-10 weeks
314,HONAUT.NS,13.3,avoid,13.3,0.0,0.938,True,Capital Goods,Price is just above SMA200 | ADX shows tradable trend strength | ADX is rising -- trend strength is expanding,"Price is below SMA20 or vertically stretched | Price is below SMA50 | SMA20 is falling | SMA50 is falling | Weekly EMA trend is negative | 60-day structure is not higher-highs and higher-lows | 20-day momentum is weak or exhausted | 60-day momentum is weak or exhausted | Three-month return is weak or exhausted | RSI is weak or extremely overbought | MACD is below signal | Volume does not confirm, or is a blow-off",,,short,34580.0,32889.7871793248,1690.2128206752036,37960.425641350404,39650.638462025614,4-10 weeks
315,ZENSARTECH.NS,13.2,avoid,21.2,8.0,0.938,True,Information Technology,SMA50 slope is positive | ADX shows tradable trend strength | ADX is rising -- trend strength is expanding | Volume confirms the move,Price is below SMA20 or vertically stretched | Price is below SMA50 | Price is below SMA200 | SMA20 is falling | Weekly EMA trend is negative | 60-day structure is not higher-highs and higher-lows | 20-day momentum is weak or exhausted | 60-day momentum is weak or exhausted | Three-month return is weak or exhausted | RSI is weak or extremely overbought | MACD is below signal,Price below SMA200 -- fighting the primary trend (-8),,short,425.25,396.4600732144924,28.789926785507568,482.8298535710151,511.6197803565227,4-10 weeks
316,UCOBANK.NS,12.9,avoid,20.9,8.0,0.938,True,Financial Services,ADX shows tradable trend strength | ADX is rising -- trend strength is expanding | MACD is near a bullish cross | Volume confirms the move,Price is below SMA20 or vertically stretched | Price is below SMA50 | Price is below SMA200 | SMA20 is falling | SMA50 is falling | Weekly EMA trend is negative | 60-day structure is not higher-highs and higher-lows | 20-day momentum is weak or exhausted | 60-day momentum is weak or exhausted | Three-month return is weak or exhausted | RSI is weak or extremely overbought,Price below SMA200 -- fighting the primary trend (-8),Lender: short-term score is technical; asset quality still needs a separate check.,short,24.1200008392334,23.15227126840061,0.9677295708327862,26.05545998089897,27.023189551731758,4-10 weeks
317,HCLTECH.NS,12.7,avoid,20.7,8.0,0.938,True,Information Technology,SMA50 is rising | ADX trend strength is emerging | ADX trajectory is flat | 60-day momentum is positive | Three-month return is positive | Volume is normal,Price is below SMA20 or vertically stretched | Price is below SMA50 | Price is below SMA200 | SMA20 is falling | Weekly EMA trend is negative | 60-day structure is not higher-highs and higher-lows | 20-day momentum is weak or exhausted | RSI is weak or extremely overbought | MACD is below signal,Price below SMA200 -- fighting the primary trend (-8),,short,1206.0999755859375,1138.1228865638232,67.97708902211426,1342.054153630166,1410.0312426522803,4-10 weeks
318,NBCC.NS,12.7,avoid,20.7,8.0,0.938,True,Construction,ADX shows strong trend strength | ADX trajectory is positive | MACD is near a bullish cross | Volume confirms the move,Price is below SMA20 or vertically stretched | Price is below SMA50 | Price is below SMA200 | SMA20 is falling | SMA50 is falling | Weekly EMA trend is negative | 60-day structure is not higher-highs and higher-lows | 20-day momentum is weak or exhausted | 60-day momentum is weak or exhausted | Three-month return is weak or exhausted | RSI is weak or extremely overbought,Price below SMA200 -- fighting the primary trend (-8),,short,82.9000015258789,79.40938182935909,3.4906196965198144,89.88124091891854,93.37186061543835,4-10 weeks
319,SCI.NS,12.6,avoid,12.6,0.0,0.938,True,Services,Price is testing SMA50 | Price is above SMA200 -- primary trend supports the trade | Weekly EMA trend is neutral | RSI is improving from a low base,"Price is below SMA20 or vertically stretched | SMA20 is falling | SMA50 is falling | 60-day structure is not higher-highs and higher-lows | ADX shows little trend strength | ADX is falling -- trend strength is fading | 20-day momentum is weak or exhausted | 60-day momentum is weak or exhausted | Three-month return is weak or exhausted | MACD is below signal | Volume does not confirm, or is a blow-off",,,short,280.6000061035156,263.46923213308867,17.130773970426937,314.8615540443695,331.99232801479644,4-10 weeks
320,TRAVELFOOD.NS,12.6,avoid,12.6,0.0,0.938,True,Consumer Services,Price is just above SMA200 | Weekly EMA trend is neutral | ADX trend strength is emerging | ADX trajectory is flat | RSI is improving from a low base,"Price is below SMA20 or vertically stretched | Price is below SMA50 | SMA20 is falling | SMA50 is falling | 60-day structure is not higher-highs and higher-lows | 20-day momentum is weak or exhausted | 60-day momentum is weak or exhausted | Three-month return is weak or exhausted | MACD is below signal | Volume does not confirm, or is a blow-off",,,short,1253.5999755859375,1169.0186787349567,84.58129685098075,1422.762569287899,1507.3438661388798,4-10 weeks
321,PATANJALI.NS,12.5,avoid,20.5,8.0,0.938,True,Fast Moving Consumer Goods,Price is near SMA20 support | ADX shows strong trend strength | ADX trajectory is flat | MACD is above signal | Volume is normal,Price is below SMA50 | Price is below SMA200 | SMA20 is falling | SMA50 is falling | Weekly EMA trend is negative | 60-day structure is not higher-highs and higher-lows | 20-day momentum is weak or exhausted | 60-day momentum is weak or exhausted | Three-month return is weak or exhausted | RSI is weak or extremely overbought,Price below SMA200 -- fighting the primary trend (-8),,short,341.0,327.9690716349026,13.030928365097392,367.0618567301948,380.0927850952922,4-10 weeks
322,BANKINDIA.NS,12.4,avoid,20.4,8.0,0.938,True,Financial Services,Price is near SMA20 support | Price is testing SMA50 | Price is near SMA200 but primary trend is fragile | SMA20 is flat | SMA50 is flat | Weekly EMA trend is neutral | ADX trajectory is positive | RSI is improving from a low base | Volume is normal,60-day structure is not higher-highs and higher-lows | ADX shows little trend strength | 20-day momentum is weak or exhausted | 60-day momentum is weak or exhausted | Three-month return is weak or exhausted | MACD is below signal,Price below SMA200 -- fighting the primary trend (-8),Lender: short-term score is technical; asset quality still needs a separate check.,short,140.0,133.96626050395045,6.033739496049547,152.0674789920991,158.10121848814865,4-10 weeks
323,NESTLEIND.NS,12.3,avoid,12.3,0.0,0.938,True,Fast Moving Consumer Goods,Price is just above SMA200 | SMA50 slope is positive | Weekly EMA trend is neutral | Volume is normal,Price is below SMA20 or vertically stretched | Price is below SMA50 | SMA20 is falling | 60-day structure is not higher-highs and higher-lows | ADX shows little trend strength | ADX is falling -- trend strength is fading | 20-day momentum is weak or exhausted | 60-day momentum is weak or exhausted | Three-month return is weak or exhausted | RSI is weak or extremely overbought | MACD is below signal,,,short,1383.300048828125,1324.4843012015856,58.815747626539476,1500.931544081204,1559.7472917077434,4-10 weeks
324,EIDPARRY.NS,12.2,avoid,20.2,8.0,0.938,True,Fast Moving Consumer Goods,SMA50 is rising | 60-day structure is higher-highs and higher-lows | ADX shows tradable trend strength | ADX trajectory is flat | 60-day momentum is positive,"Price is below SMA20 or vertically stretched | Price is below SMA50 | Price is below SMA200 | SMA20 is falling | Weekly EMA trend is negative | 20-day momentum is weak or exhausted | Three-month return is weak or exhausted | RSI is weak or extremely overbought | MACD is below signal | Volume does not confirm, or is a blow-off",Price below SMA200 -- fighting the primary trend (-8),,short,721.0499877929688,671.5673517776862,49.482636015282495,820.0152598235337,869.4978958388162,4-10 weeks
325,GMRAIRPORT.NS,12.2,avoid,20.2,8.0,0.938,True,Services,Price is near SMA20 support | Price is near SMA200 but primary trend is fragile | ADX shows tradable trend strength | ADX trajectory is flat | RSI is improving from a low base | MACD is above signal,"Price is below SMA50 | SMA20 is falling | SMA50 is falling | Weekly EMA trend is negative | 60-day structure is not higher-highs and higher-lows | 20-day momentum is weak or exhausted | 60-day momentum is weak or exhausted | Three-month return is weak or exhausted | Volume does not confirm, or is a blow-off",Price below SMA200 -- fighting the primary trend (-8),,short,97.9800033569336,93.30241652747375,4.677586829459836,107.33517701585326,112.0127638453131,4-10 weeks
326,KFINTECH.NS,12.2,avoid,20.2,8.0,0.938,True,Financial Services,Price is testing SMA50 | Price is near SMA200 but primary trend is fragile | SMA50 is rising | Weekly EMA trend is neutral | 60-day structure is higher-highs and higher-lows | ADX trend strength is emerging | Three-month return is positive,"Price is below SMA20 or vertically stretched | SMA20 is falling | ADX is falling -- trend strength is fading | 20-day momentum is weak or exhausted | 60-day momentum is weak or exhausted | RSI is weak or extremely overbought | MACD is below signal | Volume does not confirm, or is a blow-off",Price below SMA200 -- fighting the primary trend (-8),,short,900.0,851.0556725464094,48.944327453590624,997.8886549071813,1046.832982360772,4-10 weeks
327,BANKBARODA.NS,12.1,avoid,20.1,8.0,0.938,True,Financial Services,Price is near SMA20 support | Price is testing SMA50 | ADX trend strength is emerging | ADX trajectory is positive | RSI is improving from a low base | MACD is near a bullish cross | Volume is normal,Price is below SMA200 | SMA20 is falling | SMA50 is falling | Weekly EMA trend is negative | 60-day structure is not higher-highs and higher-lows | 20-day momentum is weak or exhausted | 60-day momentum is weak or exhausted | Three-month return is weak or exhausted,Price below SMA200 -- fighting the primary trend (-8),Lender: short-term score is technical; asset quality still needs a separate check.,short,238.1300048828125,229.42336064119934,8.706644241613171,255.54329336603885,264.249937607652,4-10 weeks
328,TECHNOE.NS,12.1,avoid,20.1,8.0,0.938,True,Construction,Price is near SMA20 support | Price is testing SMA50 | RSI is in the healthy participation band | MACD is above signal,"Price is below SMA200 | SMA20 is falling | SMA50 is falling | Weekly EMA trend is negative | 60-day structure is not higher-highs and higher-lows | ADX shows little trend strength | ADX is falling -- trend strength is fading | 20-day momentum is weak or exhausted | 60-day momentum is weak or exhausted | Three-month return is weak or exhausted | Volume does not confirm, or is a blow-off",Price below SMA200 -- fighting the primary trend (-8),,short,972.1500244140624,915.4993298804081,56.650694533654196,1085.4514134813708,1142.102108015025,4-10 weeks
329,ALKEM.NS,11.6,avoid,19.6,8.0,0.938,True,Healthcare,ADX shows strong trend strength | ADX is rising -- trend strength is expanding | Volume confirms the move,Price is below SMA20 or vertically stretched | Price is below SMA50 | Price is below SMA200 | SMA20 is falling | SMA50 is falling | Weekly EMA trend is negative | 60-day structure is not higher-highs and higher-lows | 20-day momentum is weak or exhausted | 60-day momentum is weak or exhausted | Three-month return is weak or exhausted | RSI is weak or extremely overbought | MACD is below signal,Price below SMA200 -- fighting the primary trend (-8),,short,5087.5,4891.989125891501,195.51087410849894,5478.521748216998,5674.032622325497,4-10 weeks
330,JKCEMENT.NS,11.6,avoid,19.6,8.0,0.938,True,Construction Materials,ADX shows strong trend strength | ADX is rising -- trend strength is expanding | Volume confirms the move,Price is below SMA20 or vertically stretched | Price is below SMA50 | Price is below SMA200 | SMA20 is falling | SMA50 is falling | Weekly EMA trend is negative | 60-day structure is not higher-highs and higher-lows | 20-day momentum is weak or exhausted | 60-day momentum is weak or exhausted | Three-month return is weak or exhausted | RSI is weak or extremely overbought | MACD is below signal,Price below SMA200 -- fighting the primary trend (-8),,short,4843.5,4595.894704426524,247.60529557347576,5338.710591146952,5586.315886720427,4-10 weeks
331,JSWENERGY.NS,11.6,avoid,11.6,0.0,0.938,True,Power,Price is just above SMA200 | ADX trajectory is positive | RSI is improving from a low base,"Price is below SMA20 or vertically stretched | Price is below SMA50 | SMA20 is falling | SMA50 is falling | Weekly EMA trend is negative | 60-day structure is not higher-highs and higher-lows | ADX shows little trend strength | 20-day momentum is weak or exhausted | 60-day momentum is weak or exhausted | Three-month return is weak or exhausted | MACD is below signal | Volume does not confirm, or is a blow-off",,,short,526.4500122070312,502.64797654223094,23.80203566480029,574.0540835366319,597.8561192014321,4-10 weeks
332,SONATSOFTW.NS,11.6,avoid,19.6,8.0,0.938,True,Information Technology,SMA50 slope is positive | ADX shows tradable trend strength | ADX trajectory is positive | Volume confirms the move,Price is below SMA20 or vertically stretched | Price is below SMA50 | Price is below SMA200 | SMA20 is falling | Weekly EMA trend is negative | 60-day structure is not higher-highs and higher-lows | 20-day momentum is weak or exhausted | 60-day momentum is weak or exhausted | Three-month return is weak or exhausted | RSI is weak or extremely overbought | MACD is below signal,Price below SMA200 -- fighting the primary trend (-8),,short,265.8500061035156,241.86231615218307,23.98768995133255,313.82538600618074,337.81307595751326,4-10 weeks
333,INDIAMART.NS,11.6,avoid,19.6,8.0,0.938,True,Consumer Services,ADX shows strong trend strength | ADX is rising -- trend strength is expanding | Volume confirms the move,Price is below SMA20 or vertically stretched | Price is below SMA50 | Price is below SMA200 | SMA20 is falling | SMA50 is falling | Weekly EMA trend is negative | 60-day structure is not higher-highs and higher-lows | 20-day momentum is weak or exhausted | 60-day momentum is weak or exhausted | Three-month return is weak or exhausted | RSI is weak or extremely overbought | MACD is below signal,Price below SMA200 -- fighting the primary trend (-8),,short,1695.0,1615.3062475513702,79.69375244862967,1854.3875048972593,1934.081257345889,4-10 weeks
334,MARUTI.NS,11.6,avoid,19.6,8.0,0.938,True,Automobile and Auto Components,ADX shows strong trend strength | ADX is rising -- trend strength is expanding | Volume confirms the move,Price is below SMA20 or vertically stretched | Price is below SMA50 | Price is below SMA200 | SMA20 is falling | SMA50 is falling | Weekly EMA trend is negative | 60-day structure is not higher-highs and higher-lows | 20-day momentum is weak or exhausted | 60-day momentum is weak or exhausted | Three-month return is weak or exhausted | RSI is weak or extremely overbought | MACD is below signal,Price below SMA200 -- fighting the primary trend (-8),,short,12400.0,11939.087460061628,460.9125399383726,13321.825079876746,13782.737619815118,4-10 weeks
335,DMART.NS,11.6,avoid,19.6,8.0,0.938,True,Consumer Services,ADX shows strong trend strength | ADX is rising -- trend strength is expanding | Volume confirms the move,Price is below SMA20 or vertically stretched | Price is below SMA50 | Price is below SMA200 | SMA20 is falling | SMA50 is falling | Weekly EMA trend is negative | 60-day structure is not higher-highs and higher-lows | 20-day momentum is weak or exhausted | 60-day momentum is weak or exhausted | Three-month return is weak or exhausted | RSI is weak or extremely overbought | MACD is below signal,Price below SMA200 -- fighting the primary trend (-8),,short,3688.0,3530.427075906337,157.57292409366318,4003.1458481873265,4160.7187722809895,4-10 weeks
336,MANKIND.NS,11.4,avoid,19.4,8.0,0.938,True,Healthcare,Price is near SMA200 but primary trend is fragile | ADX shows tradable trend strength | ADX is rising -- trend strength is expanding | Volume confirms the move,Price is below SMA20 or vertically stretched | Price is below SMA50 | SMA20 is falling | SMA50 is falling | Weekly EMA trend is negative | 60-day structure is not higher-highs and higher-lows | 20-day momentum is weak or exhausted | 60-day momentum is weak or exhausted | Three-month return is weak or exhausted | RSI is weak or extremely overbought | MACD is below signal,Price below SMA200 -- fighting the primary trend (-8),,short,2280.0,2175.0145132115877,104.98548678841232,2489.9709735768247,2594.956460365237,4-10 weeks
337,DEEPAKFERT.NS,11.1,avoid,11.1,0.0,0.938,True,Chemicals,Price is just above SMA200 | ADX trend strength is emerging | ADX is rising -- trend strength is expanding,"Price is below SMA20 or vertically stretched | Price is below SMA50 | SMA20 is falling | SMA50 is falling | Weekly EMA trend is negative | 60-day structure is not higher-highs and higher-lows | 20-day momentum is weak or exhausted | 60-day momentum is weak or exhausted | Three-month return is weak or exhausted | RSI is weak or extremely overbought | MACD is below signal | Volume does not confirm, or is a blow-off",,,short,1320.4000244140625,1236.7815388152264,83.61848559883607,1487.6369956117346,1571.2554812105707,4-10 weeks
338,GODIGIT.NS,11.0,avoid,19.0,8.0,0.938,True,Financial Services,Price is near SMA20 support | ADX trajectory is flat | RSI is improving from a low base | MACD is above signal | Volume is normal,Price is below SMA50 | Price is below SMA200 | SMA20 is falling | SMA50 is falling | Weekly EMA trend is negative | 60-day structure is not higher-highs and higher-lows | ADX shows little trend strength | 20-day momentum is weak or exhausted | 60-day momentum is weak or exhausted | Three-month return is weak or exhausted,Price below SMA200 -- fighting the primary trend (-8),,short,256.20001220703125,241.6293161476979,14.570696059333347,285.34140432569797,299.9121003850313,4-10 weeks
339,ENRIN.NS,11.0,avoid,11.0,0.0,0.938,True,Capital Goods,Price is just above SMA200 | ADX trend strength is emerging | ADX trajectory is flat | RSI is improving from a low base,"Price is below SMA20 or vertically stretched | Price is below SMA50 | SMA20 is falling | SMA50 is falling | Weekly EMA trend is negative | 60-day structure is not higher-highs and higher-lows | 20-day momentum is weak or exhausted | 60-day momentum is weak or exhausted | Three-month return is weak or exhausted | MACD is below signal | Volume does not confirm, or is a blow-off",,,short,3181.300048828125,2983.643119558515,197.65692926960986,3576.613907367345,3774.2708366369543,4-10 weeks
340,PFC.NS,11.0,avoid,19.0,8.0,0.938,True,Financial Services,Price is near SMA20 support | ADX shows strong trend strength | ADX trajectory is positive | MACD is above signal,"Price is below SMA50 | Price is below SMA200 | SMA20 is falling | SMA50 is falling | Weekly EMA trend is negative | 60-day structure is not higher-highs and higher-lows | 20-day momentum is weak or exhausted | 60-day momentum is weak or exhausted | Three-month return is weak or exhausted | RSI is weak or extremely overbought | Volume does not confirm, or is a blow-off",Price below SMA200 -- fighting the primary trend (-8),Lender: short-term score is technical; asset quality still needs a separate check.,short,353.45001220703125,338.085955897473,15.364056309558235,384.1781248261477,399.54218113570596,4-10 weeks
341,BHARTIARTL.NS,10.6,avoid,18.6,8.0,0.938,True,Telecommunication,Price is near SMA200 but primary trend is fragile | SMA50 is flat | Weekly EMA trend is neutral | ADX shows strong trend strength | ADX is rising -- trend strength is expanding | RSI is improving from a low base,"Price is below SMA20 or vertically stretched | Price is below SMA50 | SMA20 is falling | 60-day structure is not higher-highs and higher-lows | 20-day momentum is weak or exhausted | 60-day momentum is weak or exhausted | Three-month return is weak or exhausted | MACD is below signal | Volume does not confirm, or is a blow-off",Price below SMA200 -- fighting the primary trend (-8),,short,1831.0999755859373,1765.1157391904078,65.98423639552949,1963.0684483769962,2029.0526847725257,4-10 weeks
342,CIEINDIA.NS,10.4,avoid,18.4,8.0,0.938,True,Automobile and Auto Components,ADX shows strong trend strength | ADX is rising -- trend strength is expanding | MACD is above signal,"Price is below SMA20 or vertically stretched | Price is below SMA50 | Price is below SMA200 | SMA20 is falling | SMA50 is falling | Weekly EMA trend is negative | 60-day structure is not higher-highs and higher-lows | 20-day momentum is weak or exhausted | 60-day momentum is weak or exhausted | Three-month return is weak or exhausted | RSI is weak or extremely overbought | Volume does not confirm, or is a blow-off",Price below SMA200 -- fighting the primary trend (-8),,short,379.6499938964844,364.7028668838853,14.947127012599083,409.54424792168254,424.4913749342816,4-10 weeks
343,KEC.NS,10.4,avoid,18.4,8.0,0.938,True,Construction,ADX shows strong trend strength | ADX is rising -- trend strength is expanding | MACD is above signal,"Price is below SMA20 or vertically stretched | Price is below SMA50 | Price is below SMA200 | SMA20 is falling | SMA50 is falling | Weekly EMA trend is negative | 60-day structure is not higher-highs and higher-lows | 20-day momentum is weak or exhausted | 60-day momentum is weak or exhausted | Three-month return is weak or exhausted | RSI is weak or extremely overbought | Volume does not confirm, or is a blow-off",Price below SMA200 -- fighting the primary trend (-8),,short,406.3999938964844,381.9171748258526,24.48281907063178,455.36563203774796,479.8484511083797,4-10 weeks
344,IEX.NS,10.3,avoid,18.3,8.0,0.938,True,Financial Services,ADX shows tradable trend strength | ADX is rising -- trend strength is expanding | Volume confirms the move,Price is below SMA20 or vertically stretched | Price is below SMA50 | Price is below SMA200 | SMA20 is falling | SMA50 is falling | Weekly EMA trend is negative | 60-day structure is not higher-highs and higher-lows | 20-day momentum is weak or exhausted | 60-day momentum is weak or exhausted | Three-month return is weak or exhausted | RSI is weak or extremely overbought | MACD is below signal,Price below SMA200 -- fighting the primary trend (-8),,short,113.87999725341795,109.04399351738232,4.836003736035634,123.55200472548923,128.38800846152486,4-10 weeks
345,JAINREC.NS,9.8,avoid,17.8,8.0,0.938,True,Metals & Mining,Price is near SMA20 support | ADX shows tradable trend strength | RSI is improving from a low base | MACD is above signal,"Price is below SMA50 | Price is below SMA200 | SMA20 is falling | SMA50 is falling | Weekly EMA trend is negative | 60-day structure is not higher-highs and higher-lows | ADX is falling -- trend strength is fading | 20-day momentum is weak or exhausted | 60-day momentum is weak or exhausted | Three-month return is weak or exhausted | Volume does not confirm, or is a blow-off",Price below SMA200 -- fighting the primary trend (-8),,short,284.70001220703125,261.69974970132364,23.000262505707596,330.70053721844647,353.700799724154,4-10 weeks
346,INTELLECT.NS,9.7,avoid,17.7,8.0,0.938,True,Information Technology,Price is near SMA20 support | RSI is improving from a low base | MACD is above signal | Volume is normal,Price is below SMA50 | Price is below SMA200 | SMA20 is falling | SMA50 is falling | Weekly EMA trend is negative | 60-day structure is not higher-highs and higher-lows | ADX shows little trend strength | ADX is falling -- trend strength is fading | 20-day momentum is weak or exhausted | 60-day momentum is weak or exhausted | Three-month return is weak or exhausted,Price below SMA200 -- fighting the primary trend (-8),,short,682.5999755859375,645.969882260855,36.630093325082505,755.8601622361025,792.490255561185,4-10 weeks
347,AFCONS.NS,9.7,avoid,17.7,8.0,0.938,True,Construction,SMA20 is rising | ADX trend strength is emerging | ADX trajectory is positive | Volume confirms the move,Price is below SMA20 or vertically stretched | Price is below SMA50 | Price is below SMA200 | SMA50 is falling | Weekly EMA trend is negative | 60-day structure is not higher-highs and higher-lows | 20-day momentum is weak or exhausted | 60-day momentum is weak or exhausted | Three-month return is weak or exhausted | RSI is weak or extremely overbought | MACD is below signal,Price below SMA200 -- fighting the primary trend (-8),,short,253.8000030517578,235.03521965455016,18.764783397207655,291.3295698461731,310.0943532433808,4-10 weeks
348,MAPMYINDIA.NS,9.5,avoid,17.5,8.0,0.938,True,Information Technology,SMA50 is rising | 60-day momentum is positive | Three-month return is positive | Volume is normal,Price is below SMA20 or vertically stretched | Price is below SMA50 | Price is below SMA200 | SMA20 is falling | Weekly EMA trend is negative | 60-day structure is not higher-highs and higher-lows | ADX shows little trend strength | ADX is falling -- trend strength is fading | 20-day momentum is weak or exhausted | RSI is weak or extremely overbought | MACD is below signal,Price below SMA200 -- fighting the primary trend (-8),,short,925.7999877929688,852.4511309879675,73.3488568050012,1072.4977014029712,1145.8465582079723,4-10 weeks
349,MSUMI.NS,9.4,avoid,17.4,8.0,0.938,True,Automobile and Auto Components,ADX shows strong trend strength | ADX is rising -- trend strength is expanding | MACD is near a bullish cross | Volume is normal,Price is below SMA20 or vertically stretched | Price is below SMA50 | Price is below SMA200 | SMA20 is falling | SMA50 is falling | Weekly EMA trend is negative | 60-day structure is not higher-highs and higher-lows | 20-day momentum is weak or exhausted | 60-day momentum is weak or exhausted | Three-month return is weak or exhausted | RSI is weak or extremely overbought,Price below SMA200 -- fighting the primary trend (-8),,short,36.29999923706055,34.60085973520456,1.6991395018559883,39.698278240772524,41.39741774262851,4-10 weeks
350,BIOCON.NS,9.2,avoid,17.2,8.0,0.938,True,Healthcare,Price is near SMA200 but primary trend is fragile | ADX trend strength is emerging | ADX is rising -- trend strength is expanding | Volume confirms the move,Price is below SMA20 or vertically stretched | Price is below SMA50 | SMA20 is falling | SMA50 is falling | Weekly EMA trend is negative | 60-day structure is not higher-highs and higher-lows | 20-day momentum is weak or exhausted | 60-day momentum is weak or exhausted | Three-month return is weak or exhausted | RSI is weak or extremely overbought | MACD is below signal,Price below SMA200 -- fighting the primary trend (-8),,short,390.6499938964844,372.8427153075902,17.807278588894174,426.26455107427273,444.0718296631669,4-10 weeks
351,PFIZER.NS,9.2,avoid,17.2,8.0,0.938,True,Healthcare,SMA50 slope is positive | ADX shows tradable trend strength | ADX trajectory is flat | Volume confirms the move,Price is below SMA20 or vertically stretched | Price is below SMA50 | Price is below SMA200 | SMA20 is falling | Weekly EMA trend is negative | 60-day structure is not higher-highs and higher-lows | 20-day momentum is weak or exhausted | 60-day momentum is weak or exhausted | Three-month return is weak or exhausted | RSI is weak or extremely overbought | MACD is below signal,Price below SMA200 -- fighting the primary trend (-8),,short,4060.199951171875,3831.5984650307064,228.6014861411684,4517.402923454212,4746.00440959538,4-10 weeks
352,MGL.NS,9.2,avoid,17.2,8.0,0.938,True,Oil Gas & Consumable Fuels,Price is near SMA20 support | Price is testing SMA50 | Price is near SMA200 but primary trend is fragile | Weekly EMA trend is neutral | ADX trend strength is emerging | RSI is in the healthy participation band,"SMA20 is falling | SMA50 is falling | 60-day structure is not higher-highs and higher-lows | ADX is falling -- trend strength is fading | 20-day momentum is weak or exhausted | 60-day momentum is weak or exhausted | Three-month return is weak or exhausted | MACD is below signal | Volume does not confirm, or is a blow-off",Price below SMA200 -- fighting the primary trend (-8),,short,1084.300048828125,1030.484587060557,53.815461767567946,1191.930972363261,1245.746434130829,4-10 weeks
353,SUNTV.NS,9.2,avoid,24.2,15.0,0.938,True,Media Entertainment & Publication,Price is above SMA20 without being stretched | Price is testing SMA50 | RSI is in the healthy participation band | MACD is above signal,"Price is below SMA200 | SMA20 is falling | SMA50 is falling | Weekly EMA trend is negative | 60-day structure is not higher-highs and higher-lows | ADX shows little trend strength | ADX is falling -- trend strength is fading | 20-day momentum is weak or exhausted | 60-day momentum is weak or exhausted | Three-month return is weak or exhausted | Volume does not confirm, or is a blow-off",Blow-off volume above 3x 20-day average -- possible exhaustion (-7) | Price below SMA200 -- fighting the primary trend (-8),,short,476.0,449.5937373967974,26.406262603202613,528.8125252064052,555.2187878096079,4-10 weeks
354,IOC.NS,9.1,avoid,17.1,8.0,0.938,True,Oil Gas & Consumable Fuels,Price is near SMA20 support | Price is testing SMA50 | ADX is rising -- trend strength is expanding | RSI is improving from a low base | Volume is normal,Price is below SMA200 | SMA20 is falling | SMA50 is falling | Weekly EMA trend is negative | 60-day structure is not higher-highs and higher-lows | ADX shows little trend strength | 20-day momentum is weak or exhausted | 60-day momentum is weak or exhausted | Three-month return is weak or exhausted | MACD is below signal,Price below SMA200 -- fighting the primary trend (-8),,short,135.11000061035156,130.22536242151907,4.8846381888325014,144.87927698801656,149.76391517684908,4-10 weeks
355,BAYERCROP.NS,9.0,avoid,17.0,8.0,0.938,True,Chemicals,Price is near SMA20 support | ADX shows strong trend strength | ADX is rising -- trend strength is expanding | Volume is normal,Price is below SMA50 | Price is below SMA200 | SMA20 is falling | SMA50 is falling | Weekly EMA trend is negative | 60-day structure is not higher-highs and higher-lows | 20-day momentum is weak or exhausted | 60-day momentum is weak or exhausted | Three-month return is weak or exhausted | RSI is weak or extremely overbought | MACD is below signal,Price below SMA200 -- fighting the primary trend (-8),,short,3974.10009765625,3851.022123154788,123.0779745014619,4220.256046659174,4343.3340211606355,4-10 weeks
356,BHARATFORG.NS,8.9,avoid,8.9,0.0,0.938,True,Automobile and Auto Components,Price is above SMA200 -- primary trend supports the trade | Weekly EMA trend is neutral | ADX trend strength is emerging,"Price is below SMA20 or vertically stretched | Price is below SMA50 | SMA20 is falling | SMA50 is falling | 60-day structure is not higher-highs and higher-lows | ADX is falling -- trend strength is fading | 20-day momentum is weak or exhausted | 60-day momentum is weak or exhausted | Three-month return is weak or exhausted | RSI is weak or extremely overbought | MACD is below signal | Volume does not confirm, or is a blow-off",,,short,1944.9000244140625,1840.8357162675109,104.06430814655161,2153.028640707166,2257.092948853717,4-10 weeks
357,APTUS.NS,8.7,avoid,16.7,8.0,0.938,True,Financial Services,Price is near SMA200 but primary trend is fragile | ADX shows tradable trend strength | MACD is above signal | Volume is normal,Price is below SMA20 or vertically stretched | Price is below SMA50 | SMA20 is falling | SMA50 is falling | Weekly EMA trend is negative | 60-day structure is not higher-highs and higher-lows | ADX is falling -- trend strength is fading | 20-day momentum is weak or exhausted | 60-day momentum is weak or exhausted | Three-month return is weak or exhausted | RSI is weak or extremely overbought,Price below SMA200 -- fighting the primary trend (-8),Lender: short-term score is technical; asset quality still needs a separate check.,short,249.1100006103516,234.74120006199226,14.36880054835932,277.8476017070702,292.21640225542956,4-10 weeks
358,ARE&M.NS,8.4,avoid,16.4,8.0,0.938,True,Automobile and Auto Components,SMA50 slope is positive | ADX shows tradable trend strength | ADX is rising -- trend strength is expanding | Volume is normal,Price is below SMA20 or vertically stretched | Price is below SMA50 | Price is below SMA200 | SMA20 is falling | Weekly EMA trend is negative | 60-day structure is not higher-highs and higher-lows | 20-day momentum is weak or exhausted | 60-day momentum is weak or exhausted | Three-month return is weak or exhausted | RSI is weak or extremely overbought | MACD is below signal,Price below SMA200 -- fighting the primary trend (-8),,short,813.9000244140625,772.3791204880771,41.52090392598545,896.9418322660334,938.4627361920188,4-10 weeks
359,HDFCLIFE.NS,8.3,avoid,16.3,8.0,0.938,True,Financial Services,Price is near SMA20 support | ADX trajectory is flat | RSI is improving from a low base | Volume confirms the move,Price is below SMA50 | Price is below SMA200 | SMA20 is falling | SMA50 is falling | Weekly EMA trend is negative | 60-day structure is not higher-highs and higher-lows | ADX shows little trend strength | 20-day momentum is weak or exhausted | 60-day momentum is weak or exhausted | Three-month return is weak or exhausted | MACD is below signal,Price below SMA200 -- fighting the primary trend (-8),,short,530.0,505.9375548091419,24.062445190858103,578.1248903817162,602.1873355725743,4-10 weeks
360,PAGEIND.NS,8.3,avoid,16.3,8.0,0.938,True,Textiles,Price is near SMA20 support | Price is near SMA200 but primary trend is fragile | ADX shows strong trend strength | MACD is above signal,"Price is below SMA50 | SMA20 is falling | SMA50 is falling | Weekly EMA trend is negative | 60-day structure is not higher-highs and higher-lows | ADX is falling -- trend strength is fading | 20-day momentum is weak or exhausted | 60-day momentum is weak or exhausted | Three-month return is weak or exhausted | RSI is weak or extremely overbought | Volume does not confirm, or is a blow-off",Price below SMA200 -- fighting the primary trend (-8),,short,35365.0,33707.6131895136,1657.386810486398,38679.773620972795,40337.1604314592,4-10 weeks
361,MUTHOOTFIN.NS,8.2,avoid,16.2,8.0,0.938,True,Financial Services,SMA20 is flat | 60-day structure is higher-highs and higher-lows | ADX trend strength is emerging | ADX trajectory is positive | Volume is normal,Price is below SMA20 or vertically stretched | Price is below SMA50 | Price is below SMA200 | SMA50 is falling | Weekly EMA trend is negative | 20-day momentum is weak or exhausted | 60-day momentum is weak or exhausted | Three-month return is weak or exhausted | RSI is weak or extremely overbought | MACD is below signal,Price below SMA200 -- fighting the primary trend (-8),Lender: short-term score is technical; asset quality still needs a separate check.,short,2792.10009765625,2625.2494357685287,166.8506618877213,3125.8014214316927,3292.652083319414,4-10 weeks
362,ITCHOTELS.NS,8.1,avoid,16.1,8.0,0.938,True,Consumer Services,ADX trend strength is emerging | ADX is rising -- trend strength is expanding | Volume confirms the move,Price is below SMA20 or vertically stretched | Price is below SMA50 | Price is below SMA200 | SMA20 is falling | SMA50 is falling | Weekly EMA trend is negative | 60-day structure is not higher-highs and higher-lows | 20-day momentum is weak or exhausted | 60-day momentum is weak or exhausted | Three-month return is weak or exhausted | RSI is weak or extremely overbought | MACD is below signal,Price below SMA200 -- fighting the primary trend (-8),,short,153.69000244140625,146.99785380418226,6.692148637223997,167.07429971585424,173.76644835307823,4-10 weeks
363,HINDPETRO.NS,8.1,avoid,16.1,8.0,0.938,True,Oil Gas & Consumable Fuels,ADX trend strength is emerging | ADX is rising -- trend strength is expanding | Volume confirms the move,Price is below SMA20 or vertically stretched | Price is below SMA50 | Price is below SMA200 | SMA20 is falling | SMA50 is falling | Weekly EMA trend is negative | 60-day structure is not higher-highs and higher-lows | 20-day momentum is weak or exhausted | 60-day momentum is weak or exhausted | Three-month return is weak or exhausted | RSI is weak or extremely overbought | MACD is below signal,Price below SMA200 -- fighting the primary trend (-8),,short,352.0,336.1930429391278,15.806957060872197,383.6139141217444,399.42087118261657,4-10 weeks
364,HAVELLS.NS,7.9,avoid,15.9,8.0,0.938,True,Consumer Durables,SMA50 is flat | ADX shows strong trend strength | ADX is rising -- trend strength is expanding | Volume is normal,Price is below SMA20 or vertically stretched | Price is below SMA50 | Price is below SMA200 | SMA20 is falling | Weekly EMA trend is negative | 60-day structure is not higher-highs and higher-lows | 20-day momentum is weak or exhausted | 60-day momentum is weak or exhausted | Three-month return is weak or exhausted | RSI is weak or extremely overbought | MACD is below signal,Price below SMA200 -- fighting the primary trend (-8),,short,1111.0,1055.4963732254207,55.503626774579274,1222.0072535491586,1277.5108803237379,4-10 weeks
365,ASIANPAINT.NS,7.9,avoid,15.9,8.0,0.938,True,Consumer Durables,Price is near SMA200 but primary trend is fragile | ADX shows strong trend strength | ADX is rising -- trend strength is expanding | Volume is normal,Price is below SMA20 or vertically stretched | Price is below SMA50 | SMA20 is falling | SMA50 is falling | Weekly EMA trend is negative | 60-day structure is not higher-highs and higher-lows | 20-day momentum is weak or exhausted | 60-day momentum is weak or exhausted | Three-month return is weak or exhausted | RSI is weak or extremely overbought | MACD is below signal,Price below SMA200 -- fighting the primary trend (-8),,short,2472.5,2378.0008768906996,94.49912310930036,2661.498246218601,2755.997369327901,4-10 weeks
366,BPCL.NS,7.8,avoid,15.8,8.0,0.938,True,Oil Gas & Consumable Fuels,SMA50 slope is positive | Weekly EMA trend is neutral | ADX trend strength is emerging | ADX is rising -- trend strength is expanding | Volume is normal,Price is below SMA20 or vertically stretched | Price is below SMA50 | Price is below SMA200 | SMA20 is falling | 60-day structure is not higher-highs and higher-lows | 20-day momentum is weak or exhausted | 60-day momentum is weak or exhausted | Three-month return is weak or exhausted | RSI is weak or extremely overbought | MACD is below signal,Price below SMA200 -- fighting the primary trend (-8),,short,304.5,289.70457963169014,14.795420368309836,334.09084073661967,348.88626110492953,4-10 weeks
367,JSWCEMENT.NS,7.7,avoid,20.7,13.0,0.938,True,Construction Materials,Price is near SMA200 but primary trend is fragile | ADX shows strong trend strength | ADX is rising -- trend strength is expanding | Volume confirms the move,Price is below SMA20 or vertically stretched | Price is below SMA50 | SMA20 is falling | SMA50 is falling | Weekly EMA trend is negative | 60-day structure is not higher-highs and higher-lows | 20-day momentum is weak or exhausted | 60-day momentum is weak or exhausted | Three-month return is weak or exhausted | RSI is weak or extremely overbought | MACD is below signal,Price below SMA200 -- fighting the primary trend (-8) | Fundamental junk filter: loss-making profile (-5),,short,118.87000274658205,113.98397785214519,4.886024894436863,128.64205253545578,133.52807742989265,4-10 weeks
368,ULTRACEMCO.NS,7.7,avoid,15.7,8.0,0.938,True,Construction Materials,Price is near SMA200 but primary trend is fragile | SMA50 is flat | ADX shows tradable trend strength | ADX is rising -- trend strength is expanding | Volume is normal,Price is below SMA20 or vertically stretched | Price is below SMA50 | SMA20 is falling | Weekly EMA trend is negative | 60-day structure is not higher-highs and higher-lows | 20-day momentum is weak or exhausted | 60-day momentum is weak or exhausted | Three-month return is weak or exhausted | RSI is weak or extremely overbought | MACD is below signal,Price below SMA200 -- fighting the primary trend (-8),,short,11000.0,10620.849076934226,379.1509230657734,11758.301846131546,12137.45276919732,4-10 weeks
369,NLCINDIA.NS,7.6,avoid,15.6,8.0,0.938,True,Power,ADX shows tradable trend strength | MACD is above signal | Volume is normal,Price is below SMA20 or vertically stretched | Price is below SMA50 | Price is below SMA200 | SMA20 is falling | SMA50 is falling | Weekly EMA trend is negative | 60-day structure is not higher-highs and higher-lows | ADX is falling -- trend strength is fading | 20-day momentum is weak or exhausted | 60-day momentum is weak or exhausted | Three-month return is weak or exhausted | RSI is weak or extremely overbought,Price below SMA200 -- fighting the primary trend (-8),,short,264.3999938964844,250.02576521987646,14.37422867660792,293.1484512497002,307.5226799263081,4-10 weeks
370,JIOFIN.NS,7.6,avoid,15.6,8.0,0.938,True,Financial Services,SMA50 is flat | ADX trend strength is emerging | ADX trajectory is positive | Volume confirms the move,Price is below SMA20 or vertically stretched | Price is below SMA50 | Price is below SMA200 | SMA20 is falling | Weekly EMA trend is negative | 60-day structure is not higher-highs and higher-lows | 20-day momentum is weak or exhausted | 60-day momentum is weak or exhausted | Three-month return is weak or exhausted | RSI is weak or extremely overbought | MACD is below signal,Price below SMA200 -- fighting the primary trend (-8),,short,229.8999938964844,220.46781386596987,9.43218003051452,248.76435395751344,258.19653398802797,4-10 weeks
371,VTL.NS,7.6,avoid,7.6,0.0,0.938,True,Textiles,Price is just above SMA200 | ADX trajectory is positive,"Price is below SMA20 or vertically stretched | Price is below SMA50 | SMA20 is falling | SMA50 is falling | Weekly EMA trend is negative | 60-day structure is not higher-highs and higher-lows | ADX shows little trend strength | 20-day momentum is weak or exhausted | 60-day momentum is weak or exhausted | Three-month return is weak or exhausted | RSI is weak or extremely overbought | MACD is below signal | Volume does not confirm, or is a blow-off",,,short,566.2000122070312,530.0877390795055,36.11227312752577,638.4245584620828,674.5368315896086,4-10 weeks
372,EIHOTEL.NS,7.4,avoid,15.4,8.0,0.938,True,Consumer Services,ADX shows tradable trend strength | ADX trajectory is positive | MACD is above signal,"Price is below SMA20 or vertically stretched | Price is below SMA50 | Price is below SMA200 | SMA20 is falling | SMA50 is falling | Weekly EMA trend is negative | 60-day structure is not higher-highs and higher-lows | 20-day momentum is weak or exhausted | 60-day momentum is weak or exhausted | Three-month return is weak or exhausted | RSI is weak or extremely overbought | Volume does not confirm, or is a blow-off",Price below SMA200 -- fighting the primary trend (-8),,short,286.45001220703125,270.559257324664,15.890754882367258,318.23152197176574,334.122276854133,4-10 weeks
373,KEI.NS,7.3,avoid,15.3,8.0,0.938,True,Capital Goods,Price is near SMA200 but primary trend is fragile | ADX shows tradable trend strength | ADX trajectory is flat | Volume confirms the move,Price is below SMA20 or vertically stretched | Price is below SMA50 | SMA20 is falling | SMA50 is falling | Weekly EMA trend is negative | 60-day structure is not higher-highs and higher-lows | 20-day momentum is weak or exhausted | 60-day momentum is weak or exhausted | Three-month return is weak or exhausted | RSI is weak or extremely overbought | MACD is below signal,Price below SMA200 -- fighting the primary trend (-8),,short,4578.0,4204.06680854844,373.9331914515598,5325.866382903119,5699.79957435468,4-10 weeks
374,CHAMBLFERT.NS,7.1,avoid,15.1,8.0,0.938,True,Chemicals,Price is near SMA20 support | ADX trajectory is flat | MACD is above signal | Volume is normal,Price is below SMA50 | Price is below SMA200 | SMA20 is falling | SMA50 is falling | Weekly EMA trend is negative | 60-day structure is not higher-highs and higher-lows | ADX shows little trend strength | 20-day momentum is weak or exhausted | 60-day momentum is weak or exhausted | Three-month return is weak or exhausted | RSI is weak or extremely overbought,Price below SMA200 -- fighting the primary trend (-8),,short,418.7999877929688,402.7195037530698,16.080484039899016,450.9609558727668,467.04143991266585,4-10 weeks
375,RITES.NS,7.1,avoid,15.1,8.0,0.938,True,Construction,Price is near SMA200 but primary trend is fragile | SMA50 slope is positive | Weekly EMA trend is neutral | ADX trajectory is flat | Three-month return is positive | Volume is normal,Price is below SMA20 or vertically stretched | Price is below SMA50 | SMA20 is falling | 60-day structure is not higher-highs and higher-lows | ADX shows little trend strength | 20-day momentum is weak or exhausted | 60-day momentum is weak or exhausted | RSI is weak or extremely overbought | MACD is below signal,Price below SMA200 -- fighting the primary trend (-8),,short,209.1499938964844,200.07838721491396,9.071606681570431,227.29320725962526,236.3648139411957,4-10 weeks
376,LICI.NS,7.1,avoid,15.1,8.0,0.938,True,Financial Services,Price is near SMA200 but primary trend is fragile | SMA20 is rising | Weekly EMA trend is neutral | ADX trajectory is flat | RSI is improving from a low base | Volume is normal,Price is below SMA20 or vertically stretched | Price is below SMA50 | SMA50 is falling | 60-day structure is not higher-highs and higher-lows | ADX shows little trend strength | 20-day momentum is weak or exhausted | 60-day momentum is weak or exhausted | Three-month return is weak or exhausted | MACD is below signal,Price below SMA200 -- fighting the primary trend (-8),,short,404.1000061035156,388.1877530170183,15.912253086497348,435.9245122765103,451.83676536300766,4-10 weeks
377,SUPREMEIND.NS,7.0,avoid,15.0,8.0,0.938,True,Capital Goods,Price is testing SMA50 | SMA20 is rising | SMA50 slope is positive | 60-day structure is higher-highs and higher-lows | ADX trend strength is emerging,"Price is below SMA20 or vertically stretched | Price is below SMA200 | Weekly EMA trend is negative | ADX is falling -- trend strength is fading | 20-day momentum is weak or exhausted | 60-day momentum is weak or exhausted | Three-month return is weak or exhausted | RSI is weak or extremely overbought | MACD is below signal | Volume does not confirm, or is a blow-off",Price below SMA200 -- fighting the primary trend (-8),,short,3364.39990234375,3187.67821270657,176.72168963718008,3717.8432816181103,3894.5649712552904,4-10 weeks
378,FSL.NS,6.9,avoid,14.9,8.0,0.938,True,Services,SMA50 is rising | ADX trajectory is flat | 60-day momentum is positive | Three-month return is positive,"Price is below SMA20 or vertically stretched | Price is below SMA50 | Price is below SMA200 | SMA20 is falling | Weekly EMA trend is negative | 60-day structure is not higher-highs and higher-lows | ADX shows little trend strength | 20-day momentum is weak or exhausted | RSI is weak or extremely overbought | MACD is below signal | Volume does not confirm, or is a blow-off",Price below SMA200 -- fighting the primary trend (-8),,short,247.6000061035156,230.40604377712975,17.19396232638584,281.98793075628726,299.1818930826731,4-10 weeks
379,TATACONSUM.NS,6.8,avoid,14.8,8.0,0.938,True,Fast Moving Consumer Goods,ADX shows strong trend strength | ADX is rising -- trend strength is expanding | Volume is normal,Price is below SMA20 or vertically stretched | Price is below SMA50 | Price is below SMA200 | SMA20 is falling | SMA50 is falling | Weekly EMA trend is negative | 60-day structure is not higher-highs and higher-lows | 20-day momentum is weak or exhausted | 60-day momentum is weak or exhausted | Three-month return is weak or exhausted | RSI is weak or extremely overbought | MACD is below signal,Price below SMA200 -- fighting the primary trend (-8),,short,991.0,956.4581892882866,34.54181071171347,1060.0836214234268,1094.6254321351405,4-10 weeks
380,COROMANDEL.NS,6.8,avoid,14.8,8.0,0.938,True,Chemicals,Price is near SMA20 support | SMA50 is flat | RSI is improving from a low base | MACD is above signal,"Price is below SMA50 | Price is below SMA200 | SMA20 is falling | Weekly EMA trend is negative | 60-day structure is not higher-highs and higher-lows | ADX shows little trend strength | ADX is falling -- trend strength is fading | 20-day momentum is weak or exhausted | 60-day momentum is weak or exhausted | Three-month return is weak or exhausted | Volume does not confirm, or is a blow-off",Price below SMA200 -- fighting the primary trend (-8),,short,1929.0,1840.3432150002418,88.65678499975819,2106.3135699995164,2194.9703549992746,4-10 weeks
381,BERGEPAINT.NS,6.8,avoid,14.8,8.0,0.938,True,Consumer Durables,ADX shows strong trend strength | ADX is rising -- trend strength is expanding | Volume is normal,Price is below SMA20 or vertically stretched | Price is below SMA50 | Price is below SMA200 | SMA20 is falling | SMA50 is falling | Weekly EMA trend is negative | 60-day structure is not higher-highs and higher-lows | 20-day momentum is weak or exhausted | 60-day momentum is weak or exhausted | Three-month return is weak or exhausted | RSI is weak or extremely overbought | MACD is below signal,Price below SMA200 -- fighting the primary trend (-8),,short,458.0499877929688,431.6832793526626,26.36670844030617,510.7834046735811,537.1501131138873,4-10 weeks
382,HINDUNILVR.NS,6.8,avoid,14.8,8.0,0.938,True,Fast Moving Consumer Goods,ADX shows strong trend strength | ADX is rising -- trend strength is expanding | Volume is normal,Price is below SMA20 or vertically stretched | Price is below SMA50 | Price is below SMA200 | SMA20 is falling | SMA50 is falling | Weekly EMA trend is negative | 60-day structure is not higher-highs and higher-lows | 20-day momentum is weak or exhausted | 60-day momentum is weak or exhausted | Three-month return is weak or exhausted | RSI is weak or extremely overbought | MACD is below signal,Price below SMA200 -- fighting the primary trend (-8),,short,1927.0,1866.1392997283344,60.86070027166564,2048.721400543331,2109.582100814997,4-10 weeks
383,TMPV.NS,6.8,avoid,14.8,8.0,0.938,True,Automobile and Auto Components,ADX shows strong trend strength | ADX is rising -- trend strength is expanding | Volume is normal,Price is below SMA20 or vertically stretched | Price is below SMA50 | Price is below SMA200 | SMA20 is falling | SMA50 is falling | Weekly EMA trend is negative | 60-day structure is not higher-highs and higher-lows | 20-day momentum is weak or exhausted | 60-day momentum is weak or exhausted | Three-month return is weak or exhausted | RSI is weak or extremely overbought | MACD is below signal,Price below SMA200 -- fighting the primary trend (-8),,short,301.1000061035156,287.90867888041174,13.191327223103862,327.48266054972333,340.6739877728272,4-10 weeks
384,IRFC.NS,6.8,avoid,14.8,8.0,0.938,True,Financial Services,ADX shows strong trend strength | ADX is rising -- trend strength is expanding | Volume is normal,Price is below SMA20 or vertically stretched | Price is below SMA50 | Price is below SMA200 | SMA20 is falling | SMA50 is falling | Weekly EMA trend is negative | 60-day structure is not higher-highs and higher-lows | 20-day momentum is weak or exhausted | 60-day momentum is weak or exhausted | Three-month return is weak or exhausted | RSI is weak or extremely overbought | MACD is below signal,Price below SMA200 -- fighting the primary trend (-8),Lender: short-term score is technical; asset quality still needs a separate check.,short,81.08999633789062,78.24294619994825,2.847050137942376,86.78409661377538,89.63114675171775,4-10 weeks
385,TCS.NS,6.7,avoid,14.7,8.0,0.938,True,Information Technology,SMA50 is rising | ADX trajectory is flat | 60-day momentum is positive | Volume is normal,Price is below SMA20 or vertically stretched | Price is below SMA50 | Price is below SMA200 | SMA20 is falling | Weekly EMA trend is negative | 60-day structure is not higher-highs and higher-lows | ADX shows little trend strength | 20-day momentum is weak or exhausted | Three-month return is weak or exhausted | RSI is weak or extremely overbought | MACD is below signal,Price below SMA200 -- fighting the primary trend (-8),,short,2200.800048828125,2088.951324591483,111.84872423664162,2424.497497301408,2536.34622153805,4-10 weeks
386,GODFRYPHLP.NS,6.5,avoid,14.5,8.0,0.938,True,Fast Moving Consumer Goods,ADX trend strength is emerging | ADX trajectory is positive | Volume confirms the move,Price is below SMA20 or vertically stretched | Price is below SMA50 | Price is below SMA200 | SMA20 is falling | SMA50 is falling | Weekly EMA trend is negative | 60-day structure is not higher-highs and higher-lows | 20-day momentum is weak or exhausted | 60-day momentum is weak or exhausted | Three-month return is weak or exhausted | RSI is weak or extremely overbought | MACD is below signal,Price below SMA200 -- fighting the primary trend (-8),,short,1927.0,1827.9752394804532,99.02476051954673,2125.0495210390936,2224.07428155864,4-10 weeks
387,SRF.NS,6.2,avoid,14.2,8.0,0.938,True,Chemicals,ADX shows tradable trend strength | ADX trajectory is flat | Volume confirms the move,Price is below SMA20 or vertically stretched | Price is below SMA50 | Price is below SMA200 | SMA20 is falling | SMA50 is falling | Weekly EMA trend is negative | 60-day structure is not higher-highs and higher-lows | 20-day momentum is weak or exhausted | 60-day momentum is weak or exhausted | Three-month return is weak or exhausted | RSI is weak or extremely overbought | MACD is below signal,Price below SMA200 -- fighting the primary trend (-8),,short,2482.39990234375,2387.188562093298,95.21134025045197,2672.822582844654,2768.033923095106,4-10 weeks
388,ESCORTS.NS,5.8,avoid,13.8,8.0,0.938,True,Capital Goods,SMA50 slope is positive | ADX trend strength is emerging | 60-day momentum is positive | Three-month return is positive,"Price is below SMA20 or vertically stretched | Price is below SMA50 | Price is below SMA200 | SMA20 is falling | Weekly EMA trend is negative | 60-day structure is not higher-highs and higher-lows | ADX is falling -- trend strength is fading | 20-day momentum is weak or exhausted | RSI is weak or extremely overbought | MACD is below signal | Volume does not confirm, or is a blow-off",Price below SMA200 -- fighting the primary trend (-8),,short,2899.699951171875,2774.170744182808,125.52920698906696,3150.758365150009,3276.287572139076,4-10 weeks
389,ELECON.NS,5.7,avoid,13.7,8.0,0.938,True,Capital Goods,Price is near SMA20 support | RSI is improving from a low base | MACD is above signal,"Price is below SMA50 | Price is below SMA200 | SMA20 is falling | SMA50 is falling | Weekly EMA trend is negative | 60-day structure is not higher-highs and higher-lows | ADX shows little trend strength | ADX is falling -- trend strength is fading | 20-day momentum is weak or exhausted | 60-day momentum is weak or exhausted | Three-month return is weak or exhausted | Volume does not confirm, or is a blow-off",Price below SMA200 -- fighting the primary trend (-8),,short,422.1000061035156,394.10926767622476,27.990738427290875,478.08148295809735,506.0722213853883,4-10 weeks
390,ACC.NS,5.5,avoid,13.5,8.0,0.938,True,Construction Materials,ADX shows tradable trend strength | ADX is rising -- trend strength is expanding | Volume is normal,Price is below SMA20 or vertically stretched | Price is below SMA50 | Price is below SMA200 | SMA20 is falling | SMA50 is falling | Weekly EMA trend is negative | 60-day structure is not higher-highs and higher-lows | 20-day momentum is weak or exhausted | 60-day momentum is weak or exhausted | Three-month return is weak or exhausted | RSI is weak or extremely overbought | MACD is below signal,Price below SMA200 -- fighting the primary trend (-8),,short,1246.5,1202.8122696131793,43.68773038682077,1333.8754607736416,1377.5631911604623,4-10 weeks
391,PGEL.NS,5.5,avoid,13.5,8.0,0.938,True,Consumer Durables,Price is near SMA200 but primary trend is fragile | SMA50 slope is positive | ADX shows tradable trend strength | ADX is rising -- trend strength is expanding,"Price is below SMA20 or vertically stretched | Price is below SMA50 | SMA20 is falling | Weekly EMA trend is negative | 60-day structure is not higher-highs and higher-lows | 20-day momentum is weak or exhausted | 60-day momentum is weak or exhausted | Three-month return is weak or exhausted | RSI is weak or extremely overbought | MACD is below signal | Volume does not confirm, or is a blow-off",Price below SMA200 -- fighting the primary trend (-8),,short,545.0,513.8581102002839,31.141889799716058,607.2837795994321,638.4256693991482,4-10 weeks
392,ABREL.NS,5.5,avoid,18.5,13.0,0.938,True,Realty,SMA50 slope is positive | ADX trend strength is emerging | 60-day momentum is positive | Volume confirms the move,Price is below SMA20 or vertically stretched | Price is below SMA50 | Price is below SMA200 | SMA20 is falling | Weekly EMA trend is negative | 60-day structure is not higher-highs and higher-lows | ADX is falling -- trend strength is fading | 20-day momentum is weak or exhausted | Three-month return is weak or exhausted | RSI is weak or extremely overbought | MACD is below signal,Price below SMA200 -- fighting the primary trend (-8) | Fundamental junk filter: loss-making profile (-5),,short,1281.5999755859375,1197.0372183618992,84.56275722403834,1450.7254900340142,1535.2882472580525,4-10 weeks
393,RVNL.NS,5.5,avoid,13.5,8.0,0.938,True,Construction,ADX shows tradable trend strength | ADX is rising -- trend strength is expanding | Volume is normal,Price is below SMA20 or vertically stretched | Price is below SMA50 | Price is below SMA200 | SMA20 is falling | SMA50 is falling | Weekly EMA trend is negative | 60-day structure is not higher-highs and higher-lows | 20-day momentum is weak or exhausted | 60-day momentum is weak or exhausted | Three-month return is weak or exhausted | RSI is weak or extremely overbought | MACD is below signal,Price below SMA200 -- fighting the primary trend (-8),,short,204.8999938964844,194.9015624058787,9.998431490605684,224.89685687769577,234.89528836830146,4-10 weeks
394,SOBHA.NS,5.5,avoid,13.5,8.0,0.938,True,Realty,ADX shows tradable trend strength | ADX is rising -- trend strength is expanding | Volume is normal,Price is below SMA20 or vertically stretched | Price is below SMA50 | Price is below SMA200 | SMA20 is falling | SMA50 is falling | Weekly EMA trend is negative | 60-day structure is not higher-highs and higher-lows | 20-day momentum is weak or exhausted | 60-day momentum is weak or exhausted | Three-month return is weak or exhausted | RSI is weak or extremely overbought | MACD is below signal,Price below SMA200 -- fighting the primary trend (-8),,short,1216.800048828125,1149.2990017556424,67.50104707248269,1351.8021429730904,1419.303190045573,4-10 weeks
395,IRCON.NS,5.5,avoid,13.5,8.0,0.938,True,Construction,ADX shows tradable trend strength | ADX is rising -- trend strength is expanding | Volume is normal,Price is below SMA20 or vertically stretched | Price is below SMA50 | Price is below SMA200 | SMA20 is falling | SMA50 is falling | Weekly EMA trend is negative | 60-day structure is not higher-highs and higher-lows | 20-day momentum is weak or exhausted | 60-day momentum is weak or exhausted | Three-month return is weak or exhausted | RSI is weak or extremely overbought | MACD is below signal,Price below SMA200 -- fighting the primary trend (-8),,short,113.26000213623048,107.49862585076532,5.761376285465165,124.78275470716082,130.54413099262598,4-10 weeks
396,IRCTC.NS,5.5,avoid,13.5,8.0,0.938,True,Consumer Services,ADX shows tradable trend strength | ADX is rising -- trend strength is expanding | Volume is normal,Price is below SMA20 or vertically stretched | Price is below SMA50 | Price is below SMA200 | SMA20 is falling | SMA50 is falling | Weekly EMA trend is negative | 60-day structure is not higher-highs and higher-lows | 20-day momentum is weak or exhausted | 60-day momentum is weak or exhausted | Three-month return is weak or exhausted | RSI is weak or extremely overbought | MACD is below signal,Price below SMA200 -- fighting the primary trend (-8),,short,462.8999938964844,448.12251629161267,14.777477604871692,492.4549491062278,507.23242671109944,4-10 weeks
397,ITC.NS,5.5,avoid,13.5,8.0,0.938,True,Fast Moving Consumer Goods,ADX shows strong trend strength | ADX is rising -- trend strength is expanding | MACD is near a bullish cross,"Price is below SMA20 or vertically stretched | Price is below SMA50 | Price is below SMA200 | SMA20 is falling | SMA50 is falling | Weekly EMA trend is negative | 60-day structure is not higher-highs and higher-lows | 20-day momentum is weak or exhausted | 60-day momentum is weak or exhausted | Three-month return is weak or exhausted | RSI is weak or extremely overbought | Volume does not confirm, or is a blow-off",Price below SMA200 -- fighting the primary trend (-8),,short,259.8500061035156,250.3704140657517,9.47959203776391,278.80919017904347,288.28878221680736,4-10 weeks
398,DABUR.NS,5.5,avoid,13.5,8.0,0.938,True,Fast Moving Consumer Goods,ADX shows strong trend strength | ADX is rising -- trend strength is expanding | MACD is near a bullish cross,"Price is below SMA20 or vertically stretched | Price is below SMA50 | Price is below SMA200 | SMA20 is falling | SMA50 is falling | Weekly EMA trend is negative | 60-day structure is not higher-highs and higher-lows | 20-day momentum is weak or exhausted | 60-day momentum is weak or exhausted | Three-month return is weak or exhausted | RSI is weak or extremely overbought | Volume does not confirm, or is a blow-off",Price below SMA200 -- fighting the primary trend (-8),,short,376.0,363.3731833917706,12.626816608229365,401.25363321645875,413.88044982468807,4-10 weeks
399,LUPIN.NS,5.2,avoid,13.2,8.0,0.938,True,Healthcare,ADX shows strong trend strength | ADX trajectory is positive | Volume is normal,Price is below SMA20 or vertically stretched | Price is below SMA50 | Price is below SMA200 | SMA20 is falling | SMA50 is falling | Weekly EMA trend is negative | 60-day structure is not higher-highs and higher-lows | 20-day momentum is weak or exhausted | 60-day momentum is weak or exhausted | Three-month return is weak or exhausted | RSI is weak or extremely overbought | MACD is below signal,Price below SMA200 -- fighting the primary trend (-8),,short,2095.0,2013.5765948808826,81.42340511911742,2257.846810238235,2339.2702153573523,4-10 weeks
400,ABLBL.NS,5.0,avoid,13.0,8.0,0.938,True,Consumer Services,ADX shows strong trend strength | MACD is above signal,"Price is below SMA20 or vertically stretched | Price is below SMA50 | Price is below SMA200 | SMA20 is falling | SMA50 is falling | Weekly EMA trend is negative | 60-day structure is not higher-highs and higher-lows | ADX is falling -- trend strength is fading | 20-day momentum is weak or exhausted | 60-day momentum is weak or exhausted | Three-month return is weak or exhausted | RSI is weak or extremely overbought | Volume does not confirm, or is a blow-off",Price below SMA200 -- fighting the primary trend (-8),,short,83.61000061035156,79.62606860774707,3.983932002604487,91.57786461556054,95.56179661816502,4-10 weeks
401,GILLETTE.NS,5.0,avoid,13.0,8.0,0.938,True,Fast Moving Consumer Goods,Price is near SMA20 support | ADX trend strength is emerging | ADX trajectory is flat | MACD is above signal,"Price is below SMA50 | Price is below SMA200 | SMA20 is falling | SMA50 is falling | Weekly EMA trend is negative | 60-day structure is not higher-highs and higher-lows | 20-day momentum is weak or exhausted | 60-day momentum is weak or exhausted | Three-month return is weak or exhausted | RSI is weak or extremely overbought | Volume does not confirm, or is a blow-off",Price below SMA200 -- fighting the primary trend (-8),,short,7307.0,7065.212193570611,241.7878064293891,7790.575612858778,8032.363419288167,4-10 weeks
402,NAVA.NS,5.0,avoid,13.0,8.0,0.938,True,Power,Price is near SMA20 support | Price is near SMA200 but primary trend is fragile | ADX trend strength is emerging | ADX trajectory is positive | RSI is improving from a low base,"Price is below SMA50 | SMA20 is falling | SMA50 is falling | Weekly EMA trend is negative | 60-day structure is not higher-highs and higher-lows | 20-day momentum is weak or exhausted | 60-day momentum is weak or exhausted | Three-month return is weak or exhausted | MACD is below signal | Volume does not confirm, or is a blow-off",Price below SMA200 -- fighting the primary trend (-8),,short,551.8499755859375,520.9509679771932,30.899007608744366,613.6479908034262,644.5469984121706,4-10 weeks
403,WIPRO.NS,4.6,avoid,12.6,8.0,0.938,True,Information Technology,SMA50 slope is positive | ADX trend strength is emerging | ADX trajectory is positive | Volume is normal,Price is below SMA20 or vertically stretched | Price is below SMA50 | Price is below SMA200 | SMA20 is falling | Weekly EMA trend is negative | 60-day structure is not higher-highs and higher-lows | 20-day momentum is weak or exhausted | 60-day momentum is weak or exhausted | Three-month return is weak or exhausted | RSI is weak or extremely overbought | MACD is below signal,Price below SMA200 -- fighting the primary trend (-8),,short,167.39999389648438,160.0923560295982,7.3076378668861866,182.01526963025674,189.32290749714292,4-10 weeks
404,POLYCAB.NS,4.4,avoid,12.4,8.0,0.938,True,Capital Goods,Price is near SMA200 but primary trend is fragile | ADX trend strength is emerging | ADX is rising -- trend strength is expanding | Volume is normal,Price is below SMA20 or vertically stretched | Price is below SMA50 | SMA20 is falling | SMA50 is falling | Weekly EMA trend is negative | 60-day structure is not higher-highs and higher-lows | 20-day momentum is weak or exhausted | 60-day momentum is weak or exhausted | Three-month return is weak or exhausted | RSI is weak or extremely overbought | MACD is below signal,Price below SMA200 -- fighting the primary trend (-8),,short,8241.0,7803.282980607417,437.7170193925834,9116.434038785166,9554.151058177751,4-10 weeks
405,LT.NS,4.2,avoid,12.2,8.0,0.938,True,Construction,Price is testing SMA50 | Price is near SMA200 but primary trend is fragile | Weekly EMA trend is neutral | RSI is improving from a low base | Volume is normal,Price is below SMA20 or vertically stretched | SMA20 is falling | SMA50 is falling | 60-day structure is not higher-highs and higher-lows | ADX shows little trend strength | ADX is falling -- trend strength is fading | 20-day momentum is weak or exhausted | 60-day momentum is weak or exhausted | Three-month return is weak or exhausted | MACD is below signal,Price below SMA200 -- fighting the primary trend (-8),,short,3930.699951171875,3815.763492524083,114.93645864779182,4160.572868467459,4275.509327115251,4-10 weeks
406,CANFINHOME.NS,4.1,avoid,12.1,8.0,0.938,True,Financial Services,ADX trend strength is emerging | ADX trajectory is flat | Volume confirms the move,Price is below SMA20 or vertically stretched | Price is below SMA50 | Price is below SMA200 | SMA20 is falling | SMA50 is falling | Weekly EMA trend is negative | 60-day structure is not higher-highs and higher-lows | 20-day momentum is weak or exhausted | 60-day momentum is weak or exhausted | Three-month return is weak or exhausted | RSI is weak or extremely overbought | MACD is below signal,Price below SMA200 -- fighting the primary trend (-8),Lender: short-term score is technical; asset quality still needs a separate check.,short,779.75,744.4489670374779,35.30103296252202,850.352065925044,885.6530988875661,4-10 weeks
407,BRITANNIA.NS,4.0,avoid,12.0,8.0,0.938,True,Fast Moving Consumer Goods,SMA50 is flat | ADX shows strong trend strength | ADX is rising -- trend strength is expanding,"Price is below SMA20 or vertically stretched | Price is below SMA50 | Price is below SMA200 | SMA20 is falling | Weekly EMA trend is negative | 60-day structure is not higher-highs and higher-lows | 20-day momentum is weak or exhausted | 60-day momentum is weak or exhausted | Three-month return is weak or exhausted | RSI is weak or extremely overbought | MACD is below signal | Volume does not confirm, or is a blow-off",Price below SMA200 -- fighting the primary trend (-8),,short,4962.0,4765.691941793507,196.30805820649294,5354.616116412986,5550.924174619478,4-10 weeks
408,THERMAX.NS,3.9,avoid,11.9,8.0,0.938,True,Capital Goods,Price is near SMA200 but primary trend is fragile | ADX shows strong trend strength | ADX is rising -- trend strength is expanding,"Price is below SMA20 or vertically stretched | Price is below SMA50 | SMA20 is falling | SMA50 is falling | Weekly EMA trend is negative | 60-day structure is not higher-highs and higher-lows | 20-day momentum is weak or exhausted | 60-day momentum is weak or exhausted | Three-month return is weak or exhausted | RSI is weak or extremely overbought | MACD is below signal | Volume does not confirm, or is a blow-off",Price below SMA200 -- fighting the primary trend (-8),,short,3682.0,3453.4195269078546,228.58047309214567,4139.160946184291,4367.741419276437,4-10 weeks
409,SBIN.NS,3.9,avoid,11.9,8.0,0.938,True,Financial Services,Price is near SMA200 but primary trend is fragile | SMA50 is flat | ADX trend strength is emerging | ADX trajectory is positive | Volume is normal,Price is below SMA20 or vertically stretched | Price is below SMA50 | SMA20 is falling | Weekly EMA trend is negative | 60-day structure is not higher-highs and higher-lows | 20-day momentum is weak or exhausted | 60-day momentum is weak or exhausted | Three-month return is weak or exhausted | RSI is weak or extremely overbought | MACD is below signal,Price below SMA200 -- fighting the primary trend (-8),Lender: short-term score is technical; asset quality still needs a separate check.,short,995.7000122070312,961.1680721462022,34.53194006082901,1064.7638923286893,1099.2958323895182,4-10 weeks
410,WHIRLPOOL.NS,3.9,avoid,11.9,8.0,0.938,True,Consumer Durables,SMA20 is flat | SMA50 is flat | ADX trend strength is emerging | ADX trajectory is positive | RSI is improving from a low base,"Price is below SMA20 or vertically stretched | Price is below SMA50 | Price is below SMA200 | Weekly EMA trend is negative | 60-day structure is not higher-highs and higher-lows | 20-day momentum is weak or exhausted | 60-day momentum is weak or exhausted | Three-month return is weak or exhausted | MACD is below signal | Volume does not confirm, or is a blow-off",Price below SMA200 -- fighting the primary trend (-8),,short,762.3499755859375,715.9938749225217,46.35610066341573,855.062176912769,901.4182775761847,4-10 weeks
411,NATCOPHARM.NS,3.3,avoid,11.3,8.0,0.938,True,Healthcare,ADX trend strength is emerging | ADX is rising -- trend strength is expanding | Volume is normal,Price is below SMA20 or vertically stretched | Price is below SMA50 | Price is below SMA200 | SMA20 is falling | SMA50 is falling | Weekly EMA trend is negative | 60-day structure is not higher-highs and higher-lows | 20-day momentum is weak or exhausted | 60-day momentum is weak or exhausted | Three-month return is weak or exhausted | RSI is weak or extremely overbought | MACD is below signal,Price below SMA200 -- fighting the primary trend (-8),,short,815.3499755859375,771.2003215248209,44.14965406111659,903.6492837081707,947.7989377692872,4-10 weeks
412,GRAVITA.NS,3.3,avoid,11.3,8.0,0.938,True,Metals & Mining,Price is near SMA200 but primary trend is fragile | SMA50 slope is positive | Weekly EMA trend is neutral | ADX trend strength is emerging | ADX trajectory is positive,"Price is below SMA20 or vertically stretched | Price is below SMA50 | SMA20 is falling | 60-day structure is not higher-highs and higher-lows | 20-day momentum is weak or exhausted | 60-day momentum is weak or exhausted | Three-month return is weak or exhausted | RSI is weak or extremely overbought | MACD is below signal | Volume does not confirm, or is a blow-off",Price below SMA200 -- fighting the primary trend (-8),,short,1668.199951171875,1569.6980250023748,98.50192616950017,1865.2038035108753,1963.7057296803755,4-10 weeks
413,GODREJCP.NS,2.9,avoid,10.9,8.0,0.938,True,Fast Moving Consumer Goods,ADX shows strong trend strength | ADX is rising -- trend strength is expanding,"Price is below SMA20 or vertically stretched | Price is below SMA50 | Price is below SMA200 | SMA20 is falling | SMA50 is falling | Weekly EMA trend is negative | 60-day structure is not higher-highs and higher-lows | 20-day momentum is weak or exhausted | 60-day momentum is weak or exhausted | Three-month return is weak or exhausted | RSI is weak or extremely overbought | MACD is below signal | Volume does not confirm, or is a blow-off",Price below SMA200 -- fighting the primary trend (-8),,short,865.0,825.3738530109579,39.62614698904213,944.2522939780843,983.8784409671264,4-10 weeks
414,SHREECEM.NS,2.9,avoid,10.9,8.0,0.938,True,Construction Materials,ADX shows strong trend strength | ADX is rising -- trend strength is expanding,"Price is below SMA20 or vertically stretched | Price is below SMA50 | Price is below SMA200 | SMA20 is falling | SMA50 is falling | Weekly EMA trend is negative | 60-day structure is not higher-highs and higher-lows | 20-day momentum is weak or exhausted | 60-day momentum is weak or exhausted | Three-month return is weak or exhausted | RSI is weak or extremely overbought | MACD is below signal | Volume does not confirm, or is a blow-off",Price below SMA200 -- fighting the primary trend (-8),,short,22570.0,21555.95915480301,1014.0408451969882,24598.081690393978,25612.122535590963,4-10 weeks
415,ZEEL.NS,2.9,avoid,10.9,8.0,0.938,True,Media Entertainment & Publication,ADX shows strong trend strength | ADX is rising -- trend strength is expanding,"Price is below SMA20 or vertically stretched | Price is below SMA50 | Price is below SMA200 | SMA20 is falling | SMA50 is falling | Weekly EMA trend is negative | 60-day structure is not higher-highs and higher-lows | 20-day momentum is weak or exhausted | 60-day momentum is weak or exhausted | Three-month return is weak or exhausted | RSI is weak or extremely overbought | MACD is below signal | Volume does not confirm, or is a blow-off",Price below SMA200 -- fighting the primary trend (-8),,short,79.36000061035156,70.39806205294667,8.961938557404885,97.28387772516133,106.24581628256621,4-10 weeks
416,ICICIPRULI.NS,2.8,avoid,10.8,8.0,0.938,True,Financial Services,SMA50 is flat | ADX trend strength is emerging | ADX trajectory is positive | Volume is normal,Price is below SMA20 or vertically stretched | Price is below SMA50 | Price is below SMA200 | SMA20 is falling | Weekly EMA trend is negative | 60-day structure is not higher-highs and higher-lows | 20-day momentum is weak or exhausted | 60-day momentum is weak or exhausted | Three-month return is weak or exhausted | RSI is weak or extremely overbought | MACD is below signal,Price below SMA200 -- fighting the primary trend (-8),,short,471.5,443.4486589804073,28.05134101959271,527.6026820391854,555.6540230587781,4-10 weeks
417,AAVAS.NS,2.8,avoid,10.8,8.0,0.938,True,Financial Services,ADX trend strength is emerging | ADX trajectory is flat | MACD is above signal,"Price is below SMA20 or vertically stretched | Price is below SMA50 | Price is below SMA200 | SMA20 is falling | SMA50 is falling | Weekly EMA trend is negative | 60-day structure is not higher-highs and higher-lows | 20-day momentum is weak or exhausted | 60-day momentum is weak or exhausted | Three-month return is weak or exhausted | RSI is weak or extremely overbought | Volume does not confirm, or is a blow-off",Price below SMA200 -- fighting the primary trend (-8),Lender: short-term score is technical; asset quality still needs a separate check.,short,1275.0999755859375,1200.1041258565801,74.99584972935729,1425.091675044652,1500.0875247740094,4-10 weeks
418,TRENT.NS,2.7,avoid,10.7,8.0,0.938,True,Consumer Services,Price is near SMA200 but primary trend is fragile | ADX trend strength is emerging | ADX trajectory is positive | Volume is normal,Price is below SMA20 or vertically stretched | Price is below SMA50 | SMA20 is falling | SMA50 is falling | Weekly EMA trend is negative | 60-day structure is not higher-highs and higher-lows | 20-day momentum is weak or exhausted | 60-day momentum is weak or exhausted | Three-month return is weak or exhausted | RSI is weak or extremely overbought | MACD is below signal,Price below SMA200 -- fighting the primary trend (-8),,short,2802.39990234375,2687.2333411429177,115.16656120083242,3032.7330247454147,3147.8995859462475,4-10 weeks
419,CAMS.NS,2.7,avoid,10.7,8.0,0.938,True,Financial Services,Price is near SMA200 but primary trend is fragile | ADX trend strength is emerging | ADX trajectory is positive | Volume is normal,Price is below SMA20 or vertically stretched | Price is below SMA50 | SMA20 is falling | SMA50 is falling | Weekly EMA trend is negative | 60-day structure is not higher-highs and higher-lows | 20-day momentum is weak or exhausted | 60-day momentum is weak or exhausted | Three-month return is weak or exhausted | RSI is weak or extremely overbought | MACD is below signal,Price below SMA200 -- fighting the primary trend (-8),,short,711.0,670.5879322729136,40.4120677270864,791.8241354541728,832.2362031812593,4-10 weeks
420,MMTC.NS,2.6,avoid,10.6,8.0,0.938,True,Services,Price is testing SMA50 | Price is near SMA200 but primary trend is fragile | ADX trajectory is flat | RSI is improving from a low base | MACD is near a bullish cross,"Price is below SMA20 or vertically stretched | SMA20 is falling | SMA50 is falling | Weekly EMA trend is negative | 60-day structure is not higher-highs and higher-lows | ADX shows little trend strength | 20-day momentum is weak or exhausted | 60-day momentum is weak or exhausted | Three-month return is weak or exhausted | Volume does not confirm, or is a blow-off",Price below SMA200 -- fighting the primary trend (-8),,short,61.91999816894531,58.679474732457315,3.240523436487999,68.40104504192131,71.64156847840931,4-10 weeks
421,NMDC.NS,2.5,avoid,10.5,8.0,0.938,True,Metals & Mining,Price is testing SMA50 | Price is near SMA200 but primary trend is fragile | SMA20 is flat | SMA50 is flat | Weekly EMA trend is neutral | RSI is improving from a low base,"Price is below SMA20 or vertically stretched | 60-day structure is not higher-highs and higher-lows | ADX shows little trend strength | ADX is falling -- trend strength is fading | 20-day momentum is weak or exhausted | 60-day momentum is weak or exhausted | Three-month return is weak or exhausted | MACD is below signal | Volume does not confirm, or is a blow-off",Price below SMA200 -- fighting the primary trend (-8),,short,82.4000015258789,78.42791802281458,3.9720835030643262,90.34416853200756,94.31625203507188,4-10 weeks
422,INFY.NS,2.3,avoid,10.3,8.0,0.938,True,Information Technology,SMA50 slope is positive | ADX trend strength is emerging | ADX is rising -- trend strength is expanding,"Price is below SMA20 or vertically stretched | Price is below SMA50 | Price is below SMA200 | SMA20 is falling | Weekly EMA trend is negative | 60-day structure is not higher-highs and higher-lows | 20-day momentum is weak or exhausted | 60-day momentum is weak or exhausted | Three-month return is weak or exhausted | RSI is weak or extremely overbought | MACD is below signal | Volume does not confirm, or is a blow-off",Price below SMA200 -- fighting the primary trend (-8),,short,1037.699951171875,981.2990165259142,56.400934645960724,1150.5018204637965,1206.9027551097572,4-10 weeks
423,SCHAEFFLER.NS,2.3,avoid,10.3,8.0,0.938,True,Automobile and Auto Components,Price is near SMA20 support | Price is testing SMA50 | Price is near SMA200 but primary trend is fragile | Weekly EMA trend is neutral | ADX trajectory is positive,"SMA20 is falling | SMA50 is falling | 60-day structure is not higher-highs and higher-lows | ADX shows little trend strength | 20-day momentum is weak or exhausted | 60-day momentum is weak or exhausted | Three-month return is weak or exhausted | RSI is weak or extremely overbought | MACD is below signal | Volume does not confirm, or is a blow-off",Price below SMA200 -- fighting the primary trend (-8),,short,3950.5,3787.8154724851247,162.6845275148751,4275.869055029751,4438.553582544625,4-10 weeks
424,AWL.NS,2.3,avoid,10.3,8.0,0.938,True,Fast Moving Consumer Goods,SMA50 slope is positive | 60-day structure is higher-highs and higher-lows | ADX trend strength is emerging,"Price is below SMA20 or vertically stretched | Price is below SMA50 | Price is below SMA200 | SMA20 is falling | Weekly EMA trend is negative | ADX is falling -- trend strength is fading | 20-day momentum is weak or exhausted | 60-day momentum is weak or exhausted | Three-month return is weak or exhausted | RSI is weak or extremely overbought | MACD is below signal | Volume does not confirm, or is a blow-off",Price below SMA200 -- fighting the primary trend (-8),,short,185.0200042724609,175.70913247343609,9.310871799024813,203.64174787051053,212.95261966953535,4-10 weeks
425,HEXT.NS,2.3,avoid,10.3,8.0,0.938,True,Information Technology,SMA50 slope is positive | ADX trend strength is emerging | ADX is rising -- trend strength is expanding,"Price is below SMA20 or vertically stretched | Price is below SMA50 | Price is below SMA200 | SMA20 is falling | Weekly EMA trend is negative | 60-day structure is not higher-highs and higher-lows | 20-day momentum is weak or exhausted | 60-day momentum is weak or exhausted | Three-month return is weak or exhausted | RSI is weak or extremely overbought | MACD is below signal | Volume does not confirm, or is a blow-off",Price below SMA200 -- fighting the primary trend (-8),,short,497.0499877929688,462.90060032017897,34.149387472789854,565.3487627385485,599.4981502113384,4-10 weeks
426,LEMONTREE.NS,2.0,avoid,10.0,8.0,0.938,True,Consumer Services,ADX trend strength is emerging | ADX is rising -- trend strength is expanding | MACD is near a bullish cross,"Price is below SMA20 or vertically stretched | Price is below SMA50 | Price is below SMA200 | SMA20 is falling | SMA50 is falling | Weekly EMA trend is negative | 60-day structure is not higher-highs and higher-lows | 20-day momentum is weak or exhausted | 60-day momentum is weak or exhausted | Three-month return is weak or exhausted | RSI is weak or extremely overbought | Volume does not confirm, or is a blow-off",Price below SMA200 -- fighting the primary trend (-8),,short,104.77999877929688,100.51345252826367,4.266546251033205,113.31309128136328,117.57963753239649,4-10 weeks
427,IREDA.NS,1.9,avoid,9.9,8.0,0.938,True,Financial Services,ADX trend strength is emerging | ADX trajectory is flat | MACD is near a bullish cross | Volume is normal,Price is below SMA20 or vertically stretched | Price is below SMA50 | Price is below SMA200 | SMA20 is falling | SMA50 is falling | Weekly EMA trend is negative | 60-day structure is not higher-highs and higher-lows | 20-day momentum is weak or exhausted | 60-day momentum is weak or exhausted | Three-month return is weak or exhausted | RSI is weak or extremely overbought,Price below SMA200 -- fighting the primary trend (-8),Lender: short-term score is technical; asset quality still needs a separate check.,short,111.70999908447266,107.55222156962117,4.157777514851495,120.02555411417565,124.18333162902714,4-10 weeks
428,DEEPAKNTR.NS,1.9,avoid,9.9,8.0,0.938,True,Chemicals,Price is near SMA200 but primary trend is fragile | SMA50 slope is positive | ADX trend strength is emerging | Volume is normal,Price is below SMA20 or vertically stretched | Price is below SMA50 | SMA20 is falling | Weekly EMA trend is negative | 60-day structure is not higher-highs and higher-lows | ADX is falling -- trend strength is fading | 20-day momentum is weak or exhausted | 60-day momentum is weak or exhausted | Three-month return is weak or exhausted | RSI is weak or extremely overbought | MACD is below signal,Price below SMA200 -- fighting the primary trend (-8),,short,1587.800048828125,1483.501565125519,104.29848370260608,1796.3970162333371,1900.6954999359432,4-10 weeks
429,DCMSHRIRAM.NS,1.7,avoid,9.7,8.0,0.938,True,Diversified,Price is testing SMA50 | SMA20 is flat | SMA50 is flat | ADX trend strength is emerging | RSI is improving from a low base,"Price is below SMA20 or vertically stretched | Price is below SMA200 | Weekly EMA trend is negative | 60-day structure is not higher-highs and higher-lows | ADX is falling -- trend strength is fading | 20-day momentum is weak or exhausted | 60-day momentum is weak or exhausted | Three-month return is weak or exhausted | MACD is below signal | Volume does not confirm, or is a blow-off",Price below SMA200 -- fighting the primary trend (-8),,short,1000.0,947.0637122652752,52.93628773472482,1105.8725754694497,1158.8088632041745,4-10 weeks
430,GRSE.NS,1.7,avoid,9.7,8.0,0.938,True,Capital Goods,ADX trend strength is emerging | ADX trajectory is positive | Volume is normal,Price is below SMA20 or vertically stretched | Price is below SMA50 | Price is below SMA200 | SMA20 is falling | SMA50 is falling | Weekly EMA trend is negative | 60-day structure is not higher-highs and higher-lows | 20-day momentum is weak or exhausted | 60-day momentum is weak or exhausted | Three-month return is weak or exhausted | RSI is weak or extremely overbought | MACD is below signal,Price below SMA200 -- fighting the primary trend (-8),,short,2427.5,2299.681327270702,127.8186727292981,2683.1373454585964,2810.956018187894,4-10 weeks
431,ASTRAL.NS,1.6,avoid,9.6,8.0,0.938,True,Capital Goods,Price is testing SMA50 | SMA20 is rising | SMA50 slope is positive | ADX trend strength is emerging,"Price is below SMA20 or vertically stretched | Price is below SMA200 | Weekly EMA trend is negative | 60-day structure is not higher-highs and higher-lows | ADX is falling -- trend strength is fading | 20-day momentum is weak or exhausted | 60-day momentum is weak or exhausted | Three-month return is weak or exhausted | RSI is weak or extremely overbought | MACD is below signal | Volume does not confirm, or is a blow-off",Price below SMA200 -- fighting the primary trend (-8),,short,1411.4000244140625,1340.756360622281,70.64366379178153,1552.6873519976257,1623.331015789407,4-10 weeks
432,CEATLTD.NS,1.5,avoid,9.5,8.0,0.938,True,Automobile and Auto Components,ADX shows tradable trend strength | ADX is rising -- trend strength is expanding,"Price is below SMA20 or vertically stretched | Price is below SMA50 | Price is below SMA200 | SMA20 is falling | SMA50 is falling | Weekly EMA trend is negative | 60-day structure is not higher-highs and higher-lows | 20-day momentum is weak or exhausted | 60-day momentum is weak or exhausted | Three-month return is weak or exhausted | RSI is weak or extremely overbought | MACD is below signal | Volume does not confirm, or is a blow-off",Price below SMA200 -- fighting the primary trend (-8),,short,3278.5,3133.459260103033,145.04073989696687,3568.581479793934,3713.6222196909007,4-10 weeks
433,VOLTAS.NS,1.5,avoid,9.5,8.0,0.938,True,Consumer Durables,ADX shows tradable trend strength | ADX is rising -- trend strength is expanding,"Price is below SMA20 or vertically stretched | Price is below SMA50 | Price is below SMA200 | SMA20 is falling | SMA50 is falling | Weekly EMA trend is negative | 60-day structure is not higher-highs and higher-lows | 20-day momentum is weak or exhausted | 60-day momentum is weak or exhausted | Three-month return is weak or exhausted | RSI is weak or extremely overbought | MACD is below signal | Volume does not confirm, or is a blow-off",Price below SMA200 -- fighting the primary trend (-8),,short,1165.0,1108.0114710825544,56.98852891744557,1278.9770578348912,1335.9655867523368,4-10 weeks
434,BLS.NS,1.5,avoid,9.5,8.0,0.938,True,Consumer Services,60-day structure is higher-highs and higher-lows | ADX shows tradable trend strength,"Price is below SMA20 or vertically stretched | Price is below SMA50 | Price is below SMA200 | SMA20 is falling | SMA50 is falling | Weekly EMA trend is negative | ADX is falling -- trend strength is fading | 20-day momentum is weak or exhausted | 60-day momentum is weak or exhausted | Three-month return is weak or exhausted | RSI is weak or extremely overbought | MACD is below signal | Volume does not confirm, or is a blow-off",Price below SMA200 -- fighting the primary trend (-8),,short,231.5800018310547,216.44414015155417,15.135861679500508,261.85172519005573,276.9875868695562,4-10 weeks
435,VEDL.NS,1.5,avoid,9.5,8.0,0.938,True,Metals & Mining,Price is testing SMA50 | RSI is improving from a low base | Volume is normal,Price is below SMA20 or vertically stretched | Price is below SMA200 | SMA20 is falling | SMA50 is falling | Weekly EMA trend is negative | 60-day structure is not higher-highs and higher-lows | ADX shows little trend strength | ADX is falling -- trend strength is fading | 20-day momentum is weak or exhausted | 60-day momentum is weak or exhausted | Three-month return is weak or exhausted | MACD is below signal,Price below SMA200 -- fighting the primary trend (-8),,short,263.70001220703125,248.03391386695534,15.666098340075902,295.03220888718306,310.69830722725897,4-10 weeks
436,MAZDOCK.NS,1.5,avoid,9.5,8.0,0.938,True,Capital Goods,Price is near SMA200 but primary trend is fragile | SMA50 is flat | 60-day structure is higher-highs and higher-lows | ADX trend strength is emerging,"Price is below SMA20 or vertically stretched | Price is below SMA50 | SMA20 is falling | Weekly EMA trend is negative | ADX is falling -- trend strength is fading | 20-day momentum is weak or exhausted | 60-day momentum is weak or exhausted | Three-month return is weak or exhausted | RSI is weak or extremely overbought | MACD is below signal | Volume does not confirm, or is a blow-off",Price below SMA200 -- fighting the primary trend (-8),,short,2339.0,2220.003625194795,118.996374805205,2576.99274961041,2695.989124415615,4-10 weeks
437,ICICIGI.NS,1.5,avoid,9.5,8.0,0.938,True,Financial Services,ADX shows tradable trend strength | ADX is rising -- trend strength is expanding,"Price is below SMA20 or vertically stretched | Price is below SMA50 | Price is below SMA200 | SMA20 is falling | SMA50 is falling | Weekly EMA trend is negative | 60-day structure is not higher-highs and higher-lows | 20-day momentum is weak or exhausted | 60-day momentum is weak or exhausted | Three-month return is weak or exhausted | RSI is weak or extremely overbought | MACD is below signal | Volume does not confirm, or is a blow-off",Price below SMA200 -- fighting the primary trend (-8),,short,1459.800048828125,1396.922348005026,62.8777008230991,1585.5554504743232,1648.4331512974222,4-10 weeks
438,EMAMILTD.NS,1.5,avoid,9.5,8.0,0.938,True,Fast Moving Consumer Goods,ADX shows tradable trend strength | ADX is rising -- trend strength is expanding,"Price is below SMA20 or vertically stretched | Price is below SMA50 | Price is below SMA200 | SMA20 is falling | SMA50 is falling | Weekly EMA trend is negative | 60-day structure is not higher-highs and higher-lows | 20-day momentum is weak or exhausted | 60-day momentum is weak or exhausted | Three-month return is weak or exhausted | RSI is weak or extremely overbought | MACD is below signal | Volume does not confirm, or is a blow-off",Price below SMA200 -- fighting the primary trend (-8),,short,363.7999877929688,342.43628692623065,21.363700866738164,406.5273895264451,427.8910903931833,4-10 weeks
439,LINDEINDIA.NS,1.5,avoid,9.5,8.0,0.938,True,Chemicals,ADX shows tradable trend strength | ADX is rising -- trend strength is expanding,"Price is below SMA20 or vertically stretched | Price is below SMA50 | Price is below SMA200 | SMA20 is falling | SMA50 is falling | Weekly EMA trend is negative | 60-day structure is not higher-highs and higher-lows | 20-day momentum is weak or exhausted | 60-day momentum is weak or exhausted | Three-month return is weak or exhausted | RSI is weak or extremely overbought | MACD is below signal | Volume does not confirm, or is a blow-off",Price below SMA200 -- fighting the primary trend (-8),,short,6227.5,5933.351831380983,294.148168619017,6815.796337238034,7109.944505857051,4-10 weeks
440,JKTYRE.NS,1.5,avoid,9.5,8.0,0.938,True,Automobile and Auto Components,ADX shows tradable trend strength | ADX is rising -- trend strength is expanding,"Price is below SMA20 or vertically stretched | Price is below SMA50 | Price is below SMA200 | SMA20 is falling | SMA50 is falling | Weekly EMA trend is negative | 60-day structure is not higher-highs and higher-lows | 20-day momentum is weak or exhausted | 60-day momentum is weak or exhausted | Three-month return is weak or exhausted | RSI is weak or extremely overbought | MACD is below signal | Volume does not confirm, or is a blow-off",Price below SMA200 -- fighting the primary trend (-8),,short,353.95001220703125,338.5959283957183,15.35408381131296,384.6581798296572,400.0122636409701,4-10 weeks
441,IGIL.NS,1.5,avoid,9.5,8.0,0.938,True,Services,ADX shows tradable trend strength | ADX is rising -- trend strength is expanding,"Price is below SMA20 or vertically stretched | Price is below SMA50 | Price is below SMA200 | SMA20 is falling | SMA50 is falling | Weekly EMA trend is negative | 60-day structure is not higher-highs and higher-lows | 20-day momentum is weak or exhausted | 60-day momentum is weak or exhausted | Three-month return is weak or exhausted | RSI is weak or extremely overbought | MACD is below signal | Volume does not confirm, or is a blow-off",Price below SMA200 -- fighting the primary trend (-8),,short,314.29998779296875,294.1724375243774,20.12755026859135,354.5550883301514,374.6826385987428,4-10 weeks
442,CANBK.NS,1.3,avoid,9.3,8.0,0.938,True,Financial Services,Price is testing SMA50 | ADX trajectory is positive | Volume is normal,Price is below SMA20 or vertically stretched | Price is below SMA200 | SMA20 is falling | SMA50 is falling | Weekly EMA trend is negative | 60-day structure is not higher-highs and higher-lows | ADX shows little trend strength | 20-day momentum is weak or exhausted | 60-day momentum is weak or exhausted | Three-month return is weak or exhausted | RSI is weak or extremely overbought | MACD is below signal,Price below SMA200 -- fighting the primary trend (-8),Lender: short-term score is technical; asset quality still needs a separate check.,short,124.0,119.15271109235707,4.847288907642931,133.69457781528587,138.5418667229288,4-10 weeks
443,COLPAL.NS,1.2,avoid,9.2,8.0,0.938,True,Fast Moving Consumer Goods,ADX shows strong trend strength | ADX trajectory is positive,"Price is below SMA20 or vertically stretched | Price is below SMA50 | Price is below SMA200 | SMA20 is falling | SMA50 is falling | Weekly EMA trend is negative | 60-day structure is not higher-highs and higher-lows | 20-day momentum is weak or exhausted | 60-day momentum is weak or exhausted | Three-month return is weak or exhausted | RSI is weak or extremely overbought | MACD is below signal | Volume does not confirm, or is a blow-off",Price below SMA200 -- fighting the primary trend (-8),,short,1797.4000244140625,1725.3001472987512,72.09987711531137,1941.5997786446853,2013.6996557599966,4-10 weeks
444,SBILIFE.NS,1.2,avoid,9.2,8.0,0.938,True,Financial Services,ADX shows strong trend strength | ADX trajectory is positive,"Price is below SMA20 or vertically stretched | Price is below SMA50 | Price is below SMA200 | SMA20 is falling | SMA50 is falling | Weekly EMA trend is negative | 60-day structure is not higher-highs and higher-lows | 20-day momentum is weak or exhausted | 60-day momentum is weak or exhausted | Three-month return is weak or exhausted | RSI is weak or extremely overbought | MACD is below signal | Volume does not confirm, or is a blow-off",Price below SMA200 -- fighting the primary trend (-8),,short,1684.699951171875,1616.011763707945,68.68818746392998,1822.076326099735,1890.7645135636649,4-10 weeks
445,HDBFS.NS,1.1,avoid,9.1,8.0,0.938,True,Financial Services,Price is near SMA200 but primary trend is fragile | SMA20 is flat | Weekly EMA trend is neutral | ADX trajectory is flat | RSI is improving from a low base,"Price is below SMA20 or vertically stretched | Price is below SMA50 | SMA50 is falling | 60-day structure is not higher-highs and higher-lows | ADX shows little trend strength | 20-day momentum is weak or exhausted | 60-day momentum is weak or exhausted | Three-month return is weak or exhausted | MACD is below signal | Volume does not confirm, or is a blow-off",Price below SMA200 -- fighting the primary trend (-8),Lender: short-term score is technical; asset quality still needs a separate check.,short,669.2000122070312,640.2002463156321,28.999765891399168,727.1995439898296,756.1993098812287,4-10 weeks
446,RELIANCE.NS,0.9,avoid,8.9,8.0,0.938,True,Oil Gas & Consumable Fuels,SMA50 is flat | ADX trajectory is positive | Volume is normal,Price is below SMA20 or vertically stretched | Price is below SMA50 | Price is below SMA200 | SMA20 is falling | Weekly EMA trend is negative | 60-day structure is not higher-highs and higher-lows | ADX shows little trend strength | 20-day momentum is weak or exhausted | 60-day momentum is weak or exhausted | Three-month return is weak or exhausted | RSI is weak or extremely overbought | MACD is below signal,Price below SMA200 -- fighting the primary trend (-8),,short,1257.5,1215.2605914376927,42.239408562307254,1341.9788171246146,1384.2182256869219,4-10 weeks
447,ATGL.NS,0.4,avoid,8.4,8.0,0.938,True,Oil Gas & Consumable Fuels,Price is near SMA200 but primary trend is fragile | ADX trend strength is emerging | ADX is rising -- trend strength is expanding,"Price is below SMA20 or vertically stretched | Price is below SMA50 | SMA20 is falling | SMA50 is falling | Weekly EMA trend is negative | 60-day structure is not higher-highs and higher-lows | 20-day momentum is weak or exhausted | 60-day momentum is weak or exhausted | Three-month return is weak or exhausted | RSI is weak or extremely overbought | MACD is below signal | Volume does not confirm, or is a blow-off",Price below SMA200 -- fighting the primary trend (-8),,short,594.7999877929688,564.9285877671522,29.871400025816598,654.5427878446019,684.4141878704186,4-10 weeks
448,MRF.NS,0.3,avoid,8.3,8.0,0.938,True,Automobile and Auto Components,SMA50 slope is positive | Weekly EMA trend is neutral | ADX trajectory is positive,"Price is below SMA20 or vertically stretched | Price is below SMA50 | Price is below SMA200 | SMA20 is falling | 60-day structure is not higher-highs and higher-lows | ADX shows little trend strength | 20-day momentum is weak or exhausted | 60-day momentum is weak or exhausted | Three-month return is weak or exhausted | RSI is weak or extremely overbought | MACD is below signal | Volume does not confirm, or is a blow-off",Price below SMA200 -- fighting the primary trend (-8),,short,128290.0,124362.4425891882,3927.5574108117953,136145.1148216236,140072.67223243538,4-10 weeks
449,SIGNATURE.NS,0.3,avoid,8.3,8.0,0.938,True,Realty,SMA50 slope is positive | ADX trajectory is flat | Volume is normal,Price is below SMA20 or vertically stretched | Price is below SMA50 | Price is below SMA200 | SMA20 is falling | Weekly EMA trend is negative | 60-day structure is not higher-highs and higher-lows | ADX shows little trend strength | 20-day momentum is weak or exhausted | 60-day momentum is weak or exhausted | Three-month return is weak or exhausted | RSI is weak or extremely overbought | MACD is below signal,Price below SMA200 -- fighting the primary trend (-8),,short,760.8499755859375,715.3764197700291,45.47355581590837,851.7970872177542,897.2706430336626,4-10 weeks
450,ATUL.NS,0.1,avoid,8.1,8.0,0.938,True,Chemicals,Price is near SMA200 but primary trend is fragile | SMA50 is flat | ADX trend strength is emerging | Volume is normal,Price is below SMA20 or vertically stretched | Price is below SMA50 | SMA20 is falling | Weekly EMA trend is negative | 60-day structure is not higher-highs and higher-lows | ADX is falling -- trend strength is fading | 20-day momentum is weak or exhausted | 60-day momentum is weak or exhausted | Three-month return is weak or exhausted | RSI is weak or extremely overbought | MACD is below signal,Price below SMA200 -- fighting the primary trend (-8),,short,6244.5,5939.229560036658,305.2704399633419,6855.040879926684,7160.3113198900255,4-10 weeks
451,AIAENG.NS,0.0,avoid,4.3,8.0,0.938,True,Capital Goods,Price is near SMA200 but primary trend is fragile | ADX trend strength is emerging | ADX trajectory is flat,"Price is below SMA20 or vertically stretched | Price is below SMA50 | SMA20 is falling | SMA50 is falling | Weekly EMA trend is negative | 60-day structure is not higher-highs and higher-lows | 20-day momentum is weak or exhausted | 60-day momentum is weak or exhausted | Three-month return is weak or exhausted | RSI is weak or extremely overbought | MACD is below signal | Volume does not confirm, or is a blow-off",Price below SMA200 -- fighting the primary trend (-8),,short,4096.60009765625,3873.6100871337653,222.99001052248448,4542.580118701219,4765.570129223704,4-10 weeks
452,AMBUJACEM.NS,0.0,avoid,7.3,8.0,0.938,True,Construction Materials,ADX trend strength is emerging | ADX is rising -- trend strength is expanding,"Price is below SMA20 or vertically stretched | Price is below SMA50 | Price is below SMA200 | SMA20 is falling | SMA50 is falling | Weekly EMA trend is negative | 60-day structure is not higher-highs and higher-lows | 20-day momentum is weak or exhausted | 60-day momentum is weak or exhausted | Three-month return is weak or exhausted | RSI is weak or extremely overbought | MACD is below signal | Volume does not confirm, or is a blow-off",Price below SMA200 -- fighting the primary trend (-8),,short,391.8500061035156,376.9998003476866,14.850205755829048,421.5504176151737,436.4006233710028,4-10 weeks
453,NTPCGREEN.NS,0.0,avoid,7.3,8.0,0.938,True,Power,ADX trend strength is emerging | ADX is rising -- trend strength is expanding,"Price is below SMA20 or vertically stretched | Price is below SMA50 | Price is below SMA200 | SMA20 is falling | SMA50 is falling | Weekly EMA trend is negative | 60-day structure is not higher-highs and higher-lows | 20-day momentum is weak or exhausted | 60-day momentum is weak or exhausted | Three-month return is weak or exhausted | RSI is weak or extremely overbought | MACD is below signal | Volume does not confirm, or is a blow-off",Price below SMA200 -- fighting the primary trend (-8),,short,86.94000244140625,84.29733374423765,2.6426686971686,92.22533983574345,94.86800853291206,4-10 weeks
454,RAILTEL.NS,0.0,avoid,3.3,8.0,0.938,True,Telecommunication,ADX trend strength is emerging | ADX trajectory is flat,"Price is below SMA20 or vertically stretched | Price is below SMA50 | Price is below SMA200 | SMA20 is falling | SMA50 is falling | Weekly EMA trend is negative | 60-day structure is not higher-highs and higher-lows | 20-day momentum is weak or exhausted | 60-day momentum is weak or exhausted | Three-month return is weak or exhausted | RSI is weak or extremely overbought | MACD is below signal | Volume does not confirm, or is a blow-off",Price below SMA200 -- fighting the primary trend (-8),,short,259.8999938964844,247.37502877760616,12.524965118878217,284.9499241342408,297.47488925311904,4-10 weeks
455,OLECTRA.NS,0.0,avoid,2.4,8.0,0.938,True,Automobile and Auto Components,Price is near SMA200 but primary trend is fragile | ADX trajectory is flat,"Price is below SMA20 or vertically stretched | Price is below SMA50 | SMA20 is falling | SMA50 is falling | Weekly EMA trend is negative | 60-day structure is not higher-highs and higher-lows | ADX shows little trend strength | 20-day momentum is weak or exhausted | 60-day momentum is weak or exhausted | Three-month return is weak or exhausted | RSI is weak or extremely overbought | MACD is below signal | Volume does not confirm, or is a blow-off",Price below SMA200 -- fighting the primary trend (-8),,short,1209.5,1133.6670883287406,75.8329116712594,1361.1658233425187,1436.998735013778,4-10 weeks
456,CESC.NS,0.0,avoid,3.8,8.0,0.938,True,Power,ADX trajectory is positive,"Price is below SMA20 or vertically stretched | Price is below SMA50 | Price is below SMA200 | SMA20 is falling | SMA50 is falling | Weekly EMA trend is negative | 60-day structure is not higher-highs and higher-lows | ADX shows little trend strength | 20-day momentum is weak or exhausted | 60-day momentum is weak or exhausted | Three-month return is weak or exhausted | RSI is weak or extremely overbought | MACD is below signal | Volume does not confirm, or is a blow-off",Price below SMA200 -- fighting the primary trend (-8),,short,145.3699951171875,137.72273263770523,7.647262479482261,160.66452007615203,168.3117825556343,4-10 weeks
457,PIIND.NS,0.0,avoid,9.2,15.0,0.938,True,Chemicals,ADX shows strong trend strength | ADX trajectory is positive,"Price is below SMA20 or vertically stretched | Price is below SMA50 | Price is below SMA200 | SMA20 is falling | SMA50 is falling | Weekly EMA trend is negative | 60-day structure is not higher-highs and higher-lows | 20-day momentum is weak or exhausted | 60-day momentum is weak or exhausted | Three-month return is weak or exhausted | RSI is weak or extremely overbought | MACD is below signal | Volume does not confirm, or is a blow-off",Blow-off volume above 3x 20-day average -- possible exhaustion (-7) | Price below SMA200 -- fighting the primary trend (-8),,short,2259.0,2133.823610042949,125.17638995705087,2509.3527799141016,2634.5291698711526,4-10 weeks
458,UBL.NS,0.0,avoid,10.9,15.0,0.938,True,Fast Moving Consumer Goods,ADX shows strong trend strength | ADX is rising -- trend strength is expanding,"Price is below SMA20 or vertically stretched | Price is below SMA50 | Price is below SMA200 | SMA20 is falling | SMA50 is falling | Weekly EMA trend is negative | 60-day structure is not higher-highs and higher-lows | 20-day momentum is weak or exhausted | 60-day momentum is weak or exhausted | Three-month return is weak or exhausted | RSI is weak or extremely overbought | MACD is below signal | Volume does not confirm, or is a blow-off",Blow-off volume above 3x 20-day average -- possible exhaustion (-7) | Price below SMA200 -- fighting the primary trend (-8),,short,1256.0999755859375,1193.6280101714935,62.47196541444385,1381.0439064148252,1443.5158718292691,4-10 weeks
459,BSOFT.NS,0.0,avoid,3.0,15.0,0.938,True,Information Technology,SMA50 is flat | ADX trend strength is emerging,"Price is below SMA20 or vertically stretched | Price is below SMA50 | Price is below SMA200 | SMA20 is falling | Weekly EMA trend is negative | 60-day structure is not higher-highs and higher-lows | ADX is falling -- trend strength is fading | 20-day momentum is weak or exhausted | 60-day momentum is weak or exhausted | Three-month return is weak or exhausted | RSI is weak or extremely overbought | MACD is below signal | Volume does not confirm, or is a blow-off",Blow-off volume above 3x 20-day average -- possible exhaustion (-7) | Price below SMA200 -- fighting the primary trend (-8),,short,281.6499938964844,263.00426143865104,18.645732457833322,318.94145881215104,337.5871912699844,4-10 weeks
460,APOLLOTYRE.NS,0.0,avoid,6.0,8.0,0.938,True,Automobile and Auto Components,SMA50 is flat | Weekly EMA trend is neutral | ADX trend strength is emerging | ADX trajectory is flat,"Price is below SMA20 or vertically stretched | Price is below SMA50 | Price is below SMA200 | SMA20 is falling | 60-day structure is not higher-highs and higher-lows | 20-day momentum is weak or exhausted | 60-day momentum is weak or exhausted | Three-month return is weak or exhausted | RSI is weak or extremely overbought | MACD is below signal | Volume does not confirm, or is a blow-off",Price below SMA200 -- fighting the primary trend (-8),,short,417.6499938964844,397.6532055031794,19.99678839330502,457.6435706830944,477.6403590763994,4-10 weeks
461,TRIDENT.NS,0.0,avoid,8.0,8.0,0.938,True,Textiles,ADX trajectory is flat | MACD is near a bullish cross | Volume is normal,Price is below SMA20 or vertically stretched | Price is below SMA50 | Price is below SMA200 | SMA20 is falling | SMA50 is falling | Weekly EMA trend is negative | 60-day structure is not higher-highs and higher-lows | ADX shows little trend strength | 20-day momentum is weak or exhausted | 60-day momentum is weak or exhausted | Three-month return is weak or exhausted | RSI is weak or extremely overbought,Price below SMA200 -- fighting the primary trend (-8),,short,23.38999938964844,22.5796838905299,0.8103154991185407,25.010630387885524,25.820945887004065,4-10 weeks
462,BALKRISIND.NS,0.0,avoid,6.2,8.0,0.938,True,Automobile and Auto Components,SMA50 slope is positive | ADX trend strength is emerging | ADX trajectory is flat,"Price is below SMA20 or vertically stretched | Price is below SMA50 | Price is below SMA200 | SMA20 is falling | Weekly EMA trend is negative | 60-day structure is not higher-highs and higher-lows | 20-day momentum is weak or exhausted | 60-day momentum is weak or exhausted | Three-month return is weak or exhausted | RSI is weak or extremely overbought | MACD is below signal | Volume does not confirm, or is a blow-off",Price below SMA200 -- fighting the primary trend (-8),,short,2164.60009765625,2025.725317714307,138.87477994194307,2442.349657540136,2581.2244374820793,4-10 weeks
463,SAMMAANCAP.NS,0.0,avoid,8.6,13.0,0.938,True,Financial Services,Price is near SMA200 but primary trend is fragile | MACD is above signal,"Price is below SMA20 or vertically stretched | Price is below SMA50 | SMA20 is falling | SMA50 is falling | Weekly EMA trend is negative | 60-day structure is not higher-highs and higher-lows | ADX shows little trend strength | ADX is falling -- trend strength is fading | 20-day momentum is weak or exhausted | 60-day momentum is weak or exhausted | Three-month return is weak or exhausted | RSI is weak or extremely overbought | Volume does not confirm, or is a blow-off",Price below SMA200 -- fighting the primary trend (-8) | Fundamental junk filter: loss-making profile (-5),Lender: short-term score is technical; asset quality still needs a separate check.,short,147.3000030517578,137.80956936086832,9.490433690889496,166.2808704335368,175.7713041244263,4-10 weeks
464,BATAINDIA.NS,0.0,avoid,7.2,8.0,0.938,True,Consumer Durables,SMA50 is flat | ADX trend strength is emerging | Three-month return is positive,"Price is below SMA20 or vertically stretched | Price is below SMA50 | Price is below SMA200 | SMA20 is falling | Weekly EMA trend is negative | 60-day structure is not higher-highs and higher-lows | ADX is falling -- trend strength is fading | 20-day momentum is weak or exhausted | 60-day momentum is weak or exhausted | RSI is weak or extremely overbought | MACD is below signal | Volume does not confirm, or is a blow-off",Price below SMA200 -- fighting the primary trend (-8),,short,648.6500244140625,620.0956334531902,28.554390960872293,705.7588063358071,734.3131972966794,4-10 weeks
465,MFSL.NS,0.0,avoid,4.4,8.0,0.938,True,Financial Services,SMA20 is flat | ADX trend strength is emerging | ADX trajectory is flat,"Price is below SMA20 or vertically stretched | Price is below SMA50 | Price is below SMA200 | SMA50 is falling | Weekly EMA trend is negative | 60-day structure is not higher-highs and higher-lows | 20-day momentum is weak or exhausted | 60-day momentum is weak or exhausted | Three-month return is weak or exhausted | RSI is weak or extremely overbought | MACD is below signal | Volume does not confirm, or is a blow-off",Price below SMA200 -- fighting the primary trend (-8),,short,1477.0,1401.2746748268187,75.7253251731813,1628.4506503463626,1704.175975519544,4-10 weeks
466,LTTS.NS,0.0,avoid,6.4,8.0,0.938,True,Information Technology,SMA50 is rising | ADX trend strength is emerging,"Price is below SMA20 or vertically stretched | Price is below SMA50 | Price is below SMA200 | SMA20 is falling | Weekly EMA trend is negative | 60-day structure is not higher-highs and higher-lows | ADX is falling -- trend strength is fading | 20-day momentum is weak or exhausted | 60-day momentum is weak or exhausted | Three-month return is weak or exhausted | RSI is weak or extremely overbought | MACD is below signal | Volume does not confirm, or is a blow-off",Price below SMA200 -- fighting the primary trend (-8),,short,3337.39990234375,3160.037403194791,177.36249914895927,3692.1249006416683,3869.487399790628,4-10 weeks
467,RAMCOCEM.NS,0.0,avoid,5.3,8.0,0.938,True,Construction Materials,ADX trajectory is flat | Volume is normal,Price is below SMA20 or vertically stretched | Price is below SMA50 | Price is below SMA200 | SMA20 is falling | SMA50 is falling | Weekly EMA trend is negative | 60-day structure is not higher-highs and higher-lows | ADX shows little trend strength | 20-day momentum is weak or exhausted | 60-day momentum is weak or exhausted | Three-month return is weak or exhausted | RSI is weak or extremely overbought | MACD is below signal,Price below SMA200 -- fighting the primary trend (-8),,short,866.6500244140625,819.3587635266639,47.29126088739858,961.2325461888597,1008.5238070762582,4-10 weeks
468,CROMPTON.NS,0.0,avoid,12.1,13.0,0.938,True,Consumer Durables,ADX shows tradable trend strength | ADX is rising -- trend strength is expanding | MACD is near a bullish cross,"Price is below SMA20 or vertically stretched | Price is below SMA50 | Price is below SMA200 | SMA20 is falling | SMA50 is falling | Weekly EMA trend is negative | 60-day structure is not higher-highs and higher-lows | 20-day momentum is weak or exhausted | 60-day momentum is weak or exhausted | Three-month return is weak or exhausted | RSI is weak or extremely overbought | Volume does not confirm, or is a blow-off",Price below SMA200 -- fighting the primary trend (-8) | Fundamental junk filter: loss-making profile (-5),,short,231.0,217.84214909191533,13.157850908084665,257.31570181616934,270.473552724254,4-10 weeks
469,INDIACEM.NS,0.0,avoid,10.9,13.0,0.938,True,Construction Materials,ADX shows strong trend strength | ADX is rising -- trend strength is expanding,"Price is below SMA20 or vertically stretched | Price is below SMA50 | Price is below SMA200 | SMA20 is falling | SMA50 is falling | Weekly EMA trend is negative | 60-day structure is not higher-highs and higher-lows | 20-day momentum is weak or exhausted | 60-day momentum is weak or exhausted | Three-month return is weak or exhausted | RSI is weak or extremely overbought | MACD is below signal | Volume does not confirm, or is a blow-off",Price below SMA200 -- fighting the primary trend (-8) | Fundamental junk filter: loss-making profile (-5),,short,346.8999938964844,330.667573336717,16.23242055976738,379.36483501601913,395.5972555757865,4-10 weeks
470,SYNGENE.NS,0.0,avoid,5.7,8.0,0.938,True,Healthcare,ADX trend strength is emerging | ADX trajectory is positive,"Price is below SMA20 or vertically stretched | Price is below SMA50 | Price is below SMA200 | SMA20 is falling | SMA50 is falling | Weekly EMA trend is negative | 60-day structure is not higher-highs and higher-lows | 20-day momentum is weak or exhausted | 60-day momentum is weak or exhausted | Three-month return is weak or exhausted | RSI is weak or extremely overbought | MACD is below signal | Volume does not confirm, or is a blow-off",Price below SMA200 -- fighting the primary trend (-8),,short,382.6499938964844,363.8215458757069,18.828448020777497,420.3068899380394,439.1353379588169,4-10 weeks
471,JWL.NS,0.0,avoid,2.6,8.0,0.938,True,Capital Goods,MACD is near a bullish cross,"Price is below SMA20 or vertically stretched | Price is below SMA50 | Price is below SMA200 | SMA20 is falling | SMA50 is falling | Weekly EMA trend is negative | 60-day structure is not higher-highs and higher-lows | ADX shows little trend strength | ADX is falling -- trend strength is fading | 20-day momentum is weak or exhausted | 60-day momentum is weak or exhausted | Three-month return is weak or exhausted | RSI is weak or extremely overbought | Volume does not confirm, or is a blow-off",Price below SMA200 -- fighting the primary trend (-8),,short,239.5800018310547,227.4624082298287,12.117593601225984,263.81518903350667,275.93278263473263,4-10 weeks
472,ITI.NS,0.0,avoid,1.9,8.0,0.938,True,Telecommunication,ADX trend strength is emerging,"Price is below SMA20 or vertically stretched | Price is below SMA50 | Price is below SMA200 | SMA20 is falling | SMA50 is falling | Weekly EMA trend is negative | 60-day structure is not higher-highs and higher-lows | ADX is falling -- trend strength is fading | 20-day momentum is weak or exhausted | 60-day momentum is weak or exhausted | Three-month return is weak or exhausted | RSI is weak or extremely overbought | MACD is below signal | Volume does not confirm, or is a blow-off",Price below SMA200 -- fighting the primary trend (-8),,short,262.8500061035156,250.8251782087254,12.02482789479025,286.8996618930961,298.9244897878864,4-10 weeks
473,KPITTECH.NS,0.0,avoid,5.7,8.0,0.938,True,Information Technology,ADX trend strength is emerging | ADX trajectory is positive,"Price is below SMA20 or vertically stretched | Price is below SMA50 | Price is below SMA200 | SMA20 is falling | SMA50 is falling | Weekly EMA trend is negative | 60-day structure is not higher-highs and higher-lows | 20-day momentum is weak or exhausted | 60-day momentum is weak or exhausted | Three-month return is weak or exhausted | RSI is weak or extremely overbought | MACD is below signal | Volume does not confirm, or is a blow-off",Price below SMA200 -- fighting the primary trend (-8),,short,553.75,523.4364061495829,30.313593850417103,614.3771877008342,644.6907815512513,4-10 weeks
474,LATENTVIEW.NS,0.0,avoid,5.7,8.0,0.938,True,Information Technology,ADX trend strength is emerging | ADX trajectory is positive,"Price is below SMA20 or vertically stretched | Price is below SMA50 | Price is below SMA200 | SMA20 is falling | SMA50 is falling | Weekly EMA trend is negative | 60-day structure is not higher-highs and higher-lows | 20-day momentum is weak or exhausted | 60-day momentum is weak or exhausted | Three-month return is weak or exhausted | RSI is weak or extremely overbought | MACD is below signal | Volume does not confirm, or is a blow-off",Price below SMA200 -- fighting the primary trend (-8),,short,252.4499969482422,236.0190335235234,16.430963424718772,285.31192379767975,301.7428872223985,4-10 weeks
475,COCHINSHIP.NS,0.0,avoid,10.9,15.0,0.938,True,Capital Goods,SMA20 is flat | SMA50 slope is positive | 60-day structure is higher-highs and higher-lows | ADX trajectory is flat,"Price is below SMA20 or vertically stretched | Price is below SMA50 | Price is below SMA200 | Weekly EMA trend is negative | ADX shows little trend strength | 20-day momentum is weak or exhausted | 60-day momentum is weak or exhausted | Three-month return is weak or exhausted | RSI is weak or extremely overbought | MACD is below signal | Volume does not confirm, or is a blow-off",Blow-off volume above 3x 20-day average -- possible exhaustion (-7) | Price below SMA200 -- fighting the primary trend (-8),,short,1381.0,1291.0614886841856,89.93851131581435,1560.8770226316287,1650.815533947443,4-10 weeks
476,JPPOWER.NS,0.0,avoid,8.0,8.0,0.938,True,Power,ADX trajectory is flat | MACD is near a bullish cross | Volume is normal,Price is below SMA20 or vertically stretched | Price is below SMA50 | Price is below SMA200 | SMA20 is falling | SMA50 is falling | Weekly EMA trend is negative | 60-day structure is not higher-highs and higher-lows | ADX shows little trend strength | 20-day momentum is weak or exhausted | 60-day momentum is weak or exhausted | Three-month return is weak or exhausted | RSI is weak or extremely overbought,Price below SMA200 -- fighting the primary trend (-8),,short,16.020000457763672,15.128605093350924,0.8913953644127474,17.802791186589168,18.694186551001913,4-10 weeks
477,RPOWER.NS,0.0,avoid,4.0,8.0,0.938,True,Power,ADX trajectory is flat | MACD is near a bullish cross,"Price is below SMA20 or vertically stretched | Price is below SMA50 | Price is below SMA200 | SMA20 is falling | SMA50 is falling | Weekly EMA trend is negative | 60-day structure is not higher-highs and higher-lows | ADX shows little trend strength | 20-day momentum is weak or exhausted | 60-day momentum is weak or exhausted | Three-month return is weak or exhausted | RSI is weak or extremely overbought | Volume does not confirm, or is a blow-off",Price below SMA200 -- fighting the primary trend (-8),,short,21.57999992370605,20.287346540097086,1.2926533836089646,24.16530669092398,25.457960074532945,4-10 weeks
478,GODREJPROP.NS,0.0,avoid,10.3,15.0,0.938,True,Realty,SMA50 slope is positive | ADX trend strength is emerging | ADX is rising -- trend strength is expanding,"Price is below SMA20 or vertically stretched | Price is below SMA50 | Price is below SMA200 | SMA20 is falling | Weekly EMA trend is negative | 60-day structure is not higher-highs and higher-lows | 20-day momentum is weak or exhausted | 60-day momentum is weak or exhausted | Three-month return is weak or exhausted | RSI is weak or extremely overbought | MACD is below signal | Volume does not confirm, or is a blow-off",Blow-off volume above 3x 20-day average -- possible exhaustion (-7) | Price below SMA200 -- fighting the primary trend (-8),,short,1748.0,1617.7904599911271,130.20954000887295,2008.419080017746,2138.6286200266186,4-10 weeks
479,HDFCAMC.NS,0.0,avoid,1.4,8.0,0.938,True,Financial Services,ADX trajectory is flat,"Price is below SMA20 or vertically stretched | Price is below SMA50 | Price is below SMA200 | SMA20 is falling | SMA50 is falling | Weekly EMA trend is negative | 60-day structure is not higher-highs and higher-lows | ADX shows little trend strength | 20-day momentum is weak or exhausted | 60-day momentum is weak or exhausted | Three-month return is weak or exhausted | RSI is weak or extremely overbought | MACD is below signal | Volume does not confirm, or is a blow-off",Price below SMA200 -- fighting the primary trend (-8),,short,2403.89990234375,2286.1301467876756,117.7697555560744,2639.439413455899,2757.2091690119732,4-10 weeks
480,TARIL.NS,0.0,avoid,7.5,8.0,0.938,True,Capital Goods,Price is near SMA200 but primary trend is fragile | SMA20 is rising | ADX trend strength is emerging | ADX trajectory is flat,"Price is below SMA20 or vertically stretched | Price is below SMA50 | SMA50 is falling | Weekly EMA trend is negative | 60-day structure is not higher-highs and higher-lows | 20-day momentum is weak or exhausted | 60-day momentum is weak or exhausted | Three-month return is weak or exhausted | RSI is weak or extremely overbought | MACD is below signal | Volume does not confirm, or is a blow-off",Price below SMA200 -- fighting the primary trend (-8),,short,288.5,271.0518754076907,17.44812459230931,323.3962491846186,340.8443737769279,4-10 weeks
481,VMM.NS,0.0,avoid,1.9,8.0,0.938,True,Consumer Services,ADX trend strength is emerging,"Price is below SMA20 or vertically stretched | Price is below SMA50 | Price is below SMA200 | SMA20 is falling | SMA50 is falling | Weekly EMA trend is negative | 60-day structure is not higher-highs and higher-lows | ADX is falling -- trend strength is fading | 20-day momentum is weak or exhausted | 60-day momentum is weak or exhausted | Three-month return is weak or exhausted | RSI is weak or extremely overbought | MACD is below signal | Volume does not confirm, or is a blow-off",Price below SMA200 -- fighting the primary trend (-8),,short,101.70999908447266,95.72346770633793,5.986531378134726,113.68306184074211,119.66959321887683,4-10 weeks
482,TATAELXSI.NS,0.0,avoid,7.3,8.0,0.938,True,Information Technology,ADX trend strength is emerging | ADX is rising -- trend strength is expanding,"Price is below SMA20 or vertically stretched | Price is below SMA50 | Price is below SMA200 | SMA20 is falling | SMA50 is falling | Weekly EMA trend is negative | 60-day structure is not higher-highs and higher-lows | 20-day momentum is weak or exhausted | 60-day momentum is weak or exhausted | Three-month return is weak or exhausted | RSI is weak or extremely overbought | MACD is below signal | Volume does not confirm, or is a blow-off",Price below SMA200 -- fighting the primary trend (-8),,short,3383.0,3213.4326185397895,169.5673814602103,3722.1347629204206,3891.7021443806307,4-10 weeks
483,HEG.NS,0.0,avoid,6.8,8.0,0.938,True,Capital Goods,ADX shows strong trend strength | ADX trajectory is flat,"Price is below SMA20 or vertically stretched | Price is below SMA50 | Price is below SMA200 | SMA20 is falling | SMA50 is falling | Weekly EMA trend is negative | 60-day structure is not higher-highs and higher-lows | 20-day momentum is weak or exhausted | 60-day momentum is weak or exhausted | Three-month return is weak or exhausted | RSI is weak or extremely overbought | MACD is below signal | Volume does not confirm, or is a blow-off",Price below SMA200 -- fighting the primary trend (-8),,short,237.1999969482422,142.3432713097081,94.8567256385341,426.9134482253104,521.7701738638445,4-10 weeks
484,HUDCO.NS,0.0,avoid,1.9,8.0,0.938,True,Financial Services,ADX trend strength is emerging,"Price is below SMA20 or vertically stretched | Price is below SMA50 | Price is below SMA200 | SMA20 is falling | SMA50 is falling | Weekly EMA trend is negative | 60-day structure is not higher-highs and higher-lows | ADX is falling -- trend strength is fading | 20-day momentum is weak or exhausted | 60-day momentum is weak or exhausted | Three-month return is weak or exhausted | RSI is weak or extremely overbought | MACD is below signal | Volume does not confirm, or is a blow-off",Price below SMA200 -- fighting the primary trend (-8),Lender: short-term score is technical; asset quality still needs a separate check.,short,172.75999450683594,164.30688464315944,8.453109863676506,189.66621423418894,198.11932409786544,4-10 weeks
485,BIKAJI.NS,0.0,avoid,7.9,8.0,0.938,True,Fast Moving Consumer Goods,ADX shows tradable trend strength | ADX trajectory is positive,"Price is below SMA20 or vertically stretched | Price is below SMA50 | Price is below SMA200 | SMA20 is falling | SMA50 is falling | Weekly EMA trend is negative | 60-day structure is not higher-highs and higher-lows | 20-day momentum is weak or exhausted | 60-day momentum is weak or exhausted | Three-month return is weak or exhausted | RSI is weak or extremely overbought | MACD is below signal | Volume does not confirm, or is a blow-off",Price below SMA200 -- fighting the primary trend (-8),,short,548.25,521.0775929024013,27.172407097598732,602.5948141951975,629.7672212927962,4-10 weeks
486,TATACHEM.NS,0.0,avoid,8.8,13.0,0.938,True,Chemicals,Volume confirms the move,Price is below SMA20 or vertically stretched | Price is below SMA50 | Price is below SMA200 | SMA20 is falling | SMA50 is falling | Weekly EMA trend is negative | 60-day structure is not higher-highs and higher-lows | ADX shows little trend strength | ADX is falling -- trend strength is fading | 20-day momentum is weak or exhausted | 60-day momentum is weak or exhausted | Three-month return is weak or exhausted | RSI is weak or extremely overbought | MACD is below signal,Price below SMA200 -- fighting the primary trend (-8) | Fundamental junk filter: loss-making profile (-5),,short,612.4500122070312,582.1224262499654,30.327585957065814,673.1051841211629,703.4327700782287,4-10 weeks
487,FIRSTCRY.NS,0.0,avoid,10.9,13.0,0.938,True,Consumer Services,ADX shows strong trend strength | ADX is rising -- trend strength is expanding,"Price is below SMA20 or vertically stretched | Price is below SMA50 | Price is below SMA200 | SMA20 is falling | SMA50 is falling | Weekly EMA trend is negative | 60-day structure is not higher-highs and higher-lows | 20-day momentum is weak or exhausted | 60-day momentum is weak or exhausted | Three-month return is weak or exhausted | RSI is weak or extremely overbought | MACD is below signal | Volume does not confirm, or is a blow-off",Price below SMA200 -- fighting the primary trend (-8) | Fundamental junk filter: loss-making profile (-5),,short,168.8300018310547,156.7331439599257,12.096857871128975,193.02371757331264,205.1205754444416,4-10 weeks
488,GALLANTT.NS,0.0,avoid,5.7,8.0,0.938,True,Capital Goods,ADX trend strength is emerging | ADX trajectory is positive,"Price is below SMA20 or vertically stretched | Price is below SMA50 | Price is below SMA200 | SMA20 is falling | SMA50 is falling | Weekly EMA trend is negative | 60-day structure is not higher-highs and higher-lows | 20-day momentum is weak or exhausted | 60-day momentum is weak or exhausted | Three-month return is weak or exhausted | RSI is weak or extremely overbought | MACD is below signal | Volume does not confirm, or is a blow-off",Price below SMA200 -- fighting the primary trend (-8),,short,546.4000244140625,506.2318411287962,40.168183285266316,626.7363909845951,666.9045742698614,4-10 weeks
489,FORTIS.NS,0.0,avoid,2.4,8.0,0.938,True,Healthcare,Price is near SMA200 but primary trend is fragile | ADX trajectory is flat,"Price is below SMA20 or vertically stretched | Price is below SMA50 | SMA20 is falling | SMA50 is falling | Weekly EMA trend is negative | 60-day structure is not higher-highs and higher-lows | ADX shows little trend strength | 20-day momentum is weak or exhausted | 60-day momentum is weak or exhausted | Three-month return is weak or exhausted | RSI is weak or extremely overbought | MACD is below signal | Volume does not confirm, or is a blow-off",Price below SMA200 -- fighting the primary trend (-8),,short,887.7999877929688,850.2162301973012,37.58375759566758,962.9675029843039,1000.5512605799715,4-10 weeks
490,BBTC.NS,0.0,avoid,7.0,8.0,0.938,True,Fast Moving Consumer Goods,SMA20 is flat | ADX trend strength is emerging | RSI is improving from a low base,"Price is below SMA20 or vertically stretched | Price is below SMA50 | Price is below SMA200 | SMA50 is falling | Weekly EMA trend is negative | 60-day structure is not higher-highs and higher-lows | ADX is falling -- trend strength is fading | 20-day momentum is weak or exhausted | 60-day momentum is weak or exhausted | Three-month return is weak or exhausted | MACD is below signal | Volume does not confirm, or is a blow-off",Price below SMA200 -- fighting the primary trend (-8),,short,1423.5,1346.7446317204053,76.75536827959456,1577.0107365591891,1653.7661048387836,4-10 weeks
491,BDL.NS,0.0,avoid,7.3,8.0,0.938,True,Capital Goods,ADX trend strength is emerging | ADX is rising -- trend strength is expanding,"Price is below SMA20 or vertically stretched | Price is below SMA50 | Price is below SMA200 | SMA20 is falling | SMA50 is falling | Weekly EMA trend is negative | 60-day structure is not higher-highs and higher-lows | 20-day momentum is weak or exhausted | 60-day momentum is weak or exhausted | Three-month return is weak or exhausted | RSI is weak or extremely overbought | MACD is below signal | Volume does not confirm, or is a blow-off",Price below SMA200 -- fighting the primary trend (-8),,short,1190.0,1117.2109675180955,72.78903248190454,1335.578064963809,1408.3670974457136,4-10 weeks
492,FACT.NS,0.0,avoid,1.9,13.0,0.938,True,Chemicals,ADX trend strength is emerging,"Price is below SMA20 or vertically stretched | Price is below SMA50 | Price is below SMA200 | SMA20 is falling | SMA50 is falling | Weekly EMA trend is negative | 60-day structure is not higher-highs and higher-lows | ADX is falling -- trend strength is fading | 20-day momentum is weak or exhausted | 60-day momentum is weak or exhausted | Three-month return is weak or exhausted | RSI is weak or extremely overbought | MACD is below signal | Volume does not confirm, or is a blow-off",Price below SMA200 -- fighting the primary trend (-8) | Fundamental junk filter: loss-making profile (-5),,short,779.5999755859375,730.6287942794092,48.971181306528194,877.5423381989939,926.513519505522,4-10 weeks
493,TTML.NS,0.0,avoid,4.0,13.0,0.938,True,Telecommunication,ADX trajectory is flat | MACD is near a bullish cross,"Price is below SMA20 or vertically stretched | Price is below SMA50 | Price is below SMA200 | SMA20 is falling | SMA50 is falling | Weekly EMA trend is negative | 60-day structure is not higher-highs and higher-lows | ADX shows little trend strength | 20-day momentum is weak or exhausted | 60-day momentum is weak or exhausted | Three-month return is weak or exhausted | RSI is weak or extremely overbought | Volume does not confirm, or is a blow-off",Price below SMA200 -- fighting the primary trend (-8) | Fundamental junk filter: loss-making profile (-5),,short,35.599998474121094,33.50249376449502,2.097504709626072,39.79500789337324,41.89251260299931,4-10 weeks
494,DELHIVERY.NS,0.0,avoid,1.1,8.0,0.938,True,Services,Price is near SMA200 but primary trend is fragile,"Price is below SMA20 or vertically stretched | Price is below SMA50 | SMA20 is falling | SMA50 is falling | Weekly EMA trend is negative | 60-day structure is not higher-highs and higher-lows | ADX shows little trend strength | ADX is falling -- trend strength is fading | 20-day momentum is weak or exhausted | 60-day momentum is weak or exhausted | Three-month return is weak or exhausted | RSI is weak or extremely overbought | MACD is below signal | Volume does not confirm, or is a blow-off",Price below SMA200 -- fighting the primary trend (-8),,short,439.0,417.524939421491,21.47506057850898,481.950121157018,503.42518173552696,4-10 weeks
495,DOMS.NS,0.0,avoid,3.8,8.0,0.938,True,Fast Moving Consumer Goods,ADX trajectory is positive,"Price is below SMA20 or vertically stretched | Price is below SMA50 | Price is below SMA200 | SMA20 is falling | SMA50 is falling | Weekly EMA trend is negative | 60-day structure is not higher-highs and higher-lows | ADX shows little trend strength | 20-day momentum is weak or exhausted | 60-day momentum is weak or exhausted | Three-month return is weak or exhausted | RSI is weak or extremely overbought | MACD is below signal | Volume does not confirm, or is a blow-off",Price below SMA200 -- fighting the primary trend (-8),,short,2121.0,2037.184818971455,83.81518102854504,2288.63036205709,2372.445543085635,4-10 weeks
496,BLUEDART.NS,0.0,avoid,4.8,8.0,0.938,True,Services,SMA50 slope is positive | ADX trend strength is emerging,"Price is below SMA20 or vertically stretched | Price is below SMA50 | Price is below SMA200 | SMA20 is falling | Weekly EMA trend is negative | 60-day structure is not higher-highs and higher-lows | ADX is falling -- trend strength is fading | 20-day momentum is weak or exhausted | 60-day momentum is weak or exhausted | Three-month return is weak or exhausted | RSI is weak or extremely overbought | MACD is below signal | Volume does not confirm, or is a blow-off",Price below SMA200 -- fighting the primary trend (-8),,short,4830.89990234375,4626.590283764732,204.30961857901858,5239.519139501787,5443.8287580808055,4-10 weeks
497,TENNIND.NS,0.0,avoid,7.3,8.0,0.938,True,Automobile and Auto Components,ADX trend strength is emerging | ADX is rising -- trend strength is expanding,"Price is below SMA20 or vertically stretched | Price is below SMA50 | Price is below SMA200 | SMA20 is falling | SMA50 is falling | Weekly EMA trend is negative | 60-day structure is not higher-highs and higher-lows | 20-day momentum is weak or exhausted | 60-day momentum is weak or exhausted | Three-month return is weak or exhausted | RSI is weak or extremely overbought | MACD is below signal | Volume does not confirm, or is a blow-off",Price below SMA200 -- fighting the primary trend (-8),,short,506.3500061035156,476.7639333339343,29.586072769581314,565.5221516426783,595.1082244122596,4-10 weeks
498,TIINDIA.NS,0.0,avoid,5.7,8.0,0.938,True,Automobile and Auto Components,ADX trend strength is emerging | ADX trajectory is positive,"Price is below SMA20 or vertically stretched | Price is below SMA50 | Price is below SMA200 | SMA20 is falling | SMA50 is falling | Weekly EMA trend is negative | 60-day structure is not higher-highs and higher-lows | 20-day momentum is weak or exhausted | 60-day momentum is weak or exhausted | Three-month return is weak or exhausted | RSI is weak or extremely overbought | MACD is below signal | Volume does not confirm, or is a blow-off",Price below SMA200 -- fighting the primary trend (-8),,short,2606.10009765625,2454.641554807488,151.45854284876225,2909.0171833537743,3060.475726202537,4-10 weeks
499,ABFRL.NS,0.0,avoid,12.0,13.0,0.938,True,Consumer Services,ADX shows tradable trend strength | ADX trajectory is flat | MACD is near a bullish cross | Volume is normal,Price is below SMA20 or vertically stretched | Price is below SMA50 | Price is below SMA200 | SMA20 is falling | SMA50 is falling | Weekly EMA trend is negative | 60-day structure is not higher-highs and higher-lows | 20-day momentum is weak or exhausted | 60-day momentum is weak or exhausted | Three-month return is weak or exhausted | RSI is weak or extremely overbought,Price below SMA200 -- fighting the primary trend (-8) | Fundamental junk filter: loss-making profile (-5),,short,50.43999862670898,47.08562832670603,3.3543703000029486,57.14873922671487,60.50310952671782,4-10 weeks
500,AADHARHFC.NS,0.0,avoid,0.0,8.0,0.938,True,Financial Services,,"Price is below SMA20 or vertically stretched | Price is below SMA50 | Price is below SMA200 | SMA20 is falling | SMA50 is falling | Weekly EMA trend is negative | 60-day structure is not higher-highs and higher-lows | ADX shows little trend strength | ADX is falling -- trend strength is fading | 20-day momentum is weak or exhausted | 60-day momentum is weak or exhausted | Three-month return is weak or exhausted | RSI is weak or extremely overbought | MACD is below signal | Volume does not confirm, or is a blow-off",Price below SMA200 -- fighting the primary trend (-8),Lender: short-term score is technical; asset quality still needs a separate check.,short,456.7999877929688,431.7576196708865,25.042368122082276,506.88472403713337,531.9270921592156,4-10 weeks
