rank,ticker,score,tier,raw_score,penalty,coverage,confident,sector,model,reasons,misses,penalties,warnings,horizon,is_lender,years_of_data,roa,roe,roe_mean_5y,equity_to_assets,nim_proxy,asset_growth_3y,eps_cagr_3y,price_to_book
1,TRAVELFOOD.NS,92.5,strong,92.5,0.0,0.8,True,Consumer Services,generic,ROCE above 25% (5y avg) -- excellent capital efficiency | Very stable ROCE (5y std <3pp) | Net margin expanding | Operating cash flow exceeds reported profit | Profitable in all 4 reported years | Low leverage (D/E below 0.5) | Interest comfortably covered (>10x) | Deleveraging over time | No meaningful dilution | Cheaper than sector peers | FCF yield 1.5-3.5% | PEG below 1 -- growth cheaply priced,,,,long,False,4.0,,,,,,,,
2,BLS.NS,89.6,strong,89.6,0.0,0.867,True,Consumer Services,generic,ROCE above 25% (5y avg) -- excellent capital efficiency | Very stable ROCE (5y std <3pp) | Net margin expanding | Operating cash flow exceeds reported profit | Profitable in all 4 reported years | Low leverage (D/E below 0.5) | Interest comfortably covered (>10x) | No meaningful dilution | P/E below its own 5y median | Materially cheaper than sector peers | FCF yield above 6% | PEG 1-1.8 -- growth reasonably priced,Leverage rising,,,long,False,4.0,,,,,,,,
3,HEXT.NS,88.9,strong,88.9,0.0,0.733,True,Information Technology,generic,ROCE above 25% (5y avg) -- excellent capital efficiency | Very stable ROCE (5y std <3pp) | Net margin stable | Operating cash flow exceeds reported profit | Profitable in all 4 reported years | Low leverage (D/E below 0.5) | Interest comfortably covered (>10x) | Leverage stable | No meaningful dilution | Cheaper than sector peers | FCF yield 3.5-6%,,,,long,False,4.0,,,,,,,,
4,BSOFT.NS,88.6,strong,88.6,0.0,0.867,True,Information Technology,generic,ROCE 18-25% (5y avg) -- strong | Stable ROCE (5y std <6pp) | Net margin expanding | Operating cash flow exceeds reported profit | Profitable in all 4 reported years | Effectively debt-free | Interest comfortably covered (>10x) | Leverage stable | Mild dilution | P/E in the cheapest quartile of its own 5y range | Materially cheaper than sector peers | FCF yield 3.5-6% | PEG below 1 -- growth cheaply priced,,,,long,False,4.0,,,,,,,,
5,BERGEPAINT.NS,87.6,strong,87.6,0.0,0.867,True,Consumer Durables,generic,ROCE 18-25% (5y avg) -- strong | Very stable ROCE (5y std <3pp) | Net margin stable | Operating cash flow exceeds reported profit | Profitable in all 4 reported years | Effectively debt-free | Interest comfortably covered (>10x) | Deleveraging over time | No meaningful dilution | P/E in the cheapest quartile of its own 5y range | Cheaper than sector peers | FCF yield 1.5-3.5% | PEG 1-1.8 -- growth reasonably priced,,,,long,False,4.0,,,,,,,,
6,PFC.NS,87.2,strong,87.2,0.0,1.0,True,Financial Services,financials,ROA above 2% -- excellent for a lender | ROE above 18% (5y avg) | Equity 10-15% of assets -- comfortable | Healthy net interest margin | Assets growing 12% a year | EPS CAGR 10-18% (3y) | Trading at or below book value | P/B around its own history,,,"Asset quality is NOT assessed: gross/net NPA, provision coverage, capital adequacy and credit cost are unavailable from this data source. A lender can report excellent ROA until the credit cycle turns -- verify the loan book independently before acting on this score.",long,True,,2.081102072665482,19.494781536243835,19.35979446215435,10.675175142621573,3.498864736179167,11.571523191936572,17.68994120170424,0.8160707
7,RECLTD.NS,87.2,strong,87.2,0.0,1.0,True,Financial Services,financials,ROA above 2% -- excellent for a lender | ROE above 18% (5y avg) | Equity 10-15% of assets -- comfortable | Healthy net interest margin | Assets growing 11% a year | EPS CAGR 10-18% (3y) | Trading at or below book value | P/B around its own history,,,"Asset quality is NOT assessed: gross/net NPA, provision coverage, capital adequacy and credit cost are unavailable from this data source. A lender can report excellent ROA until the credit cycle turns -- verify the loan book independently before acting on this score.",long,True,,2.547522642847547,19.173808859528858,19.762779921427402,13.286471464857113,3.377877024109673,11.204315721423374,13.494440522874363,0.9778078
8,TENNIND.NS,87.0,strong,87.0,0.0,0.733,True,Automobile and Auto Components,generic,ROCE above 25% (5y avg) -- excellent capital efficiency | Variable ROCE (5y std <12pp) | Net margin expanding | Operating cash flow exceeds reported profit | Profitable in all 4 reported years | Effectively debt-free | Interest comfortably covered (>10x) | Leverage stable | No meaningful dilution | In line with sector peers | FCF yield above 6%,,,,long,False,4.0,,,,,,,,
9,ITC.NS,86.7,strong,86.7,0.0,0.8,True,Fast Moving Consumer Goods,generic,ROCE above 25% (5y avg) -- excellent capital efficiency | Very stable ROCE (5y std <3pp) | Net margin expanding | Weak cash conversion | Profitable in all 4 reported years | Effectively debt-free | Interest comfortably covered (>10x) | Leverage stable | No meaningful dilution | P/E in the cheapest quartile of its own 5y range | Cheaper than sector peers | FCF yield 3.5-6%,,,,long,False,4.0,,,,,,,,
10,HINDUNILVR.NS,86.6,strong,86.6,0.0,0.867,True,Fast Moving Consumer Goods,generic,ROCE above 25% (5y avg) -- excellent capital efficiency | Very stable ROCE (5y std <3pp) | Net margin expanding | Profit converts well to cash | Profitable in all 4 reported years | Effectively debt-free | Interest comfortably covered (>10x) | Leverage stable | No meaningful dilution | P/E in the cheapest quartile of its own 5y range | Cheaper than sector peers | FCF yield 1.5-3.5%,PEG above 3 -- paying a lot for the growth,,,long,False,4.0,,,,,,,,
11,SONATSOFTW.NS,86.5,strong,86.5,0.0,0.8,True,Information Technology,generic,ROCE above 25% (5y avg) -- excellent capital efficiency | Very stable ROCE (5y std <3pp) | Net margin drifting down | Profit converts well to cash | Profitable in all 4 reported years | Low leverage (D/E below 0.5) | Interest comfortably covered (>10x) | Leverage stable | No meaningful dilution | P/E in the cheapest quartile of its own 5y range | Materially cheaper than sector peers | FCF yield 3.5-6%,,,,long,False,4.0,,,,,,,,
12,HUDCO.NS,86.4,strong,86.4,0.0,1.0,True,Financial Services,financials,ROA above 2% -- excellent for a lender | ROE 14-18% (5y avg) | Equity 10-15% of assets -- comfortable | Healthy net interest margin | Assets growing 27% a year -- strong but not reckless | EPS CAGR above 18% (3y) | P/B 1-1.8 -- reasonable for a lender | P/B around its own history,,,"Asset quality is NOT assessed: gross/net NPA, provision coverage, capital adequacy and credit cost are unavailable from this data source. A lender can report excellent ROA until the credit cycle turns -- verify the loan book independently before acting on this score.",long,True,,2.418135431335957,18.358515198992333,14.298484275676334,13.171737502326359,2.584590265829647,27.250147318072713,33.33741817550779,1.5733345
13,PIIND.NS,86.3,strong,86.3,0.0,0.733,True,Chemicals,generic,ROCE 18-25% (5y avg) -- strong | Very stable ROCE (5y std <3pp) | Net margin stable | Profit converts well to cash | Profitable in all 4 reported years | Effectively debt-free | Interest comfortably covered (>10x) | Leverage stable | No meaningful dilution | P/E in the cheapest quartile of its own 5y range | Cheaper than sector peers,,,,long,False,4.0,,,,,,,,
14,ZENSARTECH.NS,85.8,strong,85.8,0.0,0.867,True,Information Technology,generic,ROCE 18-25% (5y avg) -- strong | Stable ROCE (5y std <6pp) | Net margin expanding | Operating cash flow exceeds reported profit | Profitable in all 4 reported years | Effectively debt-free | Interest comfortably covered (>10x) | Leverage stable | No meaningful dilution | P/E below its own 5y median | Materially cheaper than sector peers | FCF yield above 6%,PEG above 3 -- paying a lot for the growth,,,long,False,4.0,,,,,,,,
15,WIPRO.NS,84.9,strong,84.9,0.0,0.867,True,Information Technology,generic,ROCE 13-18% (5y avg) -- adequate | Very stable ROCE (5y std <3pp) | Net margin expanding | Operating cash flow exceeds reported profit | Profitable in all 4 reported years | Low leverage (D/E below 0.5) | Interest comfortably covered (>10x) | Leverage stable | No meaningful dilution | P/E in the cheapest quartile of its own 5y range | Materially cheaper than sector peers | FCF yield above 6%,PEG above 3 -- paying a lot for the growth,,,long,False,4.0,,,,,,,,
16,TCS.NS,84.8,strong,84.8,0.0,0.867,True,Information Technology,generic,ROCE above 25% (5y avg) -- excellent capital efficiency | Stable ROCE (5y std <6pp) | Net margin stable | Profit converts well to cash | Profitable in all 4 reported years | Low leverage (D/E below 0.5) | Interest comfortably covered (>10x) | Leverage stable | No meaningful dilution | P/E in the cheapest quartile of its own 5y range | Materially cheaper than sector peers | FCF yield above 6%,PEG above 3 -- paying a lot for the growth,,,long,False,4.0,,,,,,,,
17,KPITTECH.NS,84.3,strong,84.3,0.0,0.8,True,Information Technology,generic,ROCE above 25% (5y avg) -- excellent capital efficiency | Stable ROCE (5y std <6pp) | Net margin drifting down | Operating cash flow exceeds reported profit | Profitable in all 4 reported years | Low leverage (D/E below 0.5) | Interest comfortably covered (>10x) | Leverage stable | No meaningful dilution | P/E in the cheapest quartile of its own 5y range | In line with sector peers | FCF yield above 6%,,,,long,False,4.0,,,,,,,,
18,WAAREEENER.NS,84.1,strong,84.1,0.0,0.8,True,Capital Goods,generic,ROCE above 25% (5y avg) -- excellent capital efficiency | Stable ROCE (5y std <6pp) | Net margin expanding | Operating cash flow exceeds reported profit | Low leverage (D/E below 0.5) | Interest comfortably covered (>10x) | Deleveraging over time | No meaningful dilution | P/E in the cheapest quartile of its own 5y range | Cheaper than sector peers | PEG 1-1.8 -- growth reasonably priced,Loss-making in 1 of 5 years,,,long,False,5.0,,,,,,,,
19,IEX.NS,84.0,strong,84.0,0.0,0.867,True,Financial Services,generic,ROCE above 25% (5y avg) -- excellent capital efficiency | Very stable ROCE (5y std <3pp) | Net margin expanding | Weak cash conversion | Profitable in all 4 reported years | Effectively debt-free | Interest comfortably covered (>10x) | Leverage stable | No meaningful dilution | P/E in the cheapest quartile of its own 5y range | In line with sector peers | FCF yield 3.5-6% | PEG 1-1.8 -- growth reasonably priced,,,,long,False,4.0,,,,,,,,
20,LTM.NS,83.8,strong,83.8,0.0,0.867,True,Information Technology,generic,ROCE above 25% (5y avg) -- excellent capital efficiency | Very stable ROCE (5y std <3pp) | Net margin drifting down | Profit converts well to cash | Profitable in all 4 reported years | Effectively debt-free | Interest comfortably covered (>10x) | Leverage stable | No meaningful dilution | P/E in the cheapest quartile of its own 5y range | Cheaper than sector peers | FCF yield 1.5-3.5% | PEG 1-1.8 -- growth reasonably priced,,,,long,False,4.0,,,,,,,,
21,EMAMILTD.NS,83.7,strong,91.7,8.0,0.8,True,Fast Moving Consumer Goods,generic,ROCE above 25% (5y avg) -- excellent capital efficiency | Very stable ROCE (5y std <3pp) | Net margin expanding | Profit converts well to cash | Profitable in all 4 reported years | Effectively debt-free | Interest comfortably covered (>10x) | Leverage stable | No meaningful dilution | P/E in the cheapest quartile of its own 5y range | Cheaper than sector peers | FCF yield 3.5-6%,,Elevated promoter pledging (16% of stake) (-8),,long,False,4.0,,,,,,,,
22,NATCOPHARM.NS,83.2,strong,83.2,0.0,0.8,True,Healthcare,generic,ROCE 18-25% (5y avg) -- strong | Variable ROCE (5y std <12pp) | Net margin expanding | Profit converts well to cash | Profitable in all 4 reported years | Effectively debt-free | Interest comfortably covered (>10x) | Leverage stable | No meaningful dilution | P/E below its own 5y median | Materially cheaper than sector peers | FCF yield above 6%,,,,long,False,4.0,,,,,,,,
23,INFY.NS,83.1,strong,83.1,0.0,0.833,True,Information Technology,generic,ROCE above 25% (5y avg) -- excellent capital efficiency | Very stable ROCE (5y std <3pp) | Net margin stable | Operating cash flow exceeds reported profit | Profitable in all 4 reported years | Effectively debt-free | Interest comfortably covered (>10x) | Leverage stable | No meaningful dilution,"Valuation could not be measured -- scored neutral rather than skipped, so a data gap cannot inflate the rank",,"Valuation could not be measured -- scored neutral rather than skipped, so a data gap cannot inflate the rank | statements in USD but priced in INR; price/statement ratios suppressed (statement-only metrics such as ROCE, margins and CAGR remain valid)",long,False,4.0,,,,,,,,
24,HEROMOTOCO.NS,83.1,strong,83.1,0.0,0.8,True,Automobile and Auto Components,generic,ROCE above 25% (5y avg) -- excellent capital efficiency | Stable ROCE (5y std <6pp) | Net margin expanding | Operating cash flow exceeds reported profit | Profitable in all 4 reported years | Effectively debt-free | Interest comfortably covered (>10x) | Leverage stable | No meaningful dilution | Cheaper than sector peers | FCF yield above 6%,P/E near the top of its own 5y range -- little re-rating room,,,long,False,4.0,,,,,,,,
25,MUTHOOTFIN.NS,83.1,strong,83.1,0.0,1.0,True,Financial Services,financials,ROA above 2% -- excellent for a lender | ROE above 18% (5y avg) | Equity above 15% of assets -- well capitalised | Wide net interest margin | EPS CAGR above 18% (3y) | P/B 1.8-3 | P/B expensive versus its own history,"Assets growing 35% a year -- very fast loan growth often precedes a rise in bad loans, so this is capped rather than rewarded",,"Rapid balance-sheet growth (35% CAGR) without visibility on underwriting standards | Asset quality is NOT assessed: gross/net NPA, provision coverage, capital adequacy and credit cost are unavailable from this data source. A lender can report excellent ROA until the credit cycle turns -- verify the loan book independently before acting on this score.",long,True,,5.410023460364236,27.064277402315827,19.780037243094657,19.989535947859128,9.895727082840516,34.670038945998186,43.12124748748691,2.7608473
26,ENRIN.NS,83.0,insufficient data,83.0,0.0,0.533,False,Capital Goods,generic,ROCE above 25% (5y avg) -- excellent capital efficiency | Operating cash flow exceeds reported profit | Effectively debt-free | Interest comfortably covered (>10x) | No meaningful dilution | FCF yield 1.5-3.5% | PEG 1-1.8 -- growth reasonably priced,More expensive than sector peers,,Only 2 years of financial history -- a 2-5 year judgement is being made on a short record | Low data coverage (53% of criteria applied) -- this score is not directly comparable to a fully-measured one,long,False,2.0,,,,,,,,
27,EIHOTEL.NS,82.9,strong,82.9,0.0,0.867,True,Consumer Services,generic,ROCE 18-25% (5y avg) -- strong | Stable ROCE (5y std <6pp) | Net margin expanding | Operating cash flow exceeds reported profit | Profitable in all 4 reported years | Effectively debt-free | Interest comfortably covered (>10x) | Leverage stable | No meaningful dilution | P/E around its own 5y median | Materially cheaper than sector peers | FCF yield 1.5-3.5% | PEG below 1 -- growth cheaply priced,,,,long,False,4.0,,,,,,,,
28,LTTS.NS,82.3,strong,82.3,0.0,0.867,True,Information Technology,generic,ROCE above 25% (5y avg) -- excellent capital efficiency | Stable ROCE (5y std <6pp) | Net margin drifting down | Operating cash flow exceeds reported profit | Profitable in all 4 reported years | Effectively debt-free | Interest comfortably covered (>10x) | Leverage stable | No meaningful dilution | P/E in the cheapest quartile of its own 5y range | In line with sector peers | FCF yield 3.5-6% | PEG 1.8-3,,,,long,False,4.0,,,,,,,,
29,SUNTV.NS,82.2,strong,82.2,0.0,0.8,True,Media Entertainment & Publication,generic,ROCE 18-25% (5y avg) -- strong | Stable ROCE (5y std <6pp) | Operating cash flow exceeds reported profit | Profitable in all 4 reported years | Effectively debt-free | Interest comfortably covered (>10x) | Leverage stable | No meaningful dilution | P/E below its own 5y median | Materially cheaper than sector peers | PEG below 1 -- growth cheaply priced,Net margin contracting materially,,,long,False,4.0,,,,,,,,
30,HAVELLS.NS,81.9,strong,81.9,0.0,0.8,True,Consumer Durables,generic,ROCE 18-25% (5y avg) -- strong | Very stable ROCE (5y std <3pp) | Net margin stable | Profit converts well to cash | Profitable in all 4 reported years | Effectively debt-free | Interest comfortably covered (>10x) | Leverage stable | No meaningful dilution | P/E in the cheapest quartile of its own 5y range | Cheaper than sector peers,Minimal or negative free cash flow yield,,,long,False,4.0,,,,,,,,
31,ATUL.NS,81.8,strong,81.8,0.0,0.867,True,Chemicals,generic,ROCE 9-13% (5y avg) -- modest | Very stable ROCE (5y std <3pp) | Net margin expanding | Operating cash flow exceeds reported profit | Profitable in all 4 reported years | Effectively debt-free | Interest comfortably covered (>10x) | Leverage stable | No meaningful dilution | P/E in the cheapest quartile of its own 5y range | Cheaper than sector peers | FCF yield 3.5-6% | PEG below 1 -- growth cheaply priced,,,,long,False,4.0,,,,,,,,
32,BAYERCROP.NS,81.7,strong,81.7,0.0,0.867,True,Chemicals,generic,ROCE above 25% (5y avg) -- excellent capital efficiency | Stable ROCE (5y std <6pp) | Profit converts well to cash | Profitable in all 4 reported years | Effectively debt-free | Interest comfortably covered (>10x) | Leverage stable | No meaningful dilution | P/E in the cheapest quartile of its own 5y range | Cheaper than sector peers | FCF yield 3.5-6% | PEG 1-1.8 -- growth reasonably priced,Net margin contracting materially,,,long,False,4.0,,,,,,,,
33,ABBOTINDIA.NS,81.6,strong,81.6,0.0,0.867,True,Healthcare,generic,ROCE above 25% (5y avg) -- excellent capital efficiency | Very stable ROCE (5y std <3pp) | Net margin expanding | Profit converts well to cash | Profitable in all 4 reported years | Effectively debt-free | Interest comfortably covered (>10x) | Leverage stable | No meaningful dilution | P/E around its own 5y median | Cheaper than sector peers | FCF yield 1.5-3.5% | PEG 1.8-3,,,,long,False,4.0,,,,,,,,
34,CANFINHOME.NS,81.5,strong,81.5,0.0,1.0,True,Financial Services,financials,ROA above 2% -- excellent for a lender | ROE 14-18% (5y avg) | Equity 10-15% of assets -- comfortable | Healthy net interest margin | Assets growing 10% a year | EPS CAGR above 18% (3y) | P/B 1-1.8 -- reasonable for a lender | P/B expensive versus its own history,,,"Asset quality is NOT assessed: gross/net NPA, provision coverage, capital adequacy and credit cost are unavailable from this data source. A lender can report excellent ROA until the credit cycle turns -- verify the loan book independently before acting on this score.",long,True,,2.4464318409219667,18.155164922372727,17.346052086533213,13.475128710658051,3.637985491314328,10.30257915279298,20.459120051559143,1.7361188
35,PETRONET.NS,81.2,strong,81.2,0.0,0.867,True,Oil Gas & Consumable Fuels,generic,ROCE 18-25% (5y avg) -- strong | Very stable ROCE (5y std <3pp) | Net margin expanding | Operating cash flow exceeds reported profit | Profitable in all 4 reported years | Low leverage (D/E below 0.5) | Interest comfortably covered (>10x) | Leverage stable | No meaningful dilution | P/E in the expensive part of its own range | Cheaper than sector peers | FCF yield 3.5-6% | PEG below 1 -- growth cheaply priced,,,,long,False,4.0,,,,,,,,
36,KAJARIACER.NS,81.0,strong,81.0,0.0,0.867,True,Consumer Durables,generic,ROCE 18-25% (5y avg) -- strong | Very stable ROCE (5y std <3pp) | Net margin stable | Operating cash flow exceeds reported profit | Profitable in all 4 reported years | Effectively debt-free | Interest comfortably covered (>10x) | Leverage stable | No meaningful dilution | P/E around its own 5y median | Cheaper than sector peers | FCF yield 1.5-3.5% | PEG below 1 -- growth cheaply priced,,,,long,False,4.0,,,,,,,,
37,FORCEMOT.NS,81.0,strong,81.0,0.0,0.867,True,Automobile and Auto Components,generic,ROCE above 25% (5y avg) -- excellent capital efficiency | Variable ROCE (5y std <12pp) | Net margin expanding | Operating cash flow exceeds reported profit | Profitable in all 4 reported years | Effectively debt-free | Interest comfortably covered (>10x) | Deleveraging over time | No meaningful dilution | P/E in the expensive part of its own range | Cheaper than sector peers | FCF yield 1.5-3.5% | PEG below 1 -- growth cheaply priced,,,,long,False,4.0,,,,,,,,
38,GESHIP.NS,80.8,strong,80.8,0.0,0.867,True,Services,generic,ROCE 18-25% (5y avg) -- strong | Very stable ROCE (5y std <3pp) | Net margin expanding | Profit converts well to cash | Profitable in all 4 reported years | Effectively debt-free | Interest comfortably covered (>10x) | Deleveraging over time | No meaningful dilution | Materially cheaper than sector peers | FCF yield 1.5-3.5% | PEG below 1 -- growth cheaply priced,P/E near the top of its own 5y range -- little re-rating room,,,long,False,4.0,,,,,,,,
39,ACE.NS,80.7,strong,80.7,0.0,0.867,True,Capital Goods,generic,ROCE above 25% (5y avg) -- excellent capital efficiency | Stable ROCE (5y std <6pp) | Net margin expanding | Operating cash flow exceeds reported profit | Profitable in all 4 reported years | Effectively debt-free | Interest comfortably covered (>10x) | Leverage stable | No meaningful dilution | P/E in the expensive part of its own range | Cheaper than sector peers | FCF yield 1.5-3.5% | PEG 1-1.8 -- growth reasonably priced,,,,long,False,4.0,,,,,,,,
40,PAGEIND.NS,80.6,strong,80.6,0.0,0.8,True,Textiles,generic,ROCE above 25% (5y avg) -- excellent capital efficiency | Variable ROCE (5y std <12pp) | Net margin expanding | Operating cash flow exceeds reported profit | Profitable in all 4 reported years | Low leverage (D/E below 0.5) | Interest comfortably covered (>10x) | Leverage stable | No meaningful dilution | P/E in the cheapest quartile of its own 5y range | FCF yield 1.5-3.5%,More expensive than sector peers,,,long,False,4.0,,,,,,,,
41,GRSE.NS,80.5,strong,80.5,0.0,0.8,True,Capital Goods,generic,ROCE above 25% (5y avg) -- excellent capital efficiency | Variable ROCE (5y std <12pp) | Net margin expanding | Profit converts well to cash | Profitable in all 4 reported years | Effectively debt-free | Interest comfortably covered (>10x) | Deleveraging over time | No meaningful dilution | P/E in the expensive part of its own range | Cheaper than sector peers | PEG below 1 -- growth cheaply priced,,,,long,False,4.0,,,,,,,,
42,TMCV.NS,80.5,strong,80.5,0.0,0.8,True,Capital Goods,generic,ROCE 18-25% (5y avg) -- strong | Stable ROCE (5y std <6pp) | Operating cash flow exceeds reported profit | Profitable in all 3 reported years | Low leverage (D/E below 0.5) | Interest well covered (5-10x) | Deleveraging over time | No meaningful dilution | Cheaper than sector peers | FCF yield above 6% | PEG below 1 -- growth cheaply priced,Net margin contracting materially,,Only 3 years of financial history -- a 2-5 year judgement is being made on a short record,long,False,3.0,,,,,,,,
43,FIVESTAR.NS,80.4,strong,80.4,0.0,1.0,True,Financial Services,financials,ROA above 2% -- excellent for a lender | ROE 14-18% (5y avg) | Equity above 15% of assets -- well capitalised | Assets growing 22% a year -- strong but not reckless | EPS CAGR above 18% (3y) | P/B 1.8-3 | P/B around its own history,Thin net interest margin -- little spread on lending,,"Asset quality is NOT assessed: gross/net NPA, provision coverage, capital adequacy and credit cost are unavailable from this data source. A lender can report excellent ROA until the credit cycle turns -- verify the loan book independently before acting on this score.",long,True,,6.958603393743283,14.88783783578705,15.473297198173356,46.74018800108334,0.0993353987590979,21.965832217781834,22.047280350368403,2.2039707
44,HAL.NS,80.4,strong,80.4,0.0,0.867,True,Capital Goods,generic,ROCE above 25% (5y avg) -- excellent capital efficiency | Very stable ROCE (5y std <3pp) | Net margin expanding | Operating cash flow exceeds reported profit | Profitable in all 4 reported years | Effectively debt-free | Interest comfortably covered (>10x) | Leverage stable | No meaningful dilution | Cheaper than sector peers | FCF yield 1.5-3.5% | PEG 1.8-3,P/E near the top of its own 5y range -- little re-rating room,,,long,False,4.0,,,,,,,,
45,APTUS.NS,80.3,strong,90.3,10.0,1.0,True,Financial Services,financials,ROA above 2% -- excellent for a lender | ROE 14-18% (5y avg) | Equity above 15% of assets -- well capitalised | Wide net interest margin | Assets growing 22% a year -- strong but not reckless | EPS CAGR above 18% (3y) | P/B 1.8-3 | P/B cheap versus its own history,,Promoters sold down 16.5pp over four quarters (-10),"Asset quality is NOT assessed: gross/net NPA, provision coverage, capital adequacy and credit cost are unavailable from this data source. A lender can report excellent ROA until the credit cycle turns -- verify the loan book independently before acting on this score.",long,True,,7.226921111730916,18.635113888367208,16.83537198754979,38.781201741097235,9.92788260924051,22.051828975354248,23.17997797921918,2.465191
46,RAILTEL.NS,80.2,strong,80.2,0.0,0.867,True,Telecommunication,generic,ROCE 18-25% (5y avg) -- strong | Very stable ROCE (5y std <3pp) | Net margin drifting down | Operating cash flow exceeds reported profit | Profitable in all 4 reported years | Effectively debt-free | Interest comfortably covered (>10x) | Leverage stable | No meaningful dilution | P/E below its own 5y median | Cheaper than sector peers | PEG below 1 -- growth cheaply priced,Minimal or negative free cash flow yield,,,long,False,4.0,,,,,,,,
47,SOLARINDS.NS,80.0,strong,80.0,0.0,0.8,True,Chemicals,generic,ROCE above 25% (5y avg) -- excellent capital efficiency | Very stable ROCE (5y std <3pp) | Net margin expanding | Operating cash flow exceeds reported profit | Profitable in all 4 reported years | Low leverage (D/E below 0.5) | Interest comfortably covered (>10x) | Deleveraging over time | No meaningful dilution | PEG 1-1.8 -- growth reasonably priced,P/E near the top of its own 5y range -- little re-rating room | More expensive than sector peers,,,long,False,4.0,,,,,,,,
48,CAMS.NS,80.0,strong,80.0,0.0,0.867,True,Financial Services,generic,ROCE above 25% (5y avg) -- excellent capital efficiency | Very stable ROCE (5y std <3pp) | Net margin expanding | Operating cash flow exceeds reported profit | Profitable in all 4 reported years | Effectively debt-free | Interest comfortably covered (>10x) | Leverage stable | No meaningful dilution | P/E around its own 5y median | FCF yield 1.5-3.5% | PEG 1.8-3,More expensive than sector peers,,,long,False,4.0,,,,,,,,
49,BALKRISIND.NS,79.9,good,79.9,0.0,0.733,True,Automobile and Auto Components,generic,ROCE 13-18% (5y avg) -- adequate | Very stable ROCE (5y std <3pp) | Net margin stable | Operating cash flow exceeds reported profit | Profitable in all 4 reported years | Low leverage (D/E below 0.5) | Interest comfortably covered (>10x) | Leverage stable | No meaningful dilution | P/E below its own 5y median | Cheaper than sector peers,,,,long,False,4.0,,,,,,,,
50,DABUR.NS,79.9,good,79.9,0.0,0.867,True,Fast Moving Consumer Goods,generic,ROCE 18-25% (5y avg) -- strong | Very stable ROCE (5y std <3pp) | Net margin drifting down | Operating cash flow exceeds reported profit | Profitable in all 4 reported years | Low leverage (D/E below 0.5) | Interest comfortably covered (>10x) | Leverage stable | No meaningful dilution | P/E in the cheapest quartile of its own 5y range | Cheaper than sector peers | FCF yield 1.5-3.5% | PEG 1.8-3,,,,long,False,4.0,,,,,,,,
51,GPIL.NS,79.4,good,79.4,0.0,0.8,True,Capital Goods,generic,ROCE 18-25% (5y avg) -- strong | Stable ROCE (5y std <6pp) | Net margin stable | Operating cash flow exceeds reported profit | Profitable in all 4 reported years | Effectively debt-free | Interest comfortably covered (>10x) | Leverage stable | No meaningful dilution | P/E below its own 5y median | Cheaper than sector peers,Minimal or negative free cash flow yield,,,long,False,4.0,,,,,,,,
52,IGL.NS,79.2,good,79.2,0.0,0.8,True,Oil Gas & Consumable Fuels,generic,ROCE 18-25% (5y avg) -- strong | Stable ROCE (5y std <6pp) | Net margin drifting down | Operating cash flow exceeds reported profit | Profitable in all 4 reported years | Effectively debt-free | Interest comfortably covered (>10x) | Leverage stable | No meaningful dilution | P/E in the cheapest quartile of its own 5y range | In line with sector peers | FCF yield 1.5-3.5%,,,,long,False,4.0,,,,,,,,
53,SUMICHEM.NS,79.0,good,79.0,0.0,0.867,True,Chemicals,generic,ROCE 18-25% (5y avg) -- strong | Very stable ROCE (5y std <3pp) | Net margin expanding | Operating cash flow exceeds reported profit | Profitable in all 4 reported years | Effectively debt-free | Interest comfortably covered (>10x) | Leverage stable | No meaningful dilution | P/E around its own 5y median | In line with sector peers | FCF yield 1.5-3.5% | PEG 1.8-3,,,,long,False,4.0,,,,,,,,
54,SUPREMEIND.NS,78.9,good,78.9,0.0,0.867,True,Capital Goods,generic,ROCE 18-25% (5y avg) -- strong | Very stable ROCE (5y std <3pp) | Net margin drifting down | Operating cash flow exceeds reported profit | Profitable in all 4 reported years | Effectively debt-free | Interest comfortably covered (>10x) | Leverage stable | No meaningful dilution | P/E below its own 5y median | Cheaper than sector peers | PEG 1-1.8 -- growth reasonably priced,Minimal or negative free cash flow yield,,,long,False,4.0,,,,,,,,
55,ASTRAL.NS,78.8,good,78.8,0.0,0.867,True,Capital Goods,generic,ROCE 18-25% (5y avg) -- strong | Very stable ROCE (5y std <3pp) | Net margin drifting down | Operating cash flow exceeds reported profit | Profitable in all 4 reported years | Effectively debt-free | Interest comfortably covered (>10x) | Leverage stable | No meaningful dilution | P/E in the cheapest quartile of its own 5y range | FCF yield 1.5-3.5% | PEG 1-1.8 -- growth reasonably priced,More expensive than sector peers,,,long,False,4.0,,,,,,,,
56,DOMS.NS,78.6,good,88.6,10.0,0.733,True,Fast Moving Consumer Goods,generic,ROCE above 25% (5y avg) -- excellent capital efficiency | Stable ROCE (5y std <6pp) | Net margin expanding | Operating cash flow exceeds reported profit | Profitable in all 4 reported years | Low leverage (D/E below 0.5) | Interest comfortably covered (>10x) | Deleveraging over time | No meaningful dilution | P/E in the cheapest quartile of its own 5y range,More expensive than sector peers,Promoters sold down 7.0pp over four quarters (-10),,long,False,4.0,,,,,,,,
57,CIPLA.NS,78.4,good,78.4,0.0,0.8,True,Healthcare,generic,ROCE 18-25% (5y avg) -- strong | Very stable ROCE (5y std <3pp) | Net margin expanding | Profit converts well to cash | Profitable in all 4 reported years | Effectively debt-free | Interest comfortably covered (>10x) | Leverage stable | No meaningful dilution | P/E around its own 5y median | Cheaper than sector peers,Minimal or negative free cash flow yield,,,long,False,4.0,,,,,,,,
58,PNBHOUSING.NS,78.2,good,78.2,0.0,1.0,True,Financial Services,financials,ROA above 2% -- excellent for a lender | ROE 10-14% (5y avg) | Equity above 15% of assets -- well capitalised | Healthy net interest margin | Assets growing 12% a year | EPS CAGR above 18% (3y) | P/B 1-1.8 -- reasonable for a lender,P/B near the top of its own range,,"Asset quality is NOT assessed: gross/net NPA, provision coverage, capital adequacy and credit cost are unavailable from this data source. A lender can report excellent ROA until the credit cycle turns -- verify the loan book independently before acting on this score.",long,True,,2.4502077646233262,11.921663467597128,10.74271165691437,20.552566101894655,3.283854159147584,11.824622147872299,18.205181601436806,1.5982095
59,NATIONALUM.NS,78.0,good,78.0,0.0,0.867,True,Metals & Mining,generic,ROCE above 25% (5y avg) -- excellent capital efficiency | Variable ROCE (5y std <12pp) | Net margin expanding | Profit converts well to cash | Profitable in all 4 reported years | Effectively debt-free | Interest comfortably covered (>10x) | Leverage stable | No meaningful dilution | Cheaper than sector peers | FCF yield above 6% | PEG below 1 -- growth cheaply priced,P/E near the top of its own 5y range -- little re-rating room,,,long,False,4.0,,,,,,,,
60,PFIZER.NS,77.6,good,77.6,0.0,0.867,True,Healthcare,generic,ROCE 18-25% (5y avg) -- strong | Very stable ROCE (5y std <3pp) | Net margin expanding | Weak cash conversion | Profitable in all 4 reported years | Effectively debt-free | Interest comfortably covered (>10x) | Leverage stable | No meaningful dilution | P/E below its own 5y median | Cheaper than sector peers | FCF yield 3.5-6%,PEG above 3 -- paying a lot for the growth,,,long,False,4.0,,,,,,,,
61,BAJFINANCE.NS,77.5,good,77.5,0.0,1.0,True,Financial Services,financials,ROA above 2% -- excellent for a lender | ROE above 18% (5y avg) | Equity above 15% of assets -- well capitalised | Wide net interest margin | Assets growing 27% a year -- strong but not reckless | EPS CAGR 10-18% (3y),P/B above 4.5 -- priced for sustained excellence | P/B near the top of its own range,,"Asset quality is NOT assessed: gross/net NPA, provision coverage, capital adequacy and credit cost are unavailable from this data source. A lender can report excellent ROA until the credit cycle turns -- verify the loan book independently before acting on this score.",long,True,,3.396251423960424,16.682064459852374,18.473996036813137,20.35869980081877,7.877955903248626,26.712767778996003,17.19008408080398,5.6424913
62,CYIENT.NS,77.5,good,77.5,0.0,0.8,True,Information Technology,generic,ROCE 13-18% (5y avg) -- adequate | Stable ROCE (5y std <6pp) | Net margin drifting down | Operating cash flow exceeds reported profit | Profitable in all 4 reported years | Effectively debt-free | Interest comfortably covered (>10x) | Deleveraging over time | No meaningful dilution | P/E below its own 5y median | In line with sector peers | FCF yield above 6%,,,,long,False,4.0,,,,,,,,
63,ASIANPAINT.NS,77.4,good,80.4,3.0,0.867,True,Consumer Durables,generic,ROCE above 25% (5y avg) -- excellent capital efficiency | Stable ROCE (5y std <6pp) | Net margin drifting down | Operating cash flow exceeds reported profit | Profitable in all 4 reported years | Low leverage (D/E below 0.5) | Interest comfortably covered (>10x) | Leverage stable | No meaningful dilution | P/E in the cheapest quartile of its own 5y range | In line with sector peers | FCF yield 1.5-3.5% | PEG 1-1.8 -- growth reasonably priced,,Some promoter pledging (10% of stake) (-3),,long,False,4.0,,,,,,,,
64,EICHERMOT.NS,77.3,good,77.3,0.0,0.867,True,Automobile and Auto Components,generic,ROCE above 25% (5y avg) -- excellent capital efficiency | Very stable ROCE (5y std <3pp) | Net margin expanding | Profit converts well to cash | Profitable in all 4 reported years | Effectively debt-free | Interest comfortably covered (>10x) | Leverage stable | No meaningful dilution | In line with sector peers | FCF yield 1.5-3.5% | PEG 1-1.8 -- growth reasonably priced,P/E near the top of its own 5y range -- little re-rating room,,,long,False,4.0,,,,,,,,
65,VEDL.NS,77.2,good,77.2,0.0,0.867,True,Metals & Mining,generic,ROCE 18-25% (5y avg) -- strong | Variable ROCE (5y std <12pp) | Net margin expanding | Operating cash flow exceeds reported profit | Profitable in all 4 reported years | Moderate leverage (D/E 0.5-1.0) | Interest well covered (5-10x) | Deleveraging over time | Mild dilution | P/E around its own 5y median | Materially cheaper than sector peers | FCF yield above 6% | PEG below 1 -- growth cheaply priced,,,,long,False,4.0,,,,,,,,
66,CHAMBLFERT.NS,77.1,good,85.1,8.0,0.733,True,Chemicals,generic,ROCE 18-25% (5y avg) -- strong | Stable ROCE (5y std <6pp) | Net margin expanding | Operating cash flow exceeds reported profit | Profitable in all 4 reported years | Low leverage (D/E below 0.5) | Interest comfortably covered (>10x) | Deleveraging over time | No meaningful dilution | P/E around its own 5y median | Materially cheaper than sector peers,,Elevated promoter pledging (23% of stake) (-8),,long,False,4.0,,,,,,,,
67,CIEINDIA.NS,77.0,good,77.0,0.0,0.867,True,Automobile and Auto Components,generic,ROCE 13-18% (5y avg) -- adequate | Very stable ROCE (5y std <3pp) | Net margin expanding | Operating cash flow exceeds reported profit | Effectively debt-free | Interest comfortably covered (>10x) | Leverage stable | No meaningful dilution | P/E below its own 5y median | Cheaper than sector peers | FCF yield above 6% | PEG 1-1.8 -- growth reasonably priced,Loss-making in 1 of 4 years,,,long,False,4.0,,,,,,,,
68,IRCTC.NS,76.8,good,76.8,0.0,0.8,True,Consumer Services,generic,ROCE above 25% (5y avg) -- excellent capital efficiency | Stable ROCE (5y std <6pp) | Net margin drifting down | Weak cash conversion | Profitable in all 4 reported years | Effectively debt-free | Interest comfortably covered (>10x) | Leverage stable | No meaningful dilution | P/E in the cheapest quartile of its own 5y range | Cheaper than sector peers | FCF yield 1.5-3.5%,,,,long,False,4.0,,,,,,,,
69,ONGC.NS,76.7,good,76.7,0.0,0.867,True,Oil Gas & Consumable Fuels,generic,ROCE 13-18% (5y avg) -- adequate | Very stable ROCE (5y std <3pp) | Net margin stable | Operating cash flow exceeds reported profit | Profitable in all 4 reported years | Low leverage (D/E below 0.5) | Interest well covered (5-10x) | Leverage stable | No meaningful dilution | P/E around its own 5y median | Cheaper than sector peers | FCF yield above 6% | PEG below 1 -- growth cheaply priced,,,,long,False,4.0,,,,,,,,
70,BRITANNIA.NS,76.6,good,76.6,0.0,0.867,True,Fast Moving Consumer Goods,generic,ROCE above 25% (5y avg) -- excellent capital efficiency | Very stable ROCE (5y std <3pp) | Net margin drifting down | Operating cash flow exceeds reported profit | Profitable in all 4 reported years | Low leverage (D/E below 0.5) | Interest comfortably covered (>10x) | Deleveraging over time | No meaningful dilution | P/E around its own 5y median | In line with sector peers | FCF yield 1.5-3.5%,PEG above 3 -- paying a lot for the growth,,,long,False,4.0,,,,,,,,
71,BBTC.NS,76.1,good,76.1,0.0,0.867,True,Fast Moving Consumer Goods,generic,ROCE above 25% (5y avg) -- excellent capital efficiency | Net margin expanding | Operating cash flow exceeds reported profit | Low leverage (D/E below 0.5) | Interest comfortably covered (>10x) | Deleveraging over time | No meaningful dilution | P/E around its own 5y median | Materially cheaper than sector peers | FCF yield above 6% | PEG below 1 -- growth cheaply priced,Erratic ROCE -- returns on capital are not repeatable | Loss-making in 1 of 4 years,,,long,False,4.0,,,,,,,,
72,OFSS.NS,76.0,good,76.0,0.0,0.867,True,Information Technology,generic,ROCE above 25% (5y avg) -- excellent capital efficiency | Stable ROCE (5y std <6pp) | Net margin expanding | Profit converts well to cash | Profitable in all 4 reported years | Effectively debt-free | Interest comfortably covered (>10x) | Leverage stable | No meaningful dilution | In line with sector peers | FCF yield 1.5-3.5% | PEG below 1 -- growth cheaply priced,P/E near the top of its own 5y range -- little re-rating room,,,long,False,4.0,,,,,,,,
73,TECHM.NS,75.9,good,75.9,0.0,0.867,True,Information Technology,generic,ROCE 18-25% (5y avg) -- strong | Stable ROCE (5y std <6pp) | Net margin stable | Operating cash flow exceeds reported profit | Profitable in all 4 reported years | Effectively debt-free | Interest comfortably covered (>10x) | Leverage stable | No meaningful dilution | P/E in the expensive part of its own range | In line with sector peers | FCF yield 3.5-6% | PEG below 1 -- growth cheaply priced,,,,long,False,4.0,,,,,,,,
74,MARUTI.NS,75.7,good,75.7,0.0,0.8,True,Automobile and Auto Components,generic,ROCE 18-25% (5y avg) -- strong | Very stable ROCE (5y std <3pp) | Net margin stable | Operating cash flow exceeds reported profit | Profitable in all 4 reported years | Effectively debt-free | Interest comfortably covered (>10x) | Leverage stable | Mild dilution | P/E in the expensive part of its own range | Cheaper than sector peers | FCF yield 1.5-3.5%,,,,long,False,4.0,,,,,,,,
75,VBL.NS,75.6,good,75.6,0.0,0.867,True,Fast Moving Consumer Goods,generic,ROCE 18-25% (5y avg) -- strong | Very stable ROCE (5y std <3pp) | Net margin expanding | Operating cash flow exceeds reported profit | Profitable in all 4 reported years | Low leverage (D/E below 0.5) | Interest comfortably covered (>10x) | Deleveraging over time | Mild dilution | P/E around its own 5y median | In line with sector peers | PEG 1.8-3,Minimal or negative free cash flow yield,,,long,False,4.0,,,,,,,,
76,AAVAS.NS,75.6,good,75.6,0.0,1.0,True,Financial Services,financials,ROA above 2% -- excellent for a lender | ROE 10-14% (5y avg) | Equity above 15% of assets -- well capitalised | Assets growing 17% a year -- strong but not reckless | EPS CAGR 10-18% (3y) | P/B 1.8-3 | P/B cheap versus its own history,Thin net interest margin -- little spread on lending,,"Asset quality is NOT assessed: gross/net NPA, provision coverage, capital adequacy and credit cost are unavailable from this data source. A lender can report excellent ROA until the credit cycle turns -- verify the loan book independently before acting on this score.",long,True,,3.0872422968288475,12.965775730023815,13.06888199881125,23.810702584342614,0.5268185987442904,16.517704100815635,14.82196363181949,1.9992411
77,IREDA.NS,75.5,good,75.5,0.0,1.0,True,Financial Services,financials,ROA 1.3-2% -- strong | ROE 14-18% (5y avg) | Equity 10-15% of assets -- comfortable | Assets growing 23% a year -- strong but not reckless | EPS CAGR above 18% (3y) | P/B 1.8-3 | P/B cheap versus its own history,Thin net interest margin -- little spread on lending,,"Asset quality is NOT assessed: gross/net NPA, provision coverage, capital adequacy and credit cost are unavailable from this data source. A lender can report excellent ROA until the credit cycle turns -- verify the loan book independently before acting on this score.",long,True,,1.9977001929582243,13.594072578129648,14.833597925682652,14.69537683778557,-2.53291115127121,22.97060438950187,27.89658335335543,2.2764509
78,BPCL.NS,75.5,good,75.5,0.0,0.8,True,Oil Gas & Consumable Fuels,generic,ROCE 18-25% (5y avg) -- strong | Variable ROCE (5y std <12pp) | Net margin expanding | Operating cash flow exceeds reported profit | Profitable in all 4 reported years | Moderate leverage (D/E 0.5-1.0) | Interest comfortably covered (>10x) | Deleveraging over time | No meaningful dilution | P/E in the expensive part of its own range | Cheaper than sector peers | FCF yield above 6%,,,,long,False,4.0,,,,,,,,
79,LGEINDIA.NS,75.5,insufficient data,75.5,0.0,0.467,False,Consumer Durables,generic,ROCE above 25% (5y avg) -- excellent capital efficiency | Profit converts well to cash | Effectively debt-free | Interest comfortably covered (>10x) | In line with sector peers | PEG 1.8-3,Minimal or negative free cash flow yield,,Only 2 years of financial history -- a 2-5 year judgement is being made on a short record | Low data coverage (47% of criteria applied) -- this score is not directly comparable to a fully-measured one,long,False,2.0,,,,,,,,
80,COLPAL.NS,75.4,good,75.4,0.0,0.867,True,Fast Moving Consumer Goods,generic,ROCE above 25% (5y avg) -- excellent capital efficiency | Net margin expanding | Profit converts well to cash | Profitable in all 4 reported years | Effectively debt-free | Interest comfortably covered (>10x) | Leverage stable | No meaningful dilution | P/E below its own 5y median | In line with sector peers | FCF yield 3.5-6%,Erratic ROCE -- returns on capital are not repeatable | PEG above 3 -- paying a lot for the growth,,,long,False,4.0,,,,,,,,
81,MSUMI.NS,75.2,good,75.2,0.0,0.8,True,Automobile and Auto Components,generic,ROCE above 25% (5y avg) -- excellent capital efficiency | Stable ROCE (5y std <6pp) | Net margin drifting down | Weak cash conversion | Profitable in all 4 reported years | Low leverage (D/E below 0.5) | Interest comfortably covered (>10x) | Deleveraging over time | No meaningful dilution | P/E in the cheapest quartile of its own 5y range | In line with sector peers | FCF yield 1.5-3.5%,,,,long,False,4.0,,,,,,,,
82,HDBFS.NS,75.1,good,75.1,0.0,0.875,True,Financial Services,financials,ROA above 2% -- excellent for a lender | ROE 14-18% (5y avg) | Equity above 15% of assets -- well capitalised | Assets growing 21% a year -- strong but not reckless | EPS CAGR 3-10% (3y) | P/B 1.8-3,Thin net interest margin -- little spread on lending,,"Asset quality is NOT assessed: gross/net NPA, provision coverage, capital adequacy and credit cost are unavailable from this data source. A lender can report excellent ROA until the credit cycle turns -- verify the loan book independently before acting on this score.",long,True,,2.057258028775717,12.310413495902303,15.275778923298201,16.711526623053764,-2.6722446023290622,20.854526298355957,9.34666238971127,2.6889973
83,TIINDIA.NS,74.7,good,74.7,0.0,0.733,True,Automobile and Auto Components,generic,ROCE 18-25% (5y avg) -- strong | Stable ROCE (5y std <6pp) | Operating cash flow exceeds reported profit | Profitable in all 4 reported years | Effectively debt-free | Interest comfortably covered (>10x) | Leverage stable | No meaningful dilution | P/E below its own 5y median,Net margin contracting materially | More expensive than sector peers,,,long,False,4.0,,,,,,,,
84,KFINTECH.NS,74.7,good,74.7,0.0,0.8,True,Financial Services,generic,ROCE above 25% (5y avg) -- excellent capital efficiency | Very stable ROCE (5y std <3pp) | Net margin drifting down | Operating cash flow exceeds reported profit | Profitable in all 4 reported years | Effectively debt-free | Interest comfortably covered (>10x) | Leverage stable | Mild dilution | P/E around its own 5y median | FCF yield 1.5-3.5%,More expensive than sector peers,,,long,False,4.0,,,,,,,,
85,LEMONTREE.NS,74.6,good,74.6,0.0,0.867,True,Consumer Services,generic,ROCE 13-18% (5y avg) -- adequate | Very stable ROCE (5y std <3pp) | Net margin expanding | Operating cash flow exceeds reported profit | Profitable in all 4 reported years | High leverage (D/E 1-2) | Interest adequately covered (2.5-5x) | Deleveraging over time | No meaningful dilution | P/E below its own 5y median | Cheaper than sector peers | FCF yield 3.5-6% | PEG 1-1.8 -- growth reasonably priced,,,,long,False,4.0,,,,,,,,
86,PIDILITIND.NS,74.3,good,74.3,0.0,0.867,True,Chemicals,generic,ROCE above 25% (5y avg) -- excellent capital efficiency | Very stable ROCE (5y std <3pp) | Net margin expanding | Operating cash flow exceeds reported profit | Profitable in all 4 reported years | Effectively debt-free | Interest comfortably covered (>10x) | Leverage stable | No meaningful dilution | PEG 1.8-3,P/E near the top of its own 5y range -- little re-rating room | More expensive than sector peers | Minimal or negative free cash flow yield,,,long,False,4.0,,,,,,,,
87,BAJAJHFL.NS,74.2,good,74.2,0.0,1.0,True,Financial Services,financials,ROA above 2% -- excellent for a lender | ROE 10-14% (5y avg) | Equity above 15% of assets -- well capitalised | Assets growing 25% a year -- strong but not reckless | EPS CAGR above 18% (3y) | P/B 3-4.5 -- richly valued | P/B cheap versus its own history,Thin net interest margin -- little spread on lending,,"Asset quality is NOT assessed: gross/net NPA, provision coverage, capital adequacy and credit cost are unavailable from this data source. A lender can report excellent ROA until the credit cycle turns -- verify the loan book independently before acting on this score.",long,True,,2.013684155471952,11.367774596308895,12.084499147781866,17.713969769648607,0.14327505042389893,25.28622287902269,26.675234724233743,3.1102319
88,TATAELXSI.NS,74.2,good,74.2,0.0,0.867,True,Information Technology,generic,ROCE above 25% (5y avg) -- excellent capital efficiency | Stable ROCE (5y std <6pp) | Profit converts well to cash | Profitable in all 4 reported years | Effectively debt-free | Interest comfortably covered (>10x) | Leverage stable | No meaningful dilution | P/E in the cheapest quartile of its own 5y range | FCF yield 1.5-3.5% | PEG 1.8-3,Net margin contracting materially | More expensive than sector peers,,,long,False,4.0,,,,,,,,
89,SBICARD.NS,73.9,good,73.9,0.0,1.0,True,Financial Services,financials,ROA above 2% -- excellent for a lender | ROE 14-18% (5y avg) | Equity above 15% of assets -- well capitalised | Wide net interest margin | Assets growing 13% a year | P/B 3-4.5 -- richly valued | P/B cheap versus its own history,EPS declining,,"Asset quality is NOT assessed: gross/net NPA, provision coverage, capital adequacy and credit cost are unavailable from this data source. A lender can report excellent ROA until the credit cycle turns -- verify the loan book independently before acting on this score.",long,True,,3.266669973475673,13.778321833963943,17.646266827013964,23.708765209876585,10.29681525647093,13.348686967846813,-1.463902566078834,3.9666302
90,HDFCBANK.NS,73.8,good,73.8,0.0,1.0,True,Financial Services,financials,ROA 1.3-2% -- strong | ROE 10-14% (5y avg) | Equity above 15% of assets -- well capitalised | Healthy net interest margin | Assets growing 27% a year -- strong but not reckless | P/B 1-1.8 -- reasonable for a lender | P/B cheap versus its own history,EPS declining,,"Asset quality is NOT assessed: gross/net NPA, provision coverage, capital adequacy and credit cost are unavailable from this data source. A lender can report excellent ROA until the credit cycle turns -- verify the loan book independently before acting on this score.",long,True,,1.3393717571573425,8.629353033909611,10.844469597284736,15.521114409089453,2.850124462780141,26.890625562994842,-19.797395587817434,1.7984425
91,APLAPOLLO.NS,73.5,good,73.5,0.0,0.867,True,Capital Goods,generic,ROCE 18-25% (5y avg) -- strong | Very stable ROCE (5y std <3pp) | Net margin stable | Operating cash flow exceeds reported profit | Profitable in all 4 reported years | Effectively debt-free | Interest comfortably covered (>10x) | Deleveraging over time | No meaningful dilution | In line with sector peers | FCF yield 1.5-3.5%,P/E near the top of its own 5y range -- little re-rating room | PEG above 3 -- paying a lot for the growth,,,long,False,4.0,,,,,,,,
92,RITES.NS,73.4,good,73.4,0.0,0.867,True,Construction,generic,ROCE 18-25% (5y avg) -- strong | Stable ROCE (5y std <6pp) | Operating cash flow exceeds reported profit | Profitable in all 4 reported years | Effectively debt-free | Interest comfortably covered (>10x) | Leverage stable | No meaningful dilution | P/E below its own 5y median | In line with sector peers | FCF yield 1.5-3.5% | PEG 1.8-3,Net margin contracting materially,,,long,False,4.0,,,,,,,,
93,CHOLAFIN.NS,73.3,good,73.3,0.0,1.0,True,Financial Services,financials,ROA above 2% -- excellent for a lender | ROE 14-18% (5y avg) | Equity 10-15% of assets -- comfortable | Wide net interest margin | Assets growing 29% a year -- strong but not reckless | EPS CAGR above 18% (3y),P/B above 4.5 -- priced for sustained excellence | P/B near the top of its own range,,"Asset quality is NOT assessed: gross/net NPA, provision coverage, capital adequacy and credit cost are unavailable from this data source. A lender can report excellent ROA until the credit cycle turns -- verify the loan book independently before acting on this score.",long,True,,2.131858926014663,17.179530113203583,17.805034127770398,12.409297064395208,5.737552069534174,29.268561331155517,24.06257777235472,5.163689
94,SBFC.NS,73.2,good,73.2,0.0,1.0,True,Financial Services,financials,ROA above 2% -- excellent for a lender | ROE 10-14% (5y avg) | Equity above 15% of assets -- well capitalised | Assets growing 24% a year -- strong but not reckless | EPS CAGR above 18% (3y) | P/B 1.8-3 | P/B expensive versus its own history,Thin net interest margin -- little spread on lending,,"Asset quality is NOT assessed: gross/net NPA, provision coverage, capital adequacy and credit cost are unavailable from this data source. A lender can report excellent ROA until the credit cycle turns -- verify the loan book independently before acting on this score.",long,True,,4.066907090965217,12.102405485735884,10.03152077571791,33.60412188930992,-0.6742831698841413,24.48514327437572,42.834158479961616,2.9145148
95,ZFCVINDIA.NS,72.9,good,72.9,0.0,0.867,True,Automobile and Auto Components,generic,ROCE 18-25% (5y avg) -- strong | Very stable ROCE (5y std <3pp) | Net margin expanding | Profit converts well to cash | Profitable in all 4 reported years | Effectively debt-free | Interest comfortably covered (>10x) | Leverage stable | No meaningful dilution | P/E in the expensive part of its own range | FCF yield 1.5-3.5% | PEG 1-1.8 -- growth reasonably priced,More expensive than sector peers,,,long,False,4.0,,,,,,,,
96,IDBI.NS,72.9,good,72.9,0.0,1.0,True,Financial Services,financials,ROA 1.3-2% -- strong | ROE 10-14% (5y avg) | Equity 10-15% of assets -- comfortable | Healthy net interest margin | Assets growing 12% a year | EPS CAGR above 18% (3y) | P/B 1-1.8 -- reasonable for a lender | P/B expensive versus its own history,,,"Asset quality is NOT assessed: gross/net NPA, provision coverage, capital adequacy and credit cost are unavailable from this data source. A lender can report excellent ROA until the credit cycle turns -- verify the loan book independently before acting on this score.",long,True,,1.970526390766815,13.432625304490891,11.287548045484254,14.669704142704063,2.8980542812993977,12.132565898902858,35.43177660626713,1.2698631
97,HCLTECH.NS,72.9,good,72.9,0.0,0.833,True,Information Technology,generic,ROCE above 25% (5y avg) -- excellent capital efficiency | Very stable ROCE (5y std <3pp) | Net margin drifting down | Operating cash flow exceeds reported profit | Effectively debt-free | Interest comfortably covered (>10x) | Leverage stable | No meaningful dilution,"Loss-making in 1 of 5 years | Valuation could not be measured -- scored neutral rather than skipped, so a data gap cannot inflate the rank",,"Valuation could not be measured -- scored neutral rather than skipped, so a data gap cannot inflate the rank | statements in USD but priced in INR; price/statement ratios suppressed (statement-only metrics such as ROCE, margins and CAGR remain valid)",long,False,5.0,,,,,,,,
98,NEULANDLAB.NS,72.9,good,72.9,0.0,0.8,True,Healthcare,generic,ROCE 18-25% (5y avg) -- strong | Stable ROCE (5y std <6pp) | Net margin expanding | Operating cash flow exceeds reported profit | Profitable in all 4 reported years | Low leverage (D/E below 0.5) | Interest comfortably covered (>10x) | Leverage stable | No meaningful dilution | PEG below 1 -- growth cheaply priced,P/E near the top of its own 5y range -- little re-rating room | More expensive than sector peers,,,long,False,4.0,,,,,,,,
99,GILLETTE.NS,72.9,good,72.9,0.0,0.867,True,Fast Moving Consumer Goods,generic,ROCE above 25% (5y avg) -- excellent capital efficiency | Net margin expanding | Operating cash flow exceeds reported profit | Profitable in all 4 reported years | Effectively debt-free | Interest comfortably covered (>10x) | Leverage stable | No meaningful dilution | P/E around its own 5y median | In line with sector peers | FCF yield 1.5-3.5%,Erratic ROCE -- returns on capital are not repeatable | PEG above 3 -- paying a lot for the growth,,,long,False,4.0,,,,,,,,
100,CONCOR.NS,72.8,good,72.8,0.0,0.867,True,Services,generic,ROCE 13-18% (5y avg) -- adequate | Very stable ROCE (5y std <3pp) | Net margin drifting down | Operating cash flow exceeds reported profit | Profitable in all 4 reported years | Effectively debt-free | Interest comfortably covered (>10x) | Leverage stable | No meaningful dilution | P/E in the cheapest quartile of its own 5y range | In line with sector peers,Minimal or negative free cash flow yield | PEG above 3 -- paying a lot for the growth,,,long,False,4.0,,,,,,,,
101,ARE&M.NS,72.8,good,72.8,0.0,0.8,True,Automobile and Auto Components,generic,ROCE 13-18% (5y avg) -- adequate | Very stable ROCE (5y std <3pp) | Net margin drifting down | Operating cash flow exceeds reported profit | Profitable in all 4 reported years | Effectively debt-free | Interest comfortably covered (>10x) | Leverage stable | Mild dilution | P/E around its own 5y median | Cheaper than sector peers | PEG 1-1.8 -- growth reasonably priced,,,,long,False,4.0,,,,,,,,
102,HONAUT.NS,72.8,good,72.8,0.0,0.867,True,Capital Goods,generic,ROCE 13-18% (5y avg) -- adequate | Very stable ROCE (5y std <3pp) | Net margin drifting down | Profit converts well to cash | Profitable in all 4 reported years | Effectively debt-free | Interest comfortably covered (>10x) | Leverage stable | No meaningful dilution | P/E in the cheapest quartile of its own 5y range | In line with sector peers | FCF yield 1.5-3.5% | PEG 1.8-3,,,,long,False,4.0,,,,,,,,
103,ALKEM.NS,72.7,good,76.7,4.0,0.8,True,Healthcare,generic,ROCE 13-18% (5y avg) -- adequate | Very stable ROCE (5y std <3pp) | Net margin expanding | Operating cash flow exceeds reported profit | Profitable in all 4 reported years | Low leverage (D/E below 0.5) | Interest comfortably covered (>10x) | Leverage stable | No meaningful dilution | P/E around its own 5y median | Cheaper than sector peers | FCF yield 1.5-3.5%,,Promoters reduced stake 3.3pp over four quarters (-4),,long,False,4.0,,,,,,,,
104,ZYDUSLIFE.NS,72.4,good,72.4,0.0,0.733,True,Healthcare,generic,ROCE 18-25% (5y avg) -- strong | Stable ROCE (5y std <6pp) | Net margin expanding | Profit converts well to cash | Profitable in all 4 reported years | Low leverage (D/E below 0.5) | Interest comfortably covered (>10x) | No meaningful dilution | Materially cheaper than sector peers,Leverage rising | P/E near the top of its own 5y range -- little re-rating room,,,long,False,4.0,,,,,,,,
105,SUNDARMFIN.NS,72.2,good,72.2,0.0,1.0,True,Financial Services,financials,ROA above 2% -- excellent for a lender | ROE 10-14% (5y avg) | Equity above 15% of assets -- well capitalised | Wide net interest margin | Assets growing 15% a year -- strong but not reckless | EPS CAGR 10-18% (3y) | P/B 3-4.5 -- richly valued,P/B near the top of its own range,,"Asset quality is NOT assessed: gross/net NPA, provision coverage, capital adequacy and credit cost are unavailable from this data source. A lender can report excellent ROA until the credit cycle turns -- verify the loan book independently before acting on this score.",long,True,,2.399732106880776,13.823734394366463,13.603209292482651,17.359506761492252,4.164092228243912,15.229248506359362,15.739882915333304,3.5140948
106,ECLERX.NS,72.2,good,72.2,0.0,0.867,True,Services,generic,ROCE above 25% (5y avg) -- excellent capital efficiency | Stable ROCE (5y std <6pp) | Net margin drifting down | Operating cash flow exceeds reported profit | Profitable in all 4 reported years | Low leverage (D/E below 0.5) | Interest comfortably covered (>10x) | Leverage stable | No meaningful dilution | In line with sector peers | FCF yield 3.5-6% | PEG 1-1.8 -- growth reasonably priced,P/E near the top of its own 5y range -- little re-rating room,,,long,False,4.0,,,,,,,,
107,SCI.NS,72.2,good,72.2,0.0,0.8,True,Services,generic,ROCE 9-13% (5y avg) -- modest | Very stable ROCE (5y std <3pp) | Net margin expanding | Operating cash flow exceeds reported profit | Profitable in all 4 reported years | Low leverage (D/E below 0.5) | Interest comfortably covered (>10x) | Leverage stable | No meaningful dilution | Materially cheaper than sector peers | PEG below 1 -- growth cheaply priced,P/E near the top of its own 5y range -- little re-rating room,,,long,False,4.0,,,,,,,,
108,PERSISTENT.NS,72.0,good,72.0,0.0,0.867,True,Information Technology,generic,ROCE above 25% (5y avg) -- excellent capital efficiency | Very stable ROCE (5y std <3pp) | Net margin expanding | Profit converts well to cash | Profitable in all 4 reported years | Effectively debt-free | Interest comfortably covered (>10x) | Leverage stable | Mild dilution | P/E in the expensive part of its own range | FCF yield 1.5-3.5%,More expensive than sector peers | PEG above 3 -- paying a lot for the growth,,,long,False,4.0,,,,,,,,
109,TRENT.NS,72.0,good,72.0,0.0,0.867,True,Consumer Services,generic,ROCE above 25% (5y avg) -- excellent capital efficiency | Variable ROCE (5y std <12pp) | Net margin expanding | Operating cash flow exceeds reported profit | Profitable in all 4 reported years | Low leverage (D/E below 0.5) | Interest comfortably covered (>10x) | Deleveraging over time | No meaningful dilution | P/E around its own 5y median,More expensive than sector peers | Minimal or negative free cash flow yield | PEG above 3 -- paying a lot for the growth,,,long,False,4.0,,,,,,,,
110,MCX.NS,71.9,good,71.9,0.0,0.867,True,Financial Services,generic,ROCE above 25% (5y avg) -- excellent capital efficiency | Net margin expanding | Operating cash flow exceeds reported profit | Profitable in all 4 reported years | Effectively debt-free | Interest comfortably covered (>10x) | Leverage stable | No meaningful dilution | FCF yield 3.5-6% | PEG below 1 -- growth cheaply priced,Erratic ROCE -- returns on capital are not repeatable | P/E near the top of its own 5y range -- little re-rating room | More expensive than sector peers,,,long,False,4.0,,,,,,,,
111,DEEPAKNTR.NS,71.9,good,71.9,0.0,0.8,True,Chemicals,generic,ROCE 18-25% (5y avg) -- strong | Variable ROCE (5y std <12pp) | Profit converts well to cash | Profitable in all 4 reported years | Low leverage (D/E below 0.5) | Interest comfortably covered (>10x) | No meaningful dilution | P/E in the cheapest quartile of its own 5y range | Cheaper than sector peers | PEG below 1 -- growth cheaply priced,Net margin contracting materially | Leverage rising,,,long,False,4.0,,,,,,,,
112,BLUEDART.NS,71.9,good,71.9,0.0,0.867,True,Services,generic,ROCE 18-25% (5y avg) -- strong | Stable ROCE (5y std <6pp) | Operating cash flow exceeds reported profit | Profitable in all 4 reported years | Moderate leverage (D/E 0.5-1.0) | Interest adequately covered (2.5-5x) | Deleveraging over time | No meaningful dilution | P/E in the cheapest quartile of its own 5y range | FCF yield 3.5-6% | PEG below 1 -- growth cheaply priced,Net margin contracting materially | More expensive than sector peers,,,long,False,4.0,,,,,,,,
113,IPCALAB.NS,71.9,good,71.9,0.0,0.867,True,Healthcare,generic,ROCE 13-18% (5y avg) -- adequate | Very stable ROCE (5y std <3pp) | Net margin expanding | Operating cash flow exceeds reported profit | Profitable in all 4 reported years | Low leverage (D/E below 0.5) | Interest comfortably covered (>10x) | Leverage stable | No meaningful dilution | Cheaper than sector peers | PEG below 1 -- growth cheaply priced,P/E near the top of its own 5y range -- little re-rating room | Minimal or negative free cash flow yield,,,long,False,4.0,,,,,,,,
114,CHENNPETRO.NS,71.8,good,71.8,0.0,0.8,True,Oil Gas & Consumable Fuels,generic,ROCE above 25% (5y avg) -- excellent capital efficiency | Net margin drifting down | Operating cash flow exceeds reported profit | Profitable in all 4 reported years | Low leverage (D/E below 0.5) | Interest comfortably covered (>10x) | Deleveraging over time | No meaningful dilution | Cheaper than sector peers | FCF yield above 6%,Erratic ROCE -- returns on capital are not repeatable | P/E near the top of its own 5y range -- little re-rating room,,,long,False,4.0,,,,,,,,
115,LUPIN.NS,71.8,good,71.8,0.0,0.867,True,Healthcare,generic,ROCE 13-18% (5y avg) -- adequate | Variable ROCE (5y std <12pp) | Net margin expanding | Operating cash flow exceeds reported profit | Profitable in all 4 reported years | Low leverage (D/E below 0.5) | Interest comfortably covered (>10x) | Leverage stable | No meaningful dilution | P/E in the expensive part of its own range | Materially cheaper than sector peers | FCF yield 3.5-6% | PEG 1-1.8 -- growth reasonably priced,,,,long,False,4.0,,,,,,,,
116,NEWGEN.NS,71.7,good,71.7,0.0,0.867,True,Information Technology,generic,ROCE 18-25% (5y avg) -- strong | Very stable ROCE (5y std <3pp) | Net margin stable | Weak cash conversion | Profitable in all 4 reported years | Effectively debt-free | Interest comfortably covered (>10x) | Leverage stable | No meaningful dilution | P/E around its own 5y median | In line with sector peers | FCF yield 1.5-3.5% | PEG below 1 -- growth cheaply priced,,,,long,False,4.0,,,,,,,,
117,SARDAEN.NS,71.6,good,71.6,0.0,0.867,True,Metals & Mining,generic,ROCE 13-18% (5y avg) -- adequate | Very stable ROCE (5y std <3pp) | Net margin expanding | Operating cash flow exceeds reported profit | Profitable in all 4 reported years | Low leverage (D/E below 0.5) | Interest well covered (5-10x) | Leverage stable | No meaningful dilution | Cheaper than sector peers | FCF yield above 6%,P/E near the top of its own 5y range -- little re-rating room | PEG above 3 -- paying a lot for the growth,,,long,False,4.0,,,,,,,,
118,KARURVYSYA.NS,71.6,good,71.6,0.0,1.0,True,Financial Services,financials,ROA 1.3-2% -- strong | ROE 14-18% (5y avg) | Equity 10-15% of assets -- comfortable | Healthy net interest margin | Assets growing 15% a year | EPS CAGR above 18% (3y) | P/B 1.8-3,P/B near the top of its own range,,"Asset quality is NOT assessed: gross/net NPA, provision coverage, capital adequacy and credit cost are unavailable from this data source. A lender can report excellent ROA until the credit cycle turns -- verify the loan book independently before acting on this score.",long,True,,1.8376817098354072,17.793827133365987,15.73479319764452,10.327636073239631,3.615254969708225,14.846480208772551,31.26068416120258,2.2871315
119,CASTROLIND.NS,71.6,good,71.6,0.0,0.867,True,Oil Gas & Consumable Fuels,generic,ROCE above 25% (5y avg) -- excellent capital efficiency | Stable ROCE (5y std <6pp) | Net margin drifting down | Profit converts well to cash | Profitable in all 4 reported years | Effectively debt-free | Interest comfortably covered (>10x) | Leverage stable | No meaningful dilution | P/E in the expensive part of its own range | FCF yield 3.5-6% | PEG below 1 -- growth cheaply priced,More expensive than sector peers,,,long,False,4.0,,,,,,,,
120,LTF.NS,71.4,good,71.4,0.0,1.0,True,Financial Services,financials,ROA above 2% -- excellent for a lender | ROE 5-10% (5y avg) -- weak | Equity above 15% of assets -- well capitalised | Wide net interest margin | Assets growing 10% a year | EPS CAGR above 18% (3y) | P/B 1.8-3,P/B near the top of its own range,,"Asset quality is NOT assessed: gross/net NPA, provision coverage, capital adequacy and credit cost are unavailable from this data source. A lender can report excellent ROA until the credit cycle turns -- verify the loan book independently before acting on this score.",long,True,,2.096391477927231,10.653337874099515,9.608349988948214,19.67825955303638,6.958903292711081,10.164816543902976,22.01490818148477,2.757704
121,APOLLOTYRE.NS,71.3,good,71.3,0.0,0.867,True,Automobile and Auto Components,generic,ROCE 9-13% (5y avg) -- modest | Very stable ROCE (5y std <3pp) | Net margin stable | Operating cash flow exceeds reported profit | Profitable in all 4 reported years | Low leverage (D/E below 0.5) | Interest adequately covered (2.5-5x) | Deleveraging over time | No meaningful dilution | P/E around its own 5y median | Cheaper than sector peers | FCF yield above 6% | PEG below 1 -- growth cheaply priced,,,,long,False,4.0,,,,,,,,
122,NAVA.NS,71.3,good,71.3,0.0,0.8,True,Power,generic,ROCE 18-25% (5y avg) -- strong | Stable ROCE (5y std <6pp) | Operating cash flow exceeds reported profit | Profitable in all 4 reported years | Low leverage (D/E below 0.5) | Interest comfortably covered (>10x) | Deleveraging over time | No meaningful dilution | P/E in the expensive part of its own range | Cheaper than sector peers | FCF yield 1.5-3.5%,Net margin contracting materially,,,long,False,4.0,,,,,,,,
123,INDUSTOWER.NS,71.2,good,71.2,0.0,0.867,True,Telecommunication,generic,ROCE 18-25% (5y avg) -- strong | Variable ROCE (5y std <12pp) | Net margin expanding | Operating cash flow exceeds reported profit | Profitable in all 4 reported years | Moderate leverage (D/E 0.5-1.0) | Interest well covered (5-10x) | Deleveraging over time | No meaningful dilution | P/E in the expensive part of its own range | Cheaper than sector peers | FCF yield above 6%,PEG above 3 -- paying a lot for the growth,,,long,False,4.0,,,,,,,,
124,RRKABEL.NS,71.2,good,71.2,0.0,0.867,True,Capital Goods,generic,ROCE 18-25% (5y avg) -- strong | Stable ROCE (5y std <6pp) | Net margin stable | Operating cash flow exceeds reported profit | Profitable in all 4 reported years | Low leverage (D/E below 0.5) | Interest comfortably covered (>10x) | Deleveraging over time | No meaningful dilution | In line with sector peers | PEG below 1 -- growth cheaply priced,P/E near the top of its own 5y range -- little re-rating room | Minimal or negative free cash flow yield,,,long,False,4.0,,,,,,,,
125,CRISIL.NS,71.2,good,71.2,0.0,0.867,True,Financial Services,generic,ROCE above 25% (5y avg) -- excellent capital efficiency | Stable ROCE (5y std <6pp) | Net margin stable | Profit converts well to cash | Profitable in all 4 reported years | Effectively debt-free | Interest comfortably covered (>10x) | Leverage stable | No meaningful dilution | P/E in the expensive part of its own range | FCF yield 1.5-3.5% | PEG 1-1.8 -- growth reasonably priced,More expensive than sector peers,,,long,False,4.0,,,,,,,,
126,DMART.NS,71.1,good,71.1,0.0,0.8,True,Consumer Services,generic,ROCE 13-18% (5y avg) -- adequate | Very stable ROCE (5y std <3pp) | Net margin drifting down | Profit converts well to cash | Profitable in all 4 reported years | Effectively debt-free | Interest comfortably covered (>10x) | Leverage stable | No meaningful dilution | P/E in the cheapest quartile of its own 5y range,More expensive than sector peers | PEG above 3 -- paying a lot for the growth,,,long,False,4.0,,,,,,,,
127,JMFINANCIL.NS,71.1,good,71.1,0.0,0.6,True,Financial Services,generic,Net margin expanding | Operating cash flow exceeds reported profit | Profitable in all 4 reported years | High leverage (D/E 1-2) | Deleveraging over time | No meaningful dilution | P/E in the expensive part of its own range | Cheaper than sector peers | FCF yield 3.5-6%,,,,long,False,4.0,,,,,,,,
128,ABSLAMC.NS,71.0,good,71.0,0.0,0.867,True,Financial Services,generic,ROCE above 25% (5y avg) -- excellent capital efficiency | Very stable ROCE (5y std <3pp) | Net margin expanding | Weak cash conversion | Profitable in all 4 reported years | Effectively debt-free | Interest comfortably covered (>10x) | Leverage stable | No meaningful dilution | In line with sector peers | FCF yield 1.5-3.5% | PEG 1.8-3,P/E near the top of its own 5y range -- little re-rating room,,,long,False,4.0,,,,,,,,
129,LICHSGFIN.NS,71.0,good,71.0,0.0,1.0,True,Financial Services,financials,ROA 1.3-2% -- strong | ROE 10-14% (5y avg) | Equity 10-15% of assets -- comfortable | Healthy net interest margin | EPS CAGR above 18% (3y) | Trading at or below book value | P/B expensive versus its own history,Assets growing only 5% a year,,"Asset quality is NOT assessed: gross/net NPA, provision coverage, capital adequacy and credit cost are unavailable from this data source. A lender can report excellent ROA until the credit cycle turns -- verify the loan book independently before acting on this score.",long,True,,1.7230771406858185,13.525986195150633,13.565642900662507,12.739013006708374,2.6021073269068777,5.297217331514625,24.685245911821085,0.7474836
130,INDGN.NS,70.9,good,70.9,0.0,0.8,True,Healthcare,generic,ROCE 18-25% (5y avg) -- strong | Stable ROCE (5y std <6pp) | Net margin stable | Operating cash flow exceeds reported profit | Effectively debt-free | Interest comfortably covered (>10x) | Deleveraging over time | No meaningful dilution | P/E in the expensive part of its own range | Cheaper than sector peers | FCF yield 3.5-6%,Loss-making in 1 of 5 years,,,long,False,5.0,,,,,,,,
131,STARHEALTH.NS,70.9,good,70.9,0.0,0.8,True,Financial Services,insurer,ROCE 13-18% (5y avg) -- adequate | Very stable ROCE (5y std <3pp) | Net margin drifting down | Profitable in all 4 reported years | Effectively debt-free | Interest comfortably covered (>10x) | Leverage stable | No meaningful dilution | P/E around its own 5y median | In line with sector peers | FCF yield 3.5-6% | PEG below 1 -- growth cheaply priced,,,"Insurer: scored on the generic model because neither the lending nor the industrial framework describes insurance economics. Embedded value, VNB margin, solvency ratio and persistency -- the measures that actually value an insurer -- are unavailable from this data source. Treat this score as a rough quality and valuation read only.",long,False,4.0,,,,,,,,
132,INDHOTEL.NS,70.8,good,70.8,0.0,0.867,True,Consumer Services,generic,ROCE 13-18% (5y avg) -- adequate | Very stable ROCE (5y std <3pp) | Net margin expanding | Operating cash flow exceeds reported profit | Profitable in all 4 reported years | Low leverage (D/E below 0.5) | Interest comfortably covered (>10x) | Deleveraging over time | No meaningful dilution | P/E in the expensive part of its own range | In line with sector peers | PEG 1.8-3,Minimal or negative free cash flow yield,,,long,False,4.0,,,,,,,,
133,INDIAMART.NS,70.8,good,70.8,0.0,0.867,True,Consumer Services,generic,ROCE above 25% (5y avg) -- excellent capital efficiency | Stable ROCE (5y std <6pp) | Net margin expanding | Operating cash flow exceeds reported profit | Profitable in all 4 reported years | Effectively debt-free | Interest comfortably covered (>10x) | Leverage stable | No meaningful dilution,P/E near the top of its own 5y range -- little re-rating room | More expensive than sector peers | Minimal or negative free cash flow yield | PEG above 3 -- paying a lot for the growth,,,long,False,4.0,,,,,,,,
134,TRIDENT.NS,70.6,good,70.6,0.0,0.867,True,Textiles,generic,ROCE 9-13% (5y avg) -- modest | Very stable ROCE (5y std <3pp) | Net margin drifting down | Operating cash flow exceeds reported profit | Profitable in all 4 reported years | Low leverage (D/E below 0.5) | Interest well covered (5-10x) | Leverage stable | No meaningful dilution | P/E in the cheapest quartile of its own 5y range | Cheaper than sector peers | FCF yield 3.5-6% | PEG 1.8-3,,,,long,False,4.0,,,,,,,,
135,AADHARHFC.NS,70.4,good,80.4,10.0,1.0,True,Financial Services,financials,ROA above 2% -- excellent for a lender | ROE 14-18% (5y avg) | Equity above 15% of assets -- well capitalised | Assets growing 18% a year -- strong but not reckless | EPS CAGR above 18% (3y) | P/B 1.8-3 | P/B around its own history,Thin net interest margin -- little spread on lending,Promoters sold down 10.8pp over four quarters (-10),"Asset quality is NOT assessed: gross/net NPA, provision coverage, capital adequacy and credit cost are unavailable from this data source. A lender can report excellent ROA until the credit cycle turns -- verify the loan book independently before acting on this score.",long,True,,3.9997313754888895,14.532502131711244,15.105287602642584,27.522661543335413,-4.7344340125348365,18.136909761427255,24.705676110211527,2.6393332
136,ELECON.NS,70.4,good,70.4,0.0,0.8,True,Capital Goods,generic,ROCE 18-25% (5y avg) -- strong | Stable ROCE (5y std <6pp) | Net margin drifting down | Profit converts well to cash | Profitable in all 4 reported years | Low leverage (D/E below 0.5) | Interest comfortably covered (>10x) | Leverage stable | No meaningful dilution | P/E around its own 5y median | Cheaper than sector peers | FCF yield 1.5-3.5%,,,,long,False,4.0,,,,,,,,
137,USHAMART.NS,70.4,good,74.4,4.0,0.867,True,Capital Goods,generic,ROCE 18-25% (5y avg) -- strong | Very stable ROCE (5y std <3pp) | Net margin stable | Profit converts well to cash | Profitable in all 4 reported years | Effectively debt-free | Interest comfortably covered (>10x) | Leverage stable | No meaningful dilution | Cheaper than sector peers | FCF yield 1.5-3.5% | PEG below 1 -- growth cheaply priced,P/E near the top of its own 5y range -- little re-rating room,Promoters reduced stake 2.2pp over four quarters (-4),,long,False,4.0,,,,,,,,
138,LALPATHLAB.NS,70.3,good,70.3,0.0,0.867,True,Healthcare,generic,ROCE 18-25% (5y avg) -- strong | Stable ROCE (5y std <6pp) | Net margin expanding | Operating cash flow exceeds reported profit | Profitable in all 4 reported years | Effectively debt-free | Interest comfortably covered (>10x) | Deleveraging over time | No meaningful dilution | PEG 1.8-3,P/E near the top of its own 5y range -- little re-rating room | More expensive than sector peers | Minimal or negative free cash flow yield,,,long,False,4.0,,,,,,,,
139,INTELLECT.NS,70.1,good,70.1,0.0,0.867,True,Information Technology,generic,ROCE 13-18% (5y avg) -- adequate | Very stable ROCE (5y std <3pp) | Net margin drifting down | Operating cash flow exceeds reported profit | Profitable in all 4 reported years | Effectively debt-free | Interest comfortably covered (>10x) | Leverage stable | Mild dilution | P/E below its own 5y median | In line with sector peers | FCF yield 1.5-3.5%,PEG above 3 -- paying a lot for the growth,,,long,False,4.0,,,,,,,,
140,NCC.NS,70.1,good,70.1,0.0,0.8,True,Construction,generic,ROCE 13-18% (5y avg) -- adequate | Very stable ROCE (5y std <3pp) | Net margin drifting down | Profit converts well to cash | Profitable in all 4 reported years | Low leverage (D/E below 0.5) | Interest adequately covered (2.5-5x) | No meaningful dilution | P/E below its own 5y median | Materially cheaper than sector peers | PEG below 1 -- growth cheaply priced,Leverage rising,,,long,False,4.0,,,,,,,,
141,BHARTIHEXA.NS,70.0,good,70.0,0.0,0.867,True,Telecommunication,generic,ROCE 13-18% (5y avg) -- adequate | Stable ROCE (5y std <6pp) | Net margin expanding | Operating cash flow exceeds reported profit | Profitable in all 4 reported years | Moderate leverage (D/E 0.5-1.0) | Interest well covered (5-10x) | Deleveraging over time | No meaningful dilution | P/E around its own 5y median | In line with sector peers | FCF yield 3.5-6% | PEG 1.8-3,,,,long,False,4.0,,,,,,,,
142,KPRMILL.NS,70.0,good,70.0,0.0,0.867,True,Textiles,generic,ROCE 18-25% (5y avg) -- strong | Very stable ROCE (5y std <3pp) | Net margin stable | Profit converts well to cash | Profitable in all 4 reported years | Low leverage (D/E below 0.5) | Interest comfortably covered (>10x) | Deleveraging over time | No meaningful dilution | In line with sector peers | FCF yield 1.5-3.5% | PEG 1.8-3,P/E near the top of its own 5y range -- little re-rating room,,,long,False,4.0,,,,,,,,
143,GAIL.NS,70.0,good,70.0,0.0,0.867,True,Oil Gas & Consumable Fuels,generic,ROCE 9-13% (5y avg) -- modest | Very stable ROCE (5y std <3pp) | Net margin expanding | Operating cash flow exceeds reported profit | Profitable in all 4 reported years | Low leverage (D/E below 0.5) | Interest comfortably covered (>10x) | Leverage stable | No meaningful dilution | P/E in the expensive part of its own range | Cheaper than sector peers | FCF yield 1.5-3.5% | PEG below 1 -- growth cheaply priced,,,,long,False,4.0,,,,,,,,
144,MGL.NS,69.9,good,69.9,0.0,0.8,True,Oil Gas & Consumable Fuels,generic,ROCE 18-25% (5y avg) -- strong | Stable ROCE (5y std <6pp) | Operating cash flow exceeds reported profit | Profitable in all 4 reported years | Effectively debt-free | Interest comfortably covered (>10x) | Leverage stable | No meaningful dilution | P/E around its own 5y median | In line with sector peers,Net margin contracting materially | Minimal or negative free cash flow yield,,,long,False,4.0,,,,,,,,
145,SYNGENE.NS,69.9,good,69.9,0.0,0.8,True,Healthcare,generic,ROCE 9-13% (5y avg) -- modest | Very stable ROCE (5y std <3pp) | Operating cash flow exceeds reported profit | Profitable in all 4 reported years | Effectively debt-free | Interest comfortably covered (>10x) | Leverage stable | No meaningful dilution | P/E in the cheapest quartile of its own 5y range | FCF yield 3.5-6%,Net margin contracting materially | More expensive than sector peers,,,long,False,4.0,,,,,,,,
146,TRITURBINE.NS,69.8,good,69.8,0.0,0.8,True,Capital Goods,generic,ROCE above 25% (5y avg) -- excellent capital efficiency | Very stable ROCE (5y std <3pp) | Net margin stable | Weak cash conversion | Profitable in all 4 reported years | Effectively debt-free | Interest comfortably covered (>10x) | Leverage stable | No meaningful dilution | P/E in the expensive part of its own range | In line with sector peers,Minimal or negative free cash flow yield,,,long,False,4.0,,,,,,,,
147,HINDCOPPER.NS,69.8,good,69.8,0.0,0.867,True,Metals & Mining,generic,ROCE 18-25% (5y avg) -- strong | Variable ROCE (5y std <12pp) | Net margin expanding | Operating cash flow exceeds reported profit | Profitable in all 4 reported years | Effectively debt-free | Interest comfortably covered (>10x) | Leverage stable | No meaningful dilution | FCF yield 1.5-3.5% | PEG below 1 -- growth cheaply priced,P/E near the top of its own 5y range -- little re-rating room | More expensive than sector peers,,,long,False,4.0,,,,,,,,
148,3MINDIA.NS,69.7,good,69.7,0.0,0.8,True,Diversified,generic,ROCE above 25% (5y avg) -- excellent capital efficiency | Stable ROCE (5y std <6pp) | Net margin drifting down | Profit converts well to cash | Profitable in all 4 reported years | Effectively debt-free | Interest comfortably covered (>10x) | Leverage stable | No meaningful dilution | P/E in the expensive part of its own range | PEG 1.8-3,Minimal or negative free cash flow yield,,,long,False,4.0,,,,,,,,
149,DIVISLAB.NS,69.7,good,69.7,0.0,0.867,True,Healthcare,generic,ROCE 18-25% (5y avg) -- strong | Very stable ROCE (5y std <3pp) | Net margin expanding | Profit converts well to cash | Profitable in all 4 reported years | Effectively debt-free | Interest comfortably covered (>10x) | Leverage stable | No meaningful dilution | PEG 1-1.8 -- growth reasonably priced,P/E near the top of its own 5y range -- little re-rating room | More expensive than sector peers | Minimal or negative free cash flow yield,,,long,False,4.0,,,,,,,,
150,POLYCAB.NS,69.6,good,69.6,0.0,0.867,True,Capital Goods,generic,ROCE 18-25% (5y avg) -- strong | Very stable ROCE (5y std <3pp) | Net margin stable | Profit converts well to cash | Profitable in all 4 reported years | Low leverage (D/E below 0.5) | Interest comfortably covered (>10x) | Leverage stable | No meaningful dilution | In line with sector peers | FCF yield 1.5-3.5% | PEG 1-1.8 -- growth reasonably priced,P/E near the top of its own 5y range -- little re-rating room,,,long,False,4.0,,,,,,,,
151,IOC.NS,69.5,good,69.5,0.0,0.8,True,Oil Gas & Consumable Fuels,generic,ROCE 13-18% (5y avg) -- adequate | Variable ROCE (5y std <12pp) | Net margin expanding | Operating cash flow exceeds reported profit | Profitable in all 4 reported years | Moderate leverage (D/E 0.5-1.0) | Interest well covered (5-10x) | Deleveraging over time | No meaningful dilution | P/E in the expensive part of its own range | Cheaper than sector peers | FCF yield above 6%,,,,long,False,4.0,,,,,,,,
152,SCHAEFFLER.NS,69.5,good,69.5,0.0,0.867,True,Automobile and Auto Components,generic,ROCE above 25% (5y avg) -- excellent capital efficiency | Very stable ROCE (5y std <3pp) | Net margin drifting down | Profit converts well to cash | Profitable in all 4 reported years | Effectively debt-free | Interest comfortably covered (>10x) | Leverage stable | No meaningful dilution | P/E in the expensive part of its own range | In line with sector peers,Minimal or negative free cash flow yield | PEG above 3 -- paying a lot for the growth,,,long,False,4.0,,,,,,,,
153,SHRIRAMFIN.NS,69.4,good,79.4,10.0,1.0,True,Financial Services,financials,ROA above 2% -- excellent for a lender | ROE 14-18% (5y avg) | Equity above 15% of assets -- well capitalised | Wide net interest margin | Assets growing 15% a year -- strong but not reckless | EPS CAGR above 18% (3y) | P/B 3-4.5 -- richly valued,P/B near the top of its own range,Promoters sold down 5.1pp over four quarters (-10),"Asset quality is NOT assessed: gross/net NPA, provision coverage, capital adequacy and credit cost are unavailable from this data source. A lender can report excellent ROA until the credit cycle turns -- verify the loan book independently before acting on this score.",long,True,,3.1191520721680113,15.206878666549148,15.24735011297987,20.511454984047894,7.8221571517244115,15.133877710176247,18.54332531208074,2.9360135
154,AIAENG.NS,69.3,good,69.3,0.0,0.8,True,Capital Goods,generic,ROCE 18-25% (5y avg) -- strong | Very stable ROCE (5y std <3pp) | Net margin expanding | Weak cash conversion | Profitable in all 4 reported years | Effectively debt-free | Interest comfortably covered (>10x) | Leverage stable | No meaningful dilution | Cheaper than sector peers,P/E near the top of its own 5y range -- little re-rating room | Minimal or negative free cash flow yield,,,long,False,4.0,,,,,,,,
155,GLAXO.NS,69.3,good,69.3,0.0,0.867,True,Healthcare,generic,ROCE above 25% (5y avg) -- excellent capital efficiency | Variable ROCE (5y std <12pp) | Net margin expanding | Profit converts well to cash | Profitable in all 4 reported years | Effectively debt-free | Interest comfortably covered (>10x) | Leverage stable | No meaningful dilution | In line with sector peers | FCF yield 1.5-3.5%,P/E near the top of its own 5y range -- little re-rating room | PEG above 3 -- paying a lot for the growth,,,long,False,4.0,,,,,,,,
156,MEDANTA.NS,69.3,good,69.3,0.0,0.733,True,Healthcare,generic,ROCE 13-18% (5y avg) -- adequate | Very stable ROCE (5y std <3pp) | Net margin stable | Operating cash flow exceeds reported profit | Profitable in all 4 reported years | Low leverage (D/E below 0.5) | Interest comfortably covered (>10x) | Deleveraging over time | No meaningful dilution,P/E near the top of its own 5y range -- little re-rating room | More expensive than sector peers,,,long,False,4.0,,,,,,,,
157,BLUEJET.NS,69.3,good,79.3,10.0,0.8,True,Healthcare,generic,ROCE above 25% (5y avg) -- excellent capital efficiency | Stable ROCE (5y std <6pp) | Net margin expanding | Profit converts well to cash | Profitable in all 4 reported years | Effectively debt-free | Interest comfortably covered (>10x) | Leverage stable | No meaningful dilution | P/E around its own 5y median | Cheaper than sector peers,Minimal or negative free cash flow yield,Promoters sold down 6.7pp over four quarters (-10),,long,False,4.0,,,,,,,,
158,ELGIEQUIP.NS,69.3,good,69.3,0.0,0.867,True,Capital Goods,generic,ROCE 18-25% (5y avg) -- strong | Very stable ROCE (5y std <3pp) | Net margin drifting down | Profit converts well to cash | Profitable in all 4 reported years | Low leverage (D/E below 0.5) | Interest comfortably covered (>10x) | Deleveraging over time | No meaningful dilution | Cheaper than sector peers | FCF yield 1.5-3.5% | PEG 1.8-3,P/E near the top of its own 5y range -- little re-rating room,,,long,False,4.0,,,,,,,,
159,LODHA.NS,69.2,good,69.2,0.0,0.867,True,Realty,generic,ROCE 9-13% (5y avg) -- modest | Very stable ROCE (5y std <3pp) | Net margin expanding | Operating cash flow exceeds reported profit | Profitable in all 4 reported years | Low leverage (D/E below 0.5) | Interest well covered (5-10x) | Deleveraging over time | Mild dilution | P/E around its own 5y median | Cheaper than sector peers | PEG below 1 -- growth cheaply priced,Minimal or negative free cash flow yield,,,long,False,4.0,,,,,,,,
160,DIXON.NS,69.2,good,69.2,0.0,0.867,True,Consumer Durables,generic,ROCE above 25% (5y avg) -- excellent capital efficiency | Variable ROCE (5y std <12pp) | Net margin stable | Operating cash flow exceeds reported profit | Profitable in all 4 reported years | Low leverage (D/E below 0.5) | Interest comfortably covered (>10x) | Leverage stable | Mild dilution | P/E in the expensive part of its own range | In line with sector peers | PEG below 1 -- growth cheaply priced,Minimal or negative free cash flow yield,,,long,False,4.0,,,,,,,,
161,ICICIBANK.NS,69.1,good,69.1,0.0,1.0,True,Financial Services,financials,ROA 1.3-2% -- strong | ROE 14-18% (5y avg) | Equity 10-15% of assets -- comfortable | Healthy net interest margin | Assets growing 14% a year | EPS CAGR 10-18% (3y) | P/B 1.8-3,P/B near the top of its own range,,"Asset quality is NOT assessed: gross/net NPA, provision coverage, capital adequacy and credit cost are unavailable from this data source. A lender can report excellent ROA until the credit cycle turns -- verify the loan book independently before acting on this score.",long,True,,1.8599327678653812,14.93076646637024,16.083243388323716,12.457048149903464,3.6435049507730453,14.1687982392966,16.050069056438932,2.600603
162,NUVOCO.NS,69.0,good,69.0,0.0,0.867,True,Construction Materials,generic,Very stable ROCE (5y std <3pp) | Net margin expanding | Operating cash flow exceeds reported profit | Profitable in all 4 reported years | Moderate leverage (D/E 0.5-1.0) | Leverage stable | No meaningful dilution | P/E in the cheapest quartile of its own 5y range | Materially cheaper than sector peers | FCF yield above 6% | PEG 1-1.8 -- growth reasonably priced,ROCE below 9% -- earns little on capital employed | Thin interest cover -- vulnerable to a rate or earnings shock,,,long,False,4.0,,,,,,,,
163,MRF.NS,68.9,good,68.9,0.0,0.8,True,Automobile and Auto Components,generic,ROCE 9-13% (5y avg) -- modest | Stable ROCE (5y std <6pp) | Net margin expanding | Operating cash flow exceeds reported profit | Profitable in all 4 reported years | Low leverage (D/E below 0.5) | Interest well covered (5-10x) | Leverage stable | No meaningful dilution | P/E around its own 5y median | Cheaper than sector peers | FCF yield 3.5-6%,,,,long,False,4.0,,,,,,,,
164,KOTAKBANK.NS,68.8,good,68.8,0.0,1.0,True,Financial Services,financials,ROA 1.3-2% -- strong | ROE 10-14% (5y avg) | Equity above 15% of assets -- well capitalised | Wide net interest margin | Assets growing 17% a year -- strong but not reckless | EPS CAGR 3-10% (3y) | P/B 1.8-3,P/B near the top of its own range,,"Asset quality is NOT assessed: gross/net NPA, provision coverage, capital adequacy and credit cost are unavailable from this data source. A lender can report excellent ROA until the credit cycle turns -- verify the loan book independently before acting on this score.",long,True,,1.922344032229836,10.64301272451493,12.998504904239166,18.06202888212228,4.002703103060387,17.37808499600284,8.962746519737873,2.299658
165,SUNPHARMA.NS,68.8,good,68.8,0.0,0.867,True,Healthcare,generic,ROCE 13-18% (5y avg) -- adequate | Very stable ROCE (5y std <3pp) | Net margin stable | Profit converts well to cash | Profitable in all 4 reported years | Effectively debt-free | Interest comfortably covered (>10x) | Leverage stable | No meaningful dilution | Cheaper than sector peers | FCF yield 1.5-3.5% | PEG 1-1.8 -- growth reasonably priced,P/E near the top of its own 5y range -- little re-rating room,,,long,False,4.0,,,,,,,,
166,HINDZINC.NS,68.8,good,71.8,3.0,0.867,True,Metals & Mining,generic,ROCE above 25% (5y avg) -- excellent capital efficiency | Variable ROCE (5y std <12pp) | Net margin expanding | Operating cash flow exceeds reported profit | Low leverage (D/E below 0.5) | Interest comfortably covered (>10x) | Deleveraging over time | No meaningful dilution | Cheaper than sector peers | FCF yield 3.5-6% | PEG below 1 -- growth cheaply priced,Loss-making in 1 of 5 years | P/E near the top of its own 5y range -- little re-rating room,Some promoter pledging (8% of stake) (-3),,long,False,5.0,,,,,,,,
167,EMMVEE.NS,68.6,good,78.6,10.0,0.733,True,Capital Goods,generic,ROCE 13-18% (5y avg) -- adequate | Net margin expanding | Operating cash flow exceeds reported profit | Profitable in all 4 reported years | Effectively debt-free | Interest comfortably covered (>10x) | Deleveraging over time | No meaningful dilution | Cheaper than sector peers | PEG below 1 -- growth cheaply priced,Erratic ROCE -- returns on capital are not repeatable,No positive free cash flow in any reported year (-10),,long,False,4.0,,,,,,,,
168,HEG.NS,68.5,good,68.5,0.0,0.8,True,Capital Goods,generic,Stable ROCE (5y std <6pp) | Operating cash flow exceeds reported profit | Profitable in all 4 reported years | Low leverage (D/E below 0.5) | Interest comfortably covered (>10x) | Leverage stable | No meaningful dilution | P/E in the cheapest quartile of its own 5y range | Materially cheaper than sector peers | PEG below 1 -- growth cheaply priced,ROCE below 9% -- earns little on capital employed | Net margin contracting materially,,,long,False,4.0,,,,,,,,
169,TTML.NS,68.4,insufficient data,68.4,0.0,0.533,False,Telecommunication,generic,ROCE above 25% (5y avg) -- excellent capital efficiency | Net margin expanding | No meaningful dilution | P/E in the cheapest quartile of its own 5y range | FCF yield above 6%,Loss-making in 4 of 4 years | Thin interest cover -- vulnerable to a rate or earnings shock | More expensive than sector peers,,Low data coverage (53% of criteria applied) -- this score is not directly comparable to a fully-measured one,long,False,4.0,,,,,,,,
170,COCHINSHIP.NS,68.4,good,68.4,0.0,0.733,True,Capital Goods,generic,ROCE 13-18% (5y avg) -- adequate | Stable ROCE (5y std <6pp) | Net margin stable | Profit converts well to cash | Profitable in all 4 reported years | Low leverage (D/E below 0.5) | Interest comfortably covered (>10x) | Leverage stable | No meaningful dilution | P/E around its own 5y median | In line with sector peers,,,,long,False,4.0,,,,,,,,
171,ICICIGI.NS,68.3,good,68.3,0.0,0.667,True,Financial Services,insurer,ROCE 18-25% (5y avg) -- strong | Very stable ROCE (5y std <3pp) | Net margin stable | Effectively debt-free | Interest comfortably covered (>10x) | No meaningful dilution | P/E below its own 5y median | FCF yield 1.5-3.5%,Loss-making in 1 of 5 years | More expensive than sector peers,,"Insurer: scored on the generic model because neither the lending nor the industrial framework describes insurance economics. Embedded value, VNB margin, solvency ratio and persistency -- the measures that actually value an insurer -- are unavailable from this data source. Treat this score as a rough quality and valuation read only.",long,False,5.0,,,,,,,,
172,JINDALSAW.NS,68.2,good,68.2,0.0,0.8,True,Capital Goods,generic,ROCE 13-18% (5y avg) -- adequate | Stable ROCE (5y std <6pp) | Net margin expanding | Operating cash flow exceeds reported profit | Profitable in all 4 reported years | Low leverage (D/E below 0.5) | Interest adequately covered (2.5-5x) | Deleveraging over time | No meaningful dilution | Cheaper than sector peers | FCF yield 1.5-3.5%,P/E near the top of its own 5y range -- little re-rating room,,,long,False,4.0,,,,,,,,
173,LATENTVIEW.NS,68.2,good,68.2,0.0,0.8,True,Information Technology,generic,ROCE 13-18% (5y avg) -- adequate | Very stable ROCE (5y std <3pp) | Weak cash conversion | Profitable in all 4 reported years | Effectively debt-free | Interest comfortably covered (>10x) | Leverage stable | No meaningful dilution | P/E in the cheapest quartile of its own 5y range | In line with sector peers | FCF yield 1.5-3.5%,Net margin contracting materially,,,long,False,4.0,,,,,,,,
174,BDL.NS,68.1,good,68.1,0.0,0.867,True,Capital Goods,generic,ROCE 13-18% (5y avg) -- adequate | Stable ROCE (5y std <6pp) | Net margin stable | Operating cash flow exceeds reported profit | Profitable in all 4 reported years | Effectively debt-free | Interest comfortably covered (>10x) | Leverage stable | No meaningful dilution | P/E around its own 5y median | PEG below 1 -- growth cheaply priced,More expensive than sector peers | Minimal or negative free cash flow yield,,,long,False,4.0,,,,,,,,
175,KEC.NS,68.1,good,68.1,0.0,0.733,True,Construction,generic,ROCE 9-13% (5y avg) -- modest | Very stable ROCE (5y std <3pp) | Net margin expanding | Operating cash flow exceeds reported profit | Profitable in all 4 reported years | Moderate leverage (D/E 0.5-1.0) | Leverage stable | Mild dilution | P/E in the cheapest quartile of its own 5y range | Cheaper than sector peers,Thin interest cover -- vulnerable to a rate or earnings shock,,,long,False,4.0,,,,,,,,
176,EMCURE.NS,67.9,good,67.9,0.0,0.867,True,Healthcare,generic,ROCE 18-25% (5y avg) -- strong | Very stable ROCE (5y std <3pp) | Net margin stable | Operating cash flow exceeds reported profit | Low leverage (D/E below 0.5) | Interest comfortably covered (>10x) | Deleveraging over time | No meaningful dilution | Cheaper than sector peers | PEG below 1 -- growth cheaply priced,Loss-making in 1 of 5 years | P/E near the top of its own 5y range -- little re-rating room | Minimal or negative free cash flow yield,,,long,False,5.0,,,,,,,,
177,BIKAJI.NS,67.8,good,67.8,0.0,0.867,True,Fast Moving Consumer Goods,generic,ROCE 18-25% (5y avg) -- strong | Stable ROCE (5y std <6pp) | Net margin stable | Profit converts well to cash | Profitable in all 4 reported years | Low leverage (D/E below 0.5) | Interest comfortably covered (>10x) | Leverage stable | No meaningful dilution | P/E below its own 5y median,More expensive than sector peers | Minimal or negative free cash flow yield | PEG above 3 -- paying a lot for the growth,,,long,False,4.0,,,,,,,,
178,VIJAYA.NS,67.6,good,67.6,0.0,0.867,True,Healthcare,generic,ROCE 18-25% (5y avg) -- strong | Very stable ROCE (5y std <3pp) | Net margin expanding | Operating cash flow exceeds reported profit | Profitable in all 4 reported years | Low leverage (D/E below 0.5) | Interest well covered (5-10x) | Leverage stable | No meaningful dilution | PEG 1.8-3,P/E near the top of its own 5y range -- little re-rating room | More expensive than sector peers | Minimal or negative free cash flow yield,,,long,False,4.0,,,,,,,,
179,BSE.NS,67.5,good,67.5,0.0,0.867,True,Financial Services,generic,ROCE above 25% (5y avg) -- excellent capital efficiency | Net margin expanding | Profit converts well to cash | Profitable in all 4 reported years | Effectively debt-free | Interest comfortably covered (>10x) | Leverage stable | No meaningful dilution | FCF yield 1.5-3.5% | PEG below 1 -- growth cheaply priced,Erratic ROCE -- returns on capital are not repeatable | P/E near the top of its own 5y range -- little re-rating room | More expensive than sector peers,,,long,False,4.0,,,,,,,,
180,JSL.NS,67.5,good,67.5,0.0,0.867,True,Metals & Mining,generic,ROCE 18-25% (5y avg) -- strong | Very stable ROCE (5y std <3pp) | Net margin stable | Operating cash flow exceeds reported profit | Profitable in all 4 reported years | Low leverage (D/E below 0.5) | Interest well covered (5-10x) | Leverage stable | No meaningful dilution | In line with sector peers | PEG 1.8-3,P/E near the top of its own 5y range -- little re-rating room | Minimal or negative free cash flow yield,,,long,False,4.0,,,,,,,,
181,GRANULES.NS,67.4,good,67.4,0.0,0.867,True,Healthcare,generic,ROCE 13-18% (5y avg) -- adequate | Very stable ROCE (5y std <3pp) | Net margin stable | Operating cash flow exceeds reported profit | Profitable in all 4 reported years | Low leverage (D/E below 0.5) | Interest comfortably covered (>10x) | Leverage stable | Mild dilution | Cheaper than sector peers | PEG below 1 -- growth cheaply priced,P/E near the top of its own 5y range -- little re-rating room | Minimal or negative free cash flow yield,,,long,False,4.0,,,,,,,,
182,ESCORTS.NS,67.3,good,67.3,0.0,0.8,True,Capital Goods,generic,ROCE 9-13% (5y avg) -- modest | Very stable ROCE (5y std <3pp) | Net margin expanding | Weak cash conversion | Profitable in all 4 reported years | Effectively debt-free | Interest comfortably covered (>10x) | Leverage stable | No meaningful dilution | P/E around its own 5y median | Materially cheaper than sector peers | FCF yield 1.5-3.5%,,,,long,False,4.0,,,,,,,,
183,TORNTPOWER.NS,67.3,good,67.3,0.0,0.733,True,Power,generic,ROCE 13-18% (5y avg) -- adequate | Very stable ROCE (5y std <3pp) | Net margin stable | Operating cash flow exceeds reported profit | Profitable in all 4 reported years | Moderate leverage (D/E 0.5-1.0) | Interest adequately covered (2.5-5x) | Deleveraging over time | Mild dilution | P/E around its own 5y median | In line with sector peers,,,,long,False,4.0,,,,,,,,
184,ZEEL.NS,67.2,good,70.2,3.0,0.8,True,Media Entertainment & Publication,generic,Very stable ROCE (5y std <3pp) | Net margin expanding | Operating cash flow exceeds reported profit | Effectively debt-free | Interest comfortably covered (>10x) | Leverage stable | No meaningful dilution | P/E in the cheapest quartile of its own 5y range | Cheaper than sector peers | FCF yield above 6%,ROCE below 9% -- earns little on capital employed | Loss-making in 1 of 5 years,Some promoter pledging (5% of stake) (-3),,long,False,5.0,,,,,,,,
185,ATGL.NS,67.0,good,67.0,0.0,0.8,True,Oil Gas & Consumable Fuels,generic,ROCE 13-18% (5y avg) -- adequate | Very stable ROCE (5y std <3pp) | Net margin drifting down | Operating cash flow exceeds reported profit | Profitable in all 4 reported years | Moderate leverage (D/E 0.5-1.0) | Interest well covered (5-10x) | Leverage stable | No meaningful dilution | P/E in the cheapest quartile of its own 5y range,More expensive than sector peers | Minimal or negative free cash flow yield,,,long,False,4.0,,,,,,,,
186,AXISBANK.NS,66.9,good,66.9,0.0,1.0,True,Financial Services,financials,ROA 1.3-2% -- strong | ROE 10-14% (5y avg) | Equity 10-15% of assets -- comfortable | Healthy net interest margin | Assets growing 13% a year | EPS CAGR above 18% (3y) | P/B 1.8-3,P/B near the top of its own range,,"Asset quality is NOT assessed: gross/net NPA, provision coverage, capital adequacy and credit cost are unavailable from this data source. A lender can report excellent ROA until the credit cycle turns -- verify the loan book independently before acting on this score.",long,True,,1.35581542448217,12.270005838574912,13.09843262010177,11.049835202357489,3.004200369354278,13.120135812136713,34.09006539031776,1.7364717
187,SHREECEM.NS,66.9,good,66.9,0.0,0.867,True,Construction Materials,generic,ROCE 9-13% (5y avg) -- modest | Very stable ROCE (5y std <3pp) | Net margin drifting down | Operating cash flow exceeds reported profit | Profitable in all 4 reported years | Effectively debt-free | Interest comfortably covered (>10x) | Leverage stable | No meaningful dilution | P/E in the cheapest quartile of its own 5y range | FCF yield 1.5-3.5%,More expensive than sector peers | PEG above 3 -- paying a lot for the growth,,,long,False,4.0,,,,,,,,
188,JKCEMENT.NS,66.9,good,66.9,0.0,0.733,True,Construction Materials,generic,ROCE 13-18% (5y avg) -- adequate | Very stable ROCE (5y std <3pp) | Net margin expanding | Operating cash flow exceeds reported profit | Profitable in all 4 reported years | Moderate leverage (D/E 0.5-1.0) | Interest adequately covered (2.5-5x) | Deleveraging over time | No meaningful dilution | P/E in the expensive part of its own range,More expensive than sector peers,,,long,False,4.0,,,,,,,,
189,CEATLTD.NS,66.8,good,66.8,0.0,0.8,True,Automobile and Auto Components,generic,ROCE 13-18% (5y avg) -- adequate | Stable ROCE (5y std <6pp) | Net margin expanding | Operating cash flow exceeds reported profit | Profitable in all 4 reported years | Moderate leverage (D/E 0.5-1.0) | Interest adequately covered (2.5-5x) | Leverage stable | No meaningful dilution | P/E in the expensive part of its own range | Cheaper than sector peers | FCF yield 3.5-6%,,,,long,False,4.0,,,,,,,,
190,RAMCOCEM.NS,66.8,good,66.8,0.0,0.8,True,Construction Materials,generic,Very stable ROCE (5y std <3pp) | Net margin expanding | Operating cash flow exceeds reported profit | Profitable in all 4 reported years | Low leverage (D/E below 0.5) | Interest adequately covered (2.5-5x) | Deleveraging over time | No meaningful dilution | P/E below its own 5y median | In line with sector peers | FCF yield 1.5-3.5%,ROCE below 9% -- earns little on capital employed,,,long,False,4.0,,,,,,,,
191,SRF.NS,66.8,good,66.8,0.0,0.867,True,Chemicals,generic,ROCE 13-18% (5y avg) -- adequate | Stable ROCE (5y std <6pp) | Operating cash flow exceeds reported profit | Profitable in all 4 reported years | Low leverage (D/E below 0.5) | Interest comfortably covered (>10x) | Leverage stable | No meaningful dilution | P/E around its own 5y median | Cheaper than sector peers | PEG below 1 -- growth cheaply priced,Net margin contracting materially | Minimal or negative free cash flow yield,,,long,False,4.0,,,,,,,,
192,VTL.NS,66.6,good,66.6,0.0,0.8,True,Textiles,generic,ROCE 9-13% (5y avg) -- modest | Very stable ROCE (5y std <3pp) | Net margin stable | Profit converts well to cash | Profitable in all 4 reported years | Low leverage (D/E below 0.5) | Interest comfortably covered (>10x) | Leverage stable | No meaningful dilution | Materially cheaper than sector peers | PEG below 1 -- growth cheaply priced,P/E near the top of its own 5y range -- little re-rating room,,,long,False,4.0,,,,,,,,
193,LICI.NS,66.4,good,66.4,0.0,0.667,True,Financial Services,insurer,ROCE above 25% (5y avg) -- excellent capital efficiency | Net margin stable | Effectively debt-free | Interest comfortably covered (>10x) | No meaningful dilution | P/E around its own 5y median | Cheaper than sector peers | PEG below 1 -- growth cheaply priced,Erratic ROCE -- returns on capital are not repeatable | Loss-making in 1 of 5 years,,"Insurer: scored on the generic model because neither the lending nor the industrial framework describes insurance economics. Embedded value, VNB margin, solvency ratio and persistency -- the measures that actually value an insurer -- are unavailable from this data source. Treat this score as a rough quality and valuation read only.",long,False,5.0,,,,,,,,
194,JKTYRE.NS,66.4,good,66.4,0.0,0.8,True,Automobile and Auto Components,generic,ROCE 13-18% (5y avg) -- adequate | Very stable ROCE (5y std <3pp) | Net margin expanding | Operating cash flow exceeds reported profit | Profitable in all 4 reported years | Moderate leverage (D/E 0.5-1.0) | Interest adequately covered (2.5-5x) | Deleveraging over time | Notable dilution | P/E around its own 5y median | Cheaper than sector peers,Minimal or negative free cash flow yield,,,long,False,4.0,,,,,,,,
195,IIFL.NS,66.3,good,66.3,0.0,1.0,True,Financial Services,financials,ROA 1.3-2% -- strong | ROE 10-14% (5y avg) | Equity above 15% of assets -- well capitalised | Wide net interest margin | Assets growing 19% a year -- strong but not reckless | EPS broadly flat | P/B 1.8-3,P/B near the top of its own range,,"Asset quality is NOT assessed: gross/net NPA, provision coverage, capital adequacy and credit cost are unavailable from this data source. A lender can report excellent ROA until the credit cycle turns -- verify the loan book independently before acting on this score.",long,True,,1.8648303417598033,11.931068767438987,12.061674879092259,15.630035985117289,6.777919456576222,18.884825911299853,0.605463124678085,1.8349857
196,M&MFIN.NS,66.3,good,66.3,0.0,1.0,True,Financial Services,financials,ROA 1.3-2% -- strong | ROE 10-14% (5y avg) | Equity above 15% of assets -- well capitalised | Wide net interest margin | Assets growing 15% a year | EPS CAGR 3-10% (3y) | P/B 1.8-3,P/B near the top of its own range,,"Asset quality is NOT assessed: gross/net NPA, provision coverage, capital adequacy and credit cost are unavailable from this data source. A lender can report excellent ROA until the credit cycle turns -- verify the loan book independently before acting on this score.",long,True,,1.7993312571535982,10.715749752990392,10.520845915754817,16.7914639538075,5.984817321102842,14.717032218519833,8.488778888369675,1.8572114
197,BATAINDIA.NS,66.2,good,66.2,0.0,0.867,True,Consumer Durables,generic,ROCE 13-18% (5y avg) -- adequate | Stable ROCE (5y std <6pp) | Operating cash flow exceeds reported profit | Profitable in all 4 reported years | Moderate leverage (D/E 0.5-1.0) | Leverage stable | No meaningful dilution | P/E in the cheapest quartile of its own 5y range | Cheaper than sector peers | FCF yield above 6% | PEG 1.8-3,Net margin contracting materially | Thin interest cover -- vulnerable to a rate or earnings shock,,,long,False,4.0,,,,,,,,
198,CEMPRO.NS,66.1,good,66.1,0.0,0.867,True,Construction,generic,ROCE 18-25% (5y avg) -- strong | Stable ROCE (5y std <6pp) | Net margin expanding | Operating cash flow exceeds reported profit | Profitable in all 4 reported years | Low leverage (D/E below 0.5) | Interest well covered (5-10x) | Deleveraging over time | No meaningful dilution,P/E near the top of its own 5y range -- little re-rating room | More expensive than sector peers | Minimal or negative free cash flow yield | PEG above 3 -- paying a lot for the growth,,,long,False,4.0,,,,,,,,
199,DRREDDY.NS,66.0,good,66.0,0.0,0.8,True,Healthcare,generic,ROCE 18-25% (5y avg) -- strong | Stable ROCE (5y std <6pp) | Profit converts well to cash | Profitable in all 4 reported years | Low leverage (D/E below 0.5) | Interest comfortably covered (>10x) | No meaningful dilution | P/E around its own 5y median | Cheaper than sector peers | FCF yield 1.5-3.5%,Net margin contracting materially | Leverage rising,,,long,False,4.0,,,,,,,,
200,TIMKEN.NS,66.0,good,66.0,0.0,0.867,True,Capital Goods,generic,ROCE 18-25% (5y avg) -- strong | Very stable ROCE (5y std <3pp) | Net margin drifting down | Profit converts well to cash | Profitable in all 4 reported years | Effectively debt-free | Interest comfortably covered (>10x) | Leverage stable | No meaningful dilution | P/E in the expensive part of its own range | In line with sector peers,Minimal or negative free cash flow yield | PEG above 3 -- paying a lot for the growth,,,long,False,4.0,,,,,,,,
201,CUMMINSIND.NS,65.8,good,65.8,0.0,0.867,True,Capital Goods,generic,ROCE above 25% (5y avg) -- excellent capital efficiency | Stable ROCE (5y std <6pp) | Net margin expanding | Weak cash conversion | Profitable in all 4 reported years | Effectively debt-free | Interest comfortably covered (>10x) | Leverage stable | No meaningful dilution | In line with sector peers,P/E near the top of its own 5y range -- little re-rating room | Minimal or negative free cash flow yield | PEG above 3 -- paying a lot for the growth,,,long,False,4.0,,,,,,,,
202,IGIL.NS,65.8,good,65.8,0.0,0.867,True,Services,generic,ROCE above 25% (5y avg) -- excellent capital efficiency | Profit converts well to cash | Low leverage (D/E below 0.5) | Interest comfortably covered (>10x) | Leverage stable | No meaningful dilution | P/E in the cheapest quartile of its own 5y range | Cheaper than sector peers | FCF yield 1.5-3.5% | PEG below 1 -- growth cheaply priced,Erratic ROCE -- returns on capital are not repeatable | Net margin contracting materially | Loss-making in 1 of 5 years,,,long,False,5.0,,,,,,,,
203,ABB.NS,65.8,good,65.8,0.0,0.867,True,Capital Goods,generic,ROCE above 25% (5y avg) -- excellent capital efficiency | Stable ROCE (5y std <6pp) | Net margin expanding | Weak cash conversion | Profitable in all 4 reported years | Effectively debt-free | Interest comfortably covered (>10x) | Leverage stable | No meaningful dilution | In line with sector peers,P/E near the top of its own 5y range -- little re-rating room | Minimal or negative free cash flow yield | PEG above 3 -- paying a lot for the growth,,,long,False,4.0,,,,,,,,
204,UNOMINDA.NS,65.7,good,65.7,0.0,0.867,True,Automobile and Auto Components,generic,ROCE 18-25% (5y avg) -- strong | Very stable ROCE (5y std <3pp) | Net margin stable | Operating cash flow exceeds reported profit | Profitable in all 4 reported years | Low leverage (D/E below 0.5) | Interest comfortably covered (>10x) | Leverage stable | No meaningful dilution,P/E near the top of its own 5y range -- little re-rating room | More expensive than sector peers | Minimal or negative free cash flow yield | PEG above 3 -- paying a lot for the growth,,,long,False,4.0,,,,,,,,
205,LINDEINDIA.NS,65.6,good,65.6,0.0,0.867,True,Chemicals,generic,ROCE 13-18% (5y avg) -- adequate | Very stable ROCE (5y std <3pp) | Net margin expanding | Operating cash flow exceeds reported profit | Effectively debt-free | Interest comfortably covered (>10x) | Leverage stable | No meaningful dilution | P/E around its own 5y median | PEG below 1 -- growth cheaply priced,Loss-making in 1 of 5 years | More expensive than sector peers | Minimal or negative free cash flow yield,,,long,False,5.0,,,,,,,,
206,CONCORDBIO.NS,65.6,good,65.6,0.0,0.867,True,Healthcare,generic,ROCE 18-25% (5y avg) -- strong | Stable ROCE (5y std <6pp) | Profit converts well to cash | Profitable in all 4 reported years | Effectively debt-free | Interest comfortably covered (>10x) | Leverage stable | No meaningful dilution | P/E around its own 5y median | In line with sector peers | PEG 1.8-3,Net margin contracting materially | Minimal or negative free cash flow yield,,,long,False,4.0,,,,,,,,
207,POWERINDIA.NS,65.5,good,65.5,0.0,0.867,True,Capital Goods,generic,ROCE 13-18% (5y avg) -- adequate | Stable ROCE (5y std <6pp) | Net margin expanding | Operating cash flow exceeds reported profit | Profitable in all 4 reported years | Effectively debt-free | Interest comfortably covered (>10x) | Deleveraging over time | Mild dilution | PEG 1-1.8 -- growth reasonably priced,P/E near the top of its own 5y range -- little re-rating room | More expensive than sector peers | Minimal or negative free cash flow yield,,,long,False,4.0,,,,,,,,
208,UTIAMC.NS,65.5,good,65.5,0.0,0.8,True,Financial Services,generic,ROCE 18-25% (5y avg) -- strong | Stable ROCE (5y std <6pp) | Weak cash conversion | Profitable in all 4 reported years | Effectively debt-free | Interest comfortably covered (>10x) | No meaningful dilution | P/E around its own 5y median | In line with sector peers | FCF yield 1.5-3.5% | PEG below 1 -- growth cheaply priced,Net margin contracting materially,,,long,False,4.0,,,,,,,,
209,JUBLINGREA.NS,65.3,good,68.3,3.0,0.867,True,Chemicals,generic,ROCE 9-13% (5y avg) -- modest | Very stable ROCE (5y std <3pp) | Net margin stable | Operating cash flow exceeds reported profit | Profitable in all 4 reported years | Low leverage (D/E below 0.5) | Interest well covered (5-10x) | Leverage stable | No meaningful dilution | P/E around its own 5y median | Cheaper than sector peers | FCF yield 1.5-3.5% | PEG below 1 -- growth cheaply priced,,Some promoter pledging (9% of stake) (-3),,long,False,4.0,,,,,,,,
210,IOB.NS,65.2,good,65.2,0.0,1.0,True,Financial Services,financials,ROA 0.8-1.3% -- adequate | ROE 10-14% (5y avg) | Equity 7-10% of assets -- adequate | Healthy net interest margin | Assets growing 15% a year | EPS CAGR above 18% (3y) | P/B 1-1.8 -- reasonable for a lender | P/B around its own history,,,"Asset quality is NOT assessed: gross/net NPA, provision coverage, capital adequacy and credit cost are unavailable from this data source. A lender can report excellent ROA until the credit cycle turns -- verify the loan book independently before acting on this score.",long,True,,1.1460492796165438,14.6481971432389,10.827981012421038,7.823824791609392,2.6594255386133496,14.685128170742257,32.90928079490916,1.637453
211,KEI.NS,65.2,good,65.2,0.0,0.8,True,Capital Goods,generic,ROCE 18-25% (5y avg) -- strong | Stable ROCE (5y std <6pp) | Net margin stable | Weak cash conversion | Profitable in all 4 reported years | Effectively debt-free | Interest comfortably covered (>10x) | Leverage stable | Mild dilution | Cheaper than sector peers | PEG 1-1.8 -- growth reasonably priced,P/E near the top of its own 5y range -- little re-rating room,,,long,False,4.0,,,,,,,,
212,WELCORP.NS,65.1,good,65.1,0.0,0.867,True,Capital Goods,generic,ROCE 18-25% (5y avg) -- strong | Variable ROCE (5y std <12pp) | Net margin expanding | Weak cash conversion | Profitable in all 4 reported years | Low leverage (D/E below 0.5) | Interest comfortably covered (>10x) | Deleveraging over time | No meaningful dilution | Cheaper than sector peers | PEG below 1 -- growth cheaply priced,P/E near the top of its own 5y range -- little re-rating room | Minimal or negative free cash flow yield,,,long,False,4.0,,,,,,,,
213,ZENTEC.NS,65.1,good,65.1,0.0,0.8,True,Capital Goods,generic,ROCE above 25% (5y avg) -- excellent capital efficiency | Variable ROCE (5y std <12pp) | Net margin expanding | Profit converts well to cash | Profitable in all 4 reported years | Effectively debt-free | Interest comfortably covered (>10x) | Leverage stable | Notable dilution | P/E in the expensive part of its own range,More expensive than sector peers | Minimal or negative free cash flow yield,,,long,False,4.0,,,,,,,,
214,WHIRLPOOL.NS,65.1,good,75.1,10.0,0.8,True,Consumer Durables,generic,ROCE 9-13% (5y avg) -- modest | Very stable ROCE (5y std <3pp) | Net margin stable | Operating cash flow exceeds reported profit | Profitable in all 4 reported years | Effectively debt-free | Interest well covered (5-10x) | Leverage stable | No meaningful dilution | P/E in the cheapest quartile of its own 5y range | Materially cheaper than sector peers,Minimal or negative free cash flow yield,Promoters sold down 11.2pp over four quarters (-10),,long,False,4.0,,,,,,,,
215,BRIGADE.NS,65.0,good,65.0,0.0,0.8,True,Realty,generic,ROCE 9-13% (5y avg) -- modest | Very stable ROCE (5y std <3pp) | Net margin expanding | Operating cash flow exceeds reported profit | Profitable in all 4 reported years | High leverage (D/E 1-2) | Interest adequately covered (2.5-5x) | Deleveraging over time | Mild dilution | P/E around its own 5y median | Cheaper than sector peers | PEG below 1 -- growth cheaply priced,,,,long,False,4.0,,,,,,,,
216,VOLTAS.NS,64.9,moderate,64.9,0.0,0.8,True,Consumer Durables,generic,ROCE 9-13% (5y avg) -- modest | Stable ROCE (5y std <6pp) | Net margin expanding | Profit converts well to cash | Profitable in all 4 reported years | Low leverage (D/E below 0.5) | Interest well covered (5-10x) | Leverage stable | No meaningful dilution | P/E below its own 5y median | PEG 1-1.8 -- growth reasonably priced,More expensive than sector peers,,,long,False,4.0,,,,,,,,
217,AUBANK.NS,64.9,moderate,64.9,0.0,1.0,True,Financial Services,financials,ROA 1.3-2% -- strong | ROE 10-14% (5y avg) | Equity 10-15% of assets -- comfortable | Wide net interest margin | Assets growing 29% a year -- strong but not reckless | EPS CAGR 10-18% (3y) | P/B 3-4.5 -- richly valued,P/B near the top of its own range,,"Asset quality is NOT assessed: gross/net NPA, provision coverage, capital adequacy and credit cost are unavailable from this data source. A lender can report excellent ROA until the credit cycle turns -- verify the loan book independently before acting on this score.",long,True,,1.377105926457222,13.223778460303595,12.679768583549489,10.413861141058515,4.75120077979799,28.58379642859237,17.213470171899203,3.9624155
218,MANAPPURAM.NS,64.8,moderate,64.8,0.0,1.0,True,Financial Services,financials,ROA 1.3-2% -- strong | ROE 10-14% (5y avg) | Equity above 15% of assets -- well capitalised | Wide net interest margin | Assets growing 24% a year -- strong but not reckless | P/B 1.8-3,EPS declining | P/B near the top of its own range,,"Asset quality is NOT assessed: gross/net NPA, provision coverage, capital adequacy and credit cost are unavailable from this data source. A lender can report excellent ROA until the credit cycle turns -- verify the loan book independently before acting on this score.",long,True,,1.3456679398808975,6.25093258934276,12.624123020339324,21.527474831117715,7.274302223477598,23.581413323345622,-12.514980174614498,1.9254066
219,AWL.NS,64.6,moderate,74.6,10.0,0.867,True,Fast Moving Consumer Goods,generic,ROCE 9-13% (5y avg) -- modest | Very stable ROCE (5y std <3pp) | Net margin stable | Operating cash flow exceeds reported profit | Profitable in all 4 reported years | Moderate leverage (D/E 0.5-1.0) | Interest adequately covered (2.5-5x) | Deleveraging over time | No meaningful dilution | P/E in the cheapest quartile of its own 5y range | Cheaper than sector peers | FCF yield above 6% | PEG below 1 -- growth cheaply priced,,Promoters sold down 17.4pp over four quarters (-10),,long,False,4.0,,,,,,,,
220,RELIANCE.NS,64.4,moderate,64.4,0.0,0.8,True,Oil Gas & Consumable Fuels,generic,ROCE 9-13% (5y avg) -- modest | Very stable ROCE (5y std <3pp) | Net margin stable | Operating cash flow exceeds reported profit | Profitable in all 4 reported years | Low leverage (D/E below 0.5) | Interest well covered (5-10x) | Leverage stable | No meaningful dilution | P/E around its own 5y median | FCF yield 3.5-6%,More expensive than sector peers,,,long,False,4.0,,,,,,,,
221,CUB.NS,64.4,moderate,64.4,0.0,1.0,True,Financial Services,financials,ROA 1.3-2% -- strong | ROE 10-14% (5y avg) | Equity 10-15% of assets -- comfortable | Healthy net interest margin | Assets growing 13% a year | EPS CAGR 10-18% (3y) | P/B 1.8-3,P/B near the top of its own range,,"Asset quality is NOT assessed: gross/net NPA, provision coverage, capital adequacy and credit cost are unavailable from this data source. A lender can report excellent ROA until the credit cycle turns -- verify the loan book independently before acting on this score.",long,True,,1.3669046813084385,12.55322454151607,12.271000825760883,10.888873028502012,2.9166174075775118,13.36545248437675,12.358350587120825,2.131718
222,HBLENGINE.NS,64.3,moderate,64.3,0.0,0.8,True,Capital Goods,generic,ROCE above 25% (5y avg) -- excellent capital efficiency | Net margin expanding | Profit converts well to cash | Effectively debt-free | Interest comfortably covered (>10x) | Leverage stable | No meaningful dilution | P/E in the expensive part of its own range | Cheaper than sector peers | FCF yield 1.5-3.5%,Erratic ROCE -- returns on capital are not repeatable | Loss-making in 1 of 5 years,,,long,False,5.0,,,,,,,,
223,ICICIAMC.NS,64.3,moderate,64.3,0.0,0.6,True,Financial Services,generic,ROCE above 25% (5y avg) -- excellent capital efficiency | Variable ROCE (5y std <12pp) | Net margin drifting down | Profit converts well to cash | Profitable in all 4 reported years | Interest comfortably covered (>10x) | FCF yield 1.5-3.5% | PEG 1.8-3,More expensive than sector peers,,,long,False,4.0,,,,,,,,
224,EIDPARRY.NS,64.2,moderate,64.2,0.0,0.733,True,Fast Moving Consumer Goods,generic,ROCE 18-25% (5y avg) -- strong | Variable ROCE (5y std <12pp) | Net margin drifting down | Operating cash flow exceeds reported profit | Profitable in all 4 reported years | Moderate leverage (D/E 0.5-1.0) | Interest well covered (5-10x) | No meaningful dilution | P/E around its own 5y median | Cheaper than sector peers,Leverage rising,,,long,False,4.0,,,,,,,,
225,AUROPHARMA.NS,64.2,moderate,67.2,3.0,0.867,True,Healthcare,generic,ROCE 9-13% (5y avg) -- modest | Very stable ROCE (5y std <3pp) | Net margin expanding | Operating cash flow exceeds reported profit | Profitable in all 4 reported years | Low leverage (D/E below 0.5) | Interest comfortably covered (>10x) | Leverage stable | No meaningful dilution | Cheaper than sector peers | FCF yield 1.5-3.5% | PEG 1-1.8 -- growth reasonably priced,P/E near the top of its own 5y range -- little re-rating room,Some promoter pledging (14% of stake) (-3),,long,False,4.0,,,,,,,,
226,MARICO.NS,63.9,moderate,63.9,0.0,0.867,True,Fast Moving Consumer Goods,generic,ROCE above 25% (5y avg) -- excellent capital efficiency | Stable ROCE (5y std <6pp) | Net margin drifting down | Profit converts well to cash | Profitable in all 4 reported years | Low leverage (D/E below 0.5) | Interest comfortably covered (>10x) | Leverage stable | No meaningful dilution | FCF yield 1.5-3.5% | PEG 1.8-3,P/E near the top of its own 5y range -- little re-rating room | More expensive than sector peers,,,long,False,4.0,,,,,,,,
227,FSL.NS,63.9,moderate,63.9,0.0,0.8,True,Services,generic,ROCE 13-18% (5y avg) -- adequate | Very stable ROCE (5y std <3pp) | Net margin drifting down | Operating cash flow exceeds reported profit | Profitable in all 4 reported years | Moderate leverage (D/E 0.5-1.0) | Interest well covered (5-10x) | No meaningful dilution | P/E around its own 5y median | In line with sector peers | FCF yield 3.5-6%,Leverage rising,,,long,False,4.0,,,,,,,,
228,UNITDSPR.NS,63.9,moderate,63.9,0.0,0.867,True,Fast Moving Consumer Goods,generic,ROCE 18-25% (5y avg) -- strong | Very stable ROCE (5y std <3pp) | Net margin expanding | Weak cash conversion | Profitable in all 4 reported years | Effectively debt-free | Interest comfortably covered (>10x) | Leverage stable | No meaningful dilution | P/E in the expensive part of its own range,More expensive than sector peers | Minimal or negative free cash flow yield | PEG above 3 -- paying a lot for the growth,,,long,False,4.0,,,,,,,,
229,GABRIEL.NS,63.9,moderate,63.9,0.0,0.867,True,Automobile and Auto Components,generic,ROCE 18-25% (5y avg) -- strong | Very stable ROCE (5y std <3pp) | Net margin stable | Profit converts well to cash | Profitable in all 4 reported years | Low leverage (D/E below 0.5) | Interest comfortably covered (>10x) | Leverage stable | No meaningful dilution | PEG 1.8-3,P/E near the top of its own 5y range -- little re-rating room | More expensive than sector peers | Minimal or negative free cash flow yield,,,long,False,4.0,,,,,,,,
230,BHARTIARTL.NS,63.8,moderate,63.8,0.0,0.867,True,Telecommunication,generic,ROCE 13-18% (5y avg) -- adequate | Stable ROCE (5y std <6pp) | Net margin expanding | Operating cash flow exceeds reported profit | Profitable in all 4 reported years | High leverage (D/E 1-2) | Interest adequately covered (2.5-5x) | Deleveraging over time | Mild dilution | P/E in the expensive part of its own range | In line with sector peers | FCF yield above 6% | PEG 1-1.8 -- growth reasonably priced,,,,long,False,4.0,,,,,,,,
231,AEGISLOG.NS,63.8,moderate,63.8,0.0,0.867,True,Oil Gas & Consumable Fuels,generic,ROCE 13-18% (5y avg) -- adequate | Very stable ROCE (5y std <3pp) | Net margin expanding | Operating cash flow exceeds reported profit | Profitable in all 4 reported years | Moderate leverage (D/E 0.5-1.0) | Interest comfortably covered (>10x) | No meaningful dilution | FCF yield 1.5-3.5% | PEG below 1 -- growth cheaply priced,Leverage rising | P/E near the top of its own 5y range -- little re-rating room | More expensive than sector peers,,,long,False,4.0,,,,,,,,
232,ENDURANCE.NS,63.8,moderate,63.8,0.0,0.867,True,Automobile and Auto Components,generic,ROCE 13-18% (5y avg) -- adequate | Very stable ROCE (5y std <3pp) | Net margin stable | Operating cash flow exceeds reported profit | Profitable in all 4 reported years | Low leverage (D/E below 0.5) | Interest comfortably covered (>10x) | Leverage stable | No meaningful dilution | In line with sector peers,P/E near the top of its own 5y range -- little re-rating room | Minimal or negative free cash flow yield | PEG above 3 -- paying a lot for the growth,,,long,False,4.0,,,,,,,,
233,GRAVITA.NS,63.7,moderate,63.7,0.0,0.8,True,Metals & Mining,generic,ROCE 18-25% (5y avg) -- strong | Stable ROCE (5y std <6pp) | Net margin expanding | Weak cash conversion | Profitable in all 4 reported years | Low leverage (D/E below 0.5) | Interest comfortably covered (>10x) | Deleveraging over time | Mild dilution | P/E in the expensive part of its own range | PEG 1.8-3,More expensive than sector peers,,,long,False,4.0,,,,,,,,
234,DLF.NS,63.6,moderate,63.6,0.0,0.867,True,Realty,generic,Very stable ROCE (5y std <3pp) | Net margin expanding | Operating cash flow exceeds reported profit | Profitable in all 4 reported years | Effectively debt-free | Interest comfortably covered (>10x) | Leverage stable | No meaningful dilution | P/E around its own 5y median | FCF yield 3.5-6%,ROCE below 9% -- earns little on capital employed | More expensive than sector peers | PEG above 3 -- paying a lot for the growth,,,long,False,4.0,,,,,,,,
235,GALLANTT.NS,63.5,moderate,63.5,0.0,0.8,True,Capital Goods,generic,ROCE 13-18% (5y avg) -- adequate | Stable ROCE (5y std <6pp) | Net margin expanding | Operating cash flow exceeds reported profit | Low leverage (D/E below 0.5) | Interest comfortably covered (>10x) | Leverage stable | No meaningful dilution | P/E in the expensive part of its own range | Cheaper than sector peers | FCF yield 1.5-3.5%,Loss-making in 1 of 5 years,,,long,False,5.0,,,,,,,,
236,SBILIFE.NS,63.5,moderate,63.5,0.0,0.667,True,Financial Services,insurer,ROCE 13-18% (5y avg) -- adequate | Very stable ROCE (5y std <3pp) | Net margin stable | Profitable in all 4 reported years | Interest comfortably covered (>10x) | No meaningful dilution | P/E in the expensive part of its own range | FCF yield above 6% | PEG 1.8-3,More expensive than sector peers,,"Insurer: scored on the generic model because neither the lending nor the industrial framework describes insurance economics. Embedded value, VNB margin, solvency ratio and persistency -- the measures that actually value an insurer -- are unavailable from this data source. Treat this score as a rough quality and valuation read only.",long,False,4.0,,,,,,,,
237,ADANIPOWER.NS,63.3,moderate,63.3,0.0,0.8,True,Power,generic,ROCE 18-25% (5y avg) -- strong | Variable ROCE (5y std <12pp) | Operating cash flow exceeds reported profit | Profitable in all 4 reported years | Moderate leverage (D/E 0.5-1.0) | Interest well covered (5-10x) | Deleveraging over time | No meaningful dilution | In line with sector peers | PEG below 1 -- growth cheaply priced,Net margin contracting materially | P/E near the top of its own 5y range -- little re-rating room,,,long,False,4.0,,,,,,,,
238,COFORGE.NS,63.3,moderate,63.3,0.0,0.867,True,Information Technology,generic,ROCE 18-25% (5y avg) -- strong | Stable ROCE (5y std <6pp) | Net margin stable | Operating cash flow exceeds reported profit | Profitable in all 4 reported years | Effectively debt-free | Interest comfortably covered (>10x) | Leverage stable | Notable dilution | PEG 1-1.8 -- growth reasonably priced,P/E near the top of its own 5y range -- little re-rating room | More expensive than sector peers | Minimal or negative free cash flow yield,,,long,False,4.0,,,,,,,,
239,SPLPETRO.NS,63.2,moderate,63.2,0.0,0.867,True,Chemicals,generic,ROCE 18-25% (5y avg) -- strong | Variable ROCE (5y std <12pp) | Profit converts well to cash | Profitable in all 4 reported years | Effectively debt-free | Interest comfortably covered (>10x) | Leverage stable | No meaningful dilution | Cheaper than sector peers | PEG below 1 -- growth cheaply priced,Net margin contracting materially | P/E near the top of its own 5y range -- little re-rating room | Minimal or negative free cash flow yield,,,long,False,4.0,,,,,,,,
240,J&KBANK.NS,63.2,moderate,63.2,0.0,1.0,True,Financial Services,financials,ROA 0.8-1.3% -- adequate | ROE 10-14% (5y avg) | Equity 7-10% of assets -- adequate | Healthy net interest margin | Assets growing 9% a year | EPS CAGR above 18% (3y) | Trading at or below book value,P/B near the top of its own range,,"Asset quality is NOT assessed: gross/net NPA, provision coverage, capital adequacy and credit cost are unavailable from this data source. A lender can report excellent ROA until the credit cycle turns -- verify the loan book independently before acting on this score.",long,True,,1.2486776503416688,14.30017802598091,13.851951512587899,8.731902834167805,3.1128900556445296,8.999754480226319,20.47431323076441,0.9695202
241,HINDALCO.NS,63.2,moderate,63.2,0.0,0.8,True,Metals & Mining,generic,ROCE 9-13% (5y avg) -- modest | Very stable ROCE (5y std <3pp) | Net margin stable | Operating cash flow exceeds reported profit | Profitable in all 4 reported years | Moderate leverage (D/E 0.5-1.0) | Interest well covered (5-10x) | Leverage stable | No meaningful dilution | Cheaper than sector peers | PEG below 1 -- growth cheaply priced,P/E near the top of its own 5y range -- little re-rating room,,,long,False,4.0,,,,,,,,
242,RAINBOW.NS,62.9,moderate,62.9,0.0,0.867,True,Healthcare,generic,ROCE 18-25% (5y avg) -- strong | Very stable ROCE (5y std <3pp) | Net margin drifting down | Operating cash flow exceeds reported profit | Profitable in all 4 reported years | Moderate leverage (D/E 0.5-1.0) | Interest well covered (5-10x) | Leverage stable | No meaningful dilution | P/E in the expensive part of its own range | In line with sector peers,Minimal or negative free cash flow yield | PEG above 3 -- paying a lot for the growth,,,long,False,4.0,,,,,,,,
243,MAHABANK.NS,62.9,moderate,72.9,10.0,1.0,True,Financial Services,financials,ROA 1.3-2% -- strong | ROE above 18% (5y avg) | Equity 7-10% of assets -- adequate | Healthy net interest margin | Assets growing 17% a year -- strong but not reckless | EPS CAGR above 18% (3y) | P/B 1.8-3,P/B near the top of its own range,Promoters sold down 6.0pp over four quarters (-10),"Asset quality is NOT assessed: gross/net NPA, provision coverage, capital adequacy and credit cost are unavailable from this data source. A lender can report excellent ROA until the credit cycle turns -- verify the loan book independently before acting on this score.",long,True,,1.6414797046064016,21.11943842968876,19.35310333987081,7.772364355573407,3.2013351862467356,16.864913185997075,33.074433005555015,1.8146943
244,AJANTPHARM.NS,62.8,moderate,74.8,12.0,0.867,True,Healthcare,generic,ROCE above 25% (5y avg) -- excellent capital efficiency | Stable ROCE (5y std <6pp) | Net margin expanding | Profit converts well to cash | Profitable in all 4 reported years | Effectively debt-free | Interest comfortably covered (>10x) | Leverage stable | No meaningful dilution | Cheaper than sector peers | PEG 1-1.8 -- growth reasonably priced,P/E near the top of its own 5y range -- little re-rating room | Minimal or negative free cash flow yield,Elevated promoter pledging (23% of stake) (-8) | Promoters reduced stake 2.8pp over four quarters (-4),,long,False,4.0,,,,,,,,
245,ANANDRATHI.NS,62.7,moderate,65.7,3.0,0.867,True,Financial Services,generic,ROCE above 25% (5y avg) -- excellent capital efficiency | Stable ROCE (5y std <6pp) | Net margin expanding | Weak cash conversion | Profitable in all 4 reported years | Effectively debt-free | Interest comfortably covered (>10x) | Leverage stable | No meaningful dilution | PEG 1-1.8 -- growth reasonably priced,P/E near the top of its own 5y range -- little re-rating room | More expensive than sector peers | Minimal or negative free cash flow yield,Some promoter pledging (14% of stake) (-3),,long,False,4.0,,,,,,,,
246,DCMSHRIRAM.NS,62.7,moderate,62.7,0.0,0.8,True,Diversified,generic,ROCE 9-13% (5y avg) -- modest | Stable ROCE (5y std <6pp) | Net margin drifting down | Operating cash flow exceeds reported profit | Profitable in all 4 reported years | Low leverage (D/E below 0.5) | Interest well covered (5-10x) | Leverage stable | No meaningful dilution | P/E around its own 5y median | FCF yield 1.5-3.5% | PEG below 1 -- growth cheaply priced,,,,long,False,4.0,,,,,,,,
247,HYUNDAI.NS,62.5,moderate,62.5,0.0,0.8,True,Automobile and Auto Components,generic,ROCE above 25% (5y avg) -- excellent capital efficiency | Net margin stable | Operating cash flow exceeds reported profit | Effectively debt-free | Interest comfortably covered (>10x) | Leverage stable | No meaningful dilution | P/E in the expensive part of its own range | In line with sector peers | FCF yield 1.5-3.5%,Erratic ROCE -- returns on capital are not repeatable | Loss-making in 1 of 5 years,,,long,False,5.0,,,,,,,,
248,MANKIND.NS,62.4,moderate,62.4,0.0,0.867,True,Healthcare,generic,ROCE 18-25% (5y avg) -- strong | Stable ROCE (5y std <6pp) | Net margin drifting down | Operating cash flow exceeds reported profit | Profitable in all 4 reported years | Low leverage (D/E below 0.5) | Interest adequately covered (2.5-5x) | Mild dilution | P/E around its own 5y median | In line with sector peers | FCF yield 1.5-3.5% | PEG 1-1.8 -- growth reasonably priced,Leverage rising,,,long,False,4.0,,,,,,,,
249,BLUESTARCO.NS,62.3,moderate,62.3,0.0,0.733,True,Consumer Durables,generic,ROCE 18-25% (5y avg) -- strong | Stable ROCE (5y std <6pp) | Net margin drifting down | Weak cash conversion | Profitable in all 4 reported years | Low leverage (D/E below 0.5) | Interest comfortably covered (>10x) | Deleveraging over time | Mild dilution | P/E around its own 5y median,More expensive than sector peers,,,long,False,4.0,,,,,,,,
250,TATATECH.NS,62.2,moderate,62.2,0.0,0.867,True,Information Technology,generic,ROCE 18-25% (5y avg) -- strong | Stable ROCE (5y std <6pp) | Profit converts well to cash | Profitable in all 4 reported years | Low leverage (D/E below 0.5) | Interest comfortably covered (>10x) | Leverage stable | No meaningful dilution | P/E around its own 5y median | FCF yield 1.5-3.5%,Net margin contracting materially | More expensive than sector peers | PEG above 3 -- paying a lot for the growth,,,long,False,4.0,,,,,,,,
251,GMDCLTD.NS,62.1,moderate,62.1,0.0,0.733,True,Metals & Mining,generic,ROCE 18-25% (5y avg) -- strong | Variable ROCE (5y std <12pp) | Net margin stable | Weak cash conversion | Profitable in all 4 reported years | Effectively debt-free | Interest comfortably covered (>10x) | Leverage stable | No meaningful dilution | In line with sector peers,P/E near the top of its own 5y range -- little re-rating room,,,long,False,4.0,,,,,,,,
252,NAM-INDIA.NS,62.1,moderate,62.1,0.0,0.867,True,Financial Services,generic,ROCE above 25% (5y avg) -- excellent capital efficiency | Variable ROCE (5y std <12pp) | Net margin drifting down | Profit converts well to cash | Profitable in all 4 reported years | Effectively debt-free | Interest comfortably covered (>10x) | Leverage stable | Mild dilution | FCF yield 1.5-3.5% | PEG 1-1.8 -- growth reasonably priced,P/E near the top of its own 5y range -- little re-rating room | More expensive than sector peers,,,long,False,4.0,,,,,,,,
253,BOSCHLTD.NS,62.1,moderate,62.1,0.0,0.8,True,Automobile and Auto Components,generic,ROCE 18-25% (5y avg) -- strong | Stable ROCE (5y std <6pp) | Net margin expanding | Weak cash conversion | Profitable in all 4 reported years | Effectively debt-free | Interest comfortably covered (>10x) | Leverage stable | No meaningful dilution,P/E near the top of its own 5y range -- little re-rating room | More expensive than sector peers | Minimal or negative free cash flow yield,,,long,False,4.0,,,,,,,,
254,ABDL.NS,61.9,moderate,61.9,0.0,0.8,True,Fast Moving Consumer Goods,generic,ROCE 13-18% (5y avg) -- adequate | Very stable ROCE (5y std <3pp) | Net margin expanding | Operating cash flow exceeds reported profit | Profitable in all 4 reported years | Moderate leverage (D/E 0.5-1.0) | Interest adequately covered (2.5-5x) | Deleveraging over time | No meaningful dilution,P/E near the top of its own 5y range -- little re-rating room | More expensive than sector peers | Minimal or negative free cash flow yield,,,long,False,4.0,,,,,,,,
255,BELRISE.NS,61.8,moderate,71.8,10.0,0.733,True,Automobile and Auto Components,generic,ROCE 13-18% (5y avg) -- adequate | Very stable ROCE (5y std <3pp) | Net margin stable | Operating cash flow exceeds reported profit | Profitable in all 4 reported years | Low leverage (D/E below 0.5) | Interest adequately covered (2.5-5x) | Deleveraging over time | No meaningful dilution | In line with sector peers,Minimal or negative free cash flow yield,Promoters sold down 11.9pp over four quarters (-10),,long,False,4.0,,,,,,,,
256,NTPC.NS,61.7,moderate,61.7,0.0,0.8,True,Power,generic,ROCE 9-13% (5y avg) -- modest | Very stable ROCE (5y std <3pp) | Net margin expanding | Operating cash flow exceeds reported profit | Profitable in all 4 reported years | High leverage (D/E 1-2) | Interest adequately covered (2.5-5x) | Deleveraging over time | No meaningful dilution | P/E in the expensive part of its own range | Cheaper than sector peers | FCF yield 1.5-3.5%,,,,long,False,4.0,,,,,,,,
257,NAVINFLUOR.NS,61.5,moderate,61.5,0.0,0.867,True,Chemicals,generic,ROCE 13-18% (5y avg) -- adequate | Stable ROCE (5y std <6pp) | Net margin expanding | Operating cash flow exceeds reported profit | Profitable in all 4 reported years | Low leverage (D/E below 0.5) | Interest well covered (5-10x) | Leverage stable | Mild dilution | PEG below 1 -- growth cheaply priced,P/E near the top of its own 5y range -- little re-rating room | More expensive than sector peers | Minimal or negative free cash flow yield,,,long,False,4.0,,,,,,,,
258,CGCL.NS,61.5,moderate,61.5,0.0,1.0,True,Financial Services,financials,ROA above 2% -- excellent for a lender | ROE 5-10% (5y avg) -- weak | Equity above 15% of assets -- well capitalised | EPS CAGR above 18% (3y) | P/B 3-4.5 -- richly valued | P/B around its own history,"Thin net interest margin -- little spread on lending | Assets growing 40% a year -- very fast loan growth often precedes a rise in bad loans, so this is capped rather than rewarded",,"Rapid balance-sheet growth (40% CAGR) without visibility on underwriting standards | Asset quality is NOT assessed: gross/net NPA, provision coverage, capital adequacy and credit cost are unavailable from this data source. A lender can report excellent ROA until the credit cycle turns -- verify the loan book independently before acting on this score.",long,True,,2.9047377775416545,13.17629812257409,9.329244957169333,22.04517346617376,-0.07139185596668576,40.42122631085252,58.531510862977385,3.5600524
259,OLECTRA.NS,61.1,moderate,61.1,0.0,0.733,True,Automobile and Auto Components,generic,ROCE 13-18% (5y avg) -- adequate | Very stable ROCE (5y std <3pp) | Net margin expanding | Weak cash conversion | Profitable in all 4 reported years | Low leverage (D/E below 0.5) | Interest well covered (5-10x) | No meaningful dilution | P/E around its own 5y median,Leverage rising | More expensive than sector peers,,,long,False,4.0,,,,,,,,
260,RADICO.NS,61.1,moderate,61.1,0.0,0.867,True,Fast Moving Consumer Goods,generic,ROCE 13-18% (5y avg) -- adequate | Stable ROCE (5y std <6pp) | Net margin expanding | Profit converts well to cash | Profitable in all 4 reported years | Low leverage (D/E below 0.5) | Interest comfortably covered (>10x) | Leverage stable | No meaningful dilution | PEG 1-1.8 -- growth reasonably priced,P/E near the top of its own 5y range -- little re-rating room | More expensive than sector peers | Minimal or negative free cash flow yield,,,long,False,4.0,,,,,,,,
261,CPPLUS.NS,61.1,moderate,77.1,16.0,0.733,True,Capital Goods,generic,ROCE above 25% (5y avg) -- excellent capital efficiency | Stable ROCE (5y std <6pp) | Net margin expanding | Profitable in all 4 reported years | Effectively debt-free | Interest comfortably covered (>10x) | Deleveraging over time | No meaningful dilution | PEG below 1 -- growth cheaply priced,Profit is not converting to cash -- accruals warning | More expensive than sector peers,Promoters reduced stake 2.4pp over four quarters (-4) | Operating cash flow only -23% of reported profit over the period -- earnings are not cash-backed (-12),,long,False,4.0,,,,,,,,
262,SAREGAMA.NS,61.0,moderate,61.0,0.0,0.8,True,Media Entertainment & Publication,generic,ROCE 13-18% (5y avg) -- adequate | Very stable ROCE (5y std <3pp) | Weak cash conversion | Profitable in all 4 reported years | Effectively debt-free | Interest comfortably covered (>10x) | Leverage stable | No meaningful dilution | P/E in the expensive part of its own range | In line with sector peers | PEG 1-1.8 -- growth reasonably priced,Net margin contracting materially,,,long,False,4.0,,,,,,,,
263,CLEAN.NS,61.0,moderate,71.0,10.0,0.867,True,Chemicals,generic,ROCE above 25% (5y avg) -- excellent capital efficiency | Variable ROCE (5y std <12pp) | Profit converts well to cash | Profitable in all 4 reported years | Effectively debt-free | Interest comfortably covered (>10x) | Leverage stable | No meaningful dilution | P/E in the cheapest quartile of its own 5y range | In line with sector peers,Net margin contracting materially | Minimal or negative free cash flow yield | PEG above 3 -- paying a lot for the growth,Promoters sold down 23.7pp over four quarters (-10),,long,False,4.0,,,,,,,,
264,THERMAX.NS,60.9,moderate,60.9,0.0,0.733,True,Capital Goods,generic,ROCE 13-18% (5y avg) -- adequate | Very stable ROCE (5y std <3pp) | Net margin stable | Profit converts well to cash | Profitable in all 4 reported years | Low leverage (D/E below 0.5) | Interest well covered (5-10x) | No meaningful dilution | P/E in the expensive part of its own range,Leverage rising | More expensive than sector peers,,,long,False,4.0,,,,,,,,
265,SONACOMS.NS,60.9,moderate,60.9,0.0,0.867,True,Automobile and Auto Components,generic,ROCE 13-18% (5y avg) -- adequate | Stable ROCE (5y std <6pp) | Net margin stable | Operating cash flow exceeds reported profit | Profitable in all 4 reported years | Effectively debt-free | Interest comfortably covered (>10x) | Leverage stable | Mild dilution | PEG 1-1.8 -- growth reasonably priced,P/E near the top of its own 5y range -- little re-rating room | More expensive than sector peers | Minimal or negative free cash flow yield,,,long,False,4.0,,,,,,,,
266,ITCHOTELS.NS,60.9,moderate,60.9,0.0,0.733,True,Consumer Services,generic,Operating cash flow exceeds reported profit | Effectively debt-free | Interest comfortably covered (>10x) | Leverage stable | No meaningful dilution | P/E in the cheapest quartile of its own 5y range | Cheaper than sector peers | FCF yield 1.5-3.5% | PEG 1-1.8 -- growth reasonably priced,ROCE below 9% -- earns little on capital employed | Loss-making in 1 of 3 years,,Only 3 years of financial history -- a 2-5 year judgement is being made on a short record,long,False,3.0,,,,,,,,
267,LAURUSLABS.NS,60.9,moderate,60.9,0.0,0.867,True,Healthcare,generic,ROCE 13-18% (5y avg) -- adequate | Stable ROCE (5y std <6pp) | Net margin stable | Operating cash flow exceeds reported profit | Profitable in all 4 reported years | Low leverage (D/E below 0.5) | Interest well covered (5-10x) | Leverage stable | No meaningful dilution | PEG below 1 -- growth cheaply priced,P/E near the top of its own 5y range -- little re-rating room | More expensive than sector peers | Minimal or negative free cash flow yield,,,long,False,4.0,,,,,,,,
268,AFFLE.NS,60.8,moderate,60.8,0.0,0.867,True,Information Technology,generic,ROCE 13-18% (5y avg) -- adequate | Very stable ROCE (5y std <3pp) | Net margin stable | Profit converts well to cash | Profitable in all 4 reported years | Effectively debt-free | Interest comfortably covered (>10x) | Leverage stable | Mild dilution | P/E in the expensive part of its own range | PEG 1.8-3,More expensive than sector peers | Minimal or negative free cash flow yield,,,long,False,4.0,,,,,,,,
269,INDIANB.NS,60.7,moderate,60.7,0.0,1.0,True,Financial Services,financials,ROA 0.8-1.3% -- adequate | ROE 10-14% (5y avg) | Equity 7-10% of assets -- adequate | Healthy net interest margin | Assets growing 12% a year | EPS CAGR above 18% (3y) | P/B 1-1.8 -- reasonable for a lender,P/B near the top of its own range,,"Asset quality is NOT assessed: gross/net NPA, provision coverage, capital adequacy and credit cost are unavailable from this data source. A lender can report excellent ROA until the credit cycle turns -- verify the loan book independently before acting on this score.",long,True,,1.1803990789033028,14.622514160224389,13.900040404791582,8.072476907659148,2.719515316980753,11.602598201009705,24.764569524086298,1.3701752
270,APOLLOHOSP.NS,60.7,moderate,60.7,0.0,0.867,True,Healthcare,generic,ROCE 13-18% (5y avg) -- adequate | Very stable ROCE (5y std <3pp) | Net margin expanding | Operating cash flow exceeds reported profit | Profitable in all 4 reported years | Moderate leverage (D/E 0.5-1.0) | Interest well covered (5-10x) | Leverage stable | No meaningful dilution | PEG 1.8-3,P/E near the top of its own 5y range -- little re-rating room | More expensive than sector peers | Minimal or negative free cash flow yield,,,long,False,4.0,,,,,,,,
271,CARBORUNIV.NS,60.6,moderate,60.6,0.0,0.867,True,Capital Goods,generic,ROCE 13-18% (5y avg) -- adequate | Stable ROCE (5y std <6pp) | Operating cash flow exceeds reported profit | Profitable in all 4 reported years | Effectively debt-free | Interest comfortably covered (>10x) | Leverage stable | No meaningful dilution | P/E around its own 5y median,Net margin contracting materially | More expensive than sector peers | Minimal or negative free cash flow yield | PEG above 3 -- paying a lot for the growth,,,long,False,4.0,,,,,,,,
272,PREMIERENE.NS,60.5,moderate,70.5,10.0,0.8,True,Capital Goods,generic,ROCE 18-25% (5y avg) -- strong | Variable ROCE (5y std <12pp) | Net margin expanding | Profit converts well to cash | Moderate leverage (D/E 0.5-1.0) | Interest comfortably covered (>10x) | Deleveraging over time | No meaningful dilution | P/E below its own 5y median | Cheaper than sector peers | PEG below 1 -- growth cheaply priced,Loss-making in 1 of 4 years,Promoters sold down 5.8pp over four quarters (-10),,long,False,4.0,,,,,,,,
273,MOTHERSON.NS,60.4,moderate,60.4,0.0,0.867,True,Automobile and Auto Components,generic,ROCE 9-13% (5y avg) -- modest | Very stable ROCE (5y std <3pp) | Net margin stable | Operating cash flow exceeds reported profit | Profitable in all 4 reported years | Low leverage (D/E below 0.5) | Interest adequately covered (2.5-5x) | Deleveraging over time | Mild dilution | In line with sector peers | FCF yield 1.5-3.5% | PEG below 1 -- growth cheaply priced,P/E near the top of its own 5y range -- little re-rating room,,,long,False,4.0,,,,,,,,
274,OIL.NS,60.3,moderate,60.3,0.0,0.8,True,Oil Gas & Consumable Fuels,generic,ROCE 13-18% (5y avg) -- adequate | Stable ROCE (5y std <6pp) | Operating cash flow exceeds reported profit | Profitable in all 4 reported years | Moderate leverage (D/E 0.5-1.0) | Interest comfortably covered (>10x) | No meaningful dilution | Cheaper than sector peers | PEG below 1 -- growth cheaply priced,Net margin contracting materially | Leverage rising | P/E near the top of its own 5y range -- little re-rating room,,,long,False,4.0,,,,,,,,
275,BANKBARODA.NS,60.2,moderate,60.2,0.0,1.0,True,Financial Services,financials,ROA 0.8-1.3% -- adequate | ROE 10-14% (5y avg) | Equity 7-10% of assets -- adequate | Modest net interest margin | Assets growing 11% a year | EPS CAGR 10-18% (3y) | Trading at or below book value | P/B expensive versus its own history,,,"Asset quality is NOT assessed: gross/net NPA, provision coverage, capital adequacy and credit cost are unavailable from this data source. A lender can report excellent ROA until the credit cycle turns -- verify the loan book independently before acting on this score.",long,True,,0.9443924609733029,11.965185884423564,13.992718940684645,7.892835682584133,2.4952721853567397,11.259361488526288,10.019668313323105,0.73049825
276,SBIN.NS,60.2,moderate,60.2,0.0,1.0,True,Financial Services,financials,ROA 0.8-1.3% -- adequate | ROE 14-18% (5y avg) | Equity 7-10% of assets -- adequate | Modest net interest margin | Assets growing 12% a year | EPS CAGR 10-18% (3y) | P/B 1-1.8 -- reasonable for a lender,P/B near the top of its own range,,"Asset quality is NOT assessed: gross/net NPA, provision coverage, capital adequacy and credit cost are unavailable from this data source. A lender can report excellent ROA until the credit cycle turns -- verify the loan book independently before acting on this score.",long,True,,1.0009985696477661,13.97323753487878,15.392396875154354,7.163683914691641,2.402525199634255,11.803470517648606,13.498281602250817,1.4777843
277,VMM.NS,60.2,moderate,70.2,10.0,0.867,True,Consumer Services,generic,ROCE 9-13% (5y avg) -- modest | Very stable ROCE (5y std <3pp) | Net margin expanding | Operating cash flow exceeds reported profit | Profitable in all 4 reported years | Low leverage (D/E below 0.5) | Interest well covered (5-10x) | Leverage stable | Mild dilution | P/E in the cheapest quartile of its own 5y range | In line with sector peers | FCF yield 1.5-3.5% | PEG 1.8-3,,Promoters sold down 14.1pp over four quarters (-10),,long,False,4.0,,,,,,,,
278,GODREJCP.NS,60.2,moderate,60.2,0.0,0.867,True,Fast Moving Consumer Goods,generic,ROCE 13-18% (5y avg) -- adequate | Variable ROCE (5y std <12pp) | Net margin expanding | Operating cash flow exceeds reported profit | Low leverage (D/E below 0.5) | Interest well covered (5-10x) | No meaningful dilution | P/E in the cheapest quartile of its own 5y range | In line with sector peers | FCF yield 1.5-3.5%,Loss-making in 1 of 4 years | Leverage rising | PEG above 3 -- paying a lot for the growth,,,long,False,4.0,,,,,,,,
279,CANBK.NS,60.1,moderate,60.1,0.0,1.0,True,Financial Services,financials,ROA 0.8-1.3% -- adequate | ROE 14-18% (5y avg) | Equity 5-7% of assets -- thin buffer | Modest net interest margin | Assets growing 11% a year | EPS CAGR above 18% (3y) | Trading at or below book value,P/B near the top of its own range,,"Asset quality is NOT assessed: gross/net NPA, provision coverage, capital adequacy and credit cost are unavailable from this data source. A lender can report excellent ROA until the credit cycle turns -- verify the loan book independently before acting on this score.",long,True,,1.044118435827659,16.741828570199637,16.09563409429498,6.236585397166138,1.9728282714442646,10.972298545759873,20.536704569589624,0.95558083
280,CAPLIPOINT.NS,60.0,moderate,60.0,0.0,0.867,True,Healthcare,generic,ROCE 18-25% (5y avg) -- strong | Very stable ROCE (5y std <3pp) | Net margin expanding | Weak cash conversion | Effectively debt-free | Interest comfortably covered (>10x) | Leverage stable | No meaningful dilution | Cheaper than sector peers | PEG 1.8-3,Loss-making in 1 of 5 years | P/E near the top of its own 5y range -- little re-rating room | Minimal or negative free cash flow yield,,,long,False,5.0,,,,,,,,
281,TMPV.NS,59.9,moderate,59.9,0.0,0.733,True,Automobile and Auto Components,generic,ROCE 9-13% (5y avg) -- modest | Variable ROCE (5y std <12pp) | Net margin expanding | Operating cash flow exceeds reported profit | Moderate leverage (D/E 0.5-1.0) | Deleveraging over time | No meaningful dilution | P/E in the cheapest quartile of its own 5y range | Materially cheaper than sector peers,Loss-making in 1 of 5 years | Thin interest cover -- vulnerable to a rate or earnings shock,,,long,False,5.0,,,,,,,,
282,MAZDOCK.NS,59.8,moderate,71.8,12.0,0.8,True,Capital Goods,generic,ROCE above 25% (5y avg) -- excellent capital efficiency | Stable ROCE (5y std <6pp) | Net margin expanding | Profitable in all 4 reported years | Effectively debt-free | Interest comfortably covered (>10x) | Leverage stable | No meaningful dilution | P/E in the expensive part of its own range | Cheaper than sector peers | PEG 1-1.8 -- growth reasonably priced,Profit is not converting to cash -- accruals warning,Operating cash flow only 39% of reported profit over the period -- earnings are not cash-backed (-12),,long,False,4.0,,,,,,,,
283,HDFCAMC.NS,59.7,moderate,59.7,0.0,0.8,True,Financial Services,generic,ROCE above 25% (5y avg) -- excellent capital efficiency | Stable ROCE (5y std <6pp) | Net margin expanding | Weak cash conversion | Effectively debt-free | Interest comfortably covered (>10x) | No meaningful dilution | P/E in the expensive part of its own range | FCF yield 1.5-3.5% | PEG 1.8-3,Loss-making in 1 of 5 years | More expensive than sector peers,,,long,False,5.0,,,,,,,,
284,HSCL.NS,59.6,moderate,59.6,0.0,0.8,True,Chemicals,generic,ROCE 13-18% (5y avg) -- adequate | Stable ROCE (5y std <6pp) | Net margin expanding | Weak cash conversion | Profitable in all 4 reported years | Low leverage (D/E below 0.5) | Interest comfortably covered (>10x) | Deleveraging over time | Notable dilution | In line with sector peers | PEG 1-1.8 -- growth reasonably priced,P/E near the top of its own 5y range -- little re-rating room,,,long,False,4.0,,,,,,,,
285,KPIL.NS,59.4,moderate,67.4,8.0,0.867,True,Construction,generic,ROCE 13-18% (5y avg) -- adequate | Very stable ROCE (5y std <3pp) | Net margin stable | Operating cash flow exceeds reported profit | Profitable in all 4 reported years | Low leverage (D/E below 0.5) | Interest adequately covered (2.5-5x) | Deleveraging over time | Mild dilution | Cheaper than sector peers | FCF yield 1.5-3.5% | PEG below 1 -- growth cheaply priced,P/E near the top of its own 5y range -- little re-rating room,Elevated promoter pledging (25% of stake) (-8),,long,False,4.0,,,,,,,,
286,ULTRACEMCO.NS,59.3,moderate,59.3,0.0,0.867,True,Construction Materials,generic,ROCE 9-13% (5y avg) -- modest | Very stable ROCE (5y std <3pp) | Net margin stable | Operating cash flow exceeds reported profit | Profitable in all 4 reported years | Low leverage (D/E below 0.5) | Interest well covered (5-10x) | Leverage stable | Mild dilution | P/E around its own 5y median | FCF yield 1.5-3.5% | PEG 1.8-3,More expensive than sector peers,,,long,False,4.0,,,,,,,,
287,GLAND.NS,59.3,moderate,59.3,0.0,0.867,True,Healthcare,generic,ROCE 9-13% (5y avg) -- modest | Very stable ROCE (5y std <3pp) | Profit converts well to cash | Profitable in all 4 reported years | Effectively debt-free | Interest comfortably covered (>10x) | Leverage stable | No meaningful dilution | Cheaper than sector peers | PEG below 1 -- growth cheaply priced,Net margin contracting materially | P/E near the top of its own 5y range -- little re-rating room | Minimal or negative free cash flow yield,,,long,False,4.0,,,,,,,,
288,COALINDIA.NS,59.2,moderate,63.2,4.0,0.867,True,Oil Gas & Consumable Fuels,generic,ROCE above 25% (5y avg) -- excellent capital efficiency | Profit converts well to cash | Profitable in all 4 reported years | Low leverage (D/E below 0.5) | Interest comfortably covered (>10x) | Leverage stable | No meaningful dilution | Cheaper than sector peers | FCF yield above 6%,Erratic ROCE -- returns on capital are not repeatable | Net margin contracting materially | P/E near the top of its own 5y range -- little re-rating room | PEG above 3 -- paying a lot for the growth,Promoters reduced stake 2.0pp over four quarters (-4),,long,False,4.0,,,,,,,,
289,NIVABUPA.NS,59.2,moderate,59.2,0.0,0.8,True,Financial Services,insurer,Very stable ROCE (5y std <3pp) | Net margin expanding | Profitable in all 4 reported years | Effectively debt-free | Interest adequately covered (2.5-5x) | Leverage stable | No meaningful dilution | P/E around its own 5y median | FCF yield 3.5-6% | PEG below 1 -- growth cheaply priced,ROCE below 9% -- earns little on capital employed | More expensive than sector peers,,"Insurer: scored on the generic model because neither the lending nor the industrial framework describes insurance economics. Embedded value, VNB margin, solvency ratio and persistency -- the measures that actually value an insurer -- are unavailable from this data source. Treat this score as a rough quality and valuation read only.",long,False,4.0,,,,,,,,
290,SAILIFE.NS,59.1,moderate,59.1,0.0,0.8,True,Healthcare,generic,ROCE 9-13% (5y avg) -- modest | Stable ROCE (5y std <6pp) | Net margin expanding | Operating cash flow exceeds reported profit | Profitable in all 4 reported years | Low leverage (D/E below 0.5) | Interest comfortably covered (>10x) | Deleveraging over time | Mild dilution,P/E near the top of its own 5y range -- little re-rating room | More expensive than sector peers | PEG above 3 -- paying a lot for the growth,,,long,False,4.0,,,,,,,,
291,GVT&D.NS,59.1,moderate,59.1,0.0,0.867,True,Capital Goods,generic,ROCE above 25% (5y avg) -- excellent capital efficiency | Net margin expanding | Operating cash flow exceeds reported profit | Effectively debt-free | Interest comfortably covered (>10x) | Deleveraging over time | No meaningful dilution,Erratic ROCE -- returns on capital are not repeatable | Loss-making in 2 of 5 years | P/E near the top of its own 5y range -- little re-rating room | More expensive than sector peers | Minimal or negative free cash flow yield | PEG above 3 -- paying a lot for the growth,,,long,False,5.0,,,,,,,,
292,GODFRYPHLP.NS,59.1,moderate,71.1,12.0,0.8,True,Fast Moving Consumer Goods,generic,ROCE above 25% (5y avg) -- excellent capital efficiency | Very stable ROCE (5y std <3pp) | Net margin expanding | Profitable in all 4 reported years | Effectively debt-free | Interest comfortably covered (>10x) | Leverage stable | No meaningful dilution | P/E in the expensive part of its own range | Cheaper than sector peers,Profit is not converting to cash -- accruals warning | Minimal or negative free cash flow yield,Operating cash flow only 46% of reported profit over the period -- earnings are not cash-backed (-12),,long,False,4.0,,,,,,,,
293,IRB.NS,59.0,moderate,59.0,0.0,0.867,True,Construction,generic,ROCE 9-13% (5y avg) -- modest | Stable ROCE (5y std <6pp) | Net margin expanding | Operating cash flow exceeds reported profit | Profitable in all 4 reported years | Moderate leverage (D/E 0.5-1.0) | Deleveraging over time | No meaningful dilution | In line with sector peers | FCF yield 3.5-6% | PEG below 1 -- growth cheaply priced,Thin interest cover -- vulnerable to a rate or earnings shock | P/E near the top of its own 5y range -- little re-rating room,,,long,False,4.0,,,,,,,,
294,JSWDULUX.NS,59.0,moderate,69.0,10.0,0.733,True,Consumer Durables,generic,ROCE above 25% (5y avg) -- excellent capital efficiency | Net margin expanding | Weak cash conversion | Profitable in all 4 reported years | Effectively debt-free | Interest comfortably covered (>10x) | Leverage stable | No meaningful dilution | P/E in the expensive part of its own range | Cheaper than sector peers,Erratic ROCE -- returns on capital are not repeatable,Promoters sold down 13.6pp over four quarters (-10),,long,False,4.0,,,,,,,,
295,GLENMARK.NS,58.9,moderate,58.9,0.0,0.867,True,Healthcare,generic,ROCE 9-13% (5y avg) -- modest | Variable ROCE (5y std <12pp) | Net margin expanding | Operating cash flow exceeds reported profit | Effectively debt-free | Interest comfortably covered (>10x) | Deleveraging over time | No meaningful dilution | Cheaper than sector peers | FCF yield 1.5-3.5% | PEG below 1 -- growth cheaply priced,Loss-making in 1 of 4 years | P/E near the top of its own 5y range -- little re-rating room,,,long,False,4.0,,,,,,,,
296,SCHNEIDER.NS,58.7,moderate,58.7,0.0,0.8,True,Capital Goods,generic,ROCE above 25% (5y avg) -- excellent capital efficiency | Stable ROCE (5y std <6pp) | Net margin stable | Profit converts well to cash | Low leverage (D/E below 0.5) | Interest well covered (5-10x) | Deleveraging over time | No meaningful dilution,Loss-making in 1 of 5 years | P/E near the top of its own 5y range -- little re-rating room | More expensive than sector peers | Minimal or negative free cash flow yield,,,long,False,5.0,,,,,,,,
297,PHOENIXLTD.NS,58.6,moderate,58.6,0.0,0.867,True,Realty,generic,ROCE 13-18% (5y avg) -- adequate | Very stable ROCE (5y std <3pp) | Operating cash flow exceeds reported profit | Profitable in all 4 reported years | Low leverage (D/E below 0.5) | Interest well covered (5-10x) | Leverage stable | No meaningful dilution | FCF yield 1.5-3.5% | PEG 1.8-3,Net margin contracting materially | P/E near the top of its own 5y range -- little re-rating room | More expensive than sector peers,,,long,False,4.0,,,,,,,,
298,CREDITACC.NS,58.6,moderate,58.6,0.0,1.0,True,Financial Services,financials,ROA above 2% -- excellent for a lender | ROE 10-14% (5y avg) | Equity above 15% of assets -- well capitalised | Assets growing 13% a year | P/B 1.8-3,Thin net interest margin -- little spread on lending | EPS declining | P/B near the top of its own range,,"Asset quality is NOT assessed: gross/net NPA, provision coverage, capital adequacy and credit cost are unavailable from this data source. A lender can report excellent ROA until the credit cycle turns -- verify the loan book independently before acting on this score.",long,True,,2.435435009393919,9.916031751091841,13.93469887238047,24.56058099174356,-0.3795149612138716,13.465338418542917,-2.223255039943295,2.9092557
299,SAIL.NS,58.5,moderate,58.5,0.0,0.867,True,Metals & Mining,generic,Very stable ROCE (5y std <3pp) | Net margin stable | Operating cash flow exceeds reported profit | Profitable in all 4 reported years | Moderate leverage (D/E 0.5-1.0) | Interest adequately covered (2.5-5x) | Leverage stable | No meaningful dilution | Cheaper than sector peers | FCF yield above 6% | PEG below 1 -- growth cheaply priced,ROCE below 9% -- earns little on capital employed | P/E near the top of its own 5y range -- little re-rating room,,,long,False,4.0,,,,,,,,
300,LTFOODS.NS,58.3,moderate,58.3,0.0,0.867,True,Fast Moving Consumer Goods,generic,ROCE 13-18% (5y avg) -- adequate | Very stable ROCE (5y std <3pp) | Net margin drifting down | Profit converts well to cash | Low leverage (D/E below 0.5) | Interest well covered (5-10x) | Leverage stable | No meaningful dilution | Cheaper than sector peers | FCF yield 3.5-6% | PEG below 1 -- growth cheaply priced,Loss-making in 1 of 5 years | P/E near the top of its own 5y range -- little re-rating room,,,long,False,5.0,,,,,,,,
301,TATACONSUM.NS,58.2,moderate,58.2,0.0,0.867,True,Fast Moving Consumer Goods,generic,ROCE 9-13% (5y avg) -- modest | Very stable ROCE (5y std <3pp) | Net margin drifting down | Operating cash flow exceeds reported profit | Profitable in all 4 reported years | Low leverage (D/E below 0.5) | Interest comfortably covered (>10x) | Leverage stable | Mild dilution | P/E around its own 5y median | FCF yield 1.5-3.5% | PEG 1.8-3,More expensive than sector peers,,,long,False,4.0,,,,,,,,
302,CCL.NS,58.1,moderate,58.1,0.0,0.867,True,Fast Moving Consumer Goods,generic,ROCE 13-18% (5y avg) -- adequate | Very stable ROCE (5y std <3pp) | Profit converts well to cash | Profitable in all 4 reported years | Moderate leverage (D/E 0.5-1.0) | Interest adequately covered (2.5-5x) | Leverage stable | No meaningful dilution | In line with sector peers | FCF yield 3.5-6% | PEG below 1 -- growth cheaply priced,Net margin contracting materially | P/E near the top of its own 5y range -- little re-rating room,,,long,False,4.0,,,,,,,,
303,SIEMENS.NS,58.1,moderate,58.1,0.0,0.8,True,Capital Goods,generic,ROCE 13-18% (5y avg) -- adequate | Very stable ROCE (5y std <3pp) | Net margin expanding | Effectively debt-free | Interest comfortably covered (>10x) | Leverage stable | No meaningful dilution | Cheaper than sector peers | PEG below 1 -- growth cheaply priced,Profit is not converting to cash -- accruals warning | Loss-making in 1 of 5 years | P/E near the top of its own 5y range -- little re-rating room,,,long,False,5.0,,,,,,,,
304,MRPL.NS,58.0,moderate,58.0,0.0,0.8,True,Oil Gas & Consumable Fuels,generic,ROCE 13-18% (5y avg) -- adequate | Variable ROCE (5y std <12pp) | Net margin drifting down | Operating cash flow exceeds reported profit | Profitable in all 4 reported years | High leverage (D/E 1-2) | Interest well covered (5-10x) | Deleveraging over time | No meaningful dilution | P/E in the expensive part of its own range | In line with sector peers | FCF yield 3.5-6%,,,,long,False,4.0,,,,,,,,
305,AMBUJACEM.NS,57.9,moderate,57.9,0.0,0.733,True,Construction Materials,generic,ROCE 9-13% (5y avg) -- modest | Stable ROCE (5y std <6pp) | Net margin expanding | Weak cash conversion | Effectively debt-free | Interest comfortably covered (>10x) | Leverage stable | Notable dilution | P/E in the cheapest quartile of its own 5y range | Cheaper than sector peers,Loss-making in 1 of 5 years,,,long,False,5.0,,,,,,,,
306,KALYANKJIL.NS,57.9,moderate,65.9,8.0,0.867,True,Consumer Durables,generic,ROCE 13-18% (5y avg) -- adequate | Very stable ROCE (5y std <3pp) | Net margin stable | Operating cash flow exceeds reported profit | Profitable in all 4 reported years | Moderate leverage (D/E 0.5-1.0) | Interest well covered (5-10x) | Deleveraging over time | No meaningful dilution | Cheaper than sector peers | PEG 1-1.8 -- growth reasonably priced,P/E near the top of its own 5y range -- little re-rating room | Minimal or negative free cash flow yield,Elevated promoter pledging (25% of stake) (-8),,long,False,4.0,,,,,,,,
307,TATACAP.NS,57.7,moderate,57.7,0.0,0.75,True,Financial Services,financials,ROA 1.3-2% -- strong | ROE 10-14% (5y avg) | Equity above 15% of assets -- well capitalised | P/B 3-4.5 -- richly valued,"Thin net interest margin -- little spread on lending | Assets growing 35% a year -- very fast loan growth often precedes a rise in bad loans, so this is capped rather than rewarded",,"Rapid balance-sheet growth (35% CAGR) without visibility on underwriting standards | Asset quality is NOT assessed: gross/net NPA, provision coverage, capital adequacy and credit cost are unavailable from this data source. A lender can report excellent ROA until the credit cycle turns -- verify the loan book independently before acting on this score.",long,True,,1.6681724429244476,10.566817606667382,10.566817606667382,15.786895402376164,-0.06259131988546508,34.52391489135582,,3.3366432
308,POWERGRID.NS,57.7,moderate,57.7,0.0,0.8,True,Power,generic,ROCE 9-13% (5y avg) -- modest | Very stable ROCE (5y std <3pp) | Net margin stable | Operating cash flow exceeds reported profit | Profitable in all 4 reported years | High leverage (D/E 1-2) | Interest adequately covered (2.5-5x) | Leverage stable | No meaningful dilution | P/E around its own 5y median | Cheaper than sector peers,Minimal or negative free cash flow yield,,,long,False,4.0,,,,,,,,
309,TBOTEK.NS,57.7,moderate,57.7,0.0,0.8,True,Consumer Services,generic,ROCE above 25% (5y avg) -- excellent capital efficiency | Variable ROCE (5y std <12pp) | Profit converts well to cash | Profitable in all 4 reported years | Low leverage (D/E below 0.5) | Interest well covered (5-10x) | No meaningful dilution | P/E in the expensive part of its own range | PEG 1.8-3,Net margin contracting materially | Leverage rising | More expensive than sector peers,,,long,False,4.0,,,,,,,,
310,JSWINFRA.NS,57.6,moderate,67.6,10.0,0.733,True,Services,generic,ROCE 13-18% (5y avg) -- adequate | Very stable ROCE (5y std <3pp) | Net margin expanding | Operating cash flow exceeds reported profit | Profitable in all 4 reported years | Moderate leverage (D/E 0.5-1.0) | Interest well covered (5-10x) | Deleveraging over time | No meaningful dilution,P/E near the top of its own 5y range -- little re-rating room | More expensive than sector peers,Promoters sold down 9.7pp over four quarters (-10),,long,False,4.0,,,,,,,,
311,CDSL.NS,57.6,moderate,57.6,0.0,0.8,True,Financial Services,generic,ROCE above 25% (5y avg) -- excellent capital efficiency | Stable ROCE (5y std <6pp) | Profit converts well to cash | Effectively debt-free | Interest comfortably covered (>10x) | Leverage stable | No meaningful dilution | P/E in the expensive part of its own range,Net margin contracting materially | Loss-making in 1 of 5 years | More expensive than sector peers | Minimal or negative free cash flow yield,,,long,False,5.0,,,,,,,,
312,MMTC.NS,57.4,moderate,69.4,12.0,0.8,True,Services,generic,ROCE above 25% (5y avg) -- excellent capital efficiency | Net margin expanding | Profitable in all 4 reported years | Effectively debt-free | Interest comfortably covered (>10x) | Leverage stable | No meaningful dilution | P/E around its own 5y median | Cheaper than sector peers | PEG below 1 -- growth cheaply priced,Erratic ROCE -- returns on capital are not repeatable | Profit is not converting to cash -- accruals warning,Operating cash flow only -179% of reported profit over the period -- earnings are not cash-backed (-12),,long,False,4.0,,,,,,,,
313,PATANJALI.NS,57.3,moderate,69.3,12.0,0.8,True,Fast Moving Consumer Goods,generic,ROCE 9-13% (5y avg) -- modest | Very stable ROCE (5y std <3pp) | Net margin expanding | Profitable in all 4 reported years | Low leverage (D/E below 0.5) | Interest comfortably covered (>10x) | Leverage stable | No meaningful dilution | P/E in the cheapest quartile of its own 5y range | Cheaper than sector peers | PEG below 1 -- growth cheaply priced,Profit is not converting to cash -- accruals warning,Operating cash flow only 47% of reported profit over the period -- earnings are not cash-backed (-12),,long,False,4.0,,,,,,,,
314,UCOBANK.NS,57.2,moderate,57.2,0.0,1.0,True,Financial Services,financials,ROA 0.3-0.8% -- thin | ROE 5-10% (5y avg) -- weak | Equity 7-10% of assets -- adequate | Healthy net interest margin | Assets growing 10% a year | EPS CAGR 10-18% (3y) | Trading at or below book value | P/B cheap versus its own history,,,"Asset quality is NOT assessed: gross/net NPA, provision coverage, capital adequacy and credit cost are unavailable from this data source. A lender can report excellent ROA until the credit cycle turns -- verify the loan book independently before acting on this score.",long,True,,0.6992041588219906,8.324581174369458,7.371397476668962,8.399271316793321,2.5757625907504482,9.59761763050835,13.040381433805548,0.8946256
315,HDFCLIFE.NS,57.1,moderate,57.1,0.0,0.8,True,Financial Services,insurer,ROCE 9-13% (5y avg) -- modest | Very stable ROCE (5y std <3pp) | Net margin stable | Low leverage (D/E below 0.5) | Interest well covered (5-10x) | Leverage stable | No meaningful dilution | P/E in the cheapest quartile of its own 5y range | FCF yield above 6%,Loss-making in 1 of 5 years | More expensive than sector peers | PEG above 3 -- paying a lot for the growth,,"Insurer: scored on the generic model because neither the lending nor the industrial framework describes insurance economics. Embedded value, VNB margin, solvency ratio and persistency -- the measures that actually value an insurer -- are unavailable from this data source. Treat this score as a rough quality and valuation read only.",long,False,5.0,,,,,,,,
316,SAGILITY.NS,56.8,moderate,66.8,10.0,0.867,True,Information Technology,generic,Stable ROCE (5y std <6pp) | Net margin expanding | Operating cash flow exceeds reported profit | Profitable in all 4 reported years | Low leverage (D/E below 0.5) | Interest comfortably covered (>10x) | Deleveraging over time | No meaningful dilution | P/E in the expensive part of its own range | Cheaper than sector peers | FCF yield 3.5-6% | PEG below 1 -- growth cheaply priced,ROCE below 9% -- earns little on capital employed,Promoters sold down 16.4pp over four quarters (-10),,long,False,4.0,,,,,,,,
317,BHARATFORG.NS,56.7,moderate,56.7,0.0,0.8,True,Automobile and Auto Components,generic,ROCE 9-13% (5y avg) -- modest | Very stable ROCE (5y std <3pp) | Net margin expanding | Operating cash flow exceeds reported profit | Profitable in all 4 reported years | Moderate leverage (D/E 0.5-1.0) | Interest well covered (5-10x) | Deleveraging over time | Mild dilution,P/E near the top of its own 5y range -- little re-rating room | More expensive than sector peers | Minimal or negative free cash flow yield,,,long,False,4.0,,,,,,,,
318,GODIGIT.NS,56.5,moderate,56.5,0.0,0.733,True,Financial Services,insurer,Stable ROCE (5y std <6pp) | Net margin expanding | Effectively debt-free | Interest well covered (5-10x) | Leverage stable | No meaningful dilution | P/E in the cheapest quartile of its own 5y range | FCF yield above 6%,ROCE below 9% -- earns little on capital employed | Loss-making in 1 of 5 years | More expensive than sector peers,,"Insurer: scored on the generic model because neither the lending nor the industrial framework describes insurance economics. Embedded value, VNB margin, solvency ratio and persistency -- the measures that actually value an insurer -- are unavailable from this data source. Treat this score as a rough quality and valuation read only.",long,False,5.0,,,,,,,,
319,MAPMYINDIA.NS,56.2,moderate,56.2,0.0,0.867,True,Information Technology,generic,ROCE 18-25% (5y avg) -- strong | Very stable ROCE (5y std <3pp) | Weak cash conversion | Effectively debt-free | Interest comfortably covered (>10x) | Leverage stable | Mild dilution | P/E in the cheapest quartile of its own 5y range,Net margin contracting materially | Loss-making in 1 of 5 years | More expensive than sector peers | Minimal or negative free cash flow yield | PEG above 3 -- paying a lot for the growth,,,long,False,5.0,,,,,,,,
320,ACUTAAS.NS,56.1,moderate,66.1,10.0,0.8,True,Healthcare,generic,ROCE 18-25% (5y avg) -- strong | Variable ROCE (5y std <12pp) | Net margin expanding | Operating cash flow exceeds reported profit | Profitable in all 4 reported years | Effectively debt-free | Interest comfortably covered (>10x) | Leverage stable | Notable dilution | PEG 1-1.8 -- growth reasonably priced,P/E near the top of its own 5y range -- little re-rating room | More expensive than sector peers,No positive free cash flow in any reported year (-10),,long,False,4.0,,,,,,,,
321,SIGNATURE.NS,56.0,moderate,56.0,0.0,0.8,True,Realty,generic,Variable ROCE (5y std <12pp) | Net margin expanding | Operating cash flow exceeds reported profit | High leverage (D/E 1-2) | Interest comfortably covered (>10x) | Deleveraging over time | No meaningful dilution | P/E in the cheapest quartile of its own 5y range | Materially cheaper than sector peers,ROCE below 9% -- earns little on capital employed | Loss-making in 1 of 4 years | Minimal or negative free cash flow yield,,,long,False,4.0,,,,,,,,
322,NMDC.NS,56.0,moderate,56.0,0.0,0.867,True,Metals & Mining,generic,ROCE above 25% (5y avg) -- excellent capital efficiency | Very stable ROCE (5y std <3pp) | Weak cash conversion | Low leverage (D/E below 0.5) | Interest comfortably covered (>10x) | Leverage stable | No meaningful dilution | Cheaper than sector peers | FCF yield 1.5-3.5%,Net margin contracting materially | Loss-making in 1 of 5 years | P/E near the top of its own 5y range -- little re-rating room | PEG above 3 -- paying a lot for the growth,,,long,False,5.0,,,,,,,,
323,GICRE.NS,56.0,moderate,66.0,10.0,0.667,True,Financial Services,insurer,ROCE 13-18% (5y avg) -- adequate | Very stable ROCE (5y std <3pp) | Net margin expanding | Operating cash flow exceeds reported profit | Interest comfortably covered (>10x) | No meaningful dilution | P/E around its own 5y median | Cheaper than sector peers,Loss-making in 1 of 5 years | Minimal or negative free cash flow yield,Promoters sold down 5.0pp over four quarters (-10),"Insurer: scored on the generic model because neither the lending nor the industrial framework describes insurance economics. Embedded value, VNB margin, solvency ratio and persistency -- the measures that actually value an insurer -- are unavailable from this data source. Treat this score as a rough quality and valuation read only.",long,False,5.0,,,,,,,,
324,NAUKRI.NS,55.9,moderate,55.9,0.0,0.867,True,Consumer Services,generic,Very stable ROCE (5y std <3pp) | Net margin expanding | Profit converts well to cash | Effectively debt-free | Interest comfortably covered (>10x) | Leverage stable | No meaningful dilution | P/E around its own 5y median | In line with sector peers | PEG below 1 -- growth cheaply priced,ROCE below 9% -- earns little on capital employed | Loss-making in 1 of 4 years | Minimal or negative free cash flow yield,,,long,False,4.0,,,,,,,,
325,PNB.NS,55.9,moderate,55.9,0.0,1.0,True,Financial Services,financials,ROA 0.8-1.3% -- adequate | ROE 5-10% (5y avg) -- weak | Equity 7-10% of assets -- adequate | Modest net interest margin | Assets growing 11% a year | EPS CAGR above 18% (3y) | Trading at or below book value,P/B near the top of its own range,,"Asset quality is NOT assessed: gross/net NPA, provision coverage, capital adequacy and credit cost are unavailable from this data source. A lender can report excellent ROA until the credit cycle turns -- verify the loan book independently before acting on this score.",long,True,,0.9045595848526282,12.26406463810431,9.41239669212026,7.375691596097527,2.1001347567153297,10.828939797978808,73.94640854894952,0.85811514
326,BANKINDIA.NS,55.9,moderate,55.9,0.0,1.0,True,Financial Services,financials,ROA 0.8-1.3% -- adequate | ROE 5-10% (5y avg) -- weak | Equity 7-10% of assets -- adequate | Modest net interest margin | Assets growing 13% a year | EPS CAGR above 18% (3y) | Trading at or below book value,P/B near the top of its own range,,"Asset quality is NOT assessed: gross/net NPA, provision coverage, capital adequacy and credit cost are unavailable from this data source. A lender can report excellent ROA until the credit cycle turns -- verify the loan book independently before acting on this score.",long,True,,0.8737472186028947,11.456720597440874,9.734027047496696,7.626503685514216,2.1596156657934538,12.608895506063744,34.283175833997916,0.70089364
327,ANTHEM.NS,55.8,moderate,59.8,4.0,0.733,True,Healthcare,generic,ROCE above 25% (5y avg) -- excellent capital efficiency | Very stable ROCE (5y std <3pp) | Weak cash conversion | Effectively debt-free | Interest comfortably covered (>10x) | Leverage stable | No meaningful dilution,Net margin contracting materially | Loss-making in 1 of 5 years | More expensive than sector peers | Minimal or negative free cash flow yield,Promoters reduced stake 3.3pp over four quarters (-4),,long,False,5.0,,,,,,,,
328,FORTIS.NS,55.8,moderate,55.8,0.0,0.867,True,Healthcare,generic,ROCE 9-13% (5y avg) -- modest | Very stable ROCE (5y std <3pp) | Net margin expanding | Operating cash flow exceeds reported profit | Profitable in all 4 reported years | Low leverage (D/E below 0.5) | Interest well covered (5-10x) | No meaningful dilution | P/E in the expensive part of its own range,Leverage rising | More expensive than sector peers | Minimal or negative free cash flow yield | PEG above 3 -- paying a lot for the growth,,,long,False,4.0,,,,,,,,
329,EXIDEIND.NS,55.7,moderate,55.7,0.0,0.867,True,Automobile and Auto Components,generic,ROCE 9-13% (5y avg) -- modest | Very stable ROCE (5y std <3pp) | Net margin drifting down | Operating cash flow exceeds reported profit | Low leverage (D/E below 0.5) | Interest comfortably covered (>10x) | Leverage stable | No meaningful dilution | P/E in the expensive part of its own range | In line with sector peers | FCF yield 3.5-6% | PEG 1-1.8 -- growth reasonably priced,Loss-making in 1 of 5 years,,,long,False,5.0,,,,,,,,
330,TATACOMM.NS,55.7,moderate,55.7,0.0,0.8,True,Telecommunication,generic,ROCE 13-18% (5y avg) -- adequate | Stable ROCE (5y std <6pp) | Operating cash flow exceeds reported profit | Profitable in all 4 reported years | Interest adequately covered (2.5-5x) | Deleveraging over time | No meaningful dilution | P/E in the expensive part of its own range | In line with sector peers | FCF yield 3.5-6%,Net margin contracting materially | Very high leverage (D/E above 2),,,long,False,4.0,,,,,,,,
331,HOMEFIRST.NS,55.6,moderate,65.6,10.0,1.0,True,Financial Services,financials,ROA above 2% -- excellent for a lender | ROE 10-14% (5y avg) | Equity above 15% of assets -- well capitalised | EPS CAGR above 18% (3y) | P/B 1.8-3,"Thin net interest margin -- little spread on lending | Assets growing 31% a year -- very fast loan growth often precedes a rise in bad loans, so this is capped rather than rewarded | P/B near the top of its own range",Promoters sold down 5.5pp over four quarters (-10),"Rapid balance-sheet growth (31% CAGR) without visibility on underwriting standards | Asset quality is NOT assessed: gross/net NPA, provision coverage, capital adequacy and credit cost are unavailable from this data source. A lender can report excellent ROA until the credit cycle turns -- verify the loan book independently before acting on this score.",long,True,,3.5629950618921735,12.403951852605934,13.632518344410652,28.72467665330084,0.31984227382676256,31.048233617514743,26.976006011737972,2.8365755
332,LT.NS,55.6,moderate,55.6,0.0,0.867,True,Construction,generic,ROCE 9-13% (5y avg) -- modest | Very stable ROCE (5y std <3pp) | Net margin stable | Operating cash flow exceeds reported profit | Profitable in all 4 reported years | High leverage (D/E 1-2) | Interest comfortably covered (>10x) | Deleveraging over time | No meaningful dilution | FCF yield 1.5-3.5% | PEG 1.8-3,P/E near the top of its own 5y range -- little re-rating room | More expensive than sector peers,,,long,False,4.0,,,,,,,,
333,SOBHA.NS,55.6,moderate,55.6,0.0,0.867,True,Realty,generic,Very stable ROCE (5y std <3pp) | Net margin stable | Operating cash flow exceeds reported profit | Profitable in all 4 reported years | Low leverage (D/E below 0.5) | Interest adequately covered (2.5-5x) | Deleveraging over time | Notable dilution | P/E around its own 5y median | FCF yield 1.5-3.5% | PEG below 1 -- growth cheaply priced,ROCE below 9% -- earns little on capital employed | More expensive than sector peers,,,long,False,4.0,,,,,,,,
334,IRFC.NS,55.3,moderate,55.3,0.0,1.0,True,Financial Services,financials,ROA 1.3-2% -- strong | ROE 10-14% (5y avg) | Equity 10-15% of assets -- comfortable | EPS CAGR 3-10% (3y) | P/B 1.8-3 | P/B around its own history,Thin net interest margin -- little spread on lending | Assets growing only 2% a year,,"Asset quality is NOT assessed: gross/net NPA, provision coverage, capital adequacy and credit cost are unavailable from this data source. A lender can report excellent ROA until the credit cycle turns -- verify the loan book independently before acting on this score.",long,True,,1.3565877819714185,12.351230229523956,12.884458745399792,10.983422353578007,-2.027444717437109,1.7579277019948991,4.329613145421063,1.8657247
335,CHOLAHLDNG.NS,55.2,moderate,55.2,0.0,1.0,True,Financial Services,financials,ROA 0.8-1.3% -- adequate | ROE 14-18% (5y avg) | Equity 5-7% of assets -- thin buffer | Assets growing 27% a year -- strong but not reckless | EPS CAGR above 18% (3y) | P/B 1.8-3 | P/B expensive versus its own history,Thin net interest margin -- little spread on lending,,"Asset quality is NOT assessed: gross/net NPA, provision coverage, capital adequacy and credit cost are unavailable from this data source. A lender can report excellent ROA until the credit cycle turns -- verify the loan book independently before acting on this score.",long,True,,0.909799595069882,15.796986569950466,14.62779365905907,5.759323723174721,0.14024752553471675,26.988490385173325,23.67954223416433,1.8573444
336,JIOFIN.NS,55.1,moderate,55.1,0.0,0.8,True,Financial Services,generic,Very stable ROCE (5y std <3pp) | Operating cash flow exceeds reported profit | Profitable in all 4 reported years | Low leverage (D/E below 0.5) | Interest adequately covered (2.5-5x) | No meaningful dilution | P/E below its own 5y median | PEG below 1 -- growth cheaply priced,ROCE below 9% -- earns little on capital employed | Net margin contracting materially | Leverage rising | More expensive than sector peers,,,long,False,4.0,,,,,,,,
337,JUBLFOOD.NS,55.1,moderate,55.1,0.0,0.8,True,Consumer Services,generic,ROCE 13-18% (5y avg) -- adequate | Very stable ROCE (5y std <3pp) | Operating cash flow exceeds reported profit | Profitable in all 4 reported years | No meaningful dilution | P/E in the cheapest quartile of its own 5y range | FCF yield 1.5-3.5%,Net margin contracting materially | Very high leverage (D/E above 2) | Thin interest cover -- vulnerable to a rate or earnings shock | Leverage rising | More expensive than sector peers,,,long,False,4.0,,,,,,,,
338,ADANIPORTS.NS,55.0,moderate,55.0,0.0,0.867,True,Services,generic,ROCE 9-13% (5y avg) -- modest | Very stable ROCE (5y std <3pp) | Net margin expanding | Operating cash flow exceeds reported profit | Profitable in all 4 reported years | Moderate leverage (D/E 0.5-1.0) | Interest adequately covered (2.5-5x) | Deleveraging over time | Mild dilution | In line with sector peers,P/E near the top of its own 5y range -- little re-rating room | Minimal or negative free cash flow yield | PEG above 3 -- paying a lot for the growth,,,long,False,4.0,,,,,,,,
339,BEL.NS,54.6,moderate,66.6,12.0,0.867,True,Capital Goods,generic,ROCE above 25% (5y avg) -- excellent capital efficiency | Very stable ROCE (5y std <3pp) | Net margin expanding | Profitable in all 4 reported years | Effectively debt-free | Interest comfortably covered (>10x) | Leverage stable | No meaningful dilution | P/E in the expensive part of its own range | In line with sector peers,Profit is not converting to cash -- accruals warning | Minimal or negative free cash flow yield | PEG above 3 -- paying a lot for the growth,Operating cash flow only 48% of reported profit over the period -- earnings are not cash-backed (-12),,long,False,4.0,,,,,,,,
340,JPPOWER.NS,54.6,moderate,69.6,15.0,0.867,True,Power,generic,Very stable ROCE (5y std <3pp) | Net margin expanding | Operating cash flow exceeds reported profit | Profitable in all 4 reported years | Low leverage (D/E below 0.5) | Interest adequately covered (2.5-5x) | Deleveraging over time | No meaningful dilution | P/E around its own 5y median | Cheaper than sector peers | FCF yield above 6% | PEG below 1 -- growth cheaply priced,ROCE below 9% -- earns little on capital employed,Severe promoter pledging (73% of stake) (-15),,long,False,4.0,,,,,,,,
341,MAXHEALTH.NS,54.5,moderate,54.5,0.0,0.867,True,Healthcare,generic,ROCE 13-18% (5y avg) -- adequate | Very stable ROCE (5y std <3pp) | Operating cash flow exceeds reported profit | Profitable in all 4 reported years | Low leverage (D/E below 0.5) | Interest well covered (5-10x) | No meaningful dilution | P/E in the expensive part of its own range,Net margin contracting materially | Leverage rising | More expensive than sector peers | Minimal or negative free cash flow yield | PEG above 3 -- paying a lot for the growth,,,long,False,4.0,,,,,,,,
342,WELSPUNLIV.NS,54.5,moderate,54.5,0.0,0.867,True,Textiles,generic,ROCE 9-13% (5y avg) -- modest | Stable ROCE (5y std <6pp) | Net margin drifting down | Operating cash flow exceeds reported profit | Profitable in all 4 reported years | Low leverage (D/E below 0.5) | Interest adequately covered (2.5-5x) | Leverage stable | No meaningful dilution | FCF yield 3.5-6% | PEG below 1 -- growth cheaply priced,P/E near the top of its own 5y range -- little re-rating room | More expensive than sector peers,,,long,False,4.0,,,,,,,,
343,JSWSTEEL.NS,54.0,moderate,57.0,3.0,0.867,True,Metals & Mining,generic,ROCE 9-13% (5y avg) -- modest | Stable ROCE (5y std <6pp) | Net margin expanding | Operating cash flow exceeds reported profit | Profitable in all 4 reported years | High leverage (D/E 1-2) | Interest adequately covered (2.5-5x) | Deleveraging over time | Mild dilution | Cheaper than sector peers | FCF yield 1.5-3.5% | PEG below 1 -- growth cheaply priced,P/E near the top of its own 5y range -- little re-rating room,Some promoter pledging (12% of stake) (-3),,long,False,4.0,,,,,,,,
344,PVRINOX.NS,53.9,moderate,56.9,3.0,0.8,True,Media Entertainment & Publication,generic,Very stable ROCE (5y std <3pp) | Net margin expanding | Operating cash flow exceeds reported profit | Moderate leverage (D/E 0.5-1.0) | Deleveraging over time | No meaningful dilution | P/E below its own 5y median | In line with sector peers | FCF yield above 6%,ROCE below 9% -- earns little on capital employed | Loss-making in 3 of 4 years | Thin interest cover -- vulnerable to a rate or earnings shock,Some promoter pledging (11% of stake) (-3),,long,False,4.0,,,,,,,,
345,UNIONBANK.NS,53.5,moderate,53.5,0.0,1.0,True,Financial Services,financials,ROA 0.8-1.3% -- adequate | ROE 10-14% (5y avg) | Equity 7-10% of assets -- adequate | Modest net interest margin | EPS CAGR above 18% (3y) | P/B 1-1.8 -- reasonable for a lender,Assets growing only 7% a year | P/B near the top of its own range,,"Asset quality is NOT assessed: gross/net NPA, provision coverage, capital adequacy and credit cost are unavailable from this data source. A lender can report excellent ROA until the credit cycle turns -- verify the loan book independently before acting on this score.",long,True,,1.2239481913607093,14.54887567177414,13.830722041752455,8.412665136284422,2.3509608621274345,7.20772268652381,26.91301019638539,0.9744488
346,CARTRADE.NS,53.4,moderate,53.4,0.0,0.867,True,Consumer Services,generic,Stable ROCE (5y std <6pp) | Net margin expanding | Operating cash flow exceeds reported profit | Profitable in all 4 reported years | Effectively debt-free | Interest comfortably covered (>10x) | Leverage stable | Mild dilution | FCF yield 1.5-3.5%,ROCE below 9% -- earns little on capital employed | P/E near the top of its own 5y range -- little re-rating room | More expensive than sector peers | PEG above 3 -- paying a lot for the growth,,,long,False,4.0,,,,,,,,
347,SHYAMMETL.NS,53.2,moderate,63.2,10.0,0.8,True,Capital Goods,generic,ROCE 9-13% (5y avg) -- modest | Very stable ROCE (5y std <3pp) | Net margin drifting down | Operating cash flow exceeds reported profit | Profitable in all 4 reported years | Effectively debt-free | Interest comfortably covered (>10x) | Leverage stable | Mild dilution | Cheaper than sector peers | PEG 1-1.8 -- growth reasonably priced,P/E near the top of its own 5y range -- little re-rating room,No positive free cash flow in any reported year (-10),,long,False,4.0,,,,,,,,
348,CENTRALBK.NS,53.1,moderate,63.1,10.0,1.0,True,Financial Services,financials,ROA 0.8-1.3% -- adequate | ROE 5-10% (5y avg) -- weak | Equity 7-10% of assets -- adequate | Healthy net interest margin | Assets growing 11% a year | EPS CAGR above 18% (3y) | Trading at or below book value | P/B around its own history,,Promoters sold down 8.1pp over four quarters (-10),"Asset quality is NOT assessed: gross/net NPA, provision coverage, capital adequacy and credit cost are unavailable from this data source. A lender can report excellent ROA until the credit cycle turns -- verify the loan book independently before acting on this score.",long,True,,0.8208961331300314,11.599115850457489,9.063078143025978,7.077230227833735,2.584318623445061,10.622848815947506,37.34227335765961,0.68016374
349,NBCC.NS,53.1,moderate,65.1,12.0,0.867,True,Construction,generic,ROCE above 25% (5y avg) -- excellent capital efficiency | Stable ROCE (5y std <6pp) | Net margin expanding | Profitable in all 4 reported years | Effectively debt-free | Interest well covered (5-10x) | Leverage stable | No meaningful dilution | P/E around its own 5y median | FCF yield 1.5-3.5% | PEG 1.8-3,Profit is not converting to cash -- accruals warning | More expensive than sector peers,Operating cash flow only 10% of reported profit over the period -- earnings are not cash-backed (-12),,long,False,4.0,,,,,,,,
350,PIRAMALFIN.NS,52.9,moderate,52.9,0.0,0.75,True,Financial Services,financials,ROA 1.3-2% -- strong | Equity above 15% of assets -- well capitalised | P/B 1.8-3,"ROE below 5% -- poor returns on shareholder capital | Thin net interest margin -- little spread on lending | Assets growing 462% a year -- very fast loan growth often precedes a rise in bad loans, so this is capped rather than rewarded",,"Rapid balance-sheet growth (462% CAGR) without visibility on underwriting standards | Asset quality is NOT assessed: gross/net NPA, provision coverage, capital adequacy and credit cost are unavailable from this data source. A lender can report excellent ROA until the credit cycle turns -- verify the loan book independently before acting on this score.",long,True,,1.36079424336209,5.344162031158854,-1581.5902395341063,25.46319208564507,0.5023226883680681,462.0351766712132,,1.7739482
351,APARINDS.NS,52.9,moderate,56.9,4.0,0.867,True,Capital Goods,generic,ROCE above 25% (5y avg) -- excellent capital efficiency | Stable ROCE (5y std <6pp) | Net margin drifting down | Weak cash conversion | Profitable in all 4 reported years | Low leverage (D/E below 0.5) | Interest adequately covered (2.5-5x) | Leverage stable | Mild dilution | In line with sector peers | PEG below 1 -- growth cheaply priced,P/E near the top of its own 5y range -- little re-rating room | Minimal or negative free cash flow yield,Promoters reduced stake 2.4pp over four quarters (-4),,long,False,4.0,,,,,,,,
352,MPHASIS.NS,52.3,moderate,77.3,25.0,0.867,True,Information Technology,generic,ROCE 18-25% (5y avg) -- strong | Very stable ROCE (5y std <3pp) | Net margin stable | Profit converts well to cash | Profitable in all 4 reported years | Low leverage (D/E below 0.5) | Interest comfortably covered (>10x) | Leverage stable | No meaningful dilution | P/E below its own 5y median | Cheaper than sector peers | FCF yield 1.5-3.5% | PEG 1.8-3,,Severe promoter pledging (100% of stake) (-15) | Promoters sold down 9.6pp over four quarters (-10),,long,False,4.0,,,,,,,,
353,MINDACORP.NS,52.2,moderate,52.2,0.0,0.867,True,Automobile and Auto Components,generic,ROCE 9-13% (5y avg) -- modest | Very stable ROCE (5y std <3pp) | Net margin drifting down | Operating cash flow exceeds reported profit | Profitable in all 4 reported years | Moderate leverage (D/E 0.5-1.0) | Interest adequately covered (2.5-5x) | No meaningful dilution | In line with sector peers | FCF yield 1.5-3.5% | PEG below 1 -- growth cheaply priced,Leverage rising | P/E near the top of its own 5y range -- little re-rating room,,,long,False,4.0,,,,,,,,
354,NESTLEIND.NS,52.1,moderate,52.1,0.0,0.867,True,Fast Moving Consumer Goods,generic,ROCE above 25% (5y avg) -- excellent capital efficiency | Net margin expanding | Profit converts well to cash | Low leverage (D/E below 0.5) | Interest comfortably covered (>10x) | No meaningful dilution | PEG 1-1.8 -- growth reasonably priced,Erratic ROCE -- returns on capital are not repeatable | Loss-making in 1 of 4 years | Leverage rising | P/E near the top of its own 5y range -- little re-rating room | More expensive than sector peers | Minimal or negative free cash flow yield,,,long,False,4.0,,,,,,,,
355,PARADEEP.NS,51.7,moderate,59.7,8.0,0.8,True,Chemicals,generic,ROCE 9-13% (5y avg) -- modest | Very stable ROCE (5y std <3pp) | Net margin expanding | Operating cash flow exceeds reported profit | Profitable in all 4 reported years | High leverage (D/E 1-2) | Interest adequately covered (2.5-5x) | Deleveraging over time | Materially cheaper than sector peers | PEG below 1 -- growth cheaply priced,Heavy dilution -- per-share value diluted | P/E near the top of its own 5y range -- little re-rating room,Elevated promoter pledging (15% of stake) (-8),,long,False,4.0,,,,,,,,
356,HINDPETRO.NS,51.6,moderate,51.6,0.0,0.8,True,Oil Gas & Consumable Fuels,generic,ROCE 9-13% (5y avg) -- modest | Variable ROCE (5y std <12pp) | Net margin expanding | Operating cash flow exceeds reported profit | Moderate leverage (D/E 0.5-1.0) | Interest well covered (5-10x) | Deleveraging over time | No meaningful dilution | P/E in the expensive part of its own range | FCF yield above 6%,Loss-making in 1 of 4 years | More expensive than sector peers,,,long,False,4.0,,,,,,,,
357,JINDALSTEL.NS,51.6,moderate,54.6,3.0,0.733,True,Metals & Mining,generic,ROCE 9-13% (5y avg) -- modest | Very stable ROCE (5y std <3pp) | Net margin drifting down | Operating cash flow exceeds reported profit | Profitable in all 4 reported years | Low leverage (D/E below 0.5) | Interest adequately covered (2.5-5x) | Leverage stable | No meaningful dilution,P/E near the top of its own 5y range -- little re-rating room | More expensive than sector peers,Some promoter pledging (10% of stake) (-3),,long,False,4.0,,,,,,,,
358,FINCABLES.NS,51.4,moderate,63.4,12.0,0.8,True,Capital Goods,generic,ROCE 13-18% (5y avg) -- adequate | Very stable ROCE (5y std <3pp) | Net margin stable | Profitable in all 4 reported years | Effectively debt-free | Interest comfortably covered (>10x) | Leverage stable | No meaningful dilution | Cheaper than sector peers | PEG below 1 -- growth cheaply priced,Profit is not converting to cash -- accruals warning | P/E near the top of its own 5y range -- little re-rating room,Operating cash flow only 49% of reported profit over the period -- earnings are not cash-backed (-12),,long,False,4.0,,,,,,,,
359,CGPOWER.NS,51.4,moderate,51.4,0.0,0.8,True,Capital Goods,generic,ROCE above 25% (5y avg) -- excellent capital efficiency | Weak cash conversion | Profitable in all 4 reported years | Effectively debt-free | Interest comfortably covered (>10x) | Leverage stable | Mild dilution,Erratic ROCE -- returns on capital are not repeatable | Net margin contracting materially | P/E near the top of its own 5y range -- little re-rating room | More expensive than sector peers | PEG above 3 -- paying a lot for the growth,,,long,False,4.0,,,,,,,,
360,CHALET.NS,51.3,moderate,66.3,15.0,0.8,True,Consumer Services,generic,ROCE 9-13% (5y avg) -- modest | Very stable ROCE (5y std <3pp) | Net margin expanding | Operating cash flow exceeds reported profit | Profitable in all 4 reported years | Moderate leverage (D/E 0.5-1.0) | Interest well covered (5-10x) | Deleveraging over time | Mild dilution | P/E in the expensive part of its own range | Cheaper than sector peers | FCF yield 3.5-6%,,Severe promoter pledging (32% of stake) (-15),,long,False,4.0,,,,,,,,
361,JAINREC.NS,51.0,moderate,63.0,12.0,0.733,True,Metals & Mining,generic,ROCE 18-25% (5y avg) -- strong | Very stable ROCE (5y std <3pp) | Net margin stable | Profitable in all 4 reported years | Moderate leverage (D/E 0.5-1.0) | Interest well covered (5-10x) | Deleveraging over time | No meaningful dilution | PEG 1.8-3,Profit is not converting to cash -- accruals warning | More expensive than sector peers,Operating cash flow only -33% of reported profit over the period -- earnings are not cash-backed (-12),,long,False,4.0,,,,,,,,
362,PINELABS.NS,50.9,moderate,50.9,0.0,0.8,True,Financial Services,generic,Stable ROCE (5y std <6pp) | Net margin expanding | Operating cash flow exceeds reported profit | Effectively debt-free | Interest adequately covered (2.5-5x) | Leverage stable | No meaningful dilution | PEG below 1 -- growth cheaply priced,ROCE below 9% -- earns little on capital employed | Loss-making in 3 of 4 years | More expensive than sector peers | Minimal or negative free cash flow yield,,,long,False,4.0,,,,,,,,
363,BANDHANBNK.NS,50.9,moderate,50.9,0.0,1.0,True,Financial Services,financials,ROA 0.3-0.8% -- thin | ROE 5-10% (5y avg) -- weak | Equity 10-15% of assets -- comfortable | Wide net interest margin | Assets growing 11% a year | P/B 1-1.8 -- reasonable for a lender | P/B around its own history,EPS declining,,"Asset quality is NOT assessed: gross/net NPA, provision coverage, capital adequacy and credit cost are unavailable from this data source. A lender can report excellent ROA until the credit cycle turns -- verify the loan book independently before acting on this score.",long,True,,0.5795476994860642,4.784233167329015,9.366334823576992,12.11370096766457,5.129546062649666,10.60371923729928,-17.70851690694778,1.1104401
364,FEDERALBNK.NS,50.7,moderate,50.7,0.0,1.0,True,Financial Services,financials,ROA 0.8-1.3% -- adequate | ROE 10-14% (5y avg) | Equity 7-10% of assets -- adequate | Healthy net interest margin | Assets growing 14% a year | EPS CAGR 3-10% (3y) | P/B 1.8-3,P/B near the top of its own range,,"Asset quality is NOT assessed: gross/net NPA, provision coverage, capital adequacy and credit cost are unavailable from this data source. A lender can report excellent ROA until the credit cycle turns -- verify the loan book independently before acting on this score.",long,True,,1.0807037578342096,10.851589450342699,12.521955638799469,9.958944381185379,2.9602372312836924,14.478515403276448,5.585672781258277,2.1207178
365,TITAGARH.NS,50.4,moderate,50.4,0.0,0.8,True,Capital Goods,generic,ROCE 13-18% (5y avg) -- adequate | Stable ROCE (5y std <6pp) | Net margin drifting down | Profitable in all 4 reported years | Low leverage (D/E below 0.5) | Interest adequately covered (2.5-5x) | Leverage stable | Notable dilution | P/E around its own 5y median | In line with sector peers | PEG below 1 -- growth cheaply priced,Profit is not converting to cash -- accruals warning,,,long,False,4.0,,,,,,,,
366,ASAHIINDIA.NS,50.3,moderate,54.3,4.0,0.8,True,Automobile and Auto Components,generic,ROCE 13-18% (5y avg) -- adequate | Stable ROCE (5y std <6pp) | Net margin drifting down | Operating cash flow exceeds reported profit | Profitable in all 4 reported years | Moderate leverage (D/E 0.5-1.0) | Interest adequately covered (2.5-5x) | Leverage stable | Mild dilution | PEG below 1 -- growth cheaply priced,P/E near the top of its own 5y range -- little re-rating room | More expensive than sector peers,Promoters reduced stake 2.5pp over four quarters (-4),,long,False,4.0,,,,,,,,
367,BAJAJHLDNG.NS,50.0,moderate,62.0,12.0,0.6,True,Financial Services,generic,Net margin expanding | Profitable in all 4 reported years | Effectively debt-free | Leverage stable | No meaningful dilution | P/E in the expensive part of its own range | Cheaper than sector peers | FCF yield 3.5-6%,Profit is not converting to cash -- accruals warning,Operating cash flow only 20% of reported profit over the period -- earnings are not cash-backed (-12),,long,False,4.0,,,,,,,,
368,IKS.NS,50.0,moderate,50.0,0.0,0.867,True,Information Technology,generic,ROCE above 25% (5y avg) -- excellent capital efficiency | Variable ROCE (5y std <12pp) | Weak cash conversion | Low leverage (D/E below 0.5) | Interest comfortably covered (>10x) | Leverage stable | No meaningful dilution | P/E in the expensive part of its own range | FCF yield 1.5-3.5% | PEG 1-1.8 -- growth reasonably priced,Net margin contracting materially | Loss-making in 1 of 5 years | More expensive than sector peers,,,long,False,5.0,,,,,,,,
369,FLUOROCHEM.NS,49.9,weak,52.9,3.0,0.8,True,Chemicals,generic,ROCE 13-18% (5y avg) -- adequate | Variable ROCE (5y std <12pp) | Operating cash flow exceeds reported profit | Profitable in all 4 reported years | Low leverage (D/E below 0.5) | Interest well covered (5-10x) | Leverage stable | No meaningful dilution,Net margin contracting materially | P/E near the top of its own 5y range -- little re-rating room | More expensive than sector peers | PEG above 3 -- paying a lot for the growth,Some promoter pledging (6% of stake) (-3),,long,False,4.0,,,,,,,,
370,UPL.NS,49.3,weak,49.3,0.0,0.8,True,Chemicals,generic,Stable ROCE (5y std <6pp) | Net margin drifting down | Operating cash flow exceeds reported profit | Moderate leverage (D/E 0.5-1.0) | Deleveraging over time | Mild dilution | P/E in the cheapest quartile of its own 5y range | In line with sector peers | FCF yield above 6%,ROCE below 9% -- earns little on capital employed | Loss-making in 1 of 4 years | Thin interest cover -- vulnerable to a rate or earnings shock,,,long,False,4.0,,,,,,,,
371,DALBHARAT.NS,49.1,weak,49.1,0.0,0.8,True,Construction Materials,generic,Very stable ROCE (5y std <3pp) | Net margin drifting down | Operating cash flow exceeds reported profit | Low leverage (D/E below 0.5) | Interest adequately covered (2.5-5x) | No meaningful dilution | P/E in the cheapest quartile of its own 5y range | In line with sector peers,ROCE below 9% -- earns little on capital employed | Loss-making in 1 of 5 years | Leverage rising | Minimal or negative free cash flow yield,,,long,False,5.0,,,,,,,,
372,DEEPAKFERT.NS,49.1,weak,52.1,3.0,0.8,True,Chemicals,generic,ROCE 13-18% (5y avg) -- adequate | Stable ROCE (5y std <6pp) | Profit converts well to cash | Moderate leverage (D/E 0.5-1.0) | Interest adequately covered (2.5-5x) | Leverage stable | No meaningful dilution | P/E in the expensive part of its own range | Materially cheaper than sector peers | PEG below 1 -- growth cheaply priced,Net margin contracting materially | Loss-making in 1 of 5 years,Some promoter pledging (5% of stake) (-3),,long,False,5.0,,,,,,,,
373,NLCINDIA.NS,49.1,weak,53.1,4.0,0.733,True,Power,generic,ROCE 9-13% (5y avg) -- modest | Very stable ROCE (5y std <3pp) | Net margin expanding | Operating cash flow exceeds reported profit | High leverage (D/E 1-2) | Interest adequately covered (2.5-5x) | Deleveraging over time | No meaningful dilution | Cheaper than sector peers,Loss-making in 1 of 5 years | P/E near the top of its own 5y range -- little re-rating room,Promoters reduced stake 2.7pp over four quarters (-4),,long,False,5.0,,,,,,,,
374,IDFCFIRSTB.NS,48.9,weak,48.9,0.0,1.0,True,Financial Services,financials,ROA 0.3-0.8% -- thin | ROE 5-10% (5y avg) -- weak | Equity 10-15% of assets -- comfortable | Wide net interest margin | Assets growing 19% a year -- strong but not reckless | P/B 1-1.8 -- reasonable for a lender,EPS declining | P/B near the top of its own range,,"Asset quality is NOT assessed: gross/net NPA, provision coverage, capital adequacy and credit cost are unavailable from this data source. A lender can report excellent ROA until the credit cycle turns -- verify the loan book independently before acting on this score.",long,True,,0.40286697525385806,3.3975328143455137,6.508546148475809,11.857633090483178,5.306932425728656,18.560265292938706,-21.724846597382598,1.5643258
375,BEML.NS,48.8,weak,48.8,0.0,0.733,True,Capital Goods,generic,ROCE 9-13% (5y avg) -- modest | Stable ROCE (5y std <6pp) | Net margin drifting down | Operating cash flow exceeds reported profit | Profitable in all 4 reported years | Low leverage (D/E below 0.5) | Interest well covered (5-10x) | Leverage stable,Heavy dilution -- per-share value diluted | P/E near the top of its own 5y range -- little re-rating room | More expensive than sector peers,,,long,False,4.0,,,,,,,,
376,YESBANK.NS,48.8,weak,48.8,0.0,1.0,True,Financial Services,financials,ROA 0.3-0.8% -- thin | Equity 10-15% of assets -- comfortable | Modest net interest margin | Assets growing 10% a year | EPS CAGR above 18% (3y) | P/B 1-1.8 -- reasonable for a lender,ROE below 5% -- poor returns on shareholder capital | P/B near the top of its own range,,"Asset quality is NOT assessed: gross/net NPA, provision coverage, capital adequacy and credit cost are unavailable from this data source. A lender can report excellent ROA until the credit cycle turns -- verify the loan book independently before acting on this score.",long,True,,0.7468490282433422,6.864392899710426,4.208737388009558,10.880044880223101,2.0753070467244608,9.800114685486871,58.74010519681994,1.4115666
377,ACC.NS,48.7,weak,60.7,12.0,0.733,True,Construction Materials,generic,ROCE 9-13% (5y avg) -- modest | Stable ROCE (5y std <6pp) | Net margin expanding | Effectively debt-free | Interest comfortably covered (>10x) | Leverage stable | No meaningful dilution | P/E in the cheapest quartile of its own 5y range | Materially cheaper than sector peers,Profit is not converting to cash -- accruals warning | Loss-making in 1 of 5 years,Operating cash flow only -30% of reported profit over the period -- earnings are not cash-backed (-12),,long,False,5.0,,,,,,,,
378,REDINGTON.NS,48.7,weak,60.7,12.0,0.867,True,Services,generic,ROCE 18-25% (5y avg) -- strong | Very stable ROCE (5y std <3pp) | Net margin drifting down | Profitable in all 4 reported years | Low leverage (D/E below 0.5) | Interest well covered (5-10x) | Deleveraging over time | No meaningful dilution | Cheaper than sector peers | PEG below 1 -- growth cheaply priced,Profit is not converting to cash -- accruals warning | P/E near the top of its own 5y range -- little re-rating room | Minimal or negative free cash flow yield,Operating cash flow only -27% of reported profit over the period -- earnings are not cash-backed (-12),,long,False,4.0,,,,,,,,
379,COROMANDEL.NS,48.6,weak,48.6,0.0,0.8,True,Chemicals,generic,ROCE 18-25% (5y avg) -- strong | Variable ROCE (5y std <12pp) | Net margin drifting down | Weak cash conversion | Profitable in all 4 reported years | Moderate leverage (D/E 0.5-1.0) | Interest well covered (5-10x) | No meaningful dilution | P/E in the expensive part of its own range | In line with sector peers,Leverage rising | Minimal or negative free cash flow yield,,,long,False,4.0,,,,,,,,
380,TATASTEEL.NS,48.6,weak,48.6,0.0,0.867,True,Metals & Mining,generic,ROCE 9-13% (5y avg) -- modest | Stable ROCE (5y std <6pp) | Net margin expanding | Operating cash flow exceeds reported profit | Moderate leverage (D/E 0.5-1.0) | Interest adequately covered (2.5-5x) | Leverage stable | Mild dilution | In line with sector peers | FCF yield above 6% | PEG 1.8-3,Loss-making in 1 of 4 years | P/E near the top of its own 5y range -- little re-rating room,,,long,False,4.0,,,,,,,,
381,AMBER.NS,48.6,weak,48.6,0.0,0.733,True,Consumer Durables,generic,ROCE 9-13% (5y avg) -- modest | Very stable ROCE (5y std <3pp) | Net margin drifting down | Operating cash flow exceeds reported profit | Profitable in all 4 reported years | Moderate leverage (D/E 0.5-1.0) | Leverage stable | Mild dilution | P/E in the expensive part of its own range,Thin interest cover -- vulnerable to a rate or earnings shock | More expensive than sector peers,,,long,False,4.0,,,,,,,,
382,ADANIENT.NS,48.5,weak,52.5,4.0,0.733,True,Metals & Mining,generic,ROCE 9-13% (5y avg) -- modest | Very stable ROCE (5y std <3pp) | Net margin expanding | Operating cash flow exceeds reported profit | Profitable in all 4 reported years | High leverage (D/E 1-2) | Interest adequately covered (2.5-5x) | Deleveraging over time | Notable dilution,P/E near the top of its own 5y range -- little re-rating room | More expensive than sector peers,Promoters reduced stake 2.0pp over four quarters (-4),,long,False,4.0,,,,,,,,
383,TEGA.NS,48.3,weak,58.3,10.0,0.8,True,Capital Goods,generic,ROCE 13-18% (5y avg) -- adequate | Stable ROCE (5y std <6pp) | Operating cash flow exceeds reported profit | Profitable in all 4 reported years | Low leverage (D/E below 0.5) | Interest comfortably covered (>10x) | Deleveraging over time | Notable dilution | P/E in the expensive part of its own range | FCF yield 1.5-3.5%,Net margin contracting materially | More expensive than sector peers,Promoters sold down 7.3pp over four quarters (-10),,long,False,4.0,,,,,,,,
384,CROMPTON.NS,48.2,weak,56.2,8.0,0.667,True,Consumer Durables,generic,ROCE 13-18% (5y avg) -- adequate | Variable ROCE (5y std <12pp) | Operating cash flow exceeds reported profit | Effectively debt-free | Deleveraging over time | No meaningful dilution | FCF yield 3.5-6%,Net margin contracting materially | Loss-making in 1 of 4 years | Thin interest cover -- vulnerable to a rate or earnings shock,Currently loss-making (-8),,long,False,4.0,,,,,,,,
385,POLYMED.NS,47.9,weak,57.9,10.0,0.733,True,Healthcare,generic,ROCE 13-18% (5y avg) -- adequate | Stable ROCE (5y std <6pp) | Net margin expanding | Profit converts well to cash | Low leverage (D/E below 0.5) | Interest comfortably covered (>10x) | Leverage stable | Mild dilution | P/E in the expensive part of its own range | In line with sector peers,Loss-making in 1 of 5 years,No positive free cash flow in any reported year (-10),,long,False,5.0,,,,,,,,
386,CESC.NS,47.6,weak,47.6,0.0,0.867,True,Power,generic,ROCE 9-13% (5y avg) -- modest | Very stable ROCE (5y std <3pp) | Net margin drifting down | Operating cash flow exceeds reported profit | Profitable in all 4 reported years | High leverage (D/E 1-2) | No meaningful dilution | P/E around its own 5y median | Cheaper than sector peers,Thin interest cover -- vulnerable to a rate or earnings shock | Leverage rising | Minimal or negative free cash flow yield | PEG above 3 -- paying a lot for the growth,,,long,False,4.0,,,,,,,,
387,ICICIPRULI.NS,47.4,weak,57.4,10.0,0.733,True,Financial Services,insurer,ROCE 9-13% (5y avg) -- modest | Very stable ROCE (5y std <3pp) | Net margin stable | Low leverage (D/E below 0.5) | Interest well covered (5-10x) | Leverage stable | No meaningful dilution | P/E in the cheapest quartile of its own 5y range | PEG 1-1.8 -- growth reasonably priced,Loss-making in 1 of 5 years | More expensive than sector peers,No positive free cash flow in any reported year (-10),"Insurer: scored on the generic model because neither the lending nor the industrial framework describes insurance economics. Embedded value, VNB margin, solvency ratio and persistency -- the measures that actually value an insurer -- are unavailable from this data source. Treat this score as a rough quality and valuation read only.",long,False,5.0,,,,,,,,
388,AEGISVOPAK.NS,47.1,weak,47.1,0.0,0.8,True,Oil Gas & Consumable Fuels,generic,Very stable ROCE (5y std <3pp) | Net margin expanding | Operating cash flow exceeds reported profit | Moderate leverage (D/E 0.5-1.0) | Interest adequately covered (2.5-5x) | Deleveraging over time | No meaningful dilution,ROCE below 9% -- earns little on capital employed | Loss-making in 1 of 4 years | More expensive than sector peers | Minimal or negative free cash flow yield | PEG above 3 -- paying a lot for the growth,,,long,False,4.0,,,,,,,,
389,BALRAMCHIN.NS,46.8,weak,56.8,10.0,0.733,True,Fast Moving Consumer Goods,generic,ROCE 9-13% (5y avg) -- modest | Very stable ROCE (5y std <3pp) | Net margin drifting down | Operating cash flow exceeds reported profit | Profitable in all 4 reported years | Moderate leverage (D/E 0.5-1.0) | Interest well covered (5-10x) | Leverage stable | No meaningful dilution | In line with sector peers,P/E near the top of its own 5y range -- little re-rating room,No positive free cash flow in any reported year (-10),,long,False,4.0,,,,,,,,
390,DATAPATTNS.NS,46.8,weak,58.8,12.0,0.8,True,Capital Goods,generic,ROCE 18-25% (5y avg) -- strong | Very stable ROCE (5y std <3pp) | Net margin stable | Profitable in all 4 reported years | Effectively debt-free | Interest comfortably covered (>10x) | Leverage stable | No meaningful dilution,Profit is not converting to cash -- accruals warning | P/E near the top of its own 5y range -- little re-rating room | More expensive than sector peers | Minimal or negative free cash flow yield,Operating cash flow only 13% of reported profit over the period -- earnings are not cash-backed (-12),,long,False,4.0,,,,,,,,
391,ENGINERSIN.NS,46.6,weak,58.6,12.0,0.867,True,Construction,generic,ROCE 18-25% (5y avg) -- strong | Stable ROCE (5y std <6pp) | Net margin expanding | Effectively debt-free | Interest comfortably covered (>10x) | Leverage stable | No meaningful dilution | Cheaper than sector peers | FCF yield 1.5-3.5% | PEG below 1 -- growth cheaply priced,Profit is not converting to cash -- accruals warning | Loss-making in 1 of 5 years | P/E near the top of its own 5y range -- little re-rating room,Operating cash flow only 21% of reported profit over the period -- earnings are not cash-backed (-12),,long,False,5.0,,,,,,,,
392,JBMA.NS,46.4,weak,46.4,0.0,0.8,True,Automobile and Auto Components,generic,ROCE 9-13% (5y avg) -- modest | Very stable ROCE (5y std <3pp) | Net margin stable | Operating cash flow exceeds reported profit | Profitable in all 4 reported years | No meaningful dilution | P/E around its own 5y median,Very high leverage (D/E above 2) | Thin interest cover -- vulnerable to a rate or earnings shock | Leverage rising | More expensive than sector peers | PEG above 3 -- paying a lot for the growth,,,long,False,4.0,,,,,,,,
393,NSLNISP.NS,46.3,weak,46.3,0.0,0.867,True,Metals & Mining,generic,Variable ROCE (5y std <12pp) | Net margin expanding | Operating cash flow exceeds reported profit | Low leverage (D/E below 0.5) | Leverage stable | No meaningful dilution | P/E around its own 5y median | FCF yield above 6% | PEG 1-1.8 -- growth reasonably priced,ROCE below 9% -- earns little on capital employed | Loss-making in 4 of 5 years | Thin interest cover -- vulnerable to a rate or earnings shock | More expensive than sector peers,,,long,False,5.0,,,,,,,,
394,BAJAJ-AUTO.NS,46.2,weak,58.2,12.0,0.867,True,Automobile and Auto Components,generic,ROCE above 25% (5y avg) -- excellent capital efficiency | Stable ROCE (5y std <6pp) | Net margin stable | Profitable in all 4 reported years | Moderate leverage (D/E 0.5-1.0) | Interest comfortably covered (>10x) | No meaningful dilution | Cheaper than sector peers | PEG below 1 -- growth cheaply priced,Profit is not converting to cash -- accruals warning | Leverage rising | P/E near the top of its own 5y range -- little re-rating room | Minimal or negative free cash flow yield,Operating cash flow only 44% of reported profit over the period -- earnings are not cash-backed (-12),,long,False,4.0,,,,,,,,
395,JSWCEMENT.NS,45.5,weak,45.5,0.0,0.667,True,Construction Materials,generic,Stable ROCE (5y std <6pp) | Operating cash flow exceeds reported profit | Moderate leverage (D/E 0.5-1.0) | Deleveraging over time | No meaningful dilution | Materially cheaper than sector peers,ROCE below 9% -- earns little on capital employed | Net margin contracting materially | Loss-making in 2 of 4 years | Thin interest cover -- vulnerable to a rate or earnings shock,,,long,False,4.0,,,,,,,,
396,ABLBL.NS,45.3,insufficient data,45.3,0.0,0.533,False,Consumer Services,generic,ROCE 9-13% (5y avg) -- modest | Operating cash flow exceeds reported profit | No meaningful dilution | In line with sector peers | FCF yield above 6% | PEG 1.8-3,Very high leverage (D/E above 2) | Thin interest cover -- vulnerable to a rate or earnings shock,,Only 2 years of financial history -- a 2-5 year judgement is being made on a short record | Low data coverage (53% of criteria applied) -- this score is not directly comparable to a fully-measured one,long,False,2.0,,,,,,,,
397,ADANIGREEN.NS,45.0,weak,45.0,0.0,0.8,True,Power,generic,Very stable ROCE (5y std <3pp) | Net margin stable | Operating cash flow exceeds reported profit | Profitable in all 4 reported years | Deleveraging over time | Mild dilution | P/E around its own 5y median,ROCE below 9% -- earns little on capital employed | Very high leverage (D/E above 2) | Thin interest cover -- vulnerable to a rate or earnings shock | More expensive than sector peers | PEG above 3 -- paying a lot for the growth,,,long,False,4.0,,,,,,,,
398,JUBLPHARMA.NS,44.9,weak,47.9,3.0,0.733,True,Healthcare,generic,Stable ROCE (5y std <6pp) | Net margin expanding | Operating cash flow exceeds reported profit | Moderate leverage (D/E 0.5-1.0) | Interest adequately covered (2.5-5x) | Deleveraging over time | No meaningful dilution | P/E in the expensive part of its own range | In line with sector peers,ROCE below 9% -- earns little on capital employed | Loss-making in 1 of 4 years,Some promoter pledging (7% of stake) (-3),,long,False,4.0,,,,,,,,
399,AFCONS.NS,44.7,weak,59.7,15.0,0.733,True,Construction,generic,ROCE 13-18% (5y avg) -- adequate | Stable ROCE (5y std <6pp) | Net margin drifting down | Profit converts well to cash | Profitable in all 4 reported years | Moderate leverage (D/E 0.5-1.0) | Leverage stable | No meaningful dilution | P/E in the cheapest quartile of its own 5y range,Thin interest cover -- vulnerable to a rate or earnings shock | More expensive than sector peers,Severe promoter pledging (100% of stake) (-15),,long,False,4.0,,,,,,,,
400,CANHLIFE.NS,44.3,insufficient data,44.3,0.0,0.467,False,Financial Services,insurer,Low leverage (D/E below 0.5) | Interest comfortably covered (>10x) | No meaningful dilution | FCF yield above 6%,ROCE below 9% -- earns little on capital employed | More expensive than sector peers | PEG above 3 -- paying a lot for the growth,,"Only 2 years of financial history -- a 2-5 year judgement is being made on a short record | Insurer: scored on the generic model because neither the lending nor the industrial framework describes insurance economics. Embedded value, VNB margin, solvency ratio and persistency -- the measures that actually value an insurer -- are unavailable from this data source. Treat this score as a rough quality and valuation read only. | Low data coverage (47% of criteria applied) -- this score is not directly comparable to a fully-measured one",long,False,2.0,,,,,,,,
401,OBEROIRLTY.NS,44.2,weak,56.2,12.0,0.867,True,Realty,generic,ROCE 13-18% (5y avg) -- adequate | Very stable ROCE (5y std <3pp) | Profitable in all 4 reported years | Low leverage (D/E below 0.5) | Interest comfortably covered (>10x) | Leverage stable | No meaningful dilution | P/E in the expensive part of its own range | Cheaper than sector peers | PEG below 1 -- growth cheaply priced,Net margin contracting materially | Profit is not converting to cash -- accruals warning | Minimal or negative free cash flow yield,Operating cash flow only 43% of reported profit over the period -- earnings are not cash-backed (-12),,long,False,4.0,,,,,,,,
402,NH.NS,43.9,weak,43.9,0.0,0.867,True,Healthcare,generic,ROCE 18-25% (5y avg) -- strong | Stable ROCE (5y std <6pp) | Operating cash flow exceeds reported profit | High leverage (D/E 1-2) | Interest adequately covered (2.5-5x) | No meaningful dilution | In line with sector peers | FCF yield 1.5-3.5%,Net margin contracting materially | Loss-making in 1 of 5 years | Leverage rising | P/E near the top of its own 5y range -- little re-rating room | PEG above 3 -- paying a lot for the growth,,,long,False,5.0,,,,,,,,
403,AIIL.NS,43.9,weak,55.9,12.0,0.867,True,Financial Services,generic,ROCE above 25% (5y avg) -- excellent capital efficiency | Profitable in all 4 reported years | Low leverage (D/E below 0.5) | Interest comfortably covered (>10x) | Deleveraging over time | No meaningful dilution | P/E in the expensive part of its own range | In line with sector peers | FCF yield 1.5-3.5% | PEG 1-1.8 -- growth reasonably priced,Erratic ROCE -- returns on capital are not repeatable | Net margin contracting materially | Profit is not converting to cash -- accruals warning,Operating cash flow only 41% of reported profit over the period -- earnings are not cash-backed (-12),,long,False,4.0,,,,,,,,
404,THELEELA.NS,43.8,weak,58.8,15.0,0.733,True,Consumer Services,generic,ROCE 13-18% (5y avg) -- adequate | Variable ROCE (5y std <12pp) | Net margin expanding | Operating cash flow exceeds reported profit | Low leverage (D/E below 0.5) | Interest adequately covered (2.5-5x) | No meaningful dilution | In line with sector peers | PEG below 1 -- growth cheaply priced,Loss-making in 2 of 4 years | Minimal or negative free cash flow yield,Severe promoter pledging (74% of stake) (-15),,long,False,4.0,,,,,,,,
405,HONASA.NS,43.6,weak,43.6,0.0,0.867,True,Fast Moving Consumer Goods,generic,Net margin expanding | Operating cash flow exceeds reported profit | Effectively debt-free | Interest comfortably covered (>10x) | Leverage stable | No meaningful dilution | PEG below 1 -- growth cheaply priced,ROCE below 9% -- earns little on capital employed | Erratic ROCE -- returns on capital are not repeatable | Loss-making in 2 of 5 years | P/E near the top of its own 5y range -- little re-rating room | More expensive than sector peers | Minimal or negative free cash flow yield,,,long,False,5.0,,,,,,,,
406,PCBL.NS,43.6,weak,43.6,0.0,0.867,True,Chemicals,generic,ROCE 9-13% (5y avg) -- modest | Stable ROCE (5y std <6pp) | Operating cash flow exceeds reported profit | Profitable in all 4 reported years | High leverage (D/E 1-2) | Mild dilution | P/E in the expensive part of its own range | FCF yield above 6% | PEG below 1 -- growth cheaply priced,Net margin contracting materially | Thin interest cover -- vulnerable to a rate or earnings shock | Leverage rising | More expensive than sector peers,,,long,False,4.0,,,,,,,,
407,AARTIIND.NS,42.4,weak,52.4,10.0,0.8,True,Chemicals,generic,Very stable ROCE (5y std <3pp) | Operating cash flow exceeds reported profit | Profitable in all 4 reported years | Moderate leverage (D/E 0.5-1.0) | No meaningful dilution | P/E below its own 5y median | In line with sector peers | PEG below 1 -- growth cheaply priced,ROCE below 9% -- earns little on capital employed | Net margin contracting materially | Thin interest cover -- vulnerable to a rate or earnings shock | Leverage rising,No positive free cash flow in any reported year (-10),,long,False,4.0,,,,,,,,
408,TARIL.NS,42.2,weak,62.2,20.0,0.733,True,Capital Goods,generic,ROCE 13-18% (5y avg) -- adequate | Stable ROCE (5y std <6pp) | Net margin expanding | Profitable in all 4 reported years | Low leverage (D/E below 0.5) | Interest comfortably covered (>10x) | Deleveraging over time | Notable dilution | P/E around its own 5y median | Cheaper than sector peers,Profit is not converting to cash -- accruals warning,Elevated promoter pledging (22% of stake) (-8) | Operating cash flow only 42% of reported profit over the period -- earnings are not cash-backed (-12),,long,False,4.0,,,,,,,,
409,SUZLON.NS,42.1,weak,54.1,12.0,0.8,True,Capital Goods,generic,ROCE above 25% (5y avg) -- excellent capital efficiency | Profitable in all 4 reported years | Low leverage (D/E below 0.5) | Interest comfortably covered (>10x) | Deleveraging over time | Notable dilution | P/E around its own 5y median | Cheaper than sector peers,Erratic ROCE -- returns on capital are not repeatable | Net margin contracting materially | Profit is not converting to cash -- accruals warning | Minimal or negative free cash flow yield,Operating cash flow only 30% of reported profit over the period -- earnings are not cash-backed (-12),,long,False,4.0,,,,,,,,
410,IFCI.NS,42.1,weak,42.1,0.0,0.875,True,Financial Services,financials,ROA 0.3-0.8% -- thin | Equity above 15% of assets -- well capitalised | Assets growing 16% a year -- strong but not reckless | P/B 1.8-3,ROE below 5% -- poor returns on shareholder capital | Thin net interest margin -- little spread on lending | P/B near the top of its own range,,"Asset quality is NOT assessed: gross/net NPA, provision coverage, capital adequacy and credit cost are unavailable from this data source. A lender can report excellent ROA until the credit cycle turns -- verify the loan book independently before acting on this score.",long,True,,0.6807206674201376,2.0220393004752415,0.18999234311195978,33.66505622616471,0.19724979366113454,16.19093651861252,,2.4788387
411,PRESTIGE.NS,42.0,weak,42.0,0.0,0.8,True,Realty,generic,ROCE 9-13% (5y avg) -- modest | Very stable ROCE (5y std <3pp) | Operating cash flow exceeds reported profit | Profitable in all 4 reported years | High leverage (D/E 1-2) | Leverage stable | Mild dilution | P/E in the expensive part of its own range,Net margin contracting materially | Thin interest cover -- vulnerable to a rate or earnings shock | More expensive than sector peers | Minimal or negative free cash flow yield,,,long,False,4.0,,,,,,,,
412,NYKAA.NS,41.8,weak,41.8,0.0,0.867,True,Consumer Services,generic,ROCE 9-13% (5y avg) -- modest | Stable ROCE (5y std <6pp) | Net margin expanding | Weak cash conversion | Profitable in all 4 reported years | Moderate leverage (D/E 0.5-1.0) | Interest adequately covered (2.5-5x) | No meaningful dilution | PEG 1-1.8 -- growth reasonably priced,Leverage rising | P/E near the top of its own 5y range -- little re-rating room | More expensive than sector peers | Minimal or negative free cash flow yield,,,long,False,4.0,,,,,,,,
413,M&M.NS,41.2,weak,53.2,12.0,0.867,True,Automobile and Auto Components,generic,ROCE 13-18% (5y avg) -- adequate | Very stable ROCE (5y std <3pp) | Net margin stable | Profitable in all 4 reported years | High leverage (D/E 1-2) | Interest adequately covered (2.5-5x) | Deleveraging over time | No meaningful dilution | P/E in the expensive part of its own range | Cheaper than sector peers | PEG below 1 -- growth cheaply priced,Profit is not converting to cash -- accruals warning | Minimal or negative free cash flow yield,Operating cash flow only -7% of reported profit over the period -- earnings are not cash-backed (-12),,long,False,4.0,,,,,,,,
414,LENSKART.NS,41.0,weak,41.0,0.0,0.6,True,Consumer Services,generic,Operating cash flow exceeds reported profit | Low leverage (D/E below 0.5) | Interest adequately covered (2.5-5x) | No meaningful dilution | PEG below 1 -- growth cheaply priced,ROCE below 9% -- earns little on capital employed | Loss-making in 2 of 4 years | More expensive than sector peers | Minimal or negative free cash flow yield,,,long,False,4.0,,,,,,,,
415,GROWW.NS,40.3,insufficient data,62.3,22.0,0.533,False,Financial Services,generic,ROCE above 25% (5y avg) -- excellent capital efficiency | Effectively debt-free | Interest comfortably covered (>10x) | No meaningful dilution | PEG below 1 -- growth cheaply priced,Profit is not converting to cash -- accruals warning | Loss-making in 3 of 4 years | More expensive than sector peers,Operating cash flow only -1% of reported profit over the period -- earnings are not cash-backed (-12) | No positive free cash flow in any reported year (-10),Low data coverage (53% of criteria applied) -- this score is not directly comparable to a fully-measured one,long,False,4.0,,,,,,,,
416,TORNTPHARM.NS,40.2,weak,50.2,10.0,0.8,True,Healthcare,generic,ROCE 18-25% (5y avg) -- strong | Stable ROCE (5y std <6pp) | Net margin expanding | Operating cash flow exceeds reported profit | High leverage (D/E 1-2) | Interest well covered (5-10x) | No meaningful dilution,Loss-making in 1 of 5 years | Leverage rising | P/E near the top of its own 5y range -- little re-rating room | More expensive than sector peers | Minimal or negative free cash flow yield,Promoters sold down 7.5pp over four quarters (-10),,long,False,5.0,,,,,,,,
417,ZYDUSWELL.NS,40.0,weak,40.0,0.0,0.8,True,Fast Moving Consumer Goods,generic,Very stable ROCE (5y std <3pp) | Profit converts well to cash | Profitable in all 4 reported years | Moderate leverage (D/E 0.5-1.0) | Interest adequately covered (2.5-5x) | No meaningful dilution | In line with sector peers,ROCE below 9% -- earns little on capital employed | Net margin contracting materially | Leverage rising | P/E near the top of its own 5y range -- little re-rating room | Minimal or negative free cash flow yield,,,long,False,4.0,,,,,,,,
418,TATAPOWER.NS,40.0,weak,50.0,10.0,0.8,True,Power,generic,ROCE 9-13% (5y avg) -- modest | Very stable ROCE (5y std <3pp) | Net margin stable | Operating cash flow exceeds reported profit | Profitable in all 4 reported years | No meaningful dilution | P/E around its own 5y median | In line with sector peers | PEG 1.8-3,Very high leverage (D/E above 2) | Thin interest cover -- vulnerable to a rate or earnings shock | Leverage rising,No positive free cash flow in any reported year (-10),,long,False,4.0,,,,,,,,
419,BIOCON.NS,39.9,weak,43.9,4.0,0.867,True,Healthcare,generic,Very stable ROCE (5y std <3pp) | Net margin drifting down | Operating cash flow exceeds reported profit | Profitable in all 4 reported years | Low leverage (D/E below 0.5) | Deleveraging over time | PEG below 1 -- growth cheaply priced,ROCE below 9% -- earns little on capital employed | Thin interest cover -- vulnerable to a rate or earnings shock | Heavy dilution -- per-share value diluted | P/E near the top of its own 5y range -- little re-rating room | More expensive than sector peers | Minimal or negative free cash flow yield,Promoters reduced stake 3.6pp over four quarters (-4),,long,False,4.0,,,,,,,,
420,NTPCGREEN.NS,39.9,weak,49.9,10.0,0.8,True,Power,generic,Very stable ROCE (5y std <3pp) | Operating cash flow exceeds reported profit | Profitable in all 4 reported years | High leverage (D/E 1-2) | Leverage stable | No meaningful dilution | P/E in the cheapest quartile of its own 5y range | PEG 1.8-3,ROCE below 9% -- earns little on capital employed | Net margin contracting materially | Thin interest cover -- vulnerable to a rate or earnings shock | More expensive than sector peers,No positive free cash flow in any reported year (-10),,long,False,4.0,,,,,,,,
421,TATAINVEST.NS,39.3,weak,39.3,0.0,0.6,True,Financial Services,generic,Net margin drifting down | Weak cash conversion | Profitable in all 4 reported years | Effectively debt-free | Leverage stable | P/E in the expensive part of its own range,Heavy dilution -- per-share value diluted | More expensive than sector peers | Minimal or negative free cash flow yield,,,long,False,4.0,,,,,,,,
422,DELHIVERY.NS,39.0,weak,39.0,0.0,0.8,True,Services,generic,Stable ROCE (5y std <6pp) | Net margin expanding | Operating cash flow exceeds reported profit | Low leverage (D/E below 0.5) | Leverage stable | Mild dilution | P/E in the expensive part of its own range,ROCE below 9% -- earns little on capital employed | Loss-making in 2 of 4 years | Thin interest cover -- vulnerable to a rate or earnings shock | More expensive than sector peers | Minimal or negative free cash flow yield,,,long,False,4.0,,,,,,,,
423,NIACL.NS,38.8,insufficient data,48.8,10.0,0.533,False,Financial Services,insurer,Very stable ROCE (5y std <3pp) | Net margin stable | Profitable in all 4 reported years | Interest comfortably covered (>10x) | No meaningful dilution | P/E in the expensive part of its own range,ROCE below 9% -- earns little on capital employed | More expensive than sector peers,No positive free cash flow in any reported year (-10),"Insurer: scored on the generic model because neither the lending nor the industrial framework describes insurance economics. Embedded value, VNB margin, solvency ratio and persistency -- the measures that actually value an insurer -- are unavailable from this data source. Treat this score as a rough quality and valuation read only. | Low data coverage (53% of criteria applied) -- this score is not directly comparable to a fully-measured one",long,False,4.0,,,,,,,,
424,NHPC.NS,38.7,weak,48.7,10.0,0.8,True,Power,generic,ROCE 9-13% (5y avg) -- modest | Very stable ROCE (5y std <3pp) | Operating cash flow exceeds reported profit | Profitable in all 4 reported years | High leverage (D/E 1-2) | No meaningful dilution | P/E around its own 5y median | Cheaper than sector peers,Net margin contracting materially | Thin interest cover -- vulnerable to a rate or earnings shock | Leverage rising | PEG above 3 -- paying a lot for the growth,Promoters sold down 6.0pp over four quarters (-10),,long,False,4.0,,,,,,,,
425,TVSMOTOR.NS,38.7,weak,50.7,12.0,0.8,True,Automobile and Auto Components,generic,ROCE 13-18% (5y avg) -- adequate | Very stable ROCE (5y std <3pp) | Net margin expanding | Profitable in all 4 reported years | Interest adequately covered (2.5-5x) | Deleveraging over time | No meaningful dilution | PEG below 1 -- growth cheaply priced,Profit is not converting to cash -- accruals warning | Very high leverage (D/E above 2) | P/E near the top of its own 5y range -- little re-rating room | More expensive than sector peers,Operating cash flow only -47% of reported profit over the period -- earnings are not cash-backed (-12),,long,False,4.0,,,,,,,,
426,RKFORGE.NS,38.5,weak,46.5,8.0,0.8,True,Automobile and Auto Components,generic,ROCE 9-13% (5y avg) -- modest | Stable ROCE (5y std <6pp) | Operating cash flow exceeds reported profit | Profitable in all 4 reported years | Moderate leverage (D/E 0.5-1.0) | Deleveraging over time | Notable dilution | P/E in the expensive part of its own range | PEG below 1 -- growth cheaply priced,Net margin contracting materially | Thin interest cover -- vulnerable to a rate or earnings shock | More expensive than sector peers,Elevated promoter pledging (15% of stake) (-8),,long,False,4.0,,,,,,,,
427,ETERNAL.NS,38.4,weak,38.4,0.0,0.8,True,Consumer Services,generic,Stable ROCE (5y std <6pp) | Net margin expanding | Operating cash flow exceeds reported profit | Low leverage (D/E below 0.5) | Interest adequately covered (2.5-5x) | Leverage stable | Notable dilution,ROCE below 9% -- earns little on capital employed | Loss-making in 1 of 4 years | P/E near the top of its own 5y range -- little re-rating room | More expensive than sector peers | PEG above 3 -- paying a lot for the growth,,,long,False,4.0,,,,,,,,
428,CRAFTSMAN.NS,38.2,weak,48.2,10.0,0.8,True,Automobile and Auto Components,generic,ROCE 13-18% (5y avg) -- adequate | Stable ROCE (5y std <6pp) | Operating cash flow exceeds reported profit | Profitable in all 4 reported years | High leverage (D/E 1-2) | Interest adequately covered (2.5-5x) | Leverage stable | Notable dilution | PEG below 1 -- growth cheaply priced,Net margin contracting materially | P/E near the top of its own 5y range -- little re-rating room | More expensive than sector peers,Promoters sold down 6.3pp over four quarters (-10),,long,False,4.0,,,,,,,,
429,RHIM.NS,37.4,weak,45.4,8.0,0.667,True,Capital Goods,generic,Variable ROCE (5y std <12pp) | Net margin expanding | Operating cash flow exceeds reported profit | Low leverage (D/E below 0.5) | Deleveraging over time | Notable dilution | FCF yield 3.5-6%,ROCE below 9% -- earns little on capital employed | Loss-making in 4 of 5 years | Thin interest cover -- vulnerable to a rate or earnings shock,Currently loss-making (-8),,long,False,5.0,,,,,,,,
430,POONAWALLA.NS,37.4,weak,37.4,0.0,1.0,True,Financial Services,financials,ROA 0.8-1.3% -- adequate | ROE 5-10% (5y avg) -- weak | Equity above 15% of assets -- well capitalised | P/B 3-4.5 -- richly valued,"Thin net interest margin -- little spread on lending | Assets growing 37% a year -- very fast loan growth often precedes a rise in bad loans, so this is capped rather than rewarded | EPS declining | P/B near the top of its own range",,"Rapid balance-sheet growth (37% CAGR) without visibility on underwriting standards | Asset quality is NOT assessed: gross/net NPA, provision coverage, capital adequacy and credit cost are unavailable from this data source. A lender can report excellent ROA until the credit cycle turns -- verify the loan book independently before acting on this score.",long,True,,0.8989480278924257,5.235815097384557,8.651352013092998,17.16920882751334,0.07673602607929843,37.429384890667535,-8.353288882331988,3.4765055
431,ADANIENSOL.NS,37.3,weak,37.3,0.0,0.8,True,Power,generic,Very stable ROCE (5y std <3pp) | Net margin drifting down | Operating cash flow exceeds reported profit | High leverage (D/E 1-2) | Deleveraging over time | Mild dilution | P/E in the expensive part of its own range | PEG below 1 -- growth cheaply priced,ROCE below 9% -- earns little on capital employed | Loss-making in 1 of 5 years | Thin interest cover -- vulnerable to a rate or earnings shock | More expensive than sector peers,,,long,False,5.0,,,,,,,,
432,ERIS.NS,36.6,weak,44.6,8.0,0.867,True,Healthcare,generic,ROCE 9-13% (5y avg) -- modest | Very stable ROCE (5y std <3pp) | Operating cash flow exceeds reported profit | Moderate leverage (D/E 0.5-1.0) | Interest adequately covered (2.5-5x) | Leverage stable | Mild dilution | P/E in the expensive part of its own range | Cheaper than sector peers | PEG 1-1.8 -- growth reasonably priced,Net margin contracting materially | Loss-making in 1 of 5 years | Minimal or negative free cash flow yield,Elevated promoter pledging (17% of stake) (-8),,long,False,5.0,,,,,,,,
433,NETWEB.NS,35.9,weak,51.9,16.0,0.867,True,Information Technology,generic,ROCE above 25% (5y avg) -- excellent capital efficiency | Variable ROCE (5y std <12pp) | Net margin drifting down | Profitable in all 4 reported years | Low leverage (D/E below 0.5) | Interest comfortably covered (>10x) | Leverage stable | Mild dilution | PEG below 1 -- growth cheaply priced,Profit is not converting to cash -- accruals warning | P/E near the top of its own 5y range -- little re-rating room | More expensive than sector peers | Minimal or negative free cash flow yield,Promoters reduced stake 4.0pp over four quarters (-4) | Operating cash flow only 38% of reported profit over the period -- earnings are not cash-backed (-12),,long,False,4.0,,,,,,,,
434,PGEL.NS,35.6,weak,45.6,10.0,0.8,True,Consumer Durables,generic,ROCE 9-13% (5y avg) -- modest | Very stable ROCE (5y std <3pp) | Net margin stable | Profitable in all 4 reported years | Low leverage (D/E below 0.5) | Interest well covered (5-10x) | Deleveraging over time | Notable dilution | P/E in the expensive part of its own range,Profit is not converting to cash -- accruals warning | More expensive than sector peers | PEG above 3 -- paying a lot for the growth,No positive free cash flow in any reported year (-10),,long,False,4.0,,,,,,,,
435,SYRMA.NS,35.1,weak,47.1,12.0,0.867,True,Capital Goods,generic,ROCE 9-13% (5y avg) -- modest | Very stable ROCE (5y std <3pp) | Net margin stable | Profitable in all 4 reported years | Low leverage (D/E below 0.5) | Interest comfortably covered (>10x) | Leverage stable | Mild dilution | PEG below 1 -- growth cheaply priced,Profit is not converting to cash -- accruals warning | P/E near the top of its own 5y range -- little re-rating room | More expensive than sector peers | Minimal or negative free cash flow yield,Operating cash flow only 9% of reported profit over the period -- earnings are not cash-backed (-12),,long,False,4.0,,,,,,,,
436,RBLBANK.NS,34.9,avoid,34.9,0.0,1.0,True,Financial Services,financials,ROA 0.3-0.8% -- thin | ROE 5-10% (5y avg) -- weak | Equity 7-10% of assets -- adequate | Healthy net interest margin | Assets growing 16% a year -- strong but not reckless | P/B 3-4.5 -- richly valued,EPS declining | P/B near the top of its own range,,"Asset quality is NOT assessed: gross/net NPA, provision coverage, capital adequacy and credit cost are unavailable from this data source. A lender can report excellent ROA until the credit cycle turns -- verify the loan book independently before acting on this score.",long,True,,0.4863393728989799,5.256103558986923,6.280527219458806,9.25284989994981,3.5198854541669515,15.997061047023408,-2.6452112620169665,1.5225495
437,INDIGO.NS,34.5,avoid,42.5,8.0,0.667,True,Services,generic,ROCE 9-13% (5y avg) -- modest | Variable ROCE (5y std <12pp) | Net margin drifting down | Operating cash flow exceeds reported profit | Deleveraging over time | No meaningful dilution | FCF yield above 6%,Loss-making in 3 of 5 years | Very high leverage (D/E above 2) | Thin interest cover -- vulnerable to a rate or earnings shock,Currently loss-making (-8),,long,False,5.0,,,,,,,,
438,CHOICEIN.NS,34.4,avoid,49.4,15.0,0.8,True,Financial Services,generic,ROCE 13-18% (5y avg) -- adequate | Very stable ROCE (5y std <3pp) | Net margin expanding | Profitable in all 4 reported years | Low leverage (D/E below 0.5) | Interest adequately covered (2.5-5x) | Leverage stable | Notable dilution | P/E in the expensive part of its own range,Profit is not converting to cash -- accruals warning | More expensive than sector peers | PEG above 3 -- paying a lot for the growth,Some promoter pledging (12% of stake) (-3) | Operating cash flow only -49% of reported profit over the period -- earnings are not cash-backed (-12),,long,False,4.0,,,,,,,,
439,WOCKPHARMA.NS,34.4,avoid,37.4,3.0,0.8,True,Healthcare,generic,Stable ROCE (5y std <6pp) | Net margin expanding | Operating cash flow exceeds reported profit | Low leverage (D/E below 0.5) | Deleveraging over time | Notable dilution,ROCE below 9% -- earns little on capital employed | Loss-making in 4 of 5 years | Thin interest cover -- vulnerable to a rate or earnings shock | P/E near the top of its own 5y range -- little re-rating room | More expensive than sector peers | Minimal or negative free cash flow yield,Some promoter pledging (15% of stake) (-3),,long,False,5.0,,,,,,,,
440,KIMS.NS,34.1,avoid,47.1,13.0,0.733,True,Healthcare,generic,ROCE 13-18% (5y avg) -- adequate | Stable ROCE (5y std <6pp) | Operating cash flow exceeds reported profit | Profitable in all 4 reported years | High leverage (D/E 1-2) | Interest adequately covered (2.5-5x) | No meaningful dilution,Net margin contracting materially | Leverage rising | P/E near the top of its own 5y range -- little re-rating room | More expensive than sector peers,Some promoter pledging (10% of stake) (-3) | No positive free cash flow in any reported year (-10),,long,False,4.0,,,,,,,,
441,RVNL.NS,33.7,avoid,45.7,12.0,0.8,True,Construction,generic,ROCE 13-18% (5y avg) -- adequate | Very stable ROCE (5y std <3pp) | Net margin drifting down | Low leverage (D/E below 0.5) | Interest adequately covered (2.5-5x) | Deleveraging over time | No meaningful dilution | P/E around its own 5y median | PEG 1.8-3,Profit is not converting to cash -- accruals warning | Loss-making in 1 of 5 years | More expensive than sector peers,Operating cash flow only -45% of reported profit over the period -- earnings are not cash-backed (-12),,long,False,5.0,,,,,,,,
442,JWL.NS,33.6,avoid,45.6,12.0,0.733,True,Capital Goods,generic,ROCE 13-18% (5y avg) -- adequate | Variable ROCE (5y std <12pp) | Net margin stable | Low leverage (D/E below 0.5) | Interest well covered (5-10x) | Leverage stable | Notable dilution | P/E below its own 5y median | In line with sector peers,Profit is not converting to cash -- accruals warning | Loss-making in 1 of 5 years,Operating cash flow only 23% of reported profit over the period -- earnings are not cash-backed (-12),,long,False,5.0,,,,,,,,
443,ACMESOLAR.NS,33.2,avoid,43.2,10.0,0.8,True,Power,generic,ROCE 9-13% (5y avg) -- modest | Stable ROCE (5y std <6pp) | Net margin expanding | Operating cash flow exceeds reported profit | Deleveraging over time | No meaningful dilution | PEG below 1 -- growth cheaply priced,Loss-making in 1 of 4 years | Very high leverage (D/E above 2) | Thin interest cover -- vulnerable to a rate or earnings shock | P/E near the top of its own 5y range -- little re-rating room | More expensive than sector peers,Promoters sold down 12.0pp over four quarters (-10),,long,False,4.0,,,,,,,,
444,GRAPHITE.NS,33.1,avoid,45.1,12.0,0.8,True,Capital Goods,generic,ROCE 9-13% (5y avg) -- modest | Stable ROCE (5y std <6pp) | Net margin drifting down | Profitable in all 4 reported years | Effectively debt-free | Interest comfortably covered (>10x) | Leverage stable | No meaningful dilution | PEG 1.8-3,Profit is not converting to cash -- accruals warning | P/E near the top of its own 5y range -- little re-rating room | More expensive than sector peers,Operating cash flow only 40% of reported profit over the period -- earnings are not cash-backed (-12),,long,False,4.0,,,,,,,,
445,SJVN.NS,33.1,avoid,43.1,10.0,0.733,True,Power,generic,Very stable ROCE (5y std <3pp) | Operating cash flow exceeds reported profit | Profitable in all 4 reported years | No meaningful dilution | P/E below its own 5y median,ROCE below 9% -- earns little on capital employed | Net margin contracting materially | Very high leverage (D/E above 2) | Thin interest cover -- vulnerable to a rate or earnings shock | Leverage rising | More expensive than sector peers,No positive free cash flow in any reported year (-10),,long,False,4.0,,,,,,,,
446,TITAN.NS,33.0,avoid,45.0,12.0,0.867,True,Consumer Durables,generic,ROCE 18-25% (5y avg) -- strong | Very stable ROCE (5y std <3pp) | Net margin drifting down | Profitable in all 4 reported years | High leverage (D/E 1-2) | Interest well covered (5-10x) | No meaningful dilution | PEG 1-1.8 -- growth reasonably priced,Profit is not converting to cash -- accruals warning | Leverage rising | P/E near the top of its own 5y range -- little re-rating room | More expensive than sector peers | Minimal or negative free cash flow yield,Operating cash flow only 46% of reported profit over the period -- earnings are not cash-backed (-12),,long,False,4.0,,,,,,,,
447,ANANTRAJ.NS,33.0,avoid,49.0,16.0,0.8,True,Realty,generic,Very stable ROCE (5y std <3pp) | Net margin expanding | Profitable in all 4 reported years | Low leverage (D/E below 0.5) | Interest comfortably covered (>10x) | Deleveraging over time | Notable dilution | P/E in the expensive part of its own range | In line with sector peers | PEG 1.8-3,ROCE below 9% -- earns little on capital employed | Profit is not converting to cash -- accruals warning,Promoters reduced stake 2.7pp over four quarters (-4) | Operating cash flow only -2% of reported profit over the period -- earnings are not cash-backed (-12),,long,False,4.0,,,,,,,,
448,PPLPHARMA.NS,32.6,avoid,40.6,8.0,0.667,True,Healthcare,generic,Very stable ROCE (5y std <3pp) | Net margin drifting down | Operating cash flow exceeds reported profit | Moderate leverage (D/E 0.5-1.0) | Leverage stable | Mild dilution | FCF yield 1.5-3.5%,ROCE below 9% -- earns little on capital employed | Loss-making in 3 of 5 years | Thin interest cover -- vulnerable to a rate or earnings shock,Currently loss-making (-8),,long,False,5.0,,,,,,,,
449,TECHNOE.NS,31.8,avoid,43.8,12.0,0.733,True,Construction,generic,ROCE 9-13% (5y avg) -- modest | Very stable ROCE (5y std <3pp) | Effectively debt-free | Interest comfortably covered (>10x) | Leverage stable | Mild dilution | P/E around its own 5y median | In line with sector peers,Net margin contracting materially | Profit is not converting to cash -- accruals warning | Loss-making in 1 of 5 years,Operating cash flow only -10% of reported profit over the period -- earnings are not cash-backed (-12),,long,False,5.0,,,,,,,,
450,JYOTICNC.NS,31.7,avoid,51.7,20.0,0.733,True,Capital Goods,generic,ROCE 13-18% (5y avg) -- adequate | Stable ROCE (5y std <6pp) | Net margin expanding | Low leverage (D/E below 0.5) | Interest well covered (5-10x) | Deleveraging over time | No meaningful dilution | P/E around its own 5y median,Profit is not converting to cash -- accruals warning | Loss-making in 1 of 4 years | More expensive than sector peers,Elevated promoter pledging (21% of stake) (-8) | Operating cash flow only -16% of reported profit over the period -- earnings are not cash-backed (-12),,long,False,4.0,,,,,,,,
451,MEESHO.NS,31.5,avoid,39.5,8.0,0.75,True,Consumer Services,generic,Net margin expanding | Effectively debt-free | Leverage stable | No meaningful dilution,"ROCE below 9% -- earns little on capital employed | Erratic ROCE -- returns on capital are not repeatable | Loss-making in 4 of 4 years | Thin interest cover -- vulnerable to a rate or earnings shock | Valuation could not be measured -- scored neutral rather than skipped, so a data gap cannot inflate the rank",Currently loss-making (-8),"Valuation could not be measured -- scored neutral rather than skipped, so a data gap cannot inflate the rank",long,False,4.0,,,,,,,,
452,ANGELONE.NS,31.4,avoid,43.4,12.0,0.8,True,Financial Services,generic,ROCE above 25% (5y avg) -- excellent capital efficiency | Variable ROCE (5y std <12pp) | Profitable in all 4 reported years | High leverage (D/E 1-2) | Interest adequately covered (2.5-5x) | Mild dilution | In line with sector peers | PEG below 1 -- growth cheaply priced,Net margin contracting materially | Profit is not converting to cash -- accruals warning | Leverage rising | P/E near the top of its own 5y range -- little re-rating room,Operating cash flow only -138% of reported profit over the period -- earnings are not cash-backed (-12),,long,False,4.0,,,,,,,,
453,TATACHEM.NS,31.3,avoid,39.3,8.0,0.667,True,Chemicals,generic,Stable ROCE (5y std <6pp) | Operating cash flow exceeds reported profit | Low leverage (D/E below 0.5) | Leverage stable | No meaningful dilution,ROCE below 9% -- earns little on capital employed | Net margin contracting materially | Loss-making in 1 of 4 years | Thin interest cover -- vulnerable to a rate or earnings shock | Minimal or negative free cash flow yield,Currently loss-making (-8),,long,False,4.0,,,,,,,,
454,FIRSTCRY.NS,30.8,avoid,38.8,8.0,0.6,True,Consumer Services,generic,Stable ROCE (5y std <6pp) | Net margin expanding | Low leverage (D/E below 0.5) | Leverage stable | Mild dilution | FCF yield 1.5-3.5%,ROCE below 9% -- earns little on capital employed | Loss-making in 4 of 4 years | Thin interest cover -- vulnerable to a rate or earnings shock,Currently loss-making (-8),,long,False,4.0,,,,,,,,
455,UBL.NS,30.6,avoid,55.6,25.0,0.733,True,Fast Moving Consumer Goods,generic,ROCE 9-13% (5y avg) -- modest | Very stable ROCE (5y std <3pp) | Net margin stable | Profitable in all 4 reported years | Low leverage (D/E below 0.5) | Interest well covered (5-10x) | No meaningful dilution | P/E in the cheapest quartile of its own 5y range,Profit is not converting to cash -- accruals warning | Leverage rising | More expensive than sector peers,Some promoter pledging (12% of stake) (-3) | Operating cash flow only 33% of reported profit over the period -- earnings are not cash-backed (-12) | No positive free cash flow in any reported year (-10),,long,False,4.0,,,,,,,,
456,RPOWER.NS,30.4,avoid,38.4,8.0,0.667,True,Power,generic,Stable ROCE (5y std <6pp) | Net margin expanding | Weak cash conversion | Moderate leverage (D/E 0.5-1.0) | Deleveraging over time | Notable dilution | FCF yield above 6%,ROCE below 9% -- earns little on capital employed | Loss-making in 4 of 5 years | Thin interest cover -- vulnerable to a rate or earnings shock,Currently loss-making (-8),,long,False,5.0,,,,,,,,
457,IRCON.NS,30.4,avoid,52.4,22.0,0.733,True,Construction,generic,ROCE 13-18% (5y avg) -- adequate | Stable ROCE (5y std <6pp) | Net margin drifting down | Profitable in all 4 reported years | Moderate leverage (D/E 0.5-1.0) | Interest adequately covered (2.5-5x) | No meaningful dilution | P/E below its own 5y median | Cheaper than sector peers,Profit is not converting to cash -- accruals warning | Leverage rising,Operating cash flow only -75% of reported profit over the period -- earnings are not cash-backed (-12) | No positive free cash flow in any reported year (-10),,long,False,4.0,,,,,,,,
458,ASTERDM.NS,29.3,avoid,44.3,15.0,0.8,True,Healthcare,generic,Stable ROCE (5y std <6pp) | Net margin expanding | Operating cash flow exceeds reported profit | Low leverage (D/E below 0.5) | Interest well covered (5-10x) | Deleveraging over time | Mild dilution,ROCE below 9% -- earns little on capital employed | Loss-making in 1 of 5 years | P/E near the top of its own 5y range -- little re-rating room | More expensive than sector peers | Minimal or negative free cash flow yield,Severe promoter pledging (41% of stake) (-15),,long,False,5.0,,,,,,,,
459,ANURAS.NS,29.3,avoid,37.3,8.0,0.733,True,Chemicals,generic,Very stable ROCE (5y std <3pp) | Profit converts well to cash | Profitable in all 4 reported years | Moderate leverage (D/E 0.5-1.0) | Interest adequately covered (2.5-5x) | Mild dilution,ROCE below 9% -- earns little on capital employed | Net margin contracting materially | Leverage rising | P/E near the top of its own 5y range -- little re-rating room | More expensive than sector peers,Elevated promoter pledging (22% of stake) (-8),,long,False,4.0,,,,,,,,
460,COHANCE.NS,28.9,avoid,53.9,25.0,0.8,True,Healthcare,generic,ROCE 18-25% (5y avg) -- strong | Variable ROCE (5y std <12pp) | Operating cash flow exceeds reported profit | Low leverage (D/E below 0.5) | Interest well covered (5-10x) | Leverage stable | P/E in the cheapest quartile of its own 5y range,Net margin contracting materially | Loss-making in 1 of 5 years | Heavy dilution -- per-share value diluted | More expensive than sector peers | Minimal or negative free cash flow yield,Severe promoter pledging (95% of stake) (-15) | Promoters sold down 8.9pp over four quarters (-10),,long,False,5.0,,,,,,,,
461,KAYNES.NS,28.8,avoid,50.8,22.0,0.733,True,Capital Goods,generic,ROCE 9-13% (5y avg) -- modest | Very stable ROCE (5y std <3pp) | Net margin expanding | Profitable in all 4 reported years | Low leverage (D/E below 0.5) | Interest well covered (5-10x) | Leverage stable | Notable dilution | P/E around its own 5y median,Profit is not converting to cash -- accruals warning | More expensive than sector peers,Operating cash flow only -47% of reported profit over the period -- earnings are not cash-backed (-12) | No positive free cash flow in any reported year (-10),,long,False,4.0,,,,,,,,
462,LLOYDSME.NS,28.6,avoid,45.6,17.0,0.8,True,Metals & Mining,generic,ROCE 18-25% (5y avg) -- strong | Net margin expanding | Profit converts well to cash | High leverage (D/E 1-2) | Interest comfortably covered (>10x) | Notable dilution | In line with sector peers | PEG below 1 -- growth cheaply priced,Erratic ROCE -- returns on capital are not repeatable | Loss-making in 1 of 4 years | Leverage rising | P/E near the top of its own 5y range -- little re-rating room,Some promoter pledging (15% of stake) (-3) | Promoters reduced stake 2.1pp over four quarters (-4) | No positive free cash flow in any reported year (-10),,long,False,4.0,,,,,,,,
463,INDIACEM.NS,28.6,avoid,46.6,18.0,0.75,True,Construction Materials,generic,Very stable ROCE (5y std <3pp) | Net margin stable | Low leverage (D/E below 0.5) | Deleveraging over time | No meaningful dilution,"ROCE below 9% -- earns little on capital employed | Loss-making in 5 of 5 years | Thin interest cover -- vulnerable to a rate or earnings shock | Valuation could not be measured -- scored neutral rather than skipped, so a data gap cannot inflate the rank",Promoters sold down 6.5pp over four quarters (-10) | Currently loss-making (-8),"Valuation could not be measured -- scored neutral rather than skipped, so a data gap cannot inflate the rank",long,False,5.0,,,,,,,,
464,FACT.NS,27.3,avoid,35.3,8.0,0.833,True,Chemicals,generic,ROCE 9-13% (5y avg) -- modest | Variable ROCE (5y std <12pp) | Operating cash flow exceeds reported profit | No meaningful dilution,"Net margin contracting materially | Loss-making in 1 of 4 years | Very high leverage (D/E above 2) | Thin interest cover -- vulnerable to a rate or earnings shock | Leverage rising | Valuation could not be measured -- scored neutral rather than skipped, so a data gap cannot inflate the rank",Currently loss-making (-8),"Valuation could not be measured -- scored neutral rather than skipped, so a data gap cannot inflate the rank",long,False,4.0,,,,,,,,
465,KIRLOSENG.NS,27.2,avoid,39.2,12.0,0.8,True,Capital Goods,generic,ROCE 9-13% (5y avg) -- modest | Very stable ROCE (5y std <3pp) | Net margin stable | Profitable in all 4 reported years | High leverage (D/E 1-2) | Interest adequately covered (2.5-5x) | No meaningful dilution | In line with sector peers | FCF yield 1.5-3.5%,Profit is not converting to cash -- accruals warning | Leverage rising | P/E near the top of its own 5y range -- little re-rating room,Operating cash flow only -93% of reported profit over the period -- earnings are not cash-backed (-12),,long,False,4.0,,,,,,,,
466,SAPPHIRE.NS,26.6,avoid,34.6,8.0,0.667,True,Consumer Services,generic,Very stable ROCE (5y std <3pp) | Operating cash flow exceeds reported profit | High leverage (D/E 1-2) | No meaningful dilution | FCF yield 1.5-3.5%,ROCE below 9% -- earns little on capital employed | Net margin contracting materially | Loss-making in 1 of 4 years | Thin interest cover -- vulnerable to a rate or earnings shock | Leverage rising,Currently loss-making (-8),,long,False,4.0,,,,,,,,
467,MOTILALOFS.NS,26.6,avoid,38.6,12.0,0.8,True,Financial Services,generic,ROCE 13-18% (5y avg) -- adequate | Stable ROCE (5y std <6pp) | Profitable in all 4 reported years | High leverage (D/E 1-2) | Interest adequately covered (2.5-5x) | Leverage stable | Mild dilution | In line with sector peers | PEG 1.8-3,Net margin contracting materially | Profit is not converting to cash -- accruals warning | P/E near the top of its own 5y range -- little re-rating room,Operating cash flow only -155% of reported profit over the period -- earnings are not cash-backed (-12),,long,False,4.0,,,,,,,,
468,PTCIL.NS,25.8,avoid,47.8,22.0,0.8,True,Capital Goods,generic,Very stable ROCE (5y std <3pp) | Net margin expanding | Profitable in all 4 reported years | Low leverage (D/E below 0.5) | Interest comfortably covered (>10x) | Deleveraging over time | Notable dilution | PEG below 1 -- growth cheaply priced,ROCE below 9% -- earns little on capital employed | Profit is not converting to cash -- accruals warning | P/E near the top of its own 5y range -- little re-rating room | More expensive than sector peers,Operating cash flow only -23% of reported profit over the period -- earnings are not cash-backed (-12) | No positive free cash flow in any reported year (-10),,long,False,4.0,,,,,,,,
469,INDUSINDBK.NS,25.7,avoid,40.7,15.0,1.0,True,Financial Services,financials,ROE 5-10% (5y avg) -- weak | Equity 10-15% of assets -- comfortable | Healthy net interest margin | P/B 1-1.8 -- reasonable for a lender | P/B around its own history,ROA below 0.3% -- barely profitable on assets | Assets growing only 6% a year | EPS declining,Severe promoter pledging (33% of stake) (-15),"Asset quality is NOT assessed: gross/net NPA, provision coverage, capital adequacy and credit cost are unavailable from this data source. A lender can report excellent ROA until the credit cycle turns -- verify the loan book independently before acting on this score.",long,True,,0.16366395909360767,1.3528217795988853,8.265154749523962,12.097968968398366,3.309261365965726,5.87694740774467,-50.814460211689436,1.1587411
470,GMRAIRPORT.NS,25.3,avoid,33.3,8.0,0.667,True,Services,generic,Very stable ROCE (5y std <3pp) | Net margin expanding | Operating cash flow exceeds reported profit | FCF yield 1.5-3.5%,ROCE below 9% -- earns little on capital employed | Loss-making in 3 of 4 years | Thin interest cover -- vulnerable to a rate or earnings shock | Heavy dilution -- per-share value diluted | P/E near the top of its own 5y range -- little re-rating room | More expensive than sector peers,Elevated promoter pledging (16% of stake) (-8),,long,False,4.0,,,,,,,,
471,MFSL.NS,25.3,avoid,40.3,15.0,0.8,True,Financial Services,insurer,Stable ROCE (5y std <6pp) | Net margin drifting down | Operating cash flow exceeds reported profit | Low leverage (D/E below 0.5) | Interest adequately covered (2.5-5x) | No meaningful dilution | P/E in the expensive part of its own range | FCF yield above 6%,ROCE below 9% -- earns little on capital employed | Loss-making in 1 of 5 years | Leverage rising | More expensive than sector peers,Severe promoter pledging (27% of stake) (-15),"Insurer: scored on the generic model because neither the lending nor the industrial framework describes insurance economics. Embedded value, VNB margin, solvency ratio and persistency -- the measures that actually value an insurer -- are unavailable from this data source. Treat this score as a rough quality and valuation read only.",long,False,5.0,,,,,,,,
472,PFOCUS.NS,25.2,avoid,25.2,0.0,0.8,True,Media Entertainment & Publication,generic,Variable ROCE (5y std <12pp) | Net margin stable | Operating cash flow exceeds reported profit | Deleveraging over time | FCF yield 1.5-3.5%,ROCE below 9% -- earns little on capital employed | Loss-making in 2 of 4 years | Very high leverage (D/E above 2) | Thin interest cover -- vulnerable to a rate or earnings shock | Heavy dilution -- per-share value diluted | P/E near the top of its own 5y range -- little re-rating room | More expensive than sector peers,,,long,False,4.0,,,,,,,,
473,GODREJPROP.NS,25.2,avoid,47.2,22.0,0.733,True,Realty,generic,Very stable ROCE (5y std <3pp) | Net margin expanding | Moderate leverage (D/E 0.5-1.0) | Interest comfortably covered (>10x) | Leverage stable | Mild dilution | P/E below its own 5y median | Cheaper than sector peers,ROCE below 9% -- earns little on capital employed | Profit is not converting to cash -- accruals warning | Loss-making in 1 of 5 years,Operating cash flow only -216% of reported profit over the period -- earnings are not cash-backed (-12) | No positive free cash flow in any reported year (-10),,long,False,5.0,,,,,,,,
474,SAMMAANCAP.NS,25.0,avoid,35.0,10.0,1.0,True,Financial Services,financials,Equity above 15% of assets -- well capitalised | Trading at or below book value | P/B around its own history,ROA below 0.3% -- barely profitable on assets | ROE below 5% -- poor returns on shareholder capital | Thin net interest margin -- little spread on lending | Balance sheet shrinking | EPS declining,Currently loss-making (-10),"Asset quality is NOT assessed: gross/net NPA, provision coverage, capital adequacy and credit cost are unavailable from this data source. A lender can report excellent ROA until the credit cycle turns -- verify the loan book independently before acting on this score.",long,True,,-9.623155829836502,-37.619836695105754,-8.314913203513651,25.58000426165713,-1.889595064451503,-0.3131273737238649,-100.0,0.6340611
475,PWL.NS,25.0,insufficient data,33.0,8.0,0.533,False,Consumer Services,generic,Variable ROCE (5y std <12pp) | Net margin expanding | Low leverage (D/E below 0.5) | No meaningful dilution,ROCE below 9% -- earns little on capital employed | Loss-making in 4 of 4 years | Thin interest cover -- vulnerable to a rate or earnings shock | Minimal or negative free cash flow yield,Currently loss-making (-8),Low data coverage (53% of criteria applied) -- this score is not directly comparable to a fully-measured one,long,False,4.0,,,,,,,,
476,BHEL.NS,21.3,avoid,43.3,22.0,0.8,True,Capital Goods,generic,Very stable ROCE (5y std <3pp) | Net margin expanding | Profitable in all 4 reported years | Low leverage (D/E below 0.5) | Interest adequately covered (2.5-5x) | Leverage stable | No meaningful dilution | FCF yield 1.5-3.5%,ROCE below 9% -- earns little on capital employed | Profit is not converting to cash -- accruals warning | P/E near the top of its own 5y range -- little re-rating room | More expensive than sector peers,Promoters sold down 5.0pp over four quarters (-10) | Operating cash flow only -164% of reported profit over the period -- earnings are not cash-backed (-12),,long,False,4.0,,,,,,,,
477,ITI.NS,21.0,avoid,33.0,12.0,0.733,True,Telecommunication,generic,Variable ROCE (5y std <12pp) | Net margin expanding | Low leverage (D/E below 0.5) | Deleveraging over time | No meaningful dilution | P/E around its own 5y median,ROCE below 9% -- earns little on capital employed | Profit is not converting to cash -- accruals warning | Loss-making in 4 of 5 years | Thin interest cover -- vulnerable to a rate or earnings shock | More expensive than sector peers,Operating cash flow only -46% of reported profit over the period -- earnings are not cash-backed (-12),,long,False,5.0,,,,,,,,
478,IDEA.NS,20.1,avoid,20.1,0.0,0.667,True,Telecommunication,generic,Net margin expanding | Interest adequately covered (2.5-5x) | Cheaper than sector peers | FCF yield 3.5-6%,ROCE below 9% -- earns little on capital employed | Erratic ROCE -- returns on capital are not repeatable | Profit is not converting to cash -- accruals warning | Loss-making in 3 of 4 years | Heavy dilution -- per-share value diluted | P/E near the top of its own 5y range -- little re-rating room,,,long,False,4.0,,,,,,,,
479,ABFRL.NS,20.0,avoid,28.0,8.0,0.75,True,Consumer Services,generic,Stable ROCE (5y std <6pp) | High leverage (D/E 1-2) | Deleveraging over time,"ROCE below 9% -- earns little on capital employed | Net margin contracting materially | Loss-making in 4 of 4 years | Thin interest cover -- vulnerable to a rate or earnings shock | Heavy dilution -- per-share value diluted | Valuation could not be measured -- scored neutral rather than skipped, so a data gap cannot inflate the rank",Currently loss-making (-8),"Valuation could not be measured -- scored neutral rather than skipped, so a data gap cannot inflate the rank",long,False,4.0,,,,,,,,
480,ATHERENERG.NS,19.6,avoid,37.6,18.0,0.75,True,Automobile and Auto Components,generic,Net margin expanding | Low leverage (D/E below 0.5) | Deleveraging over time | Mild dilution,"ROCE below 9% -- earns little on capital employed | Erratic ROCE -- returns on capital are not repeatable | Loss-making in 4 of 4 years | Thin interest cover -- vulnerable to a rate or earnings shock | Valuation could not be measured -- scored neutral rather than skipped, so a data gap cannot inflate the rank",No positive free cash flow in any reported year (-10) | Currently loss-making (-8),"Valuation could not be measured -- scored neutral rather than skipped, so a data gap cannot inflate the rank",long,False,4.0,,,,,,,,
481,JSWENERGY.NS,18.9,avoid,35.9,17.0,0.733,True,Power,generic,Very stable ROCE (5y std <3pp) | Net margin drifting down | Operating cash flow exceeds reported profit | Profitable in all 4 reported years | Mild dilution | P/E in the expensive part of its own range,ROCE below 9% -- earns little on capital employed | Very high leverage (D/E above 2) | Thin interest cover -- vulnerable to a rate or earnings shock | Leverage rising | More expensive than sector peers,Some promoter pledging (13% of stake) (-3) | Promoters reduced stake 2.7pp over four quarters (-4) | No positive free cash flow in any reported year (-10),,long,False,4.0,,,,,,,,
482,DEVYANI.NS,18.7,avoid,26.7,8.0,0.667,True,Consumer Services,generic,Stable ROCE (5y std <6pp) | Operating cash flow exceeds reported profit | Mild dilution | FCF yield 1.5-3.5%,ROCE below 9% -- earns little on capital employed | Net margin contracting materially | Loss-making in 1 of 4 years | Very high leverage (D/E above 2) | Thin interest cover -- vulnerable to a rate or earnings shock | Leverage rising,Currently loss-making (-8),,long,False,4.0,,,,,,,,
483,SWIGGY.NS,18.6,avoid,36.6,18.0,0.75,True,Consumer Services,generic,Variable ROCE (5y std <12pp) | Net margin expanding | Low leverage (D/E below 0.5) | Leverage stable | Notable dilution,"ROCE below 9% -- earns little on capital employed | Loss-making in 4 of 4 years | Thin interest cover -- vulnerable to a rate or earnings shock | Valuation could not be measured -- scored neutral rather than skipped, so a data gap cannot inflate the rank",No positive free cash flow in any reported year (-10) | Currently loss-making (-8),"Valuation could not be measured -- scored neutral rather than skipped, so a data gap cannot inflate the rank",long,False,4.0,,,,,,,,
484,BAJAJFINSV.NS,16.8,avoid,38.8,22.0,0.8,True,Financial Services,generic,ROCE 13-18% (5y avg) -- adequate | Very stable ROCE (5y std <3pp) | Net margin drifting down | Profitable in all 4 reported years | No meaningful dilution | P/E in the expensive part of its own range | In line with sector peers | PEG 1.8-3,Profit is not converting to cash -- accruals warning | Very high leverage (D/E above 2) | Thin interest cover -- vulnerable to a rate or earnings shock | Leverage rising,Operating cash flow only -670% of reported profit over the period -- earnings are not cash-backed (-12) | No positive free cash flow in any reported year (-10),,long,False,4.0,,,,,,,,
485,HFCL.NS,16.5,avoid,38.5,22.0,0.733,True,Telecommunication,generic,ROCE 9-13% (5y avg) -- modest | Very stable ROCE (5y std <3pp) | Net margin drifting down | Profitable in all 4 reported years | Low leverage (D/E below 0.5) | Interest adequately covered (2.5-5x) | Leverage stable | Notable dilution,Profit is not converting to cash -- accruals warning | P/E near the top of its own 5y range -- little re-rating room | More expensive than sector peers,Operating cash flow only 42% of reported profit over the period -- earnings are not cash-backed (-12) | No positive free cash flow in any reported year (-10),,long,False,4.0,,,,,,,,
486,URBANCO.NS,16.3,avoid,36.3,20.0,0.833,True,Consumer Services,generic,Variable ROCE (5y std <12pp) | Net margin expanding | Effectively debt-free | Leverage stable | Mild dilution,"ROCE below 9% -- earns little on capital employed | Profit is not converting to cash -- accruals warning | Loss-making in 3 of 4 years | Thin interest cover -- vulnerable to a rate or earnings shock | Valuation could not be measured -- scored neutral rather than skipped, so a data gap cannot inflate the rank",Operating cash flow only 23% of reported profit over the period -- earnings are not cash-backed (-12) | Currently loss-making (-8),"Valuation could not be measured -- scored neutral rather than skipped, so a data gap cannot inflate the rank",long,False,4.0,,,,,,,,
487,PAYTM.NS,12.8,avoid,34.8,22.0,0.8,True,Financial Services,generic,Variable ROCE (5y std <12pp) | Net margin expanding | Effectively debt-free | Interest comfortably covered (>10x) | Leverage stable | No meaningful dilution | PEG 1.8-3,ROCE below 9% -- earns little on capital employed | Profit is not converting to cash -- accruals warning | Loss-making in 3 of 4 years | P/E near the top of its own 5y range -- little re-rating room | More expensive than sector peers,Operating cash flow only -134% of reported profit over the period -- earnings are not cash-backed (-12) | No positive free cash flow in any reported year (-10),,long,False,4.0,,,,,,,,
488,INOXWIND.NS,12.4,avoid,37.4,25.0,0.733,True,Capital Goods,generic,Variable ROCE (5y std <12pp) | Net margin expanding | Low leverage (D/E below 0.5) | Interest well covered (5-10x) | Deleveraging over time | P/E around its own 5y median | Cheaper than sector peers,ROCE below 9% -- earns little on capital employed | Profit is not converting to cash -- accruals warning | Loss-making in 2 of 4 years | Heavy dilution -- per-share value diluted,Some promoter pledging (8% of stake) (-3) | Operating cash flow only -58% of reported profit over the period -- earnings are not cash-backed (-12) | No positive free cash flow in any reported year (-10),,long,False,4.0,,,,,,,,
489,POLICYBZR.NS,12.2,avoid,34.2,22.0,0.8,True,Financial Services,insurer,Variable ROCE (5y std <12pp) | Net margin expanding | Effectively debt-free | Interest comfortably covered (>10x) | Leverage stable | Mild dilution | PEG 1-1.8 -- growth reasonably priced,ROCE below 9% -- earns little on capital employed | Profit is not converting to cash -- accruals warning | Loss-making in 1 of 4 years | P/E near the top of its own 5y range -- little re-rating room | More expensive than sector peers,Operating cash flow only -11% of reported profit over the period -- earnings are not cash-backed (-12) | No positive free cash flow in any reported year (-10),"Insurer: scored on the generic model because neither the lending nor the industrial framework describes insurance economics. Embedded value, VNB margin, solvency ratio and persistency -- the measures that actually value an insurer -- are unavailable from this data source. Treat this score as a rough quality and valuation read only.",long,False,4.0,,,,,,,,
490,GODREJIND.NS,12.1,avoid,34.1,22.0,0.667,True,Diversified,generic,Very stable ROCE (5y std <3pp) | Net margin stable | Profitable in all 4 reported years | Interest adequately covered (2.5-5x) | No meaningful dilution | P/E in the expensive part of its own range,ROCE below 9% -- earns little on capital employed | Profit is not converting to cash -- accruals warning | Very high leverage (D/E above 2) | Leverage rising,Operating cash flow only -2209% of reported profit over the period -- earnings are not cash-backed (-12) | No positive free cash flow in any reported year (-10),,long,False,4.0,,,,,,,,
491,360ONE.NS,11.6,avoid,33.6,22.0,0.8,True,Financial Services,generic,ROCE 9-13% (5y avg) -- modest | Very stable ROCE (5y std <3pp) | Net margin drifting down | Profitable in all 4 reported years | High leverage (D/E 1-2) | Deleveraging over time | Notable dilution | P/E in the expensive part of its own range | PEG 1.8-3,Profit is not converting to cash -- accruals warning | Thin interest cover -- vulnerable to a rate or earnings shock | More expensive than sector peers,Operating cash flow only -186% of reported profit over the period -- earnings are not cash-backed (-12) | No positive free cash flow in any reported year (-10),,long,False,4.0,,,,,,,,
492,OLAELEC.NS,10.0,avoid,32.0,22.0,0.75,True,Automobile and Auto Components,generic,Stable ROCE (5y std <6pp) | Moderate leverage (D/E 0.5-1.0) | Leverage stable | Mild dilution,"ROCE below 9% -- earns little on capital employed | Net margin contracting materially | Loss-making in 4 of 4 years | Thin interest cover -- vulnerable to a rate or earnings shock | Valuation could not be measured -- scored neutral rather than skipped, so a data gap cannot inflate the rank",Promoters reduced stake 3.8pp over four quarters (-4) | No positive free cash flow in any reported year (-10) | Currently loss-making (-8),"Valuation could not be measured -- scored neutral rather than skipped, so a data gap cannot inflate the rank",long,False,4.0,,,,,,,,
493,GRASIM.NS,7.0,avoid,29.0,22.0,0.8,True,Construction Materials,generic,Very stable ROCE (5y std <3pp) | Profitable in all 4 reported years | Interest well covered (5-10x) | Mild dilution | PEG below 1 -- growth cheaply priced,ROCE below 9% -- earns little on capital employed | Net margin contracting materially | Profit is not converting to cash -- accruals warning | Very high leverage (D/E above 2) | Leverage rising | P/E near the top of its own 5y range -- little re-rating room | More expensive than sector peers,Operating cash flow only -300% of reported profit over the period -- earnings are not cash-backed (-12) | No positive free cash flow in any reported year (-10),,long,False,4.0,,,,,,,,
494,ONESOURCE.NS,6.8,avoid,39.8,33.0,0.75,True,Healthcare,generic,Net margin expanding | Low leverage (D/E below 0.5) | Deleveraging over time | No meaningful dilution,"ROCE below 9% -- earns little on capital employed | Erratic ROCE -- returns on capital are not repeatable | Loss-making in 4 of 4 years | Thin interest cover -- vulnerable to a rate or earnings shock | Valuation could not be measured -- scored neutral rather than skipped, so a data gap cannot inflate the rank",Severe promoter pledging (37% of stake) (-15) | No positive free cash flow in any reported year (-10) | Currently loss-making (-8),"Valuation could not be measured -- scored neutral rather than skipped, so a data gap cannot inflate the rank",long,False,4.0,,,,,,,,
495,SWANCORP.NS,6.5,avoid,43.5,37.0,0.733,True,Chemicals,generic,Stable ROCE (5y std <6pp) | Net margin expanding | Low leverage (D/E below 0.5) | Interest well covered (5-10x) | Deleveraging over time | Notable dilution | P/E below its own 5y median | In line with sector peers,ROCE below 9% -- earns little on capital employed | Profit is not converting to cash -- accruals warning | Loss-making in 1 of 4 years,Severe promoter pledging (40% of stake) (-15) | Operating cash flow only -22% of reported profit over the period -- earnings are not cash-backed (-12) | No positive free cash flow in any reported year (-10),,long,False,4.0,,,,,,,,
496,NUVAMA.NS,6.2,avoid,43.2,37.0,0.8,True,Financial Services,generic,ROCE 13-18% (5y avg) -- adequate | Very stable ROCE (5y std <3pp) | Net margin expanding | Profitable in all 4 reported years | Interest adequately covered (2.5-5x) | Mild dilution | In line with sector peers | PEG 1.8-3,Profit is not converting to cash -- accruals warning | Very high leverage (D/E above 2) | Leverage rising | P/E near the top of its own 5y range -- little re-rating room,Severe promoter pledging (63% of stake) (-15) | Operating cash flow only -301% of reported profit over the period -- earnings are not cash-backed (-12) | No positive free cash flow in any reported year (-10),,long,False,4.0,,,,,,,,
497,ABCAPITAL.NS,4.7,avoid,26.7,22.0,0.8,True,Financial Services,generic,Very stable ROCE (5y std <3pp) | Profitable in all 4 reported years | Mild dilution | In line with sector peers | PEG below 1 -- growth cheaply priced,ROCE below 9% -- earns little on capital employed | Net margin contracting materially | Profit is not converting to cash -- accruals warning | Very high leverage (D/E above 2) | Thin interest cover -- vulnerable to a rate or earnings shock | Leverage rising | P/E near the top of its own 5y range -- little re-rating room,Operating cash flow only -758% of reported profit over the period -- earnings are not cash-backed (-12) | No positive free cash flow in any reported year (-10),,long,False,4.0,,,,,,,,
498,ASHOKLEY.NS,1.2,avoid,38.2,37.0,0.8,True,Capital Goods,generic,ROCE 9-13% (5y avg) -- modest | Very stable ROCE (5y std <3pp) | Net margin expanding | Profitable in all 4 reported years | No meaningful dilution | Cheaper than sector peers,Profit is not converting to cash -- accruals warning | Very high leverage (D/E above 2) | Thin interest cover -- vulnerable to a rate or earnings shock | Leverage rising | P/E near the top of its own 5y range -- little re-rating room | PEG above 3 -- paying a lot for the growth,Severe promoter pledging (39% of stake) (-15) | Operating cash flow only -188% of reported profit over the period -- earnings are not cash-backed (-12) | No positive free cash flow in any reported year (-10),,long,False,4.0,,,,,,,,
499,ABREL.NS,0.1,avoid,20.1,20.0,0.667,True,Realty,generic,Stable ROCE (5y std <6pp) | High leverage (D/E 1-2) | No meaningful dilution | FCF yield 3.5-6%,ROCE below 9% -- earns little on capital employed | Net margin contracting materially | Profit is not converting to cash -- accruals warning | Loss-making in 2 of 4 years | Thin interest cover -- vulnerable to a rate or earnings shock | Leverage rising,Operating cash flow only -262% of reported profit over the period -- earnings are not cash-backed (-12) | Currently loss-making (-8),,long,False,4.0,,,,,,,,
500,TEJASNET.NS,0.0,avoid,20.0,30.0,0.833,True,Telecommunication,generic,Variable ROCE (5y std <12pp) | High leverage (D/E 1-2) | Mild dilution,"ROCE below 9% -- earns little on capital employed | Net margin contracting materially | Profit is not converting to cash -- accruals warning | Loss-making in 2 of 4 years | Thin interest cover -- vulnerable to a rate or earnings shock | Leverage rising | Valuation could not be measured -- scored neutral rather than skipped, so a data gap cannot inflate the rank",Operating cash flow only -1672% of reported profit over the period -- earnings are not cash-backed (-12) | No positive free cash flow in any reported year (-10) | Currently loss-making (-8),"Valuation could not be measured -- scored neutral rather than skipped, so a data gap cannot inflate the rank",long,False,4.0,,,,,,,,
